weekend_of,run_id,snapshot_time,snapshot_bucket,show_date,day_of_week,theatre_name,theatre_city,timezone,movie_title,showtime,showtime_id,minutes_until_showtime,auditorium_name,auditorium_type,total_seats,reserved_seats,available_seats,occupancy_pct,delta_reserved_since_previous,amc_seat_map_url,notes,chain,discovered_showtimes,unavailable_seats,row_kind
2026-09-25,alamo-2026-09-27T01:45Z,2026-09-27T01:45:09.903872+00:00,2026-09-27T01:00Z,2026-09-26,Saturday,Alamo Drafthouse Slaughter Lane,Austin,America/Chicago,Forgotten Island,21:00,0006:218142,14,Screen 4,2d-digital,108,10,98,9.3,,https://drafthouse.com/s/mother/v1/app/seats/0006/218142,alamo-api; unavailable=4,ALMO,,4,alamo-api
2026-09-25,alamo-2026-09-27T01:45Z,2026-09-27T01:45:09.903872+00:00,2026-09-27T01:00Z,2026-09-26,Saturday,Alamo Drafthouse Lakeline,Austin,America/Chicago,Forgotten Island,21:45,0007:230850,59,Screen 3,2d-digital,111,5,106,4.5,,https://drafthouse.com/s/mother/v1/app/seats/0007/230850,alamo-api; unavailable=5,ALMO,,5,alamo-api
2026-09-25,alamo-2026-09-27T01:45Z,2026-09-27T01:45:09.903872+00:00,2026-09-27T01:00Z,2026-09-26,Saturday,Alamo Drafthouse Mueller,Austin,America/Chicago,Forgotten Island,22:10,0008:87326,84,Screen 2,2d-digital,43,3,40,7.0,,https://drafthouse.com/s/mother/v1/app/seats/0008/87326,alamo-api; unavailable=2,ALMO,,2,alamo-api
2026-09-25,alamo-2026-09-27T01:45Z,2026-09-27T01:45:09.903872+00:00,2026-09-27T01:00Z,2026-09-27,Sunday,Alamo Drafthouse Lakeline,Austin,America/Chicago,Forgotten Island,11:30,0007:229505,884,Screen 4,hdr,126,33,93,26.2,,https://drafthouse.com/s/mother/v1/app/seats/0007/229505,alamo-api; unavailable=5,ALMO,,5,alamo-api
2026-09-25,alamo-2026-09-27T01:45Z,2026-09-27T01:45:09.903872+00:00,2026-09-27T01:00Z,2026-09-27,Sunday,Alamo Drafthouse Mueller,Austin,America/Chicago,Forgotten Island,11:30,0008:86777,884,Screen 4,hdr,136,56,80,41.2,,https://drafthouse.com/s/mother/v1/app/seats/0008/86777,alamo-api; unavailable=4,ALMO,,4,alamo-api
2026-09-25,alamo-2026-09-27T01:45Z,2026-09-27T01:45:09.903872+00:00,2026-09-27T01:00Z,2026-09-27,Sunday,Alamo Drafthouse Slaughter Lane,Austin,America/Chicago,Forgotten Island,12:00,0006:218148,914,Screen 4,2d-digital,108,41,67,38.0,,https://drafthouse.com/s/mother/v1/app/seats/0006/218148,alamo-api; unavailable=4,ALMO,,4,alamo-api
2026-09-25,alamo-2026-09-27T01:45Z,2026-09-27T01:45:09.903872+00:00,2026-09-27T01:00Z,2026-09-27,Sunday,Alamo Drafthouse Slaughter Lane,Austin,America/Chicago,Forgotten Island,15:00,0006:218147,1094,Screen 4,2d-digital,108,49,59,45.4,,https://drafthouse.com/s/mother/v1/app/seats/0006/218147,alamo-api; unavailable=4,ALMO,,4,alamo-api
2026-09-25,alamo-2026-09-27T01:45Z,2026-09-27T01:45:09.903872+00:00,2026-09-27T01:00Z,2026-09-27,Sunday,Alamo Drafthouse Mueller,Austin,America/Chicago,Forgotten Island,15:30,0008:87348,1124,Screen 5,2d-digital,118,36,82,30.5,,https://drafthouse.com/s/mother/v1/app/seats/0008/87348,alamo-api; unavailable=5,ALMO,,5,alamo-api
2026-09-25,alamo-2026-09-27T01:45Z,2026-09-27T01:45:09.903872+00:00,2026-09-27T01:00Z,2026-09-27,Sunday,Alamo Drafthouse Lakeline,Austin,America/Chicago,Forgotten Island,15:30,0007:230818,1124,Screen 1,2d-digital,30,13,17,43.3,,https://drafthouse.com/s/mother/v1/app/seats/0007/230818,alamo-api; unavailable=2,ALMO,,2,alamo-api
2026-09-25,alamo-2026-09-27T01:45Z,2026-09-27T01:45:09.903872+00:00,2026-09-27T01:00Z,2026-09-27,Sunday,Alamo Drafthouse Lakeline,Austin,America/Chicago,Forgotten Island,18:00,0007:230828,1274,Screen 5,2d-digital,125,14,111,11.2,,https://drafthouse.com/s/mother/v1/app/seats/0007/230828,alamo-api; unavailable=5,ALMO,,5,alamo-api
2026-09-25,alamo-2026-09-27T01:45Z,2026-09-27T01:45:09.903872+00:00,2026-09-27T01:00Z,2026-09-27,Sunday,Alamo Drafthouse Slaughter Lane,Austin,America/Chicago,Forgotten Island,18:00,0006:218146,1274,Screen 4,2d-digital,108,16,92,14.8,,https://drafthouse.com/s/mother/v1/app/seats/0006/218146,alamo-api; unavailable=4,ALMO,,4,alamo-api
2026-09-25,alamo-2026-09-27T01:45Z,2026-09-27T01:45:09.903872+00:00,2026-09-27T01:00Z,2026-09-27,Sunday,Alamo Drafthouse Mueller,Austin,America/Chicago,Forgotten Island,18:30,0008:87345,1304,Screen 5,2d-digital,118,10,108,8.5,,https://drafthouse.com/s/mother/v1/app/seats/0008/87345,alamo-api; unavailable=5,ALMO,,5,alamo-api
2026-09-25,alamo-2026-09-27T01:45Z,2026-09-27T01:45:09.903872+00:00,2026-09-27T01:00Z,2026-09-27,Sunday,Alamo Drafthouse Slaughter Lane,Austin,America/Chicago,Forgotten Island,21:00,0006:218149,1454,Screen 4,2d-digital,108,0,108,0.0,,https://drafthouse.com/s/mother/v1/app/seats/0006/218149,alamo-api; unavailable=4,ALMO,,4,alamo-api
2026-09-25,alamo-2026-09-27T01:45Z,2026-09-27T01:45:09.903872+00:00,2026-09-27T01:00Z,2026-09-27,Sunday,Alamo Drafthouse Lakeline,Austin,America/Chicago,Forgotten Island,21:45,0007:230842,1499,Screen 3,2d-digital,111,0,111,0.0,,https://drafthouse.com/s/mother/v1/app/seats/0007/230842,alamo-api; unavailable=5,ALMO,,5,alamo-api
2026-09-25,alamo-2026-09-27T01:45Z,2026-09-27T01:45:09.903872+00:00,2026-09-27T01:00Z,2026-09-27,Sunday,Alamo Drafthouse Mueller,Austin,America/Chicago,Forgotten Island,22:30,0008:87341,1544,Screen 3,2d-digital,49,5,44,10.2,,https://drafthouse.com/s/mother/v1/app/seats/0008/87341,alamo-api; unavailable=2,ALMO,,2,alamo-api
2026-09-25,alamo-2026-09-27T01:45Z,2026-09-27T01:45:09.903872+00:00,2026-09-27T01:00Z,2026-09-26,Saturday,Alamo Drafthouse Mueller,Austin,America/Chicago,Heart of the Beast,22:30,0008:87331,104,Screen 3,2d-digital,49,16,33,32.7,,https://drafthouse.com/s/mother/v1/app/seats/0008/87331,alamo-api; unavailable=2,ALMO,,2,alamo-api
2026-09-25,alamo-2026-09-27T01:45Z,2026-09-27T01:45:09.903872+00:00,2026-09-27T01:00Z,2026-09-26,Saturday,Alamo Drafthouse Slaughter Lane,Austin,America/Chicago,Heart of the Beast,22:30,0006:217853,104,Screen 1,2d-digital,59,9,50,15.3,,https://drafthouse.com/s/mother/v1/app/seats/0006/217853,alamo-api; unavailable=4,ALMO,,4,alamo-api
2026-09-25,alamo-2026-09-27T01:45Z,2026-09-27T01:45:09.903872+00:00,2026-09-27T01:00Z,2026-09-26,Saturday,Alamo Drafthouse Lakeline,Austin,America/Chicago,Heart of the Beast,23:15,0007:230793,149,Screen 10,2d-digital,30,0,30,0.0,,https://drafthouse.com/s/mother/v1/app/seats/0007/230793,alamo-api; unavailable=2,ALMO,,2,alamo-api
2026-09-25,alamo-2026-09-27T01:45Z,2026-09-27T01:45:09.903872+00:00,2026-09-27T01:00Z,2026-09-27,Sunday,Alamo Drafthouse Lakeline,Austin,America/Chicago,Heart of the Beast,12:45,0007:230844,959,Screen 1,2d-digital,30,6,24,20.0,,https://drafthouse.com/s/mother/v1/app/seats/0007/230844,alamo-api; unavailable=2,ALMO,,2,alamo-api
2026-09-25,alamo-2026-09-27T01:45Z,2026-09-27T01:45:09.903872+00:00,2026-09-27T01:00Z,2026-09-27,Sunday,Alamo Drafthouse Mueller,Austin,America/Chicago,Heart of the Beast,13:00,0008:87355,974,Screen 2,2d-digital,43,20,23,46.5,,https://drafthouse.com/s/mother/v1/app/seats/0008/87355,alamo-api; unavailable=2,ALMO,,2,alamo-api
2026-09-25,alamo-2026-09-27T01:45Z,2026-09-27T01:45:09.903872+00:00,2026-09-27T01:00Z,2026-09-27,Sunday,Alamo Drafthouse Slaughter Lane,Austin,America/Chicago,Heart of the Beast,13:15,0006:218885,989,Screen 1,2d-digital,59,34,25,57.6,,https://drafthouse.com/s/mother/v1/app/seats/0006/218885,alamo-api; unavailable=4,ALMO,,4,alamo-api
2026-09-25,alamo-2026-09-27T01:45Z,2026-09-27T01:45:09.903872+00:00,2026-09-27T01:00Z,2026-09-27,Sunday,Alamo Drafthouse Lakeline,Austin,America/Chicago,Heart of the Beast,14:20,0007:229504,1054,Screen 4,hdr,126,47,79,37.3,,https://drafthouse.com/s/mother/v1/app/seats/0007/229504,alamo-api; unavailable=5,ALMO,,5,alamo-api
2026-09-25,alamo-2026-09-27T01:45Z,2026-09-27T01:45:09.903872+00:00,2026-09-27T01:00Z,2026-09-27,Sunday,Alamo Drafthouse Slaughter Lane,Austin,America/Chicago,Heart of the Beast,16:30,0006:217856,1184,Screen 1,2d-digital,59,33,26,55.9,,https://drafthouse.com/s/mother/v1/app/seats/0006/217856,alamo-api; unavailable=4,ALMO,,4,alamo-api
2026-09-25,alamo-2026-09-27T01:45Z,2026-09-27T01:45:09.903872+00:00,2026-09-27T01:00Z,2026-09-27,Sunday,Alamo Drafthouse Lakeline,Austin,America/Chicago,Heart of the Beast,16:45,0007:230833,1199,Screen 10,2d-digital,30,9,21,30.0,,https://drafthouse.com/s/mother/v1/app/seats/0007/230833,alamo-api; unavailable=2,ALMO,,2,alamo-api
2026-09-25,alamo-2026-09-27T01:45Z,2026-09-27T01:45:09.903872+00:00,2026-09-27T01:00Z,2026-09-27,Sunday,Alamo Drafthouse Mueller,Austin,America/Chicago,Heart of the Beast,16:45,0008:87353,1199,Screen 3,2d-digital,49,18,31,36.7,,https://drafthouse.com/s/mother/v1/app/seats/0008/87353,alamo-api; unavailable=2,ALMO,,2,alamo-api
2026-09-25,alamo-2026-09-27T01:45Z,2026-09-27T01:45:09.903872+00:00,2026-09-27T01:00Z,2026-09-27,Sunday,Alamo Drafthouse Slaughter Lane,Austin,America/Chicago,Heart of the Beast,19:30,0006:217857,1364,Screen 1,2d-digital,59,10,49,16.9,,https://drafthouse.com/s/mother/v1/app/seats/0006/217857,alamo-api; unavailable=4,ALMO,,4,alamo-api
2026-09-25,alamo-2026-09-27T01:45Z,2026-09-27T01:45:09.903872+00:00,2026-09-27T01:00Z,2026-09-27,Sunday,Alamo Drafthouse Mueller,Austin,America/Chicago,Heart of the Beast,19:40,0008:87356,1374,Screen 3,2d-digital,49,0,49,0.0,,https://drafthouse.com/s/mother/v1/app/seats/0008/87356,alamo-api; unavailable=2,ALMO,,2,alamo-api
2026-09-25,alamo-2026-09-27T01:45Z,2026-09-27T01:45:09.903872+00:00,2026-09-27T01:00Z,2026-09-27,Sunday,Alamo Drafthouse Lakeline,Austin,America/Chicago,Heart of the Beast,20:00,0007:230814,1394,Screen 9,2d-digital,42,1,41,2.4,,https://drafthouse.com/s/mother/v1/app/seats/0007/230814,alamo-api; unavailable=2,ALMO,,2,alamo-api
2026-09-25,alamo-2026-09-27T01:45Z,2026-09-27T01:45:09.903872+00:00,2026-09-27T01:00Z,2026-09-27,Sunday,Alamo Drafthouse Slaughter Lane,Austin,America/Chicago,Heart of the Beast,22:30,0006:217858,1544,Screen 1,2d-digital,59,0,59,0.0,,https://drafthouse.com/s/mother/v1/app/seats/0006/217858,alamo-api; unavailable=4,ALMO,,4,alamo-api
2026-09-25,alamo-2026-09-27T01:45Z,2026-09-27T01:45:09.903872+00:00,2026-09-27T01:00Z,2026-09-27,Sunday,Alamo Drafthouse Mueller,Austin,America/Chicago,Heart of the Beast,22:40,0008:87354,1554,Screen 2,2d-digital,43,0,43,0.0,,https://drafthouse.com/s/mother/v1/app/seats/0008/87354,alamo-api; unavailable=2,ALMO,,2,alamo-api
2026-09-25,alamo-2026-09-27T01:45Z,2026-09-27T01:45:09.903872+00:00,2026-09-27T01:00Z,2026-09-27,Sunday,Alamo Drafthouse Lakeline,Austin,America/Chicago,Heart of the Beast,22:45,0007:230839,1559,Screen 2,2d-digital,42,0,42,0.0,,https://drafthouse.com/s/mother/v1/app/seats/0007/230839,alamo-api; unavailable=2,ALMO,,2,alamo-api
2026-09-25,alamo-2026-09-27T01:45Z,2026-09-27T01:45:09.903872+00:00,2026-09-27T01:00Z,2026-09-26,Saturday,Alamo Drafthouse Village,Austin,America/Chicago,Primetime,21:00,0003:119326,14,Screen 4,2d-digital,101,87,14,86.1,,https://drafthouse.com/s/mother/v1/app/seats/0003/119326,alamo-api; unavailable=5,ALMO,,5,alamo-api
2026-09-25,alamo-2026-09-27T01:45Z,2026-09-27T01:45:09.903872+00:00,2026-09-27T01:00Z,2026-09-26,Saturday,Alamo Drafthouse Slaughter Lane,Austin,America/Chicago,Primetime,21:00,0006:218880,14,Screen 2,2d-digital,65,54,11,83.1,,https://drafthouse.com/s/mother/v1/app/seats/0006/218880,alamo-api; unavailable=4,ALMO,,4,alamo-api
2026-09-25,alamo-2026-09-27T01:45Z,2026-09-27T01:45:09.903872+00:00,2026-09-27T01:00Z,2026-09-26,Saturday,Alamo Drafthouse South Lamar,Austin,America/Chicago,Primetime,21:45,0004:253972,59,Screen 2,2d-digital,40,36,4,90.0,,https://drafthouse.com/s/mother/v1/app/seats/0004/253972,alamo-api; unavailable=3,ALMO,,3,alamo-api
2026-09-25,alamo-2026-09-27T01:45Z,2026-09-27T01:45:09.903872+00:00,2026-09-27T01:00Z,2026-09-26,Saturday,Alamo Drafthouse Slaughter Lane,Austin,America/Chicago,Primetime,22:00,0006:218804,74,Screen 6,2d-digital,96,24,72,25.0,,https://drafthouse.com/s/mother/v1/app/seats/0006/218804,alamo-api; unavailable=4,ALMO,,4,alamo-api
2026-09-25,alamo-2026-09-27T01:45Z,2026-09-27T01:45:09.903872+00:00,2026-09-27T01:00Z,2026-09-26,Saturday,Alamo Drafthouse South Lamar,Austin,America/Chicago,Primetime,22:00,0004:253949,74,Screen 5,2d-digital,162,103,59,63.6,,https://drafthouse.com/s/mother/v1/app/seats/0004/253949,alamo-api; unavailable=5,ALMO,,5,alamo-api
2026-09-25,alamo-2026-09-27T01:45Z,2026-09-27T01:45:09.903872+00:00,2026-09-27T01:00Z,2026-09-26,Saturday,Alamo Drafthouse Lakeline,Austin,America/Chicago,Primetime,22:20,0007:229564,94,Screen 7,2d-digital,128,58,70,45.3,,https://drafthouse.com/s/mother/v1/app/seats/0007/229564,alamo-api; unavailable=5,ALMO,,5,alamo-api
2026-09-25,alamo-2026-09-27T01:45Z,2026-09-27T01:45:09.903872+00:00,2026-09-27T01:00Z,2026-09-26,Saturday,Alamo Drafthouse Village,Austin,America/Chicago,Primetime,22:30,0003:119768,104,Screen 3,2d-digital,98,39,59,39.8,,https://drafthouse.com/s/mother/v1/app/seats/0003/119768,alamo-api; unavailable=5,ALMO,,5,alamo-api
2026-09-25,alamo-2026-09-27T01:45Z,2026-09-27T01:45:09.903872+00:00,2026-09-27T01:00Z,2026-09-26,Saturday,Alamo Drafthouse South Lamar,Austin,America/Chicago,Primetime,22:30,0004:253975,104,Screen 6,2d-digital,89,32,57,36.0,,https://drafthouse.com/s/mother/v1/app/seats/0004/253975,alamo-api; unavailable=4,ALMO,,4,alamo-api
2026-09-25,alamo-2026-09-27T01:45Z,2026-09-27T01:45:09.903872+00:00,2026-09-27T01:00Z,2026-09-27,Sunday,Alamo Drafthouse Lakeline,Austin,America/Chicago,Primetime,11:45,0007:230847,899,Screen 8,2d-digital,111,18,93,16.2,,https://drafthouse.com/s/mother/v1/app/seats/0007/230847,alamo-api; unavailable=5,ALMO,,5,alamo-api
2026-09-25,alamo-2026-09-27T01:45Z,2026-09-27T01:45:09.903872+00:00,2026-09-27T01:00Z,2026-09-27,Sunday,Alamo Drafthouse Village,Austin,America/Chicago,Primetime,11:45,0003:119331,899,Screen 2,2d-digital,72,23,49,31.9,,https://drafthouse.com/s/mother/v1/app/seats/0003/119331,alamo-api; unavailable=3,ALMO,,3,alamo-api
2026-09-25,alamo-2026-09-27T01:45Z,2026-09-27T01:45:09.903872+00:00,2026-09-27T01:00Z,2026-09-27,Sunday,Alamo Drafthouse South Lamar,Austin,America/Chicago,Primetime,12:15,0004:254012,929,Screen 6,2d-digital,89,46,43,51.7,,https://drafthouse.com/s/mother/v1/app/seats/0004/254012,alamo-api; unavailable=4,ALMO,,4,alamo-api
2026-09-25,alamo-2026-09-27T01:45Z,2026-09-27T01:45:09.903872+00:00,2026-09-27T01:00Z,2026-09-27,Sunday,Alamo Drafthouse South Lamar,Austin,America/Chicago,Primetime,12:30,0004:253978,944,Screen 7,2d-digital,59,24,35,40.7,,https://drafthouse.com/s/mother/v1/app/seats/0004/253978,alamo-api; unavailable=4,ALMO,,4,alamo-api
2026-09-25,alamo-2026-09-27T01:45Z,2026-09-27T01:45:09.903872+00:00,2026-09-27T01:00Z,2026-09-27,Sunday,Alamo Drafthouse South Lamar,Austin,America/Chicago,Primetime,12:45,0004:254013,959,Screen 8,2d-digital,59,35,24,59.3,,https://drafthouse.com/s/mother/v1/app/seats/0004/254013,alamo-api; unavailable=4,ALMO,,4,alamo-api
2026-09-25,alamo-2026-09-27T01:45Z,2026-09-27T01:45:09.903872+00:00,2026-09-27T01:00Z,2026-09-27,Sunday,Alamo Drafthouse Slaughter Lane,Austin,America/Chicago,Primetime,13:00,0006:218817,974,Screen 6,2d-digital,96,51,45,53.1,,https://drafthouse.com/s/mother/v1/app/seats/0006/218817,alamo-api; unavailable=4,ALMO,,4,alamo-api
2026-09-25,alamo-2026-09-27T01:45Z,2026-09-27T01:45:09.903872+00:00,2026-09-27T01:00Z,2026-09-27,Sunday,Alamo Drafthouse Village,Austin,America/Chicago,Primetime,14:30,0003:119774,1064,Screen 3,2d-digital,98,42,56,42.9,,https://drafthouse.com/s/mother/v1/app/seats/0003/119774,alamo-api; unavailable=5,ALMO,,5,alamo-api
2026-09-25,alamo-2026-09-27T01:45Z,2026-09-27T01:45:09.903872+00:00,2026-09-27T01:00Z,2026-09-27,Sunday,Alamo Drafthouse Lakeline,Austin,America/Chicago,Primetime,14:35,0007:230843,1069,Screen 8,2d-digital,111,17,94,15.3,,https://drafthouse.com/s/mother/v1/app/seats/0007/230843,alamo-api; unavailable=5,ALMO,,5,alamo-api
2026-09-25,alamo-2026-09-27T01:45Z,2026-09-27T01:45:09.903872+00:00,2026-09-27T01:00Z,2026-09-27,Sunday,Alamo Drafthouse Lakeline,Austin,America/Chicago,Primetime,15:10,0007:230827,1104,Screen 5,2d-digital,125,11,114,8.8,,https://drafthouse.com/s/mother/v1/app/seats/0007/230827,alamo-api; unavailable=5,ALMO,,5,alamo-api
2026-09-25,alamo-2026-09-27T01:45Z,2026-09-27T01:45:09.903872+00:00,2026-09-27T01:00Z,2026-09-27,Sunday,Alamo Drafthouse South Lamar,Austin,America/Chicago,Primetime,15:15,0004:254011,1109,Screen 6,2d-digital,89,56,33,62.9,,https://drafthouse.com/s/mother/v1/app/seats/0004/254011,alamo-api; unavailable=4,ALMO,,4,alamo-api
2026-09-25,alamo-2026-09-27T01:45Z,2026-09-27T01:45:09.903872+00:00,2026-09-27T01:00Z,2026-09-27,Sunday,Alamo Drafthouse Slaughter Lane,Austin,America/Chicago,Primetime,15:15,0006:218914,1109,Screen 3,2d-digital,98,35,63,35.7,,https://drafthouse.com/s/mother/v1/app/seats/0006/218914,alamo-api; unavailable=4,ALMO,,4,alamo-api
2026-09-25,alamo-2026-09-27T01:45Z,2026-09-27T01:45:09.903872+00:00,2026-09-27T01:00Z,2026-09-27,Sunday,Alamo Drafthouse Village,Austin,America/Chicago,Primetime,15:30,0003:119330,1124,Screen 4,2d-digital,101,47,54,46.5,,https://drafthouse.com/s/mother/v1/app/seats/0003/119330,alamo-api; unavailable=5,ALMO,,5,alamo-api
2026-09-25,alamo-2026-09-27T01:45Z,2026-09-27T01:45:09.903872+00:00,2026-09-27T01:00Z,2026-09-27,Sunday,Alamo Drafthouse South Lamar,Austin,America/Chicago,Primetime,15:45,0004:254014,1139,Screen 8,2d-digital,59,31,28,52.5,,https://drafthouse.com/s/mother/v1/app/seats/0004/254014,alamo-api; unavailable=4,ALMO,,4,alamo-api
2026-09-25,alamo-2026-09-27T01:45Z,2026-09-27T01:45:09.903872+00:00,2026-09-27T01:00Z,2026-09-27,Sunday,Alamo Drafthouse Slaughter Lane,Austin,America/Chicago,Primetime,16:00,0006:218818,1154,Screen 6,2d-digital,96,29,67,30.2,,https://drafthouse.com/s/mother/v1/app/seats/0006/218818,alamo-api; unavailable=4,ALMO,,4,alamo-api
2026-09-25,alamo-2026-09-27T01:45Z,2026-09-27T01:45:09.903872+00:00,2026-09-27T01:00Z,2026-09-27,Sunday,Alamo Drafthouse Lakeline,Austin,America/Chicago,Primetime,16:15,0007:229567,1169,Screen 7,2d-digital,128,18,110,14.1,,https://drafthouse.com/s/mother/v1/app/seats/0007/229567,alamo-api; unavailable=5,ALMO,,5,alamo-api
2026-09-25,alamo-2026-09-27T01:45Z,2026-09-27T01:45:09.903872+00:00,2026-09-27T01:00Z,2026-09-27,Sunday,Alamo Drafthouse South Lamar,Austin,America/Chicago,Primetime,16:30,0004:253990,1184,Screen 4,2d-digital,144,99,45,68.8,,https://drafthouse.com/s/mother/v1/app/seats/0004/253990,alamo-api; unavailable=5,ALMO,,5,alamo-api
2026-09-25,alamo-2026-09-27T01:45Z,2026-09-27T01:45:09.903872+00:00,2026-09-27T01:00Z,2026-09-27,Sunday,Alamo Drafthouse Village,Austin,America/Chicago,Primetime,17:30,0003:119773,1244,Screen 3,2d-digital,98,45,53,45.9,,https://drafthouse.com/s/mother/v1/app/seats/0003/119773,alamo-api; unavailable=5,ALMO,,5,alamo-api
2026-09-25,alamo-2026-09-27T01:45Z,2026-09-27T01:45:09.903872+00:00,2026-09-27T01:00Z,2026-09-27,Sunday,Alamo Drafthouse South Lamar,Austin,America/Chicago,Primetime,18:00,0004:254015,1274,Screen 9,2d-digital,88,69,19,78.4,,https://drafthouse.com/s/mother/v1/app/seats/0004/254015,alamo-api; unavailable=5,ALMO,,5,alamo-api
2026-09-25,alamo-2026-09-27T01:45Z,2026-09-27T01:45:09.903872+00:00,2026-09-27T01:00Z,2026-09-27,Sunday,Alamo Drafthouse Slaughter Lane,Austin,America/Chicago,Primetime,18:00,0006:218883,1274,Screen 2,2d-digital,65,19,46,29.2,,https://drafthouse.com/s/mother/v1/app/seats/0006/218883,alamo-api; unavailable=4,ALMO,,4,alamo-api
2026-09-25,alamo-2026-09-27T01:45Z,2026-09-27T01:45:09.903872+00:00,2026-09-27T01:00Z,2026-09-27,Sunday,Alamo Drafthouse Village,Austin,America/Chicago,Primetime,18:30,0003:119328,1304,Screen 4,2d-digital,101,74,27,73.3,,https://drafthouse.com/s/mother/v1/app/seats/0003/119328,alamo-api; unavailable=5,ALMO,,5,alamo-api
2026-09-25,alamo-2026-09-27T01:45Z,2026-09-27T01:45:09.903872+00:00,2026-09-27T01:00Z,2026-09-27,Sunday,Alamo Drafthouse South Lamar,Austin,America/Chicago,Primetime,18:45,0004:254009,1319,Screen 2,2d-digital,40,26,14,65.0,,https://drafthouse.com/s/mother/v1/app/seats/0004/254009,alamo-api; unavailable=3,ALMO,,3,alamo-api
2026-09-25,alamo-2026-09-27T01:45Z,2026-09-27T01:45:09.903872+00:00,2026-09-27T01:00Z,2026-09-27,Sunday,Alamo Drafthouse South Lamar,Austin,America/Chicago,Primetime,19:00,0004:252968,1334,Screen 5,2d-digital,162,141,21,87.0,,https://drafthouse.com/s/mother/v1/app/seats/0004/252968,alamo-api; unavailable=5,ALMO,,5,alamo-api
2026-09-25,alamo-2026-09-27T01:45Z,2026-09-27T01:45:09.903872+00:00,2026-09-27T01:00Z,2026-09-27,Sunday,Alamo Drafthouse Slaughter Lane,Austin,America/Chicago,Primetime,19:00,0006:218819,1334,Screen 6,2d-digital,96,44,52,45.8,,https://drafthouse.com/s/mother/v1/app/seats/0006/218819,alamo-api; unavailable=4,ALMO,,4,alamo-api
2026-09-25,alamo-2026-09-27T01:45Z,2026-09-27T01:45:09.903872+00:00,2026-09-27T01:00Z,2026-09-27,Sunday,Alamo Drafthouse South Lamar,Austin,America/Chicago,Primetime,19:15,0004:253993,1349,Screen 7,2d-digital,59,41,18,69.5,,https://drafthouse.com/s/mother/v1/app/seats/0004/253993,alamo-api; unavailable=4,ALMO,,4,alamo-api
2026-09-25,alamo-2026-09-27T01:45Z,2026-09-27T01:45:09.903872+00:00,2026-09-27T01:00Z,2026-09-27,Sunday,Alamo Drafthouse Lakeline,Austin,America/Chicago,Primetime,19:20,0007:229566,1354,Screen 7,2d-digital,128,71,57,55.5,,https://drafthouse.com/s/mother/v1/app/seats/0007/229566,alamo-api; unavailable=5,ALMO,,5,alamo-api
2026-09-25,alamo-2026-09-27T01:45Z,2026-09-27T01:45:09.903872+00:00,2026-09-27T01:00Z,2026-09-27,Sunday,Alamo Drafthouse Lakeline,Austin,America/Chicago,Primetime,20:20,0007:230820,1414,Screen 8,2d-digital,111,22,89,19.8,,https://drafthouse.com/s/mother/v1/app/seats/0007/230820,alamo-api; unavailable=5,ALMO,,5,alamo-api
2026-09-25,alamo-2026-09-27T01:45Z,2026-09-27T01:45:09.903872+00:00,2026-09-27T01:00Z,2026-09-27,Sunday,Alamo Drafthouse Village,Austin,America/Chicago,Primetime,20:30,0003:119783,1424,Screen 3,2d-digital,98,41,57,41.8,,https://drafthouse.com/s/mother/v1/app/seats/0003/119783,alamo-api; unavailable=5,ALMO,,5,alamo-api
2026-09-25,alamo-2026-09-27T01:45Z,2026-09-27T01:45:09.903872+00:00,2026-09-27T01:00Z,2026-09-27,Sunday,Alamo Drafthouse Slaughter Lane,Austin,America/Chicago,Primetime,21:00,0006:218884,1454,Screen 2,2d-digital,65,2,63,3.1,,https://drafthouse.com/s/mother/v1/app/seats/0006/218884,alamo-api; unavailable=4,ALMO,,4,alamo-api
2026-09-25,alamo-2026-09-27T01:45Z,2026-09-27T01:45:09.903872+00:00,2026-09-27T01:00Z,2026-09-27,Sunday,Alamo Drafthouse Village,Austin,America/Chicago,Primetime,21:30,0003:119329,1484,Screen 4,2d-digital,101,31,70,30.7,,https://drafthouse.com/s/mother/v1/app/seats/0003/119329,alamo-api; unavailable=5,ALMO,,5,alamo-api
2026-09-25,alamo-2026-09-27T01:45Z,2026-09-27T01:45:09.903872+00:00,2026-09-27T01:00Z,2026-09-27,Sunday,Alamo Drafthouse South Lamar,Austin,America/Chicago,Primetime,22:00,0004:254002,1514,Screen 2,2d-digital,40,6,34,15.0,,https://drafthouse.com/s/mother/v1/app/seats/0004/254002,alamo-api; unavailable=3,ALMO,,3,alamo-api
2026-09-25,alamo-2026-09-27T01:45Z,2026-09-27T01:45:09.903872+00:00,2026-09-27T01:00Z,2026-09-27,Sunday,Alamo Drafthouse South Lamar,Austin,America/Chicago,Primetime,22:00,0004:254001,1514,Screen 5,2d-digital,162,20,142,12.3,,https://drafthouse.com/s/mother/v1/app/seats/0004/254001,alamo-api; unavailable=5,ALMO,,5,alamo-api
2026-09-25,alamo-2026-09-27T01:45Z,2026-09-27T01:45:09.903872+00:00,2026-09-27T01:00Z,2026-09-27,Sunday,Alamo Drafthouse Slaughter Lane,Austin,America/Chicago,Primetime,22:00,0006:218820,1514,Screen 6,2d-digital,96,2,94,2.1,,https://drafthouse.com/s/mother/v1/app/seats/0006/218820,alamo-api; unavailable=4,ALMO,,4,alamo-api
2026-09-25,alamo-2026-09-27T01:45Z,2026-09-27T01:45:09.903872+00:00,2026-09-27T01:00Z,2026-09-27,Sunday,Alamo Drafthouse South Lamar,Austin,America/Chicago,Primetime,22:15,0004:254010,1529,Screen 7,2d-digital,59,0,59,0.0,,https://drafthouse.com/s/mother/v1/app/seats/0004/254010,alamo-api; unavailable=4,ALMO,,4,alamo-api
2026-09-25,alamo-2026-09-27T01:45Z,2026-09-27T01:45:09.903872+00:00,2026-09-27T01:00Z,2026-09-27,Sunday,Alamo Drafthouse Lakeline,Austin,America/Chicago,Primetime,22:20,0007:229565,1534,Screen 7,2d-digital,128,12,116,9.4,,https://drafthouse.com/s/mother/v1/app/seats/0007/229565,alamo-api; unavailable=5,ALMO,,5,alamo-api
2026-09-25,alamo-2026-09-27T01:45Z,2026-09-27T01:45:09.903872+00:00,2026-09-27T01:00Z,2026-09-27,Sunday,Alamo Drafthouse South Lamar,Austin,America/Chicago,Primetime,22:30,0004:253999,1544,Screen 6,2d-digital,89,0,89,0.0,,https://drafthouse.com/s/mother/v1/app/seats/0004/253999,alamo-api; unavailable=4,ALMO,,4,alamo-api
2026-09-25,alamo-2026-09-27T01:45Z,2026-09-27T01:45:09.903872+00:00,2026-09-27T01:00Z,2026-09-27,Sunday,Alamo Drafthouse Seaport,Boston,America/New_York,Forgotten Island,11:45,2901:35944,839,Screen 4,2d-digital,71,15,56,21.1,,https://drafthouse.com/s/mother/v1/app/seats/2901/35944,alamo-api; unavailable=5,ALMO,,5,alamo-api
2026-09-25,alamo-2026-09-27T01:45Z,2026-09-27T01:45:09.903872+00:00,2026-09-27T01:00Z,2026-09-27,Sunday,Alamo Drafthouse Seaport,Boston,America/New_York,Forgotten Island,15:00,2901:35943,1034,Screen 4,2d-digital,71,0,71,0.0,,https://drafthouse.com/s/mother/v1/app/seats/2901/35943,alamo-api; unavailable=5,ALMO,,5,alamo-api
2026-09-25,alamo-2026-09-27T01:45Z,2026-09-27T01:45:09.903872+00:00,2026-09-27T01:00Z,2026-09-27,Sunday,Alamo Drafthouse Seaport,Boston,America/New_York,Forgotten Island,18:00,2901:35942,1214,Screen 4,2d-digital,71,2,69,2.8,,https://drafthouse.com/s/mother/v1/app/seats/2901/35942,alamo-api; unavailable=5,ALMO,,5,alamo-api
2026-09-25,alamo-2026-09-27T01:45Z,2026-09-27T01:45:09.903872+00:00,2026-09-27T01:00Z,2026-09-26,Saturday,Alamo Drafthouse Seaport,Boston,America/New_York,Heart of the Beast,22:30,2901:35649,44,Screen 9,2d-digital,75,10,65,13.3,,https://drafthouse.com/s/mother/v1/app/seats/2901/35649,alamo-api; unavailable=6,ALMO,,6,alamo-api
2026-09-25,alamo-2026-09-27T01:45Z,2026-09-27T01:45:09.903872+00:00,2026-09-27T01:00Z,2026-09-27,Sunday,Alamo Drafthouse Seaport,Boston,America/New_York,Heart of the Beast,13:00,2901:36605,914,Screen 1,2d-digital,59,11,48,18.6,,https://drafthouse.com/s/mother/v1/app/seats/2901/36605,alamo-api; unavailable=7,ALMO,,7,alamo-api
2026-09-25,alamo-2026-09-27T01:45Z,2026-09-27T01:45:09.903872+00:00,2026-09-27T01:00Z,2026-09-27,Sunday,Alamo Drafthouse Seaport,Boston,America/New_York,Heart of the Beast,16:30,2901:35651,1124,Screen 9,2d-digital,75,4,71,5.3,,https://drafthouse.com/s/mother/v1/app/seats/2901/35651,alamo-api; unavailable=6,ALMO,,6,alamo-api
2026-09-25,alamo-2026-09-27T01:45Z,2026-09-27T01:45:09.903872+00:00,2026-09-27T01:00Z,2026-09-27,Sunday,Alamo Drafthouse Seaport,Boston,America/New_York,Heart of the Beast,19:30,2901:35650,1304,Screen 9,2d-digital,75,9,66,12.0,,https://drafthouse.com/s/mother/v1/app/seats/2901/35650,alamo-api; unavailable=6,ALMO,,6,alamo-api
2026-09-25,alamo-2026-09-27T01:45Z,2026-09-27T01:45:09.903872+00:00,2026-09-27T01:00Z,2026-09-26,Saturday,Alamo Drafthouse Seaport,Boston,America/New_York,Primetime,22:00,2901:35924,14,Screen 6,2d-digital,110,15,95,13.6,,https://drafthouse.com/s/mother/v1/app/seats/2901/35924,alamo-api; unavailable=6,ALMO,,6,alamo-api
2026-09-25,alamo-2026-09-27T01:45Z,2026-09-27T01:45:09.903872+00:00,2026-09-27T01:00Z,2026-09-27,Sunday,Alamo Drafthouse Seaport,Boston,America/New_York,Primetime,13:00,2901:35926,914,Screen 6,2d-digital,110,40,70,36.4,,https://drafthouse.com/s/mother/v1/app/seats/2901/35926,alamo-api; unavailable=6,ALMO,,6,alamo-api
2026-09-25,alamo-2026-09-27T01:45Z,2026-09-27T01:45:09.903872+00:00,2026-09-27T01:00Z,2026-09-27,Sunday,Alamo Drafthouse Seaport,Boston,America/New_York,Primetime,14:45,2901:36599,1019,Screen 7,2d-digital,75,20,55,26.7,,https://drafthouse.com/s/mother/v1/app/seats/2901/36599,alamo-api; unavailable=6,ALMO,,6,alamo-api
2026-09-25,alamo-2026-09-27T01:45Z,2026-09-27T01:45:09.903872+00:00,2026-09-27T01:00Z,2026-09-27,Sunday,Alamo Drafthouse Seaport,Boston,America/New_York,Primetime,16:00,2901:35927,1094,Screen 6,2d-digital,110,23,87,20.9,,https://drafthouse.com/s/mother/v1/app/seats/2901/35927,alamo-api; unavailable=6,ALMO,,6,alamo-api
2026-09-25,alamo-2026-09-27T01:45Z,2026-09-27T01:45:09.903872+00:00,2026-09-27T01:00Z,2026-09-27,Sunday,Alamo Drafthouse Seaport,Boston,America/New_York,Primetime,18:30,2901:36607,1244,Screen 8,2d-digital,58,19,39,32.8,,https://drafthouse.com/s/mother/v1/app/seats/2901/36607,alamo-api; unavailable=6,ALMO,,6,alamo-api
2026-09-25,alamo-2026-09-27T01:45Z,2026-09-27T01:45:09.903872+00:00,2026-09-27T01:00Z,2026-09-27,Sunday,Alamo Drafthouse Seaport,Boston,America/New_York,Primetime,19:00,2901:35928,1274,Screen 6,2d-digital,110,14,96,12.7,,https://drafthouse.com/s/mother/v1/app/seats/2901/35928,alamo-api; unavailable=6,ALMO,,6,alamo-api
2026-09-25,alamo-2026-09-27T01:45Z,2026-09-27T01:45:09.903872+00:00,2026-09-27T01:00Z,2026-09-26,Saturday,Alamo Drafthouse Charlottesville,Charlottesville,America/New_York,Forgotten Island,22:15,2401:118076,29,Screen 1,2d-digital,62,6,56,9.7,,https://drafthouse.com/s/mother/v1/app/seats/2401/118076,alamo-api; unavailable=0,ALMO,,0,alamo-api
2026-09-25,alamo-2026-09-27T01:45Z,2026-09-27T01:45:09.903872+00:00,2026-09-27T01:00Z,2026-09-27,Sunday,Alamo Drafthouse Charlottesville,Charlottesville,America/New_York,Forgotten Island,10:55,2401:117626,789,Screen 4,2d-digital,212,18,194,8.5,,https://drafthouse.com/s/mother/v1/app/seats/2401/117626,alamo-api; unavailable=5,ALMO,,5,alamo-api
2026-09-25,alamo-2026-09-27T01:45Z,2026-09-27T01:45:09.903872+00:00,2026-09-27T01:00Z,2026-09-27,Sunday,Alamo Drafthouse Charlottesville,Charlottesville,America/New_York,Forgotten Island,13:30,2401:118088,944,Screen 6,2d-digital,67,19,48,28.4,,https://drafthouse.com/s/mother/v1/app/seats/2401/118088,alamo-api; unavailable=0,ALMO,,0,alamo-api
2026-09-25,alamo-2026-09-27T01:45Z,2026-09-27T01:45:09.903872+00:00,2026-09-27T01:00Z,2026-09-27,Sunday,Alamo Drafthouse Charlottesville,Charlottesville,America/New_York,Forgotten Island,15:15,2401:118201,1049,Screen 2,open-caption,66,3,63,4.5,,https://drafthouse.com/s/mother/v1/app/seats/2401/118201,alamo-api; unavailable=1,ALMO,,1,alamo-api
2026-09-25,alamo-2026-09-27T01:45Z,2026-09-27T01:45:09.903872+00:00,2026-09-27T01:00Z,2026-09-27,Sunday,Alamo Drafthouse Charlottesville,Charlottesville,America/New_York,Forgotten Island,16:30,2401:118223,1124,Screen 6,2d-digital,67,2,65,3.0,,https://drafthouse.com/s/mother/v1/app/seats/2401/118223,alamo-api; unavailable=0,ALMO,,0,alamo-api
2026-09-25,alamo-2026-09-27T01:45Z,2026-09-27T01:45:09.903872+00:00,2026-09-27T01:00Z,2026-09-27,Sunday,Alamo Drafthouse Charlottesville,Charlottesville,America/New_York,Forgotten Island,18:15,2401:118099,1229,Screen 2,2d-digital,66,4,62,6.1,,https://drafthouse.com/s/mother/v1/app/seats/2401/118099,alamo-api; unavailable=1,ALMO,,1,alamo-api
2026-09-25,alamo-2026-09-27T01:45Z,2026-09-27T01:45:09.903872+00:00,2026-09-27T01:00Z,2026-09-27,Sunday,Alamo Drafthouse Charlottesville,Charlottesville,America/New_York,Heart of the Beast,10:25,2401:118092,759,Screen 5,2d-digital,150,3,147,2.0,,https://drafthouse.com/s/mother/v1/app/seats/2401/118092,alamo-api; unavailable=3,ALMO,,3,alamo-api
2026-09-25,alamo-2026-09-27T01:45Z,2026-09-27T01:45:09.903872+00:00,2026-09-27T01:00Z,2026-09-27,Sunday,Alamo Drafthouse Charlottesville,Charlottesville,America/New_York,Heart of the Beast,13:20,2401:118200,934,Screen 5,open-caption,150,8,142,5.3,,https://drafthouse.com/s/mother/v1/app/seats/2401/118200,alamo-api; unavailable=3,ALMO,,3,alamo-api
2026-09-25,alamo-2026-09-27T01:45Z,2026-09-27T01:45:09.903872+00:00,2026-09-27T01:00Z,2026-09-27,Sunday,Alamo Drafthouse Charlottesville,Charlottesville,America/New_York,Heart of the Beast,16:15,2401:118086,1109,Screen 5,2d-digital,150,14,136,9.3,,https://drafthouse.com/s/mother/v1/app/seats/2401/118086,alamo-api; unavailable=3,ALMO,,3,alamo-api
2026-09-25,alamo-2026-09-27T01:45Z,2026-09-27T01:45:09.903872+00:00,2026-09-27T01:00Z,2026-09-27,Sunday,Alamo Drafthouse Charlottesville,Charlottesville,America/New_York,Heart of the Beast,19:05,2401:118087,1279,Screen 5,2d-digital,150,10,140,6.7,,https://drafthouse.com/s/mother/v1/app/seats/2401/118087,alamo-api; unavailable=3,ALMO,,3,alamo-api
2026-09-25,alamo-2026-09-27T01:45Z,2026-09-27T01:45:09.903872+00:00,2026-09-27T01:00Z,2026-09-26,Saturday,Alamo Drafthouse Charlottesville,Charlottesville,America/New_York,Primetime,22:00,2401:118071,14,Screen 4,2d-digital,212,12,200,5.7,,https://drafthouse.com/s/mother/v1/app/seats/2401/118071,alamo-api; unavailable=5,ALMO,,5,alamo-api
2026-09-25,alamo-2026-09-27T01:45Z,2026-09-27T01:45:09.903872+00:00,2026-09-27T01:00Z,2026-09-27,Sunday,Alamo Drafthouse Charlottesville,Charlottesville,America/New_York,Primetime,10:45,2401:118082,779,Screen 3,2d-digital,119,4,115,3.4,,https://drafthouse.com/s/mother/v1/app/seats/2401/118082,alamo-api; unavailable=2,ALMO,,2,alamo-api
2026-09-25,alamo-2026-09-27T01:45Z,2026-09-27T01:45:09.903872+00:00,2026-09-27T01:00Z,2026-09-27,Sunday,Alamo Drafthouse Charlottesville,Charlottesville,America/New_York,Primetime,13:45,2401:118094,959,Screen 3,2d-digital,119,18,101,15.1,,https://drafthouse.com/s/mother/v1/app/seats/2401/118094,alamo-api; unavailable=2,ALMO,,2,alamo-api
2026-09-25,alamo-2026-09-27T01:45Z,2026-09-27T01:45:09.903872+00:00,2026-09-27T01:00Z,2026-09-27,Sunday,Alamo Drafthouse Charlottesville,Charlottesville,America/New_York,Primetime,16:45,2401:118222,1139,Screen 3,open-caption,119,14,105,11.8,,https://drafthouse.com/s/mother/v1/app/seats/2401/118222,alamo-api; unavailable=2,ALMO,,2,alamo-api
2026-09-25,alamo-2026-09-27T01:45Z,2026-09-27T01:45:09.903872+00:00,2026-09-27T01:00Z,2026-09-27,Sunday,Alamo Drafthouse Charlottesville,Charlottesville,America/New_York,Primetime,19:45,2401:118084,1319,Screen 3,2d-digital,119,17,102,14.3,,https://drafthouse.com/s/mother/v1/app/seats/2401/118084,alamo-api; unavailable=2,ALMO,,2,alamo-api
2026-09-25,alamo-2026-09-27T01:45Z,2026-09-27T01:45:09.903872+00:00,2026-09-27T01:00Z,2026-09-26,Saturday,Alamo Drafthouse Wrigleyville,Chicago,America/Chicago,Primetime,21:30,1801:34800,44,Screen 6,2d-digital,98,72,26,73.5,,https://drafthouse.com/s/mother/v1/app/seats/1801/34800,alamo-api; unavailable=5,ALMO,,5,alamo-api
2026-09-25,alamo-2026-09-27T01:45Z,2026-09-27T01:45:09.903872+00:00,2026-09-27T01:00Z,2026-09-26,Saturday,Alamo Drafthouse Wrigleyville,Chicago,America/Chicago,Primetime,22:30,1801:35280,104,Screen 5,2d-digital,83,38,45,45.8,,https://drafthouse.com/s/mother/v1/app/seats/1801/35280,alamo-api; unavailable=4,ALMO,,4,alamo-api
2026-09-25,alamo-2026-09-27T01:45Z,2026-09-27T01:45:09.903872+00:00,2026-09-27T01:00Z,2026-09-27,Sunday,Alamo Drafthouse Wrigleyville,Chicago,America/Chicago,Primetime,10:00,1801:35281,794,Screen 6,2d-digital,98,28,70,28.6,,https://drafthouse.com/s/mother/v1/app/seats/1801/35281,alamo-api; unavailable=5,ALMO,,5,alamo-api
2026-09-25,alamo-2026-09-27T01:45Z,2026-09-27T01:45:09.903872+00:00,2026-09-27T01:00Z,2026-09-27,Sunday,Alamo Drafthouse Wrigleyville,Chicago,America/Chicago,Primetime,11:00,1801:35314,854,Screen 5,2d-digital,83,45,38,54.2,,https://drafthouse.com/s/mother/v1/app/seats/1801/35314,alamo-api; unavailable=4,ALMO,,4,alamo-api
2026-09-25,alamo-2026-09-27T01:45Z,2026-09-27T01:45:09.903872+00:00,2026-09-27T01:00Z,2026-09-27,Sunday,Alamo Drafthouse Wrigleyville,Chicago,America/Chicago,Primetime,13:00,1801:35177,974,Screen 6,2d-digital,98,56,42,57.1,,https://drafthouse.com/s/mother/v1/app/seats/1801/35177,alamo-api; unavailable=5,ALMO,,5,alamo-api
2026-09-25,alamo-2026-09-27T01:45Z,2026-09-27T01:45:09.903872+00:00,2026-09-27T01:00Z,2026-09-27,Sunday,Alamo Drafthouse Wrigleyville,Chicago,America/Chicago,Primetime,14:00,1801:35313,1034,Screen 5,2d-digital,83,51,32,61.4,,https://drafthouse.com/s/mother/v1/app/seats/1801/35313,alamo-api; unavailable=4,ALMO,,4,alamo-api
2026-09-25,alamo-2026-09-27T01:45Z,2026-09-27T01:45:09.903872+00:00,2026-09-27T01:00Z,2026-09-27,Sunday,Alamo Drafthouse Wrigleyville,Chicago,America/Chicago,Primetime,16:00,1801:34803,1154,Screen 6,2d-digital,98,58,40,59.2,,https://drafthouse.com/s/mother/v1/app/seats/1801/34803,alamo-api; unavailable=5,ALMO,,5,alamo-api
2026-09-25,alamo-2026-09-27T01:45Z,2026-09-27T01:45:09.903872+00:00,2026-09-27T01:00Z,2026-09-27,Sunday,Alamo Drafthouse Wrigleyville,Chicago,America/Chicago,Primetime,17:00,1801:35308,1214,Screen 5,2d-digital,83,49,34,59.0,,https://drafthouse.com/s/mother/v1/app/seats/1801/35308,alamo-api; unavailable=4,ALMO,,4,alamo-api
2026-09-25,alamo-2026-09-27T01:45Z,2026-09-27T01:45:09.903872+00:00,2026-09-27T01:00Z,2026-09-27,Sunday,Alamo Drafthouse Wrigleyville,Chicago,America/Chicago,Primetime,19:00,1801:34802,1334,Screen 6,2d-digital,98,71,27,72.4,,https://drafthouse.com/s/mother/v1/app/seats/1801/34802,alamo-api; unavailable=5,ALMO,,5,alamo-api
2026-09-25,alamo-2026-09-27T01:45Z,2026-09-27T01:45:09.903872+00:00,2026-09-27T01:00Z,2026-09-27,Sunday,Alamo Drafthouse Wrigleyville,Chicago,America/Chicago,Primetime,20:15,1801:35312,1409,Screen 5,2d-digital,83,38,45,45.8,,https://drafthouse.com/s/mother/v1/app/seats/1801/35312,alamo-api; unavailable=4,ALMO,,4,alamo-api
2026-09-25,alamo-2026-09-27T01:45Z,2026-09-27T01:45:09.903872+00:00,2026-09-27T01:00Z,2026-09-27,Sunday,Alamo Drafthouse Wrigleyville,Chicago,America/Chicago,Primetime,22:00,1801:34801,1514,Screen 6,2d-digital,98,9,89,9.2,,https://drafthouse.com/s/mother/v1/app/seats/1801/34801,alamo-api; unavailable=5,ALMO,,5,alamo-api
2026-09-25,alamo-2026-09-27T01:45Z,2026-09-27T01:45:09.903872+00:00,2026-09-27T01:00Z,2026-09-26,Saturday,Alamo Drafthouse Corpus Christi,Corpus Christi,America/Chicago,Forgotten Island,22:00,2001:119474,74,Screen 6,2d-digital,80,2,78,2.5,,https://drafthouse.com/s/mother/v1/app/seats/2001/119474,alamo-api; unavailable=0,ALMO,,0,alamo-api
2026-09-25,alamo-2026-09-27T01:45Z,2026-09-27T01:45:09.903872+00:00,2026-09-27T01:00Z,2026-09-27,Sunday,Alamo Drafthouse Corpus Christi,Corpus Christi,America/Chicago,Forgotten Island,10:45,2001:119841,839,Screen 6,2d-digital,80,9,71,11.2,,https://drafthouse.com/s/mother/v1/app/seats/2001/119841,alamo-api; unavailable=0,ALMO,,0,alamo-api
2026-09-25,alamo-2026-09-27T01:45Z,2026-09-27T01:45:09.903872+00:00,2026-09-27T01:00Z,2026-09-27,Sunday,Alamo Drafthouse Corpus Christi,Corpus Christi,America/Chicago,Forgotten Island,13:45,2001:119798,1019,Screen 6,2d-digital,80,11,69,13.8,,https://drafthouse.com/s/mother/v1/app/seats/2001/119798,alamo-api; unavailable=0,ALMO,,0,alamo-api
2026-09-25,alamo-2026-09-27T01:45Z,2026-09-27T01:45:09.903872+00:00,2026-09-27T01:00Z,2026-09-27,Sunday,Alamo Drafthouse Corpus Christi,Corpus Christi,America/Chicago,Forgotten Island,16:45,2001:119804,1199,Screen 6,2d-digital,80,10,70,12.5,,https://drafthouse.com/s/mother/v1/app/seats/2001/119804,alamo-api; unavailable=0,ALMO,,0,alamo-api
2026-09-25,alamo-2026-09-27T01:45Z,2026-09-27T01:45:09.903872+00:00,2026-09-27T01:00Z,2026-09-27,Sunday,Alamo Drafthouse Corpus Christi,Corpus Christi,America/Chicago,Forgotten Island,18:00,2001:119810,1274,Screen 7,2d-digital,43,6,37,14.0,,https://drafthouse.com/s/mother/v1/app/seats/2001/119810,alamo-api; unavailable=0,ALMO,,0,alamo-api
2026-09-25,alamo-2026-09-27T01:45Z,2026-09-27T01:45:09.903872+00:00,2026-09-27T01:00Z,2026-09-27,Sunday,Alamo Drafthouse Corpus Christi,Corpus Christi,America/Chicago,Forgotten Island,22:15,2001:119807,1529,Screen 6,2d-digital,80,0,80,0.0,,https://drafthouse.com/s/mother/v1/app/seats/2001/119807,alamo-api; unavailable=0,ALMO,,0,alamo-api
2026-09-25,alamo-2026-09-27T01:45Z,2026-09-27T01:45:09.903872+00:00,2026-09-27T01:00Z,2026-09-26,Saturday,Alamo Drafthouse Corpus Christi,Corpus Christi,America/Chicago,Heart of the Beast,22:15,2001:119229,89,Screen 4,2d-digital,116,4,112,3.4,,https://drafthouse.com/s/mother/v1/app/seats/2001/119229,alamo-api; unavailable=0,ALMO,,0,alamo-api
2026-09-25,alamo-2026-09-27T01:45Z,2026-09-27T01:45:09.903872+00:00,2026-09-27T01:00Z,2026-09-27,Sunday,Alamo Drafthouse Corpus Christi,Corpus Christi,America/Chicago,Heart of the Beast,10:30,2001:119238,824,Screen 4,2d-digital,116,12,104,10.3,,https://drafthouse.com/s/mother/v1/app/seats/2001/119238,alamo-api; unavailable=0,ALMO,,0,alamo-api
2026-09-25,alamo-2026-09-27T01:45Z,2026-09-27T01:45:09.903872+00:00,2026-09-27T01:00Z,2026-09-27,Sunday,Alamo Drafthouse Corpus Christi,Corpus Christi,America/Chicago,Heart of the Beast,13:15,2001:119234,989,Screen 4,2d-digital,116,12,104,10.3,,https://drafthouse.com/s/mother/v1/app/seats/2001/119234,alamo-api; unavailable=0,ALMO,,0,alamo-api
2026-09-25,alamo-2026-09-27T01:45Z,2026-09-27T01:45:09.903872+00:00,2026-09-27T01:00Z,2026-09-27,Sunday,Alamo Drafthouse Corpus Christi,Corpus Christi,America/Chicago,Heart of the Beast,15:15,2001:119809,1109,Screen 7,2d-digital,43,6,37,14.0,,https://drafthouse.com/s/mother/v1/app/seats/2001/119809,alamo-api; unavailable=0,ALMO,,0,alamo-api
2026-09-25,alamo-2026-09-27T01:45Z,2026-09-27T01:45:09.903872+00:00,2026-09-27T01:00Z,2026-09-27,Sunday,Alamo Drafthouse Corpus Christi,Corpus Christi,America/Chicago,Heart of the Beast,16:00,2001:119235,1154,Screen 4,2d-digital,116,0,116,0.0,,https://drafthouse.com/s/mother/v1/app/seats/2001/119235,alamo-api; unavailable=0,ALMO,,0,alamo-api
2026-09-25,alamo-2026-09-27T01:45Z,2026-09-27T01:45:09.903872+00:00,2026-09-27T01:00Z,2026-09-27,Sunday,Alamo Drafthouse Corpus Christi,Corpus Christi,America/Chicago,Heart of the Beast,18:45,2001:119236,1319,Screen 4,2d-digital,116,5,111,4.3,,https://drafthouse.com/s/mother/v1/app/seats/2001/119236,alamo-api; unavailable=0,ALMO,,0,alamo-api
2026-09-25,alamo-2026-09-27T01:45Z,2026-09-27T01:45:09.903872+00:00,2026-09-27T01:00Z,2026-09-27,Sunday,Alamo Drafthouse Corpus Christi,Corpus Christi,America/Chicago,Heart of the Beast,21:30,2001:119237,1484,Screen 4,2d-digital,116,0,116,0.0,,https://drafthouse.com/s/mother/v1/app/seats/2001/119237,alamo-api; unavailable=0,ALMO,,0,alamo-api
2026-09-25,alamo-2026-09-27T01:45Z,2026-09-27T01:45:09.903872+00:00,2026-09-27T01:00Z,2026-09-26,Saturday,Alamo Drafthouse DC Bryant Street,Washington,America/New_York,Forgotten Island,22:00,1101:82294,14,Screen 7,2d-digital,70,11,59,15.7,,https://drafthouse.com/s/mother/v1/app/seats/1101/82294,alamo-api; unavailable=0,ALMO,,0,alamo-api
2026-09-25,alamo-2026-09-27T01:45Z,2026-09-27T01:45:09.903872+00:00,2026-09-27T01:00Z,2026-09-27,Sunday,Alamo Drafthouse DC Bryant Street,Washington,America/New_York,Forgotten Island,09:25,1101:82562,699,Screen 6,2d-digital,82,3,79,3.7,,https://drafthouse.com/s/mother/v1/app/seats/1101/82562,alamo-api; unavailable=1,ALMO,,1,alamo-api
2026-09-25,alamo-2026-09-27T01:45Z,2026-09-27T01:45:09.903872+00:00,2026-09-27T01:00Z,2026-09-27,Sunday,Alamo Drafthouse Crystal City,Arlington,America/New_York,Forgotten Island,09:30,1102:65159,704,Screen 6,2d-digital,111,8,103,7.2,,https://drafthouse.com/s/mother/v1/app/seats/1102/65159,alamo-api; unavailable=0,ALMO,,0,alamo-api
2026-09-25,alamo-2026-09-27T01:45Z,2026-09-27T01:45:09.903872+00:00,2026-09-27T01:00Z,2026-09-27,Sunday,Alamo Drafthouse DC Bryant Street,Washington,America/New_York,Forgotten Island,10:15,1101:82586,749,Screen 3,2d-digital,70,11,59,15.7,,https://drafthouse.com/s/mother/v1/app/seats/1101/82586,alamo-api; unavailable=0,ALMO,,0,alamo-api
2026-09-25,alamo-2026-09-27T01:45Z,2026-09-27T01:45:09.903872+00:00,2026-09-27T01:00Z,2026-09-27,Sunday,Alamo Drafthouse DC Bryant Street,Washington,America/New_York,Forgotten Island,11:45,1101:82585,839,Screen 2,2d-digital,70,4,66,5.7,,https://drafthouse.com/s/mother/v1/app/seats/1101/82585,alamo-api; unavailable=0,ALMO,,0,alamo-api
2026-09-25,alamo-2026-09-27T01:45Z,2026-09-27T01:45:09.903872+00:00,2026-09-27T01:00Z,2026-09-27,Sunday,Alamo Drafthouse Crystal City,Arlington,America/New_York,Forgotten Island,12:30,1102:65252,884,Screen 6,open-caption,111,0,111,0.0,,https://drafthouse.com/s/mother/v1/app/seats/1102/65252,alamo-api; unavailable=0,ALMO,,0,alamo-api
2026-09-25,alamo-2026-09-27T01:45Z,2026-09-27T01:45:09.903872+00:00,2026-09-27T01:00Z,2026-09-27,Sunday,Alamo Drafthouse DC Bryant Street,Washington,America/New_York,Forgotten Island,13:00,1101:82654,914,Screen 7,2d-digital,70,24,46,34.3,,https://drafthouse.com/s/mother/v1/app/seats/1101/82654,alamo-api; unavailable=0,ALMO,,0,alamo-api
2026-09-25,alamo-2026-09-27T01:45Z,2026-09-27T01:45:09.903872+00:00,2026-09-27T01:00Z,2026-09-27,Sunday,Alamo Drafthouse DC Bryant Street,Washington,America/New_York,Forgotten Island,15:30,1101:81521,1064,Screen 6,2d-digital,82,34,48,41.5,,https://drafthouse.com/s/mother/v1/app/seats/1101/81521,alamo-api; unavailable=1,ALMO,,1,alamo-api
2026-09-25,alamo-2026-09-27T01:45Z,2026-09-27T01:45:09.903872+00:00,2026-09-27T01:00Z,2026-09-27,Sunday,Alamo Drafthouse Crystal City,Arlington,America/New_York,Forgotten Island,15:30,1102:64493,1064,Screen 6,2d-digital,111,18,93,16.2,,https://drafthouse.com/s/mother/v1/app/seats/1102/64493,alamo-api; unavailable=0,ALMO,,0,alamo-api
2026-09-25,alamo-2026-09-27T01:45Z,2026-09-27T01:45:09.903872+00:00,2026-09-27T01:00Z,2026-09-27,Sunday,Alamo Drafthouse Crystal City,Arlington,America/New_York,Forgotten Island,18:30,1102:64492,1244,Screen 6,2d-digital,111,9,102,8.1,,https://drafthouse.com/s/mother/v1/app/seats/1102/64492,alamo-api; unavailable=0,ALMO,,0,alamo-api
2026-09-25,alamo-2026-09-27T01:45Z,2026-09-27T01:45:09.903872+00:00,2026-09-27T01:00Z,2026-09-27,Sunday,Alamo Drafthouse DC Bryant Street,Washington,America/New_York,Forgotten Island,18:30,1101:81520,1244,Screen 6,2d-digital,82,17,65,20.7,,https://drafthouse.com/s/mother/v1/app/seats/1101/81520,alamo-api; unavailable=1,ALMO,,1,alamo-api
2026-09-25,alamo-2026-09-27T01:45Z,2026-09-27T01:45:09.903872+00:00,2026-09-27T01:00Z,2026-09-27,Sunday,Alamo Drafthouse Crystal City,Arlington,America/New_York,Heart of the Beast,10:00,1102:65146,734,Screen 4,2d-digital,67,4,63,6.0,,https://drafthouse.com/s/mother/v1/app/seats/1102/65146,alamo-api; unavailable=0,ALMO,,0,alamo-api
2026-09-25,alamo-2026-09-27T01:45Z,2026-09-27T01:45:09.903872+00:00,2026-09-27T01:00Z,2026-09-27,Sunday,Alamo Drafthouse Crystal City,Arlington,America/New_York,Heart of the Beast,13:00,1102:65303,914,Screen 4,2d-digital,67,19,48,28.4,,https://drafthouse.com/s/mother/v1/app/seats/1102/65303,alamo-api; unavailable=0,ALMO,,0,alamo-api
2026-09-25,alamo-2026-09-27T01:45Z,2026-09-27T01:45:09.903872+00:00,2026-09-27T01:00Z,2026-09-27,Sunday,Alamo Drafthouse Crystal City,Arlington,America/New_York,Heart of the Beast,16:00,1102:65148,1094,Screen 10,2d-digital,111,111,0,100.0,,https://drafthouse.com/s/mother/v1/app/seats/1102/65148,alamo-api; unavailable=0,ALMO,,0,alamo-api
2026-09-25,alamo-2026-09-27T01:45Z,2026-09-27T01:45:09.903872+00:00,2026-09-27T01:00Z,2026-09-27,Sunday,Alamo Drafthouse Crystal City,Arlington,America/New_York,Heart of the Beast,19:45,1102:65304,1319,Screen 2,2d-digital,111,9,102,8.1,,https://drafthouse.com/s/mother/v1/app/seats/1102/65304,alamo-api; unavailable=0,ALMO,,0,alamo-api
2026-09-25,alamo-2026-09-27T01:45Z,2026-09-27T01:45:09.903872+00:00,2026-09-27T01:00Z,2026-09-26,Saturday,Alamo Drafthouse Crystal City,Arlington,America/New_York,Primetime,23:00,1102:65117,74,Screen 3,2d-digital,111,24,87,21.6,,https://drafthouse.com/s/mother/v1/app/seats/1102/65117,alamo-api; unavailable=0,ALMO,,0,alamo-api
2026-09-25,alamo-2026-09-27T01:45Z,2026-09-27T01:45:09.903872+00:00,2026-09-27T01:00Z,2026-09-26,Saturday,Alamo Drafthouse DC Bryant Street,Washington,America/New_York,Primetime,23:00,1101:82314,74,Screen 9,2d-digital,125,2,123,1.6,,https://drafthouse.com/s/mother/v1/app/seats/1101/82314,alamo-api; unavailable=4,ALMO,,4,alamo-api
2026-09-25,alamo-2026-09-27T01:45Z,2026-09-27T01:45:09.903872+00:00,2026-09-27T01:00Z,2026-09-27,Sunday,Alamo Drafthouse DC Bryant Street,Washington,America/New_York,Primetime,10:15,1101:82583,749,Screen 8,2d-digital,69,10,59,14.5,,https://drafthouse.com/s/mother/v1/app/seats/1101/82583,alamo-api; unavailable=1,ALMO,,1,alamo-api
2026-09-25,alamo-2026-09-27T01:45Z,2026-09-27T01:45:09.903872+00:00,2026-09-27T01:00Z,2026-09-27,Sunday,Alamo Drafthouse Crystal City,Arlington,America/New_York,Primetime,10:35,1102:65139,769,Screen 3,2d-digital,111,27,84,24.3,,https://drafthouse.com/s/mother/v1/app/seats/1102/65139,alamo-api; unavailable=0,ALMO,,0,alamo-api
2026-09-25,alamo-2026-09-27T01:45Z,2026-09-27T01:45:09.903872+00:00,2026-09-27T01:00Z,2026-09-27,Sunday,Alamo Drafthouse DC Bryant Street,Washington,America/New_York,Primetime,12:20,1101:82653,874,Screen 6,2d-digital,82,20,62,24.4,,https://drafthouse.com/s/mother/v1/app/seats/1101/82653,alamo-api; unavailable=1,ALMO,,1,alamo-api
2026-09-25,alamo-2026-09-27T01:45Z,2026-09-27T01:45:09.903872+00:00,2026-09-27T01:00Z,2026-09-27,Sunday,Alamo Drafthouse DC Bryant Street,Washington,America/New_York,Primetime,13:15,1101:82582,929,Screen 8,2d-digital,69,20,49,29.0,,https://drafthouse.com/s/mother/v1/app/seats/1101/82582,alamo-api; unavailable=1,ALMO,,1,alamo-api
2026-09-25,alamo-2026-09-27T01:45Z,2026-09-27T01:45:09.903872+00:00,2026-09-27T01:00Z,2026-09-27,Sunday,Alamo Drafthouse Crystal City,Arlington,America/New_York,Primetime,13:45,1102:65254,959,Screen 3,open-caption,111,25,86,22.5,,https://drafthouse.com/s/mother/v1/app/seats/1102/65254,alamo-api; unavailable=0,ALMO,,0,alamo-api
2026-09-25,alamo-2026-09-27T01:45Z,2026-09-27T01:45:09.903872+00:00,2026-09-27T01:00Z,2026-09-27,Sunday,Alamo Drafthouse DC Bryant Street,Washington,America/New_York,Primetime,15:00,1101:82655,1034,Screen 9,2d-digital,125,35,90,28.0,,https://drafthouse.com/s/mother/v1/app/seats/1101/82655,alamo-api; unavailable=4,ALMO,,4,alamo-api
2026-09-25,alamo-2026-09-27T01:45Z,2026-09-27T01:45:09.903872+00:00,2026-09-27T01:00Z,2026-09-27,Sunday,Alamo Drafthouse Crystal City,Arlington,America/New_York,Primetime,15:55,1102:65268,1089,Screen 4,2d-digital,67,38,29,56.7,,https://drafthouse.com/s/mother/v1/app/seats/1102/65268,alamo-api; unavailable=0,ALMO,,0,alamo-api
2026-09-25,alamo-2026-09-27T01:45Z,2026-09-27T01:45:09.903872+00:00,2026-09-27T01:00Z,2026-09-27,Sunday,Alamo Drafthouse DC Bryant Street,Washington,America/New_York,Primetime,16:25,1101:82559,1119,Screen 8,2d-digital,69,26,43,37.7,,https://drafthouse.com/s/mother/v1/app/seats/1101/82559,alamo-api; unavailable=1,ALMO,,1,alamo-api
2026-09-25,alamo-2026-09-27T01:45Z,2026-09-27T01:45:09.903872+00:00,2026-09-27T01:00Z,2026-09-27,Sunday,Alamo Drafthouse DC Bryant Street,Washington,America/New_York,Primetime,17:00,1101:81512,1154,Screen 4,2d-digital,128,85,43,66.4,,https://drafthouse.com/s/mother/v1/app/seats/1101/81512,alamo-api; unavailable=1,ALMO,,1,alamo-api
2026-09-25,alamo-2026-09-27T01:45Z,2026-09-27T01:45:09.903872+00:00,2026-09-27T01:00Z,2026-09-27,Sunday,Alamo Drafthouse Crystal City,Arlington,America/New_York,Primetime,17:00,1102:64484,1154,Screen 3,2d-digital,111,68,43,61.3,,https://drafthouse.com/s/mother/v1/app/seats/1102/64484,alamo-api; unavailable=0,ALMO,,0,alamo-api
2026-09-25,alamo-2026-09-27T01:45Z,2026-09-27T01:45:09.903872+00:00,2026-09-27T01:00Z,2026-09-27,Sunday,Alamo Drafthouse Crystal City,Arlington,America/New_York,Primetime,19:30,1102:65245,1304,Screen 5,2d-digital,50,18,32,36.0,,https://drafthouse.com/s/mother/v1/app/seats/1102/65245,alamo-api; unavailable=0,ALMO,,0,alamo-api
2026-09-25,alamo-2026-09-27T01:45Z,2026-09-27T01:45:09.903872+00:00,2026-09-27T01:00Z,2026-09-27,Sunday,Alamo Drafthouse DC Bryant Street,Washington,America/New_York,Primetime,19:30,1101:82560,1304,Screen 8,2d-digital,69,31,38,44.9,,https://drafthouse.com/s/mother/v1/app/seats/1101/82560,alamo-api; unavailable=1,ALMO,,1,alamo-api
2026-09-25,alamo-2026-09-27T01:45Z,2026-09-27T01:45:09.903872+00:00,2026-09-27T01:00Z,2026-09-27,Sunday,Alamo Drafthouse Crystal City,Arlington,America/New_York,Primetime,20:00,1102:64483,1334,Screen 3,2d-digital,111,37,74,33.3,,https://drafthouse.com/s/mother/v1/app/seats/1102/64483,alamo-api; unavailable=0,ALMO,,0,alamo-api
2026-09-25,alamo-2026-09-27T01:45Z,2026-09-27T01:45:09.903872+00:00,2026-09-27T01:00Z,2026-09-27,Sunday,Alamo Drafthouse DC Bryant Street,Washington,America/New_York,Primetime,20:00,1101:81511,1334,Screen 4,2d-digital,128,51,77,39.8,,https://drafthouse.com/s/mother/v1/app/seats/1101/81511,alamo-api; unavailable=1,ALMO,,1,alamo-api
2026-09-25,alamo-2026-09-27T01:45Z,2026-09-27T01:45:09.903872+00:00,2026-09-27T01:00Z,2026-09-26,Saturday,Alamo Drafthouse Richardson,Richardson,America/Chicago,Forgotten Island,21:00,0701:165015,14,Screen 4,2d-digital,153,13,140,8.5,,https://drafthouse.com/s/mother/v1/app/seats/0701/165015,alamo-api; unavailable=5,ALMO,,5,alamo-api
2026-09-25,alamo-2026-09-27T01:45Z,2026-09-27T01:45:09.903872+00:00,2026-09-27T01:00Z,2026-09-26,Saturday,Alamo Drafthouse Cedars,Dallas,America/Chicago,Forgotten Island,21:00,0702:121624,14,Screen 7,2d-digital,72,0,72,0.0,,https://drafthouse.com/s/mother/v1/app/seats/0702/121624,alamo-api; unavailable=4,ALMO,,4,alamo-api
2026-09-25,alamo-2026-09-27T01:45Z,2026-09-27T01:45:09.903872+00:00,2026-09-27T01:00Z,2026-09-26,Saturday,Alamo Drafthouse Denton,Denton,America/Chicago,Forgotten Island,21:00,0707:87487,14,Screen 6,2d-digital,68,1,67,1.5,,https://drafthouse.com/s/mother/v1/app/seats/0707/87487,alamo-api; unavailable=4,ALMO,,4,alamo-api
2026-09-25,alamo-2026-09-27T01:45Z,2026-09-27T01:45:09.903872+00:00,2026-09-27T01:00Z,2026-09-26,Saturday,Alamo Drafthouse Lake Highlands,Dallas,America/Chicago,Forgotten Island,21:00,0706:90790,14,Screen 1,2d-digital,150,5,145,3.3,,https://drafthouse.com/s/mother/v1/app/seats/0706/90790,alamo-api; unavailable=5,ALMO,,5,alamo-api
2026-09-25,alamo-2026-09-27T01:45Z,2026-09-27T01:45:09.903872+00:00,2026-09-27T01:00Z,2026-09-26,Saturday,Alamo Drafthouse Las Colinas,Irving,America/Chicago,Forgotten Island,21:30,0703:73236,44,Screen 2,2d-digital,144,2,142,1.4,,https://drafthouse.com/s/mother/v1/app/seats/0703/73236,alamo-api; unavailable=5,ALMO,,5,alamo-api
2026-09-25,alamo-2026-09-27T01:45Z,2026-09-27T01:45:09.903872+00:00,2026-09-27T01:00Z,2026-09-27,Sunday,Alamo Drafthouse Lake Highlands,Dallas,America/Chicago,Forgotten Island,11:00,0706:90013,854,Screen 6,hdr,195,5,190,2.6,,https://drafthouse.com/s/mother/v1/app/seats/0706/90013,alamo-api; unavailable=5,ALMO,,5,alamo-api
2026-09-25,alamo-2026-09-27T01:45Z,2026-09-27T01:45:09.903872+00:00,2026-09-27T01:00Z,2026-09-27,Sunday,Alamo Drafthouse Richardson,Richardson,America/Chicago,Forgotten Island,11:00,0701:164473,854,Screen 6,the-big-show,203,15,188,7.4,,https://drafthouse.com/s/mother/v1/app/seats/0701/164473,alamo-api; unavailable=11,ALMO,,11,alamo-api
2026-09-25,alamo-2026-09-27T01:45Z,2026-09-27T01:45:09.903872+00:00,2026-09-27T01:00Z,2026-09-27,Sunday,Alamo Drafthouse Las Colinas,Irving,America/Chicago,Forgotten Island,11:00,0703:73242,854,Screen 2,2d-digital,144,6,138,4.2,,https://drafthouse.com/s/mother/v1/app/seats/0703/73242,alamo-api; unavailable=5,ALMO,,5,alamo-api
2026-09-25,alamo-2026-09-27T01:45Z,2026-09-27T01:45:09.903872+00:00,2026-09-27T01:00Z,2026-09-27,Sunday,Alamo Drafthouse Denton,Denton,America/Chicago,Forgotten Island,11:00,0707:86775,854,Screen 5,the-big-show,228,6,222,2.6,,https://drafthouse.com/s/mother/v1/app/seats/0707/86775,alamo-api; unavailable=5,ALMO,,5,alamo-api
2026-09-25,alamo-2026-09-27T01:45Z,2026-09-27T01:45:09.903872+00:00,2026-09-27T01:00Z,2026-09-27,Sunday,Alamo Drafthouse Cedars,Dallas,America/Chicago,Forgotten Island,11:45,0702:121627,899,Screen 6,2d-digital,66,3,63,4.5,,https://drafthouse.com/s/mother/v1/app/seats/0702/121627,alamo-api; unavailable=5,ALMO,,5,alamo-api
2026-09-25,alamo-2026-09-27T01:45Z,2026-09-27T01:45:09.903872+00:00,2026-09-27T01:00Z,2026-09-27,Sunday,Alamo Drafthouse Lake Highlands,Dallas,America/Chicago,Forgotten Island,12:00,0706:90813,914,Screen 1,2d-digital,150,14,136,9.3,,https://drafthouse.com/s/mother/v1/app/seats/0706/90813,alamo-api; unavailable=5,ALMO,,5,alamo-api
2026-09-25,alamo-2026-09-27T01:45Z,2026-09-27T01:45:09.903872+00:00,2026-09-27T01:00Z,2026-09-27,Sunday,Alamo Drafthouse Richardson,Richardson,America/Chicago,Forgotten Island,13:30,0701:165028,1004,Screen 5,2d-digital,45,1,44,2.2,,https://drafthouse.com/s/mother/v1/app/seats/0701/165028,alamo-api; unavailable=9,ALMO,,9,alamo-api
2026-09-25,alamo-2026-09-27T01:45Z,2026-09-27T01:45:09.903872+00:00,2026-09-27T01:00Z,2026-09-27,Sunday,Alamo Drafthouse Las Colinas,Irving,America/Chicago,Forgotten Island,13:45,0703:73241,1019,Screen 2,2d-digital,144,2,142,1.4,,https://drafthouse.com/s/mother/v1/app/seats/0703/73241,alamo-api; unavailable=5,ALMO,,5,alamo-api
2026-09-25,alamo-2026-09-27T01:45Z,2026-09-27T01:45:09.903872+00:00,2026-09-27T01:00Z,2026-09-27,Sunday,Alamo Drafthouse Richardson,Richardson,America/Chicago,Forgotten Island,14:30,0701:165109,1064,Screen 4,2d-digital,153,7,146,4.6,,https://drafthouse.com/s/mother/v1/app/seats/0701/165109,alamo-api; unavailable=5,ALMO,,5,alamo-api
2026-09-25,alamo-2026-09-27T01:45Z,2026-09-27T01:45:09.903872+00:00,2026-09-27T01:00Z,2026-09-27,Sunday,Alamo Drafthouse Lake Highlands,Dallas,America/Chicago,Forgotten Island,15:00,0706:90812,1094,Screen 1,2d-digital,150,4,146,2.7,,https://drafthouse.com/s/mother/v1/app/seats/0706/90812,alamo-api; unavailable=5,ALMO,,5,alamo-api
2026-09-25,alamo-2026-09-27T01:45Z,2026-09-27T01:45:09.903872+00:00,2026-09-27T01:00Z,2026-09-27,Sunday,Alamo Drafthouse Denton,Denton,America/Chicago,Forgotten Island,15:00,0707:87512,1094,Screen 6,2d-digital,68,9,59,13.2,,https://drafthouse.com/s/mother/v1/app/seats/0707/87512,alamo-api; unavailable=4,ALMO,,4,alamo-api
2026-09-25,alamo-2026-09-27T01:45Z,2026-09-27T01:45:09.903872+00:00,2026-09-27T01:00Z,2026-09-27,Sunday,Alamo Drafthouse Cedars,Dallas,America/Chicago,Forgotten Island,15:15,0702:121630,1109,Screen 7,2d-digital,72,10,62,13.9,,https://drafthouse.com/s/mother/v1/app/seats/0702/121630,alamo-api; unavailable=4,ALMO,,4,alamo-api
2026-09-25,alamo-2026-09-27T01:45Z,2026-09-27T01:45:09.903872+00:00,2026-09-27T01:00Z,2026-09-27,Sunday,Alamo Drafthouse Las Colinas,Irving,America/Chicago,Forgotten Island,16:35,0703:73240,1189,Screen 2,2d-digital,144,3,141,2.1,,https://drafthouse.com/s/mother/v1/app/seats/0703/73240,alamo-api; unavailable=5,ALMO,,5,alamo-api
2026-09-25,alamo-2026-09-27T01:45Z,2026-09-27T01:45:09.903872+00:00,2026-09-27T01:00Z,2026-09-27,Sunday,Alamo Drafthouse Denton,Denton,America/Chicago,Forgotten Island,18:00,0707:87494,1274,Screen 6,2d-digital,68,0,68,0.0,,https://drafthouse.com/s/mother/v1/app/seats/0707/87494,alamo-api; unavailable=4,ALMO,,4,alamo-api
2026-09-25,alamo-2026-09-27T01:45Z,2026-09-27T01:45:09.903872+00:00,2026-09-27T01:00Z,2026-09-27,Sunday,Alamo Drafthouse Lake Highlands,Dallas,America/Chicago,Forgotten Island,18:00,0706:90807,1274,Screen 1,2d-digital,150,2,148,1.3,,https://drafthouse.com/s/mother/v1/app/seats/0706/90807,alamo-api; unavailable=5,ALMO,,5,alamo-api
2026-09-25,alamo-2026-09-27T01:45Z,2026-09-27T01:45:09.903872+00:00,2026-09-27T01:00Z,2026-09-27,Sunday,Alamo Drafthouse Cedars,Dallas,America/Chicago,Forgotten Island,18:15,0702:121629,1289,Screen 7,2d-digital,72,0,72,0.0,,https://drafthouse.com/s/mother/v1/app/seats/0702/121629,alamo-api; unavailable=4,ALMO,,4,alamo-api
2026-09-25,alamo-2026-09-27T01:45Z,2026-09-27T01:45:09.903872+00:00,2026-09-27T01:00Z,2026-09-27,Sunday,Alamo Drafthouse Richardson,Richardson,America/Chicago,Forgotten Island,19:15,0701:165108,1349,Screen 5,2d-digital,45,5,40,11.1,,https://drafthouse.com/s/mother/v1/app/seats/0701/165108,alamo-api; unavailable=9,ALMO,,9,alamo-api
2026-09-25,alamo-2026-09-27T01:45Z,2026-09-27T01:45:09.903872+00:00,2026-09-27T01:00Z,2026-09-27,Sunday,Alamo Drafthouse Las Colinas,Irving,America/Chicago,Forgotten Island,19:30,0703:73243,1364,Screen 2,2d-digital,144,0,144,0.0,,https://drafthouse.com/s/mother/v1/app/seats/0703/73243,alamo-api; unavailable=5,ALMO,,5,alamo-api
2026-09-25,alamo-2026-09-27T01:45Z,2026-09-27T01:45:09.903872+00:00,2026-09-27T01:00Z,2026-09-27,Sunday,Alamo Drafthouse Cedars,Dallas,America/Chicago,Forgotten Island,21:15,0702:121628,1469,Screen 7,2d-digital,72,0,72,0.0,,https://drafthouse.com/s/mother/v1/app/seats/0702/121628,alamo-api; unavailable=4,ALMO,,4,alamo-api
2026-09-25,alamo-2026-09-27T01:45Z,2026-09-27T01:45:09.903872+00:00,2026-09-27T01:00Z,2026-09-27,Sunday,Alamo Drafthouse Richardson,Richardson,America/Chicago,Forgotten Island,22:15,0701:165104,1529,Screen 5,2d-digital,45,0,45,0.0,,https://drafthouse.com/s/mother/v1/app/seats/0701/165104,alamo-api; unavailable=9,ALMO,,9,alamo-api
2026-09-25,alamo-2026-09-27T01:45Z,2026-09-27T01:45:09.903872+00:00,2026-09-27T01:00Z,2026-09-26,Saturday,Alamo Drafthouse Richardson,Richardson,America/Chicago,Heart of the Beast,21:00,0701:165014,14,Screen 7,2d-digital,30,8,22,26.7,,https://drafthouse.com/s/mother/v1/app/seats/0701/165014,alamo-api; unavailable=6,ALMO,,6,alamo-api
2026-09-25,alamo-2026-09-27T01:45Z,2026-09-27T01:45:09.903872+00:00,2026-09-27T01:00Z,2026-09-26,Saturday,Alamo Drafthouse Las Colinas,Irving,America/Chicago,Heart of the Beast,21:00,0703:73027,14,Screen 1,2d-digital,127,9,118,7.1,,https://drafthouse.com/s/mother/v1/app/seats/0703/73027,alamo-api; unavailable=5,ALMO,,5,alamo-api
2026-09-25,alamo-2026-09-27T01:45Z,2026-09-27T01:45:09.903872+00:00,2026-09-27T01:00Z,2026-09-26,Saturday,Alamo Drafthouse Cedars,Dallas,America/Chicago,Heart of the Beast,21:15,0702:121264,29,Screen 5,2d-digital,67,24,43,35.8,,https://drafthouse.com/s/mother/v1/app/seats/0702/121264,alamo-api; unavailable=4,ALMO,,4,alamo-api
2026-09-25,alamo-2026-09-27T01:45Z,2026-09-27T01:45:09.903872+00:00,2026-09-27T01:00Z,2026-09-26,Saturday,Alamo Drafthouse Lake Highlands,Dallas,America/Chicago,Heart of the Beast,22:00,0706:90793,74,Screen 8,2d-digital,90,3,87,3.3,,https://drafthouse.com/s/mother/v1/app/seats/0706/90793,alamo-api; unavailable=6,ALMO,,6,alamo-api
2026-09-25,alamo-2026-09-27T01:45Z,2026-09-27T01:45:09.903872+00:00,2026-09-27T01:00Z,2026-09-26,Saturday,Alamo Drafthouse Denton,Denton,America/Chicago,Heart of the Beast,22:10,0707:87486,84,Screen 3,2d-digital,48,5,43,10.4,,https://drafthouse.com/s/mother/v1/app/seats/0707/87486,alamo-api; unavailable=2,ALMO,,2,alamo-api
2026-09-25,alamo-2026-09-27T01:45Z,2026-09-27T01:45:09.903872+00:00,2026-09-27T01:00Z,2026-09-27,Sunday,Alamo Drafthouse Richardson,Richardson,America/Chicago,Heart of the Beast,10:45,0701:165029,839,Screen 5,2d-digital,45,0,45,0.0,,https://drafthouse.com/s/mother/v1/app/seats/0701/165029,alamo-api; unavailable=9,ALMO,,9,alamo-api
2026-09-25,alamo-2026-09-27T01:45Z,2026-09-27T01:45:09.903872+00:00,2026-09-27T01:00Z,2026-09-27,Sunday,Alamo Drafthouse Denton,Denton,America/Chicago,Heart of the Beast,12:15,0707:87499,929,Screen 6,2d-digital,68,4,64,5.9,,https://drafthouse.com/s/mother/v1/app/seats/0707/87499,alamo-api; unavailable=4,ALMO,,4,alamo-api
2026-09-25,alamo-2026-09-27T01:45Z,2026-09-27T01:45:09.903872+00:00,2026-09-27T01:00Z,2026-09-27,Sunday,Alamo Drafthouse Las Colinas,Irving,America/Chicago,Heart of the Beast,12:30,0703:73034,944,Screen 1,2d-digital,127,4,123,3.1,,https://drafthouse.com/s/mother/v1/app/seats/0703/73034,alamo-api; unavailable=5,ALMO,,5,alamo-api
2026-09-25,alamo-2026-09-27T01:45Z,2026-09-27T01:45:09.903872+00:00,2026-09-27T01:00Z,2026-09-27,Sunday,Alamo Drafthouse Lake Highlands,Dallas,America/Chicago,Heart of the Beast,13:00,0706:90811,974,Screen 8,2d-digital,90,5,85,5.6,,https://drafthouse.com/s/mother/v1/app/seats/0706/90811,alamo-api; unavailable=6,ALMO,,6,alamo-api
2026-09-25,alamo-2026-09-27T01:45Z,2026-09-27T01:45:09.903872+00:00,2026-09-27T01:00Z,2026-09-27,Sunday,Alamo Drafthouse Cedars,Dallas,America/Chicago,Heart of the Beast,13:15,0702:121270,989,Screen 5,2d-digital,67,2,65,3.0,,https://drafthouse.com/s/mother/v1/app/seats/0702/121270,alamo-api; unavailable=4,ALMO,,4,alamo-api
2026-09-25,alamo-2026-09-27T01:45Z,2026-09-27T01:45:09.903872+00:00,2026-09-27T01:00Z,2026-09-27,Sunday,Alamo Drafthouse Lake Highlands,Dallas,America/Chicago,Heart of the Beast,14:00,0706:90014,1034,Screen 6,hdr,195,7,188,3.6,,https://drafthouse.com/s/mother/v1/app/seats/0706/90014,alamo-api; unavailable=5,ALMO,,5,alamo-api
2026-09-25,alamo-2026-09-27T01:45Z,2026-09-27T01:45:09.903872+00:00,2026-09-27T01:00Z,2026-09-27,Sunday,Alamo Drafthouse Denton,Denton,America/Chicago,Heart of the Beast,14:00,0707:86778,1034,Screen 5,the-big-show,228,2,226,0.9,,https://drafthouse.com/s/mother/v1/app/seats/0707/86778,alamo-api; unavailable=5,ALMO,,5,alamo-api
2026-09-25,alamo-2026-09-27T01:45Z,2026-09-27T01:45:09.903872+00:00,2026-09-27T01:00Z,2026-09-27,Sunday,Alamo Drafthouse Denton,Denton,America/Chicago,Heart of the Beast,15:00,0707:87515,1094,Screen 4,2d-digital,68,4,64,5.9,,https://drafthouse.com/s/mother/v1/app/seats/0707/87515,alamo-api; unavailable=4,ALMO,,4,alamo-api
2026-09-25,alamo-2026-09-27T01:45Z,2026-09-27T01:45:09.903872+00:00,2026-09-27T01:00Z,2026-09-27,Sunday,Alamo Drafthouse Las Colinas,Irving,America/Chicago,Heart of the Beast,15:15,0703:73033,1109,Screen 1,2d-digital,127,2,125,1.6,,https://drafthouse.com/s/mother/v1/app/seats/0703/73033,alamo-api; unavailable=5,ALMO,,5,alamo-api
2026-09-25,alamo-2026-09-27T01:45Z,2026-09-27T01:45:09.903872+00:00,2026-09-27T01:00Z,2026-09-27,Sunday,Alamo Drafthouse Cedars,Dallas,America/Chicago,Heart of the Beast,16:00,0702:121269,1154,Screen 5,2d-digital,67,3,64,4.5,,https://drafthouse.com/s/mother/v1/app/seats/0702/121269,alamo-api; unavailable=4,ALMO,,4,alamo-api
2026-09-25,alamo-2026-09-27T01:45Z,2026-09-27T01:45:09.903872+00:00,2026-09-27T01:00Z,2026-09-27,Sunday,Alamo Drafthouse Lake Highlands,Dallas,America/Chicago,Heart of the Beast,16:00,0706:90821,1154,Screen 8,2d-digital,90,2,88,2.2,,https://drafthouse.com/s/mother/v1/app/seats/0706/90821,alamo-api; unavailable=6,ALMO,,6,alamo-api
2026-09-25,alamo-2026-09-27T01:45Z,2026-09-27T01:45:09.903872+00:00,2026-09-27T01:00Z,2026-09-27,Sunday,Alamo Drafthouse Richardson,Richardson,America/Chicago,Heart of the Beast,17:30,0701:165026,1244,Screen 4,2d-digital,153,5,148,3.3,,https://drafthouse.com/s/mother/v1/app/seats/0701/165026,alamo-api; unavailable=5,ALMO,,5,alamo-api
2026-09-25,alamo-2026-09-27T01:45Z,2026-09-27T01:45:09.903872+00:00,2026-09-27T01:00Z,2026-09-27,Sunday,Alamo Drafthouse Las Colinas,Irving,America/Chicago,Heart of the Beast,18:00,0703:73032,1274,Screen 1,2d-digital,127,0,127,0.0,,https://drafthouse.com/s/mother/v1/app/seats/0703/73032,alamo-api; unavailable=5,ALMO,,5,alamo-api
2026-09-25,alamo-2026-09-27T01:45Z,2026-09-27T01:45:09.903872+00:00,2026-09-27T01:00Z,2026-09-27,Sunday,Alamo Drafthouse Denton,Denton,America/Chicago,Heart of the Beast,18:00,0707:87495,1274,Screen 8,2d-digital,74,0,74,0.0,,https://drafthouse.com/s/mother/v1/app/seats/0707/87495,alamo-api; unavailable=4,ALMO,,4,alamo-api
2026-09-25,alamo-2026-09-27T01:45Z,2026-09-27T01:45:09.903872+00:00,2026-09-27T01:00Z,2026-09-27,Sunday,Alamo Drafthouse Richardson,Richardson,America/Chicago,Heart of the Beast,18:30,0701:164284,1304,Screen 6,the-big-show,203,3,200,1.5,,https://drafthouse.com/s/mother/v1/app/seats/0701/164284,alamo-api; unavailable=11,ALMO,,11,alamo-api
2026-09-25,alamo-2026-09-27T01:45Z,2026-09-27T01:45:09.903872+00:00,2026-09-27T01:00Z,2026-09-27,Sunday,Alamo Drafthouse Cedars,Dallas,America/Chicago,Heart of the Beast,18:45,0702:121268,1319,Screen 5,2d-digital,67,0,67,0.0,,https://drafthouse.com/s/mother/v1/app/seats/0702/121268,alamo-api; unavailable=4,ALMO,,4,alamo-api
2026-09-25,alamo-2026-09-27T01:45Z,2026-09-27T01:45:09.903872+00:00,2026-09-27T01:00Z,2026-09-27,Sunday,Alamo Drafthouse Lake Highlands,Dallas,America/Chicago,Heart of the Beast,19:00,0706:90806,1334,Screen 8,2d-digital,90,0,90,0.0,,https://drafthouse.com/s/mother/v1/app/seats/0706/90806,alamo-api; unavailable=6,ALMO,,6,alamo-api
2026-09-25,alamo-2026-09-27T01:45Z,2026-09-27T01:45:09.903872+00:00,2026-09-27T01:00Z,2026-09-27,Sunday,Alamo Drafthouse Richardson,Richardson,America/Chicago,Heart of the Beast,20:15,0701:165110,1409,Screen 4,2d-digital,153,2,151,1.3,,https://drafthouse.com/s/mother/v1/app/seats/0701/165110,alamo-api; unavailable=5,ALMO,,5,alamo-api
2026-09-25,alamo-2026-09-27T01:45Z,2026-09-27T01:45:09.903872+00:00,2026-09-27T01:00Z,2026-09-27,Sunday,Alamo Drafthouse Cedars,Dallas,America/Chicago,Heart of the Beast,22:30,0702:121267,1544,Screen 1,2d-digital,133,0,133,0.0,,https://drafthouse.com/s/mother/v1/app/seats/0702/121267,alamo-api; unavailable=6,ALMO,,6,alamo-api
2026-09-25,alamo-2026-09-27T01:45Z,2026-09-27T01:45:09.903872+00:00,2026-09-27T01:00Z,2026-09-27,Sunday,Alamo Drafthouse Richardson,Richardson,America/Chicago,Heart of the Beast,23:00,0701:165111,1574,Screen 4,2d-digital,153,0,153,0.0,,https://drafthouse.com/s/mother/v1/app/seats/0701/165111,alamo-api; unavailable=5,ALMO,,5,alamo-api
2026-09-25,alamo-2026-09-27T01:45Z,2026-09-27T01:45:09.903872+00:00,2026-09-27T01:00Z,2026-09-26,Saturday,Alamo Drafthouse Richardson,Richardson,America/Chicago,Primetime,21:15,0701:164262,29,Screen 3,2d-digital,133,36,97,27.1,,https://drafthouse.com/s/mother/v1/app/seats/0701/164262,alamo-api; unavailable=7,ALMO,,7,alamo-api
2026-09-25,alamo-2026-09-27T01:45Z,2026-09-27T01:45:09.903872+00:00,2026-09-27T01:00Z,2026-09-26,Saturday,Alamo Drafthouse Las Colinas,Irving,America/Chicago,Primetime,21:15,0703:73632,29,Screen 6,2d-digital,120,48,72,40.0,,https://drafthouse.com/s/mother/v1/app/seats/0703/73632,alamo-api; unavailable=5,ALMO,,5,alamo-api
2026-09-25,alamo-2026-09-27T01:45Z,2026-09-27T01:45:09.903872+00:00,2026-09-27T01:00Z,2026-09-26,Saturday,Alamo Drafthouse Denton,Denton,America/Chicago,Primetime,21:45,0707:87484,59,Screen 7,2d-digital,170,53,117,31.2,,https://drafthouse.com/s/mother/v1/app/seats/0707/87484,alamo-api; unavailable=5,ALMO,,5,alamo-api
2026-09-25,alamo-2026-09-27T01:45Z,2026-09-27T01:45:09.903872+00:00,2026-09-27T01:00Z,2026-09-26,Saturday,Alamo Drafthouse Lake Highlands,Dallas,America/Chicago,Primetime,22:00,0706:90784,74,Screen 5,2d-digital,135,30,105,22.2,,https://drafthouse.com/s/mother/v1/app/seats/0706/90784,alamo-api; unavailable=5,ALMO,,5,alamo-api
2026-09-25,alamo-2026-09-27T01:45Z,2026-09-27T01:45:09.903872+00:00,2026-09-27T01:00Z,2026-09-26,Saturday,Alamo Drafthouse Cedars,Dallas,America/Chicago,Primetime,22:15,0702:121309,89,Screen 2,2d-digital,150,23,127,15.3,,https://drafthouse.com/s/mother/v1/app/seats/0702/121309,alamo-api; unavailable=5,ALMO,,5,alamo-api
2026-09-25,alamo-2026-09-27T01:45Z,2026-09-27T01:45:09.903872+00:00,2026-09-27T01:00Z,2026-09-27,Sunday,Alamo Drafthouse Richardson,Richardson,America/Chicago,Primetime,11:30,0701:164265,884,Screen 4,2d-digital,153,37,116,24.2,,https://drafthouse.com/s/mother/v1/app/seats/0701/164265,alamo-api; unavailable=5,ALMO,,5,alamo-api
2026-09-25,alamo-2026-09-27T01:45Z,2026-09-27T01:45:09.903872+00:00,2026-09-27T01:00Z,2026-09-27,Sunday,Alamo Drafthouse Denton,Denton,America/Chicago,Primetime,11:45,0707:87500,899,Screen 1,2d-digital,148,9,139,6.1,,https://drafthouse.com/s/mother/v1/app/seats/0707/87500,alamo-api; unavailable=5,ALMO,,5,alamo-api
2026-09-25,alamo-2026-09-27T01:45Z,2026-09-27T01:45:09.903872+00:00,2026-09-27T01:00Z,2026-09-27,Sunday,Alamo Drafthouse Las Colinas,Irving,America/Chicago,Primetime,12:15,0703:73648,929,Screen 6,2d-digital,120,8,112,6.7,,https://drafthouse.com/s/mother/v1/app/seats/0703/73648,alamo-api; unavailable=5,ALMO,,5,alamo-api
2026-09-25,alamo-2026-09-27T01:45Z,2026-09-27T01:45:09.903872+00:00,2026-09-27T01:00Z,2026-09-27,Sunday,Alamo Drafthouse Cedars,Dallas,America/Chicago,Primetime,12:30,0702:121923,944,Screen 1,2d-digital,133,17,116,12.8,,https://drafthouse.com/s/mother/v1/app/seats/0702/121923,alamo-api; unavailable=6,ALMO,,6,alamo-api
2026-09-25,alamo-2026-09-27T01:45Z,2026-09-27T01:45:09.903872+00:00,2026-09-27T01:00Z,2026-09-27,Sunday,Alamo Drafthouse Lake Highlands,Dallas,America/Chicago,Primetime,13:00,0706:90819,974,Screen 5,2d-digital,135,14,121,10.4,,https://drafthouse.com/s/mother/v1/app/seats/0706/90819,alamo-api; unavailable=5,ALMO,,5,alamo-api
2026-09-25,alamo-2026-09-27T01:45Z,2026-09-27T01:45:09.903872+00:00,2026-09-27T01:00Z,2026-09-27,Sunday,Alamo Drafthouse Cedars,Dallas,America/Chicago,Primetime,14:05,0702:121929,1039,Screen 3,2d-digital,150,12,138,8.0,,https://drafthouse.com/s/mother/v1/app/seats/0702/121929,alamo-api; unavailable=5,ALMO,,5,alamo-api
2026-09-25,alamo-2026-09-27T01:45Z,2026-09-27T01:45:09.903872+00:00,2026-09-27T01:00Z,2026-09-27,Sunday,Alamo Drafthouse Richardson,Richardson,America/Chicago,Primetime,14:45,0701:164266,1079,Screen 3,2d-digital,133,27,106,20.3,,https://drafthouse.com/s/mother/v1/app/seats/0701/164266,alamo-api; unavailable=7,ALMO,,7,alamo-api
2026-09-25,alamo-2026-09-27T01:45Z,2026-09-27T01:45:09.903872+00:00,2026-09-27T01:00Z,2026-09-27,Sunday,Alamo Drafthouse Denton,Denton,America/Chicago,Primetime,14:45,0707:87514,1079,Screen 8,2d-digital,74,12,62,16.2,,https://drafthouse.com/s/mother/v1/app/seats/0707/87514,alamo-api; unavailable=4,ALMO,,4,alamo-api
2026-09-25,alamo-2026-09-27T01:45Z,2026-09-27T01:45:09.903872+00:00,2026-09-27T01:00Z,2026-09-27,Sunday,Alamo Drafthouse Las Colinas,Irving,America/Chicago,Primetime,15:30,0703:73649,1124,Screen 6,2d-digital,120,14,106,11.7,,https://drafthouse.com/s/mother/v1/app/seats/0703/73649,alamo-api; unavailable=5,ALMO,,5,alamo-api
2026-09-25,alamo-2026-09-27T01:45Z,2026-09-27T01:45:09.903872+00:00,2026-09-27T01:00Z,2026-09-27,Sunday,Alamo Drafthouse Denton,Denton,America/Chicago,Primetime,15:45,0707:87491,1139,Screen 7,2d-digital,170,13,157,7.6,,https://drafthouse.com/s/mother/v1/app/seats/0707/87491,alamo-api; unavailable=5,ALMO,,5,alamo-api
2026-09-25,alamo-2026-09-27T01:45Z,2026-09-27T01:45:09.903872+00:00,2026-09-27T01:00Z,2026-09-27,Sunday,Alamo Drafthouse Lake Highlands,Dallas,America/Chicago,Primetime,16:00,0706:90804,1154,Screen 5,2d-digital,135,12,123,8.9,,https://drafthouse.com/s/mother/v1/app/seats/0706/90804,alamo-api; unavailable=5,ALMO,,5,alamo-api
2026-09-25,alamo-2026-09-27T01:45Z,2026-09-27T01:45:09.903872+00:00,2026-09-27T01:00Z,2026-09-27,Sunday,Alamo Drafthouse Cedars,Dallas,America/Chicago,Primetime,16:15,0702:121323,1169,Screen 2,2d-digital,150,20,130,13.3,,https://drafthouse.com/s/mother/v1/app/seats/0702/121323,alamo-api; unavailable=5,ALMO,,5,alamo-api
2026-09-25,alamo-2026-09-27T01:45Z,2026-09-27T01:45:09.903872+00:00,2026-09-27T01:00Z,2026-09-27,Sunday,Alamo Drafthouse Richardson,Richardson,America/Chicago,Primetime,18:00,0701:164264,1274,Screen 3,2d-digital,133,24,109,18.0,,https://drafthouse.com/s/mother/v1/app/seats/0701/164264,alamo-api; unavailable=7,ALMO,,7,alamo-api
2026-09-25,alamo-2026-09-27T01:45Z,2026-09-27T01:45:09.903872+00:00,2026-09-27T01:00Z,2026-09-27,Sunday,Alamo Drafthouse Las Colinas,Irving,America/Chicago,Primetime,18:30,0703:73650,1304,Screen 6,2d-digital,120,19,101,15.8,,https://drafthouse.com/s/mother/v1/app/seats/0703/73650,alamo-api; unavailable=5,ALMO,,5,alamo-api
2026-09-25,alamo-2026-09-27T01:45Z,2026-09-27T01:45:09.903872+00:00,2026-09-27T01:00Z,2026-09-27,Sunday,Alamo Drafthouse Denton,Denton,America/Chicago,Primetime,18:45,0707:87498,1319,Screen 7,2d-digital,170,22,148,12.9,,https://drafthouse.com/s/mother/v1/app/seats/0707/87498,alamo-api; unavailable=5,ALMO,,5,alamo-api
2026-09-25,alamo-2026-09-27T01:45Z,2026-09-27T01:45:09.903872+00:00,2026-09-27T01:00Z,2026-09-27,Sunday,Alamo Drafthouse Lake Highlands,Dallas,America/Chicago,Primetime,19:00,0706:90810,1334,Screen 5,2d-digital,135,14,121,10.4,,https://drafthouse.com/s/mother/v1/app/seats/0706/90810,alamo-api; unavailable=5,ALMO,,5,alamo-api
2026-09-25,alamo-2026-09-27T01:45Z,2026-09-27T01:45:09.903872+00:00,2026-09-27T01:00Z,2026-09-27,Sunday,Alamo Drafthouse Cedars,Dallas,America/Chicago,Primetime,19:15,0702:121324,1349,Screen 2,2d-digital,150,24,126,16.0,,https://drafthouse.com/s/mother/v1/app/seats/0702/121324,alamo-api; unavailable=5,ALMO,,5,alamo-api
2026-09-25,alamo-2026-09-27T01:45Z,2026-09-27T01:45:09.903872+00:00,2026-09-27T01:00Z,2026-09-27,Sunday,Alamo Drafthouse Richardson,Richardson,America/Chicago,Primetime,21:15,0701:164263,1469,Screen 3,2d-digital,133,6,127,4.5,,https://drafthouse.com/s/mother/v1/app/seats/0701/164263,alamo-api; unavailable=7,ALMO,,7,alamo-api
2026-09-25,alamo-2026-09-27T01:45Z,2026-09-27T01:45:09.903872+00:00,2026-09-27T01:00Z,2026-09-27,Sunday,Alamo Drafthouse Cedars,Dallas,America/Chicago,Primetime,22:15,0702:121326,1529,Screen 2,2d-digital,150,0,150,0.0,,https://drafthouse.com/s/mother/v1/app/seats/0702/121326,alamo-api; unavailable=5,ALMO,,5,alamo-api
2026-09-25,alamo-2026-09-27T01:45Z,2026-09-27T01:45:09.903872+00:00,2026-09-27T01:00Z,2026-09-26,Saturday,Alamo Drafthouse Littleton,Littleton,America/Denver,Forgotten Island,21:30,0401:152131,104,Screen 6,2d-digital,117,4,113,3.4,,https://drafthouse.com/s/mother/v1/app/seats/0401/152131,alamo-api; unavailable=6,ALMO,,6,alamo-api
2026-09-25,alamo-2026-09-27T01:45Z,2026-09-27T01:45:09.903872+00:00,2026-09-27T01:00Z,2026-09-26,Saturday,Alamo Drafthouse Westminster,Westminster,America/Denver,Forgotten Island,22:20,0403:87109,154,Screen 6,2d-digital,72,7,65,9.7,,https://drafthouse.com/s/mother/v1/app/seats/0403/87109,alamo-api; unavailable=6,ALMO,,6,alamo-api
2026-09-25,alamo-2026-09-27T01:45Z,2026-09-27T01:45:09.903872+00:00,2026-09-27T01:00Z,2026-09-27,Sunday,Alamo Drafthouse Littleton,Littleton,America/Denver,Forgotten Island,10:30,0401:151599,884,Screen 7,hdr,149,22,127,14.8,,https://drafthouse.com/s/mother/v1/app/seats/0401/151599,alamo-api; unavailable=5,ALMO,,5,alamo-api
2026-09-25,alamo-2026-09-27T01:45Z,2026-09-27T01:45:09.903872+00:00,2026-09-27T01:00Z,2026-09-27,Sunday,Alamo Drafthouse Westminster,Westminster,America/Denver,Forgotten Island,11:00,0403:86187,914,Screen 1,the-big-show,240,50,190,20.8,,https://drafthouse.com/s/mother/v1/app/seats/0403/86187,alamo-api; unavailable=5,ALMO,,5,alamo-api
2026-09-25,alamo-2026-09-27T01:45Z,2026-09-27T01:45:09.903872+00:00,2026-09-27T01:00Z,2026-09-27,Sunday,Alamo Drafthouse Westminster,Westminster,America/Denver,Forgotten Island,12:40,0403:87142,1014,Screen 4,2d-digital,80,14,66,17.5,,https://drafthouse.com/s/mother/v1/app/seats/0403/87142,alamo-api; unavailable=4,ALMO,,4,alamo-api
2026-09-25,alamo-2026-09-27T01:45Z,2026-09-27T01:45:09.903872+00:00,2026-09-27T01:00Z,2026-09-27,Sunday,Alamo Drafthouse Littleton,Littleton,America/Denver,Forgotten Island,13:30,0401:151598,1064,Screen 7,hdr,149,15,134,10.1,,https://drafthouse.com/s/mother/v1/app/seats/0401/151598,alamo-api; unavailable=5,ALMO,,5,alamo-api
2026-09-25,alamo-2026-09-27T01:45Z,2026-09-27T01:45:09.903872+00:00,2026-09-27T01:00Z,2026-09-27,Sunday,Alamo Drafthouse Westminster,Westminster,America/Denver,Forgotten Island,15:45,0403:87140,1199,Screen 4,2d-digital,80,0,80,0.0,,https://drafthouse.com/s/mother/v1/app/seats/0403/87140,alamo-api; unavailable=4,ALMO,,4,alamo-api
2026-09-25,alamo-2026-09-27T01:45Z,2026-09-27T01:45:09.903872+00:00,2026-09-27T01:00Z,2026-09-27,Sunday,Alamo Drafthouse Littleton,Littleton,America/Denver,Forgotten Island,16:30,0401:151597,1244,Screen 7,hdr,149,9,140,6.0,,https://drafthouse.com/s/mother/v1/app/seats/0401/151597,alamo-api; unavailable=5,ALMO,,5,alamo-api
2026-09-25,alamo-2026-09-27T01:45Z,2026-09-27T01:45:09.903872+00:00,2026-09-27T01:00Z,2026-09-27,Sunday,Alamo Drafthouse Littleton,Littleton,America/Denver,Forgotten Island,18:30,0401:152157,1364,Screen 6,2d-digital,117,2,115,1.7,,https://drafthouse.com/s/mother/v1/app/seats/0401/152157,alamo-api; unavailable=6,ALMO,,6,alamo-api
2026-09-25,alamo-2026-09-27T01:45Z,2026-09-27T01:45:09.903872+00:00,2026-09-27T01:00Z,2026-09-27,Sunday,Alamo Drafthouse Westminster,Westminster,America/Denver,Forgotten Island,18:45,0403:87141,1379,Screen 4,2d-digital,80,3,77,3.8,,https://drafthouse.com/s/mother/v1/app/seats/0403/87141,alamo-api; unavailable=4,ALMO,,4,alamo-api
2026-09-25,alamo-2026-09-27T01:45Z,2026-09-27T01:45:09.903872+00:00,2026-09-27T01:00Z,2026-09-27,Sunday,Alamo Drafthouse Westminster,Westminster,America/Denver,Forgotten Island,22:20,0403:87135,1594,Screen 6,2d-digital,72,1,71,1.4,,https://drafthouse.com/s/mother/v1/app/seats/0403/87135,alamo-api; unavailable=6,ALMO,,6,alamo-api
2026-09-25,alamo-2026-09-27T01:45Z,2026-09-27T01:45:09.903872+00:00,2026-09-27T01:00Z,2026-09-26,Saturday,Alamo Drafthouse Littleton,Littleton,America/Denver,Heart of the Beast,22:00,0401:152281,134,Screen 4,2d-digital,101,10,91,9.9,,https://drafthouse.com/s/mother/v1/app/seats/0401/152281,alamo-api; unavailable=5,ALMO,,5,alamo-api
2026-09-25,alamo-2026-09-27T01:45Z,2026-09-27T01:45:09.903872+00:00,2026-09-27T01:00Z,2026-09-26,Saturday,Alamo Drafthouse Westminster,Westminster,America/Denver,Heart of the Beast,22:05,0403:87111,139,Screen 8,2d-digital,71,4,67,5.6,,https://drafthouse.com/s/mother/v1/app/seats/0403/87111,alamo-api; unavailable=7,ALMO,,7,alamo-api
2026-09-25,alamo-2026-09-27T01:45Z,2026-09-27T01:45:09.903872+00:00,2026-09-27T01:00Z,2026-09-27,Sunday,Alamo Drafthouse Littleton,Littleton,America/Denver,Heart of the Beast,09:45,0401:152151,839,Screen 6,2d-digital,117,5,112,4.3,,https://drafthouse.com/s/mother/v1/app/seats/0401/152151,alamo-api; unavailable=6,ALMO,,6,alamo-api
2026-09-25,alamo-2026-09-27T01:45Z,2026-09-27T01:45:09.903872+00:00,2026-09-27T01:00Z,2026-09-27,Sunday,Alamo Drafthouse Westminster,Westminster,America/Denver,Heart of the Beast,10:55,0403:87128,909,Screen 6,2d-digital,72,10,62,13.9,,https://drafthouse.com/s/mother/v1/app/seats/0403/87128,alamo-api; unavailable=6,ALMO,,6,alamo-api
2026-09-25,alamo-2026-09-27T01:45Z,2026-09-27T01:45:09.903872+00:00,2026-09-27T01:00Z,2026-09-27,Sunday,Alamo Drafthouse Littleton,Littleton,America/Denver,Heart of the Beast,12:30,0401:152150,1004,Screen 6,2d-digital,117,36,81,30.8,,https://drafthouse.com/s/mother/v1/app/seats/0401/152150,alamo-api; unavailable=6,ALMO,,6,alamo-api
2026-09-25,alamo-2026-09-27T01:45Z,2026-09-27T01:45:09.903872+00:00,2026-09-27T01:00Z,2026-09-27,Sunday,Alamo Drafthouse Westminster,Westminster,America/Denver,Heart of the Beast,14:00,0403:86188,1094,Screen 1,the-big-show,240,60,180,25.0,,https://drafthouse.com/s/mother/v1/app/seats/0403/86188,alamo-api; unavailable=5,ALMO,,5,alamo-api
2026-09-25,alamo-2026-09-27T01:45Z,2026-09-27T01:45:09.903872+00:00,2026-09-27T01:00Z,2026-09-27,Sunday,Alamo Drafthouse Littleton,Littleton,America/Denver,Heart of the Beast,15:30,0401:152149,1184,Screen 6,2d-digital,117,13,104,11.1,,https://drafthouse.com/s/mother/v1/app/seats/0401/152149,alamo-api; unavailable=6,ALMO,,6,alamo-api
2026-09-25,alamo-2026-09-27T01:45Z,2026-09-27T01:45:09.903872+00:00,2026-09-27T01:00Z,2026-09-27,Sunday,Alamo Drafthouse Westminster,Westminster,America/Denver,Heart of the Beast,16:20,0403:87145,1234,Screen 8,2d-digital,71,7,64,9.9,,https://drafthouse.com/s/mother/v1/app/seats/0403/87145,alamo-api; unavailable=7,ALMO,,7,alamo-api
2026-09-25,alamo-2026-09-27T01:45Z,2026-09-27T01:45:09.903872+00:00,2026-09-27T01:00Z,2026-09-27,Sunday,Alamo Drafthouse Westminster,Westminster,America/Denver,Heart of the Beast,19:15,0403:87127,1409,Screen 8,2d-digital,71,11,60,15.5,,https://drafthouse.com/s/mother/v1/app/seats/0403/87127,alamo-api; unavailable=7,ALMO,,7,alamo-api
2026-09-25,alamo-2026-09-27T01:45Z,2026-09-27T01:45:09.903872+00:00,2026-09-27T01:00Z,2026-09-27,Sunday,Alamo Drafthouse Littleton,Littleton,America/Denver,Heart of the Beast,19:30,0401:151596,1424,Screen 7,hdr,149,5,144,3.4,,https://drafthouse.com/s/mother/v1/app/seats/0401/151596,alamo-api; unavailable=5,ALMO,,5,alamo-api
2026-09-25,alamo-2026-09-27T01:45Z,2026-09-27T01:45:09.903872+00:00,2026-09-27T01:00Z,2026-09-27,Sunday,Alamo Drafthouse Littleton,Littleton,America/Denver,Heart of the Beast,20:15,0401:152168,1469,Screen 3,2d-digital,94,1,93,1.1,,https://drafthouse.com/s/mother/v1/app/seats/0401/152168,alamo-api; unavailable=4,ALMO,,4,alamo-api
2026-09-25,alamo-2026-09-27T01:45Z,2026-09-27T01:45:09.903872+00:00,2026-09-27T01:00Z,2026-09-27,Sunday,Alamo Drafthouse Westminster,Westminster,America/Denver,Heart of the Beast,22:05,0403:87133,1579,Screen 8,2d-digital,71,0,71,0.0,,https://drafthouse.com/s/mother/v1/app/seats/0403/87133,alamo-api; unavailable=7,ALMO,,7,alamo-api
2026-09-25,alamo-2026-09-27T01:45Z,2026-09-27T01:45:09.903872+00:00,2026-09-27T01:00Z,2026-09-26,Saturday,Alamo Drafthouse Westminster,Westminster,America/Denver,Primetime,20:00,0403:87120,14,Screen 3,2d-digital,79,54,25,68.4,,https://drafthouse.com/s/mother/v1/app/seats/0403/87120,alamo-api; unavailable=5,ALMO,,5,alamo-api
2026-09-25,alamo-2026-09-27T01:45Z,2026-09-27T01:45:09.903872+00:00,2026-09-27T01:00Z,2026-09-26,Saturday,Alamo Drafthouse Sloans Lake,Denver,America/Denver,Primetime,21:30,0402:118740,104,Screen 3,2d-digital,109,43,66,39.4,,https://drafthouse.com/s/mother/v1/app/seats/0402/118740,alamo-api; unavailable=9,ALMO,,9,alamo-api
2026-09-25,alamo-2026-09-27T01:45Z,2026-09-27T01:45:09.903872+00:00,2026-09-27T01:00Z,2026-09-26,Saturday,Alamo Drafthouse Westminster,Westminster,America/Denver,Primetime,22:00,0403:86197,134,Screen 5,2d-digital,108,42,66,38.9,,https://drafthouse.com/s/mother/v1/app/seats/0403/86197,alamo-api; unavailable=7,ALMO,,7,alamo-api
2026-09-25,alamo-2026-09-27T01:45Z,2026-09-27T01:45:09.903872+00:00,2026-09-27T01:00Z,2026-09-26,Saturday,Alamo Drafthouse Littleton,Littleton,America/Denver,Primetime,22:15,0401:152128,149,Screen 5,2d-digital,101,16,85,15.8,,https://drafthouse.com/s/mother/v1/app/seats/0401/152128,alamo-api; unavailable=5,ALMO,,5,alamo-api
2026-09-25,alamo-2026-09-27T01:45Z,2026-09-27T01:45:09.903872+00:00,2026-09-27T01:00Z,2026-09-26,Saturday,Alamo Drafthouse Sloans Lake,Denver,America/Denver,Primetime,22:15,0402:118018,149,Screen 1,2d-digital,186,6,180,3.2,,https://drafthouse.com/s/mother/v1/app/seats/0402/118018,alamo-api; unavailable=10,ALMO,,10,alamo-api
2026-09-25,alamo-2026-09-27T01:45Z,2026-09-27T01:45:09.903872+00:00,2026-09-27T01:00Z,2026-09-27,Sunday,Alamo Drafthouse Littleton,Littleton,America/Denver,Primetime,10:00,0401:152161,854,Screen 5,2d-digital,101,14,87,13.9,,https://drafthouse.com/s/mother/v1/app/seats/0401/152161,alamo-api; unavailable=5,ALMO,,5,alamo-api
2026-09-25,alamo-2026-09-27T01:45Z,2026-09-27T01:45:09.903872+00:00,2026-09-27T01:00Z,2026-09-27,Sunday,Alamo Drafthouse Littleton,Littleton,America/Denver,Primetime,13:00,0401:152163,1034,Screen 5,2d-digital,101,19,82,18.8,,https://drafthouse.com/s/mother/v1/app/seats/0401/152163,alamo-api; unavailable=5,ALMO,,5,alamo-api
2026-09-25,alamo-2026-09-27T01:45Z,2026-09-27T01:45:09.903872+00:00,2026-09-27T01:00Z,2026-09-27,Sunday,Alamo Drafthouse Westminster,Westminster,America/Denver,Primetime,13:00,0403:86202,1034,Screen 5,2d-digital,108,46,62,42.6,,https://drafthouse.com/s/mother/v1/app/seats/0403/86202,alamo-api; unavailable=7,ALMO,,7,alamo-api
2026-09-25,alamo-2026-09-27T01:45Z,2026-09-27T01:45:09.903872+00:00,2026-09-27T01:00Z,2026-09-27,Sunday,Alamo Drafthouse Sloans Lake,Denver,America/Denver,Primetime,13:15,0402:118022,1049,Screen 1,2d-digital,186,44,142,23.7,,https://drafthouse.com/s/mother/v1/app/seats/0402/118022,alamo-api; unavailable=10,ALMO,,10,alamo-api
2026-09-25,alamo-2026-09-27T01:45Z,2026-09-27T01:45:09.903872+00:00,2026-09-27T01:00Z,2026-09-27,Sunday,Alamo Drafthouse Westminster,Westminster,America/Denver,Primetime,16:00,0403:86201,1214,Screen 5,2d-digital,108,45,63,41.7,,https://drafthouse.com/s/mother/v1/app/seats/0403/86201,alamo-api; unavailable=7,ALMO,,7,alamo-api
2026-09-25,alamo-2026-09-27T01:45Z,2026-09-27T01:45:09.903872+00:00,2026-09-27T01:00Z,2026-09-27,Sunday,Alamo Drafthouse Littleton,Littleton,America/Denver,Primetime,16:00,0401:152162,1214,Screen 5,2d-digital,101,30,71,29.7,,https://drafthouse.com/s/mother/v1/app/seats/0401/152162,alamo-api; unavailable=5,ALMO,,5,alamo-api
2026-09-25,alamo-2026-09-27T01:45Z,2026-09-27T01:45:09.903872+00:00,2026-09-27T01:00Z,2026-09-27,Sunday,Alamo Drafthouse Sloans Lake,Denver,America/Denver,Primetime,16:15,0402:118021,1229,Screen 1,2d-digital,186,20,166,10.8,,https://drafthouse.com/s/mother/v1/app/seats/0402/118021,alamo-api; unavailable=10,ALMO,,10,alamo-api
2026-09-25,alamo-2026-09-27T01:45Z,2026-09-27T01:45:09.903872+00:00,2026-09-27T01:00Z,2026-09-27,Sunday,Alamo Drafthouse Westminster,Westminster,America/Denver,Primetime,17:40,0403:87143,1314,Screen 3,2d-digital,79,26,53,32.9,,https://drafthouse.com/s/mother/v1/app/seats/0403/87143,alamo-api; unavailable=5,ALMO,,5,alamo-api
2026-09-25,alamo-2026-09-27T01:45Z,2026-09-27T01:45:09.903872+00:00,2026-09-27T01:00Z,2026-09-27,Sunday,Alamo Drafthouse Westminster,Westminster,America/Denver,Primetime,17:45,0403:87295,1319,Screen 9,2d-digital,65,17,48,26.2,,https://drafthouse.com/s/mother/v1/app/seats/0403/87295,alamo-api; unavailable=6,ALMO,,6,alamo-api
2026-09-25,alamo-2026-09-27T01:45Z,2026-09-27T01:45:09.903872+00:00,2026-09-27T01:00Z,2026-09-27,Sunday,Alamo Drafthouse Sloans Lake,Denver,America/Denver,Primetime,18:30,0402:118765,1364,Screen 3,2d-digital,109,25,84,22.9,,https://drafthouse.com/s/mother/v1/app/seats/0402/118765,alamo-api; unavailable=9,ALMO,,9,alamo-api
2026-09-25,alamo-2026-09-27T01:45Z,2026-09-27T01:45:09.903872+00:00,2026-09-27T01:00Z,2026-09-27,Sunday,Alamo Drafthouse Westminster,Westminster,America/Denver,Primetime,19:00,0403:86199,1394,Screen 5,2d-digital,108,62,46,57.4,,https://drafthouse.com/s/mother/v1/app/seats/0403/86199,alamo-api; unavailable=7,ALMO,,7,alamo-api
2026-09-25,alamo-2026-09-27T01:45Z,2026-09-27T01:45:09.903872+00:00,2026-09-27T01:00Z,2026-09-27,Sunday,Alamo Drafthouse Littleton,Littleton,America/Denver,Primetime,19:00,0401:152144,1394,Screen 5,2d-digital,101,11,90,10.9,,https://drafthouse.com/s/mother/v1/app/seats/0401/152144,alamo-api; unavailable=5,ALMO,,5,alamo-api
2026-09-25,alamo-2026-09-27T01:45Z,2026-09-27T01:45:09.903872+00:00,2026-09-27T01:00Z,2026-09-27,Sunday,Alamo Drafthouse Sloans Lake,Denver,America/Denver,Primetime,19:15,0402:118020,1409,Screen 1,2d-digital,186,37,149,19.9,,https://drafthouse.com/s/mother/v1/app/seats/0402/118020,alamo-api; unavailable=10,ALMO,,10,alamo-api
2026-09-25,alamo-2026-09-27T01:45Z,2026-09-27T01:45:09.903872+00:00,2026-09-27T01:00Z,2026-09-27,Sunday,Alamo Drafthouse Sloans Lake,Denver,America/Denver,Primetime,21:30,0402:118770,1544,Screen 3,2d-digital,109,0,109,0.0,,https://drafthouse.com/s/mother/v1/app/seats/0402/118770,alamo-api; unavailable=9,ALMO,,9,alamo-api
2026-09-25,alamo-2026-09-27T01:45Z,2026-09-27T01:45:09.903872+00:00,2026-09-27T01:00Z,2026-09-27,Sunday,Alamo Drafthouse Westminster,Westminster,America/Denver,Primetime,22:00,0403:86200,1574,Screen 5,2d-digital,108,7,101,6.5,,https://drafthouse.com/s/mother/v1/app/seats/0403/86200,alamo-api; unavailable=7,ALMO,,7,alamo-api
2026-09-25,alamo-2026-09-27T01:45Z,2026-09-27T01:45:09.903872+00:00,2026-09-27T01:00Z,2026-09-27,Sunday,Alamo Drafthouse Sloans Lake,Denver,America/Denver,Primetime,22:15,0402:118504,1589,Screen 1,2d-digital,186,1,185,0.5,,https://drafthouse.com/s/mother/v1/app/seats/0402/118504,alamo-api; unavailable=10,ALMO,,10,alamo-api
2026-09-25,alamo-2026-09-27T01:45Z,2026-09-27T01:45:09.903872+00:00,2026-09-27T01:00Z,2026-09-27,Sunday,Alamo Drafthouse Indianapolis,Indianapolis,America/New_York,Forgotten Island,12:30,3101:26278,884,Screen 8,2d-digital,52,0,52,0.0,,https://drafthouse.com/s/mother/v1/app/seats/3101/26278,alamo-api; unavailable=4,ALMO,,4,alamo-api
2026-09-25,alamo-2026-09-27T01:45Z,2026-09-27T01:45:09.903872+00:00,2026-09-27T01:00Z,2026-09-27,Sunday,Alamo Drafthouse Indianapolis,Indianapolis,America/New_York,Forgotten Island,15:30,3101:26277,1064,Screen 8,2d-digital,52,4,48,7.7,,https://drafthouse.com/s/mother/v1/app/seats/3101/26277,alamo-api; unavailable=4,ALMO,,4,alamo-api
2026-09-25,alamo-2026-09-27T01:45Z,2026-09-27T01:45:09.903872+00:00,2026-09-27T01:00Z,2026-09-27,Sunday,Alamo Drafthouse Indianapolis,Indianapolis,America/New_York,Forgotten Island,18:30,3101:26276,1244,Screen 8,2d-digital,52,0,52,0.0,,https://drafthouse.com/s/mother/v1/app/seats/3101/26276,alamo-api; unavailable=4,ALMO,,4,alamo-api
2026-09-25,alamo-2026-09-27T01:45Z,2026-09-27T01:45:09.903872+00:00,2026-09-27T01:00Z,2026-09-27,Sunday,Alamo Drafthouse Indianapolis,Indianapolis,America/New_York,Forgotten Island,21:30,3101:27276,1424,Screen 8,2d-digital,52,0,52,0.0,,https://drafthouse.com/s/mother/v1/app/seats/3101/27276,alamo-api; unavailable=4,ALMO,,4,alamo-api
2026-09-25,alamo-2026-09-27T01:45Z,2026-09-27T01:45:09.903872+00:00,2026-09-27T01:00Z,2026-09-26,Saturday,Alamo Drafthouse Indianapolis,Indianapolis,America/New_York,Heart of the Beast,22:30,3101:25930,44,Screen 4,2d-digital,48,1,47,2.1,,https://drafthouse.com/s/mother/v1/app/seats/3101/25930,alamo-api; unavailable=2,ALMO,,2,alamo-api
2026-09-25,alamo-2026-09-27T01:45Z,2026-09-27T01:45:09.903872+00:00,2026-09-27T01:00Z,2026-09-27,Sunday,Alamo Drafthouse Indianapolis,Indianapolis,America/New_York,Heart of the Beast,12:45,3101:25935,899,Screen 4,2d-digital,48,3,45,6.2,,https://drafthouse.com/s/mother/v1/app/seats/3101/25935,alamo-api; unavailable=2,ALMO,,2,alamo-api
2026-09-25,alamo-2026-09-27T01:45Z,2026-09-27T01:45:09.903872+00:00,2026-09-27T01:00Z,2026-09-27,Sunday,Alamo Drafthouse Indianapolis,Indianapolis,America/New_York,Heart of the Beast,15:45,3101:25934,1079,Screen 4,2d-digital,48,1,47,2.1,,https://drafthouse.com/s/mother/v1/app/seats/3101/25934,alamo-api; unavailable=2,ALMO,,2,alamo-api
2026-09-25,alamo-2026-09-27T01:45Z,2026-09-27T01:45:09.903872+00:00,2026-09-27T01:00Z,2026-09-27,Sunday,Alamo Drafthouse Indianapolis,Indianapolis,America/New_York,Heart of the Beast,18:45,3101:25933,1259,Screen 4,2d-digital,48,0,48,0.0,,https://drafthouse.com/s/mother/v1/app/seats/3101/25933,alamo-api; unavailable=2,ALMO,,2,alamo-api
2026-09-25,alamo-2026-09-27T01:45Z,2026-09-27T01:45:09.903872+00:00,2026-09-27T01:00Z,2026-09-27,Sunday,Alamo Drafthouse Indianapolis,Indianapolis,America/New_York,Heart of the Beast,21:45,3101:27278,1439,Screen 4,2d-digital,48,0,48,0.0,,https://drafthouse.com/s/mother/v1/app/seats/3101/27278,alamo-api; unavailable=2,ALMO,,2,alamo-api
2026-09-25,alamo-2026-09-27T01:45Z,2026-09-27T01:45:09.903872+00:00,2026-09-27T01:00Z,2026-09-26,Saturday,Alamo Drafthouse Indianapolis,Indianapolis,America/New_York,Primetime,22:00,3101:25952,14,Screen 9,2d-digital,53,7,46,13.2,,https://drafthouse.com/s/mother/v1/app/seats/3101/25952,alamo-api; unavailable=5,ALMO,,5,alamo-api
2026-09-25,alamo-2026-09-27T01:45Z,2026-09-27T01:45:09.903872+00:00,2026-09-27T01:00Z,2026-09-27,Sunday,Alamo Drafthouse Indianapolis,Indianapolis,America/New_York,Primetime,12:15,3101:27262,869,Screen 3,2d-digital,99,4,95,4.0,,https://drafthouse.com/s/mother/v1/app/seats/3101/27262,alamo-api; unavailable=5,ALMO,,5,alamo-api
2026-09-25,alamo-2026-09-27T01:45Z,2026-09-27T01:45:09.903872+00:00,2026-09-27T01:00Z,2026-09-27,Sunday,Alamo Drafthouse Indianapolis,Indianapolis,America/New_York,Primetime,13:00,3101:25957,914,Screen 9,2d-digital,53,1,52,1.9,,https://drafthouse.com/s/mother/v1/app/seats/3101/25957,alamo-api; unavailable=5,ALMO,,5,alamo-api
2026-09-25,alamo-2026-09-27T01:45Z,2026-09-27T01:45:09.903872+00:00,2026-09-27T01:00Z,2026-09-27,Sunday,Alamo Drafthouse Indianapolis,Indianapolis,America/New_York,Primetime,15:15,3101:27261,1049,Screen 3,2d-digital,99,0,99,0.0,,https://drafthouse.com/s/mother/v1/app/seats/3101/27261,alamo-api; unavailable=5,ALMO,,5,alamo-api
2026-09-25,alamo-2026-09-27T01:45Z,2026-09-27T01:45:09.903872+00:00,2026-09-27T01:00Z,2026-09-27,Sunday,Alamo Drafthouse Indianapolis,Indianapolis,America/New_York,Primetime,16:00,3101:25956,1094,Screen 9,2d-digital,53,11,42,20.8,,https://drafthouse.com/s/mother/v1/app/seats/3101/25956,alamo-api; unavailable=5,ALMO,,5,alamo-api
2026-09-25,alamo-2026-09-27T01:45Z,2026-09-27T01:45:09.903872+00:00,2026-09-27T01:00Z,2026-09-27,Sunday,Alamo Drafthouse Indianapolis,Indianapolis,America/New_York,Primetime,18:15,3101:27260,1229,Screen 3,2d-digital,99,2,97,2.0,,https://drafthouse.com/s/mother/v1/app/seats/3101/27260,alamo-api; unavailable=5,ALMO,,5,alamo-api
2026-09-25,alamo-2026-09-27T01:45Z,2026-09-27T01:45:09.903872+00:00,2026-09-27T01:00Z,2026-09-27,Sunday,Alamo Drafthouse Indianapolis,Indianapolis,America/New_York,Primetime,19:00,3101:25955,1274,Screen 9,2d-digital,53,4,49,7.5,,https://drafthouse.com/s/mother/v1/app/seats/3101/25955,alamo-api; unavailable=5,ALMO,,5,alamo-api
2026-09-25,alamo-2026-09-27T01:45Z,2026-09-27T01:45:09.903872+00:00,2026-09-27T01:00Z,2026-09-27,Sunday,Alamo Drafthouse Indianapolis,Indianapolis,America/New_York,Primetime,21:15,3101:27277,1409,Screen 3,2d-digital,99,0,99,0.0,,https://drafthouse.com/s/mother/v1/app/seats/3101/27277,alamo-api; unavailable=5,ALMO,,5,alamo-api
2026-09-25,alamo-2026-09-27T01:45Z,2026-09-27T01:45:09.903872+00:00,2026-09-27T01:00Z,2026-09-27,Sunday,Alamo Drafthouse Indianapolis,Indianapolis,America/New_York,Primetime,22:00,3101:27279,1454,Screen 9,2d-digital,53,0,53,0.0,,https://drafthouse.com/s/mother/v1/app/seats/3101/27279,alamo-api; unavailable=5,ALMO,,5,alamo-api
2026-09-25,alamo-2026-09-27T01:45Z,2026-09-27T01:45:09.903872+00:00,2026-09-27T01:00Z,2026-09-26,Saturday,Alamo Drafthouse Laredo,Laredo,America/Chicago,Forgotten Island,22:15,1501:126511,89,Screen 2,2d-digital,142,3,139,2.1,,https://drafthouse.com/s/mother/v1/app/seats/1501/126511,alamo-api; unavailable=0,ALMO,,0,alamo-api
2026-09-25,alamo-2026-09-27T01:45Z,2026-09-27T01:45:09.903872+00:00,2026-09-27T01:00Z,2026-09-27,Sunday,Alamo Drafthouse Laredo,Laredo,America/Chicago,Forgotten Island,11:00,1501:126516,854,Screen 2,2d-digital,142,6,136,4.2,,https://drafthouse.com/s/mother/v1/app/seats/1501/126516,alamo-api; unavailable=0,ALMO,,0,alamo-api
2026-09-25,alamo-2026-09-27T01:45Z,2026-09-27T01:45:09.903872+00:00,2026-09-27T01:00Z,2026-09-27,Sunday,Alamo Drafthouse Laredo,Laredo,America/Chicago,Forgotten Island,13:45,1501:126519,1019,Screen 2,2d-digital,142,6,136,4.2,,https://drafthouse.com/s/mother/v1/app/seats/1501/126519,alamo-api; unavailable=0,ALMO,,0,alamo-api
2026-09-25,alamo-2026-09-27T01:45Z,2026-09-27T01:45:09.903872+00:00,2026-09-27T01:00Z,2026-09-27,Sunday,Alamo Drafthouse Laredo,Laredo,America/Chicago,Forgotten Island,16:30,1501:126518,1184,Screen 2,2d-digital,142,4,138,2.8,,https://drafthouse.com/s/mother/v1/app/seats/1501/126518,alamo-api; unavailable=0,ALMO,,0,alamo-api
2026-09-25,alamo-2026-09-27T01:45Z,2026-09-27T01:45:09.903872+00:00,2026-09-27T01:00Z,2026-09-27,Sunday,Alamo Drafthouse Laredo,Laredo,America/Chicago,Forgotten Island,19:15,1501:126517,1349,Screen 2,2d-digital,142,0,142,0.0,,https://drafthouse.com/s/mother/v1/app/seats/1501/126517,alamo-api; unavailable=0,ALMO,,0,alamo-api
2026-09-25,alamo-2026-09-27T01:45Z,2026-09-27T01:45:09.903872+00:00,2026-09-27T01:00Z,2026-09-27,Sunday,Alamo Drafthouse Laredo,Laredo,America/Chicago,Forgotten Island,22:00,1501:126520,1514,Screen 2,2d-digital,142,0,142,0.0,,https://drafthouse.com/s/mother/v1/app/seats/1501/126520,alamo-api; unavailable=0,ALMO,,0,alamo-api
2026-09-25,alamo-2026-09-27T01:45Z,2026-09-27T01:45:09.903872+00:00,2026-09-27T01:00Z,2026-09-26,Saturday,Alamo Drafthouse Laredo,Laredo,America/Chicago,Heart of the Beast,22:35,1501:126525,109,Screen 3,2d-digital,125,13,112,10.4,,https://drafthouse.com/s/mother/v1/app/seats/1501/126525,alamo-api; unavailable=0,ALMO,,0,alamo-api
2026-09-25,alamo-2026-09-27T01:45Z,2026-09-27T01:45:09.903872+00:00,2026-09-27T01:00Z,2026-09-27,Sunday,Alamo Drafthouse Laredo,Laredo,America/Chicago,Heart of the Beast,10:30,1501:126530,824,Screen 3,2d-digital,125,8,117,6.4,,https://drafthouse.com/s/mother/v1/app/seats/1501/126530,alamo-api; unavailable=0,ALMO,,0,alamo-api
2026-09-25,alamo-2026-09-27T01:45Z,2026-09-27T01:45:09.903872+00:00,2026-09-27T01:00Z,2026-09-27,Sunday,Alamo Drafthouse Laredo,Laredo,America/Chicago,Heart of the Beast,13:15,1501:126531,989,Screen 3,2d-digital,125,0,125,0.0,,https://drafthouse.com/s/mother/v1/app/seats/1501/126531,alamo-api; unavailable=0,ALMO,,0,alamo-api
2026-09-25,alamo-2026-09-27T01:45Z,2026-09-27T01:45:09.903872+00:00,2026-09-27T01:00Z,2026-09-27,Sunday,Alamo Drafthouse Laredo,Laredo,America/Chicago,Heart of the Beast,16:00,1501:126532,1154,Screen 3,2d-digital,125,7,118,5.6,,https://drafthouse.com/s/mother/v1/app/seats/1501/126532,alamo-api; unavailable=0,ALMO,,0,alamo-api
2026-09-25,alamo-2026-09-27T01:45Z,2026-09-27T01:45:09.903872+00:00,2026-09-27T01:00Z,2026-09-27,Sunday,Alamo Drafthouse Laredo,Laredo,America/Chicago,Heart of the Beast,18:45,1501:126533,1319,Screen 3,2d-digital,125,4,121,3.2,,https://drafthouse.com/s/mother/v1/app/seats/1501/126533,alamo-api; unavailable=0,ALMO,,0,alamo-api
2026-09-25,alamo-2026-09-27T01:45Z,2026-09-27T01:45:09.903872+00:00,2026-09-27T01:00Z,2026-09-27,Sunday,Alamo Drafthouse Laredo,Laredo,America/Chicago,Heart of the Beast,21:30,1501:126534,1484,Screen 3,2d-digital,125,0,125,0.0,,https://drafthouse.com/s/mother/v1/app/seats/1501/126534,alamo-api; unavailable=0,ALMO,,0,alamo-api
2026-09-25,alamo-2026-09-27T01:45Z,2026-09-27T01:45:09.903872+00:00,2026-09-27T01:00Z,2026-09-26,Saturday,Alamo Drafthouse DTLA,Los Angeles,America/Los_Angeles,Forgotten Island,21:00,1701:119502,134,Screen 3,2d-digital,47,21,26,44.7,,https://drafthouse.com/s/mother/v1/app/seats/1701/119502,alamo-api; unavailable=2,ALMO,,2,alamo-api
2026-09-25,alamo-2026-09-27T01:45Z,2026-09-27T01:45:09.903872+00:00,2026-09-27T01:00Z,2026-09-27,Sunday,Alamo Drafthouse DTLA,Los Angeles,America/Los_Angeles,Forgotten Island,12:00,1701:119503,1034,Screen 3,2d-digital,47,28,19,59.6,,https://drafthouse.com/s/mother/v1/app/seats/1701/119503,alamo-api; unavailable=2,ALMO,,2,alamo-api
2026-09-25,alamo-2026-09-27T01:45Z,2026-09-27T01:45:09.903872+00:00,2026-09-27T01:00Z,2026-09-27,Sunday,Alamo Drafthouse DTLA,Los Angeles,America/Los_Angeles,Forgotten Island,15:00,1701:119504,1214,Screen 3,2d-digital,47,20,27,42.6,,https://drafthouse.com/s/mother/v1/app/seats/1701/119504,alamo-api; unavailable=2,ALMO,,2,alamo-api
2026-09-25,alamo-2026-09-27T01:45Z,2026-09-27T01:45:09.903872+00:00,2026-09-27T01:00Z,2026-09-27,Sunday,Alamo Drafthouse DTLA,Los Angeles,America/Los_Angeles,Forgotten Island,18:00,1701:119505,1394,Screen 3,2d-digital,47,9,38,19.1,,https://drafthouse.com/s/mother/v1/app/seats/1701/119505,alamo-api; unavailable=2,ALMO,,2,alamo-api
2026-09-25,alamo-2026-09-27T01:45Z,2026-09-27T01:45:09.903872+00:00,2026-09-27T01:00Z,2026-09-27,Sunday,Alamo Drafthouse DTLA,Los Angeles,America/Los_Angeles,Forgotten Island,21:00,1701:119506,1574,Screen 3,2d-digital,47,0,47,0.0,,https://drafthouse.com/s/mother/v1/app/seats/1701/119506,alamo-api; unavailable=2,ALMO,,2,alamo-api
2026-09-25,alamo-2026-09-27T01:45Z,2026-09-27T01:45:09.903872+00:00,2026-09-27T01:00Z,2026-09-26,Saturday,Alamo Drafthouse DTLA,Los Angeles,America/Los_Angeles,Heart of the Beast,19:40,1701:120326,54,Screen 11,2d-digital,40,29,11,72.5,,https://drafthouse.com/s/mother/v1/app/seats/1701/120326,alamo-api; unavailable=2,ALMO,,2,alamo-api
2026-09-25,alamo-2026-09-27T01:45Z,2026-09-27T01:45:09.903872+00:00,2026-09-27T01:00Z,2026-09-26,Saturday,Alamo Drafthouse DTLA,Los Angeles,America/Los_Angeles,Heart of the Beast,22:30,1701:120327,224,Screen 11,2d-digital,40,10,30,25.0,,https://drafthouse.com/s/mother/v1/app/seats/1701/120327,alamo-api; unavailable=2,ALMO,,2,alamo-api
2026-09-25,alamo-2026-09-27T01:45Z,2026-09-27T01:45:09.903872+00:00,2026-09-27T01:00Z,2026-09-27,Sunday,Alamo Drafthouse DTLA,Los Angeles,America/Los_Angeles,Heart of the Beast,11:10,1701:120353,984,Screen 11,2d-digital,40,5,35,12.5,,https://drafthouse.com/s/mother/v1/app/seats/1701/120353,alamo-api; unavailable=2,ALMO,,2,alamo-api
2026-09-25,alamo-2026-09-27T01:45Z,2026-09-27T01:45:09.903872+00:00,2026-09-27T01:00Z,2026-09-27,Sunday,Alamo Drafthouse DTLA,Los Angeles,America/Los_Angeles,Heart of the Beast,14:00,1701:120354,1154,Screen 11,2d-digital,40,8,32,20.0,,https://drafthouse.com/s/mother/v1/app/seats/1701/120354,alamo-api; unavailable=2,ALMO,,2,alamo-api
2026-09-25,alamo-2026-09-27T01:45Z,2026-09-27T01:45:09.903872+00:00,2026-09-27T01:00Z,2026-09-27,Sunday,Alamo Drafthouse DTLA,Los Angeles,America/Los_Angeles,Heart of the Beast,16:50,1701:120355,1324,Screen 11,2d-digital,40,4,36,10.0,,https://drafthouse.com/s/mother/v1/app/seats/1701/120355,alamo-api; unavailable=2,ALMO,,2,alamo-api
2026-09-25,alamo-2026-09-27T01:45Z,2026-09-27T01:45:09.903872+00:00,2026-09-27T01:00Z,2026-09-27,Sunday,Alamo Drafthouse DTLA,Los Angeles,America/Los_Angeles,Heart of the Beast,19:40,1701:120356,1494,Screen 11,2d-digital,40,0,40,0.0,,https://drafthouse.com/s/mother/v1/app/seats/1701/120356,alamo-api; unavailable=2,ALMO,,2,alamo-api
2026-09-25,alamo-2026-09-27T01:45Z,2026-09-27T01:45:09.903872+00:00,2026-09-27T01:00Z,2026-09-27,Sunday,Alamo Drafthouse DTLA,Los Angeles,America/Los_Angeles,Heart of the Beast,22:30,1701:120357,1664,Screen 11,2d-digital,40,0,40,0.0,,https://drafthouse.com/s/mother/v1/app/seats/1701/120357,alamo-api; unavailable=2,ALMO,,2,alamo-api
2026-09-25,alamo-2026-09-27T01:45Z,2026-09-27T01:45:09.903872+00:00,2026-09-27T01:00Z,2026-09-26,Saturday,Alamo Drafthouse DTLA,Los Angeles,America/Los_Angeles,Primetime,19:15,1701:119103,29,Screen 4,2d-digital,47,47,0,100.0,,https://drafthouse.com/s/mother/v1/app/seats/1701/119103,alamo-api; unavailable=2,ALMO,,2,alamo-api
2026-09-25,alamo-2026-09-27T01:45Z,2026-09-27T01:45:09.903872+00:00,2026-09-27T01:00Z,2026-09-26,Saturday,Alamo Drafthouse DTLA,Los Angeles,America/Los_Angeles,Primetime,21:15,1701:120588,149,Screen 10,2d-digital,38,4,34,10.5,,https://drafthouse.com/s/mother/v1/app/seats/1701/120588,alamo-api; unavailable=2,ALMO,,2,alamo-api
2026-09-25,alamo-2026-09-27T01:45Z,2026-09-27T01:45:09.903872+00:00,2026-09-27T01:00Z,2026-09-26,Saturday,Alamo Drafthouse DTLA,Los Angeles,America/Los_Angeles,Primetime,22:00,1701:120324,194,Screen 7,2d-digital,38,33,5,86.8,,https://drafthouse.com/s/mother/v1/app/seats/1701/120324,alamo-api; unavailable=2,ALMO,,2,alamo-api
2026-09-25,alamo-2026-09-27T01:45Z,2026-09-27T01:45:09.903872+00:00,2026-09-27T01:00Z,2026-09-26,Saturday,Alamo Drafthouse DTLA,Los Angeles,America/Los_Angeles,Primetime,22:15,1701:119104,209,Screen 4,2d-digital,47,39,8,83.0,,https://drafthouse.com/s/mother/v1/app/seats/1701/119104,alamo-api; unavailable=2,ALMO,,2,alamo-api
2026-09-25,alamo-2026-09-27T01:45Z,2026-09-27T01:45:09.903872+00:00,2026-09-27T01:00Z,2026-09-27,Sunday,Alamo Drafthouse DTLA,Los Angeles,America/Los_Angeles,Primetime,12:45,1701:120358,1079,Screen 12,2d-digital,39,30,9,76.9,,https://drafthouse.com/s/mother/v1/app/seats/1701/120358,alamo-api; unavailable=2,ALMO,,2,alamo-api
2026-09-25,alamo-2026-09-27T01:45Z,2026-09-27T01:45:09.903872+00:00,2026-09-27T01:00Z,2026-09-27,Sunday,Alamo Drafthouse DTLA,Los Angeles,America/Los_Angeles,Primetime,13:15,1701:119105,1109,Screen 4,2d-digital,47,40,7,85.1,,https://drafthouse.com/s/mother/v1/app/seats/1701/119105,alamo-api; unavailable=2,ALMO,,2,alamo-api
2026-09-25,alamo-2026-09-27T01:45Z,2026-09-27T01:45:09.903872+00:00,2026-09-27T01:00Z,2026-09-27,Sunday,Alamo Drafthouse DTLA,Los Angeles,America/Los_Angeles,Primetime,16:15,1701:119106,1289,Screen 4,2d-digital,47,39,8,83.0,,https://drafthouse.com/s/mother/v1/app/seats/1701/119106,alamo-api; unavailable=2,ALMO,,2,alamo-api
2026-09-25,alamo-2026-09-27T01:45Z,2026-09-27T01:45:09.903872+00:00,2026-09-27T01:00Z,2026-09-27,Sunday,Alamo Drafthouse DTLA,Los Angeles,America/Los_Angeles,Primetime,17:45,1701:120529,1379,Screen 2,2d-digital,47,38,9,80.9,,https://drafthouse.com/s/mother/v1/app/seats/1701/120529,alamo-api; unavailable=2,ALMO,,2,alamo-api
2026-09-25,alamo-2026-09-27T01:45Z,2026-09-27T01:45:09.903872+00:00,2026-09-27T01:00Z,2026-09-27,Sunday,Alamo Drafthouse DTLA,Los Angeles,America/Los_Angeles,Primetime,18:30,1701:120360,1424,Screen 12,2d-digital,39,26,13,66.7,,https://drafthouse.com/s/mother/v1/app/seats/1701/120360,alamo-api; unavailable=2,ALMO,,2,alamo-api
2026-09-25,alamo-2026-09-27T01:45Z,2026-09-27T01:45:09.903872+00:00,2026-09-27T01:00Z,2026-09-27,Sunday,Alamo Drafthouse DTLA,Los Angeles,America/Los_Angeles,Primetime,18:45,1701:120589,1439,Screen 6,2d-digital,47,33,14,70.2,,https://drafthouse.com/s/mother/v1/app/seats/1701/120589,alamo-api; unavailable=2,ALMO,,2,alamo-api
2026-09-25,alamo-2026-09-27T01:45Z,2026-09-27T01:45:09.903872+00:00,2026-09-27T01:00Z,2026-09-27,Sunday,Alamo Drafthouse DTLA,Los Angeles,America/Los_Angeles,Primetime,19:15,1701:119107,1469,Screen 4,2d-digital,47,33,14,70.2,,https://drafthouse.com/s/mother/v1/app/seats/1701/119107,alamo-api; unavailable=2,ALMO,,2,alamo-api
2026-09-25,alamo-2026-09-27T01:45Z,2026-09-27T01:45:09.903872+00:00,2026-09-27T01:00Z,2026-09-27,Sunday,Alamo Drafthouse DTLA,Los Angeles,America/Los_Angeles,Primetime,22:15,1701:119108,1649,Screen 4,2d-digital,47,15,32,31.9,,https://drafthouse.com/s/mother/v1/app/seats/1701/119108,alamo-api; unavailable=2,ALMO,,2,alamo-api
2026-09-25,alamo-2026-09-27T01:45Z,2026-09-27T01:45:09.903872+00:00,2026-09-27T01:00Z,2026-09-27,Sunday,Alamo Drafthouse Downtown Brooklyn,Brooklyn,America/New_York,Forgotten Island,11:00,2101:137104,794,Screen 6,hdr,156,125,31,80.1,,https://drafthouse.com/s/mother/v1/app/seats/2101/137104,alamo-api; unavailable=6,ALMO,,6,alamo-api
2026-09-25,alamo-2026-09-27T01:45Z,2026-09-27T01:45:09.903872+00:00,2026-09-27T01:00Z,2026-09-27,Sunday,Alamo Drafthouse Staten Island,Staten Island,America/New_York,Forgotten Island,11:30,2102:46167,824,Screen 1,2d-digital,68,2,66,2.9,,https://drafthouse.com/s/mother/v1/app/seats/2102/46167,alamo-api; unavailable=4,ALMO,,4,alamo-api
2026-09-25,alamo-2026-09-27T01:45Z,2026-09-27T01:45:09.903872+00:00,2026-09-27T01:00Z,2026-09-27,Sunday,Alamo Drafthouse Lower Manhattan,New York,America/New_York,Forgotten Island,12:00,2103:96889,854,Screen 5,open-caption,48,37,11,77.1,,https://drafthouse.com/s/mother/v1/app/seats/2103/96889,alamo-api; unavailable=2,ALMO,,2,alamo-api
2026-09-25,alamo-2026-09-27T01:45Z,2026-09-27T01:45:09.903872+00:00,2026-09-27T01:00Z,2026-09-27,Sunday,Alamo Drafthouse Staten Island,Staten Island,America/New_York,Forgotten Island,12:00,2102:45626,854,Screen 6,hdr,193,4,189,2.1,,https://drafthouse.com/s/mother/v1/app/seats/2102/45626,alamo-api; unavailable=7,ALMO,,7,alamo-api
2026-09-25,alamo-2026-09-27T01:45Z,2026-09-27T01:45:09.903872+00:00,2026-09-27T01:00Z,2026-09-27,Sunday,Alamo Drafthouse Downtown Brooklyn,Brooklyn,America/New_York,Forgotten Island,14:15,2101:138051,989,Screen 8,2d-digital,62,58,4,93.5,,https://drafthouse.com/s/mother/v1/app/seats/2101/138051,alamo-api; unavailable=6,ALMO,,6,alamo-api
2026-09-25,alamo-2026-09-27T01:45Z,2026-09-27T01:45:09.903872+00:00,2026-09-27T01:00Z,2026-09-27,Sunday,Alamo Drafthouse Staten Island,Staten Island,America/New_York,Forgotten Island,14:45,2102:46168,1019,Screen 1,2d-digital,68,14,54,20.6,,https://drafthouse.com/s/mother/v1/app/seats/2102/46168,alamo-api; unavailable=4,ALMO,,4,alamo-api
2026-09-25,alamo-2026-09-27T01:45Z,2026-09-27T01:45:09.903872+00:00,2026-09-27T01:00Z,2026-09-27,Sunday,Alamo Drafthouse Lower Manhattan,New York,America/New_York,Forgotten Island,15:00,2103:96892,1034,Screen 5,2d-digital,48,45,3,93.8,,https://drafthouse.com/s/mother/v1/app/seats/2103/96892,alamo-api; unavailable=2,ALMO,,2,alamo-api
2026-09-25,alamo-2026-09-27T01:45Z,2026-09-27T01:45:09.903872+00:00,2026-09-27T01:00Z,2026-09-27,Sunday,Alamo Drafthouse Downtown Brooklyn,Brooklyn,America/New_York,Forgotten Island,15:45,2101:138053,1079,Screen 12,2d-digital,46,40,6,87.0,,https://drafthouse.com/s/mother/v1/app/seats/2101/138053,alamo-api; unavailable=7,ALMO,,7,alamo-api
2026-09-25,alamo-2026-09-27T01:45Z,2026-09-27T01:45:09.903872+00:00,2026-09-27T01:00Z,2026-09-27,Sunday,Alamo Drafthouse Staten Island,Staten Island,America/New_York,Forgotten Island,18:00,2102:46169,1214,Screen 1,2d-digital,68,0,68,0.0,,https://drafthouse.com/s/mother/v1/app/seats/2102/46169,alamo-api; unavailable=4,ALMO,,4,alamo-api
2026-09-25,alamo-2026-09-27T01:45Z,2026-09-27T01:45:09.903872+00:00,2026-09-27T01:00Z,2026-09-27,Sunday,Alamo Drafthouse Lower Manhattan,New York,America/New_York,Forgotten Island,18:15,2103:97974,1229,Screen 3,2d-digital,39,6,33,15.4,,https://drafthouse.com/s/mother/v1/app/seats/2103/97974,alamo-api; unavailable=3,ALMO,,3,alamo-api
2026-09-25,alamo-2026-09-27T01:45Z,2026-09-27T01:45:09.903872+00:00,2026-09-27T01:00Z,2026-09-27,Sunday,Alamo Drafthouse Downtown Brooklyn,Brooklyn,America/New_York,Forgotten Island,18:45,2101:138054,1259,Screen 12,2d-digital,46,17,29,37.0,,https://drafthouse.com/s/mother/v1/app/seats/2101/138054,alamo-api; unavailable=7,ALMO,,7,alamo-api
2026-09-25,alamo-2026-09-27T01:45Z,2026-09-27T01:45:09.903872+00:00,2026-09-27T01:00Z,2026-09-27,Sunday,Alamo Drafthouse Lower Manhattan,New York,America/New_York,Forgotten Island,21:15,2103:97978,1409,Screen 3,2d-digital,39,0,39,0.0,,https://drafthouse.com/s/mother/v1/app/seats/2103/97978,alamo-api; unavailable=3,ALMO,,3,alamo-api
2026-09-25,alamo-2026-09-27T01:45Z,2026-09-27T01:45:09.903872+00:00,2026-09-27T01:00Z,2026-09-27,Sunday,Alamo Drafthouse Downtown Brooklyn,Brooklyn,America/New_York,Forgotten Island,21:45,2101:138055,1439,Screen 12,open-caption,46,0,46,0.0,,https://drafthouse.com/s/mother/v1/app/seats/2101/138055,alamo-api; unavailable=7,ALMO,,7,alamo-api
2026-09-25,alamo-2026-09-27T01:45Z,2026-09-27T01:45:09.903872+00:00,2026-09-27T01:00Z,2026-09-26,Saturday,Alamo Drafthouse Staten Island,Staten Island,America/New_York,Heart of the Beast,22:00,2102:46159,14,Screen 4,2d-digital,66,23,43,34.8,,https://drafthouse.com/s/mother/v1/app/seats/2102/46159,alamo-api; unavailable=4,ALMO,,4,alamo-api
2026-09-25,alamo-2026-09-27T01:45Z,2026-09-27T01:45:09.903872+00:00,2026-09-27T01:00Z,2026-09-26,Saturday,Alamo Drafthouse Lower Manhattan,New York,America/New_York,Heart of the Beast,22:15,2103:96485,29,Screen 11,2d-digital,33,5,28,15.2,,https://drafthouse.com/s/mother/v1/app/seats/2103/96485,alamo-api; unavailable=2,ALMO,,2,alamo-api
2026-09-25,alamo-2026-09-27T01:45Z,2026-09-27T01:45:09.903872+00:00,2026-09-27T01:00Z,2026-09-27,Sunday,Alamo Drafthouse Lower Manhattan,New York,America/New_York,Heart of the Beast,11:00,2103:98125,794,Screen 1,2d-digital,42,2,40,4.8,,https://drafthouse.com/s/mother/v1/app/seats/2103/98125,alamo-api; unavailable=4,ALMO,,4,alamo-api
2026-09-25,alamo-2026-09-27T01:45Z,2026-09-27T01:45:09.903872+00:00,2026-09-27T01:00Z,2026-09-27,Sunday,Alamo Drafthouse Downtown Brooklyn,Brooklyn,America/New_York,Heart of the Beast,11:30,2101:138049,824,Screen 9,2d-digital,43,11,32,25.6,,https://drafthouse.com/s/mother/v1/app/seats/2101/138049,alamo-api; unavailable=6,ALMO,,6,alamo-api
2026-09-25,alamo-2026-09-27T01:45Z,2026-09-27T01:45:09.903872+00:00,2026-09-27T01:00Z,2026-09-27,Sunday,Alamo Drafthouse Staten Island,Staten Island,America/New_York,Heart of the Beast,12:30,2102:46172,884,Screen 8,2d-digital,82,5,77,6.1,,https://drafthouse.com/s/mother/v1/app/seats/2102/46172,alamo-api; unavailable=4,ALMO,,4,alamo-api
2026-09-25,alamo-2026-09-27T01:45Z,2026-09-27T01:45:09.903872+00:00,2026-09-27T01:00Z,2026-09-27,Sunday,Alamo Drafthouse Lower Manhattan,New York,America/New_York,Heart of the Beast,13:15,2103:98052,929,Screen 11,2d-digital,33,9,24,27.3,,https://drafthouse.com/s/mother/v1/app/seats/2103/98052,alamo-api; unavailable=2,ALMO,,2,alamo-api
2026-09-25,alamo-2026-09-27T01:45Z,2026-09-27T01:45:09.903872+00:00,2026-09-27T01:00Z,2026-09-27,Sunday,Alamo Drafthouse Downtown Brooklyn,Brooklyn,America/New_York,Heart of the Beast,14:00,2101:137103,974,Screen 6,hdr,156,47,109,30.1,,https://drafthouse.com/s/mother/v1/app/seats/2101/137103,alamo-api; unavailable=6,ALMO,,6,alamo-api
2026-09-25,alamo-2026-09-27T01:45Z,2026-09-27T01:45:09.903872+00:00,2026-09-27T01:00Z,2026-09-27,Sunday,Alamo Drafthouse Staten Island,Staten Island,America/New_York,Heart of the Beast,15:00,2102:45366,1034,Screen 6,hdr,193,6,187,3.1,,https://drafthouse.com/s/mother/v1/app/seats/2102/45366,alamo-api; unavailable=7,ALMO,,7,alamo-api
2026-09-25,alamo-2026-09-27T01:45Z,2026-09-27T01:45:09.903872+00:00,2026-09-27T01:00Z,2026-09-27,Sunday,Alamo Drafthouse Lower Manhattan,New York,America/New_York,Heart of the Beast,16:15,2103:98053,1109,Screen 11,open-caption,33,16,17,48.5,,https://drafthouse.com/s/mother/v1/app/seats/2103/98053,alamo-api; unavailable=2,ALMO,,2,alamo-api
2026-09-25,alamo-2026-09-27T01:45Z,2026-09-27T01:45:09.903872+00:00,2026-09-27T01:00Z,2026-09-27,Sunday,Alamo Drafthouse Staten Island,Staten Island,America/New_York,Heart of the Beast,16:30,2102:46291,1124,Screen 3,open-caption,66,0,66,0.0,,https://drafthouse.com/s/mother/v1/app/seats/2102/46291,alamo-api; unavailable=4,ALMO,,4,alamo-api
2026-09-25,alamo-2026-09-27T01:45Z,2026-09-27T01:45:09.903872+00:00,2026-09-27T01:00Z,2026-09-27,Sunday,Alamo Drafthouse Downtown Brooklyn,Brooklyn,America/New_York,Heart of the Beast,18:00,2101:138046,1214,Screen 9,open-caption,43,7,36,16.3,,https://drafthouse.com/s/mother/v1/app/seats/2101/138046,alamo-api; unavailable=6,ALMO,,6,alamo-api
2026-09-25,alamo-2026-09-27T01:45Z,2026-09-27T01:45:09.903872+00:00,2026-09-27T01:00Z,2026-09-27,Sunday,Alamo Drafthouse Lower Manhattan,New York,America/New_York,Heart of the Beast,19:15,2103:96490,1289,Screen 11,2d-digital,33,7,26,21.2,,https://drafthouse.com/s/mother/v1/app/seats/2103/96490,alamo-api; unavailable=2,ALMO,,2,alamo-api
2026-09-25,alamo-2026-09-27T01:45Z,2026-09-27T01:45:09.903872+00:00,2026-09-27T01:00Z,2026-09-27,Sunday,Alamo Drafthouse Staten Island,Staten Island,America/New_York,Heart of the Beast,19:30,2102:46170,1304,Screen 3,2d-digital,66,7,59,10.6,,https://drafthouse.com/s/mother/v1/app/seats/2102/46170,alamo-api; unavailable=4,ALMO,,4,alamo-api
2026-09-25,alamo-2026-09-27T01:45Z,2026-09-27T01:45:09.903872+00:00,2026-09-27T01:00Z,2026-09-27,Sunday,Alamo Drafthouse Downtown Brooklyn,Brooklyn,America/New_York,Heart of the Beast,21:15,2101:138061,1409,Screen 9,2d-digital,43,0,43,0.0,,https://drafthouse.com/s/mother/v1/app/seats/2101/138061,alamo-api; unavailable=6,ALMO,,6,alamo-api
2026-09-25,alamo-2026-09-27T01:45Z,2026-09-27T01:45:09.903872+00:00,2026-09-27T01:00Z,2026-09-27,Sunday,Alamo Drafthouse Lower Manhattan,New York,America/New_York,Heart of the Beast,22:15,2103:96489,1469,Screen 11,2d-digital,33,0,33,0.0,,https://drafthouse.com/s/mother/v1/app/seats/2103/96489,alamo-api; unavailable=2,ALMO,,2,alamo-api
2026-09-25,alamo-2026-09-27T01:45Z,2026-09-27T01:45:09.903872+00:00,2026-09-27T01:00Z,2026-09-26,Saturday,Alamo Drafthouse Lower Manhattan,New York,America/New_York,Primetime,22:00,2103:96503,14,Screen 9,2d-digital,53,52,1,98.1,,https://drafthouse.com/s/mother/v1/app/seats/2103/96503,alamo-api; unavailable=6,ALMO,,6,alamo-api
2026-09-25,alamo-2026-09-27T01:45Z,2026-09-27T01:45:09.903872+00:00,2026-09-27T01:00Z,2026-09-26,Saturday,Alamo Drafthouse Staten Island,Staten Island,America/New_York,Primetime,22:00,2102:45374,14,Screen 2,2d-digital,66,49,17,74.2,,https://drafthouse.com/s/mother/v1/app/seats/2102/45374,alamo-api; unavailable=4,ALMO,,4,alamo-api
2026-09-25,alamo-2026-09-27T01:45Z,2026-09-27T01:45:09.903872+00:00,2026-09-27T01:00Z,2026-09-26,Saturday,Alamo Drafthouse Downtown Brooklyn,Brooklyn,America/New_York,Primetime,22:15,2101:136649,29,Screen 4,2d-digital,101,99,2,98.0,,https://drafthouse.com/s/mother/v1/app/seats/2101/136649,alamo-api; unavailable=6,ALMO,,6,alamo-api
2026-09-25,alamo-2026-09-27T01:45Z,2026-09-27T01:45:09.903872+00:00,2026-09-27T01:00Z,2026-09-27,Sunday,Alamo Drafthouse Lower Manhattan,New York,America/New_York,Primetime,11:15,2103:97827,809,Screen 7,2d-digital,43,32,11,74.4,,https://drafthouse.com/s/mother/v1/app/seats/2103/97827,alamo-api; unavailable=3,ALMO,,3,alamo-api
2026-09-25,alamo-2026-09-27T01:45Z,2026-09-27T01:45:09.903872+00:00,2026-09-27T01:00Z,2026-09-27,Sunday,Alamo Drafthouse Downtown Brooklyn,Brooklyn,America/New_York,Primetime,12:45,2101:136650,899,Screen 4,2d-digital,101,101,0,100.0,,https://drafthouse.com/s/mother/v1/app/seats/2101/136650,alamo-api; unavailable=6,ALMO,,6,alamo-api
2026-09-25,alamo-2026-09-27T01:45Z,2026-09-27T01:45:09.903872+00:00,2026-09-27T01:00Z,2026-09-27,Sunday,Alamo Drafthouse Staten Island,Staten Island,America/New_York,Primetime,13:00,2102:45375,914,Screen 2,2d-digital,66,12,54,18.2,,https://drafthouse.com/s/mother/v1/app/seats/2102/45375,alamo-api; unavailable=4,ALMO,,4,alamo-api
2026-09-25,alamo-2026-09-27T01:45Z,2026-09-27T01:45:09.903872+00:00,2026-09-27T01:00Z,2026-09-27,Sunday,Alamo Drafthouse Lower Manhattan,New York,America/New_York,Primetime,13:00,2103:96521,914,Screen 9,2d-digital,53,41,12,77.4,,https://drafthouse.com/s/mother/v1/app/seats/2103/96521,alamo-api; unavailable=6,ALMO,,6,alamo-api
2026-09-25,alamo-2026-09-27T01:45Z,2026-09-27T01:45:09.903872+00:00,2026-09-27T01:00Z,2026-09-27,Sunday,Alamo Drafthouse Lower Manhattan,New York,America/New_York,Primetime,14:15,2103:97824,989,Screen 7,2d-digital,43,35,8,81.4,,https://drafthouse.com/s/mother/v1/app/seats/2103/97824,alamo-api; unavailable=3,ALMO,,3,alamo-api
2026-09-25,alamo-2026-09-27T01:45Z,2026-09-27T01:45:09.903872+00:00,2026-09-27T01:00Z,2026-09-27,Sunday,Alamo Drafthouse Lower Manhattan,New York,America/New_York,Primetime,14:30,2103:98115,1004,Screen 2,2d-digital,43,29,14,67.4,,https://drafthouse.com/s/mother/v1/app/seats/2103/98115,alamo-api; unavailable=3,ALMO,,3,alamo-api
2026-09-25,alamo-2026-09-27T01:45Z,2026-09-27T01:45:09.903872+00:00,2026-09-27T01:00Z,2026-09-27,Sunday,Alamo Drafthouse Lower Manhattan,New York,America/New_York,Primetime,16:00,2103:96508,1094,Screen 9,2d-digital,53,42,11,79.2,,https://drafthouse.com/s/mother/v1/app/seats/2103/96508,alamo-api; unavailable=6,ALMO,,6,alamo-api
2026-09-25,alamo-2026-09-27T01:45Z,2026-09-27T01:45:09.903872+00:00,2026-09-27T01:00Z,2026-09-27,Sunday,Alamo Drafthouse Staten Island,Staten Island,America/New_York,Primetime,16:00,2102:45376,1094,Screen 2,2d-digital,66,26,40,39.4,,https://drafthouse.com/s/mother/v1/app/seats/2102/45376,alamo-api; unavailable=4,ALMO,,4,alamo-api
2026-09-25,alamo-2026-09-27T01:45Z,2026-09-27T01:45:09.903872+00:00,2026-09-27T01:00Z,2026-09-27,Sunday,Alamo Drafthouse Downtown Brooklyn,Brooklyn,America/New_York,Primetime,16:15,2101:136651,1109,Screen 7,2d-digital,172,161,11,93.6,,https://drafthouse.com/s/mother/v1/app/seats/2101/136651,alamo-api; unavailable=7,ALMO,,7,alamo-api
2026-09-25,alamo-2026-09-27T01:45Z,2026-09-27T01:45:09.903872+00:00,2026-09-27T01:00Z,2026-09-27,Sunday,Alamo Drafthouse Lower Manhattan,New York,America/New_York,Primetime,17:15,2103:97825,1169,Screen 7,2d-digital,43,33,10,76.7,,https://drafthouse.com/s/mother/v1/app/seats/2103/97825,alamo-api; unavailable=3,ALMO,,3,alamo-api
2026-09-25,alamo-2026-09-27T01:45Z,2026-09-27T01:45:09.903872+00:00,2026-09-27T01:00Z,2026-09-27,Sunday,Alamo Drafthouse Lower Manhattan,New York,America/New_York,Primetime,17:30,2103:98118,1184,Screen 2,2d-digital,43,29,14,67.4,,https://drafthouse.com/s/mother/v1/app/seats/2103/98118,alamo-api; unavailable=3,ALMO,,3,alamo-api
2026-09-25,alamo-2026-09-27T01:45Z,2026-09-27T01:45:09.903872+00:00,2026-09-27T01:00Z,2026-09-27,Sunday,Alamo Drafthouse Lower Manhattan,New York,America/New_York,Primetime,18:00,2103:98050,1214,Screen 14,2d-digital,29,17,12,58.6,,https://drafthouse.com/s/mother/v1/app/seats/2103/98050,alamo-api; unavailable=2,ALMO,,2,alamo-api
2026-09-25,alamo-2026-09-27T01:45Z,2026-09-27T01:45:09.903872+00:00,2026-09-27T01:00Z,2026-09-27,Sunday,Alamo Drafthouse Staten Island,Staten Island,America/New_York,Primetime,19:00,2102:45377,1274,Screen 2,2d-digital,66,17,49,25.8,,https://drafthouse.com/s/mother/v1/app/seats/2102/45377,alamo-api; unavailable=4,ALMO,,4,alamo-api
2026-09-25,alamo-2026-09-27T01:45Z,2026-09-27T01:45:09.903872+00:00,2026-09-27T01:00Z,2026-09-27,Sunday,Alamo Drafthouse Lower Manhattan,New York,America/New_York,Primetime,19:00,2103:96507,1274,Screen 9,2d-digital,53,44,9,83.0,,https://drafthouse.com/s/mother/v1/app/seats/2103/96507,alamo-api; unavailable=6,ALMO,,6,alamo-api
2026-09-25,alamo-2026-09-27T01:45Z,2026-09-27T01:45:09.903872+00:00,2026-09-27T01:00Z,2026-09-27,Sunday,Alamo Drafthouse Downtown Brooklyn,Brooklyn,America/New_York,Primetime,19:15,2101:136652,1289,Screen 4,2d-digital,101,99,2,98.0,,https://drafthouse.com/s/mother/v1/app/seats/2101/136652,alamo-api; unavailable=6,ALMO,,6,alamo-api
2026-09-25,alamo-2026-09-27T01:45Z,2026-09-27T01:45:09.903872+00:00,2026-09-27T01:00Z,2026-09-27,Sunday,Alamo Drafthouse Downtown Brooklyn,Brooklyn,America/New_York,Primetime,19:30,2101:138033,1304,Screen 7,2d-digital,172,147,25,85.5,,https://drafthouse.com/s/mother/v1/app/seats/2101/138033,alamo-api; unavailable=7,ALMO,,7,alamo-api
2026-09-25,alamo-2026-09-27T01:45Z,2026-09-27T01:45:09.903872+00:00,2026-09-27T01:00Z,2026-09-27,Sunday,Alamo Drafthouse Lower Manhattan,New York,America/New_York,Primetime,20:15,2103:97826,1349,Screen 7,2d-digital,43,31,12,72.1,,https://drafthouse.com/s/mother/v1/app/seats/2103/97826,alamo-api; unavailable=3,ALMO,,3,alamo-api
2026-09-25,alamo-2026-09-27T01:45Z,2026-09-27T01:45:09.903872+00:00,2026-09-27T01:00Z,2026-09-27,Sunday,Alamo Drafthouse Lower Manhattan,New York,America/New_York,Primetime,20:30,2103:98117,1364,Screen 2,2d-digital,43,25,18,58.1,,https://drafthouse.com/s/mother/v1/app/seats/2103/98117,alamo-api; unavailable=3,ALMO,,3,alamo-api
2026-09-25,alamo-2026-09-27T01:45Z,2026-09-27T01:45:09.903872+00:00,2026-09-27T01:00Z,2026-09-27,Sunday,Alamo Drafthouse Lower Manhattan,New York,America/New_York,Primetime,22:00,2103:96506,1454,Screen 9,2d-digital,53,13,40,24.5,,https://drafthouse.com/s/mother/v1/app/seats/2103/96506,alamo-api; unavailable=6,ALMO,,6,alamo-api
2026-09-25,alamo-2026-09-27T01:45Z,2026-09-27T01:45:09.903872+00:00,2026-09-27T01:00Z,2026-09-27,Sunday,Alamo Drafthouse Downtown Brooklyn,Brooklyn,America/New_York,Primetime,22:15,2101:136653,1469,Screen 4,open-caption,101,44,57,43.6,,https://drafthouse.com/s/mother/v1/app/seats/2101/136653,alamo-api; unavailable=6,ALMO,,6,alamo-api
2026-09-25,alamo-2026-09-27T01:45Z,2026-09-27T01:45:09.903872+00:00,2026-09-27T01:00Z,2026-09-27,Sunday,Alamo Drafthouse Downtown Brooklyn,Brooklyn,America/New_York,Primetime,22:30,2101:138034,1484,Screen 7,2d-digital,172,23,149,13.4,,https://drafthouse.com/s/mother/v1/app/seats/2101/138034,alamo-api; unavailable=7,ALMO,,7,alamo-api
2026-09-25,alamo-2026-09-27T01:45Z,2026-09-27T01:45:09.903872+00:00,2026-09-27T01:00Z,2026-09-26,Saturday,Alamo Drafthouse Woodbridge,Woodbridge,America/New_York,Forgotten Island,22:20,0502:130653,34,Screen 6,2d-digital,82,15,67,18.3,,https://drafthouse.com/s/mother/v1/app/seats/0502/130653,alamo-api; unavailable=0,ALMO,,0,alamo-api
2026-09-25,alamo-2026-09-27T01:45Z,2026-09-27T01:45:09.903872+00:00,2026-09-27T01:00Z,2026-09-27,Sunday,Alamo Drafthouse Woodbridge,Woodbridge,America/New_York,Forgotten Island,10:20,0502:130004,754,Screen 2,2d-digital,201,17,184,8.5,,https://drafthouse.com/s/mother/v1/app/seats/0502/130004,alamo-api; unavailable=0,ALMO,,0,alamo-api
2026-09-25,alamo-2026-09-27T01:45Z,2026-09-27T01:45:09.903872+00:00,2026-09-27T01:00Z,2026-09-27,Sunday,Alamo Drafthouse Loudoun,Ashburn,America/New_York,Forgotten Island,10:55,0501:230314,789,Screen 9,2d-digital,222,28,194,12.6,,https://drafthouse.com/s/mother/v1/app/seats/0501/230314,alamo-api; unavailable=0,ALMO,,0,alamo-api
2026-09-25,alamo-2026-09-27T01:45Z,2026-09-27T01:45:09.903872+00:00,2026-09-27T01:00Z,2026-09-27,Sunday,Alamo Drafthouse Woodbridge,Woodbridge,America/New_York,Forgotten Island,13:20,0502:130674,934,Screen 2,open-caption,201,27,174,13.4,,https://drafthouse.com/s/mother/v1/app/seats/0502/130674,alamo-api; unavailable=0,ALMO,,0,alamo-api
2026-09-25,alamo-2026-09-27T01:45Z,2026-09-27T01:45:09.903872+00:00,2026-09-27T01:00Z,2026-09-27,Sunday,Alamo Drafthouse Loudoun,Ashburn,America/New_York,Forgotten Island,13:30,0501:230977,944,Screen 4,open-caption,99,4,95,4.0,,https://drafthouse.com/s/mother/v1/app/seats/0501/230977,alamo-api; unavailable=0,ALMO,,0,alamo-api
2026-09-25,alamo-2026-09-27T01:45Z,2026-09-27T01:45:09.903872+00:00,2026-09-27T01:00Z,2026-09-27,Sunday,Alamo Drafthouse Woodbridge,Woodbridge,America/New_York,Forgotten Island,16:25,0502:130662,1119,Screen 2,2d-digital,201,22,179,10.9,,https://drafthouse.com/s/mother/v1/app/seats/0502/130662,alamo-api; unavailable=0,ALMO,,0,alamo-api
2026-09-25,alamo-2026-09-27T01:45Z,2026-09-27T01:45:09.903872+00:00,2026-09-27T01:00Z,2026-09-27,Sunday,Alamo Drafthouse Loudoun,Ashburn,America/New_York,Forgotten Island,16:30,0501:230962,1124,Screen 4,2d-digital,99,10,89,10.1,,https://drafthouse.com/s/mother/v1/app/seats/0501/230962,alamo-api; unavailable=0,ALMO,,0,alamo-api
2026-09-25,alamo-2026-09-27T01:45Z,2026-09-27T01:45:09.903872+00:00,2026-09-27T01:00Z,2026-09-27,Sunday,Alamo Drafthouse Woodbridge,Woodbridge,America/New_York,Forgotten Island,18:30,0502:130669,1244,Screen 6,2d-digital,82,4,78,4.9,,https://drafthouse.com/s/mother/v1/app/seats/0502/130669,alamo-api; unavailable=0,ALMO,,0,alamo-api
2026-09-25,alamo-2026-09-27T01:45Z,2026-09-27T01:45:09.903872+00:00,2026-09-27T01:00Z,2026-09-27,Sunday,Alamo Drafthouse Loudoun,Ashburn,America/New_York,Forgotten Island,19:30,0501:230942,1304,Screen 4,2d-digital,99,2,97,2.0,,https://drafthouse.com/s/mother/v1/app/seats/0501/230942,alamo-api; unavailable=0,ALMO,,0,alamo-api
2026-09-25,alamo-2026-09-27T01:45Z,2026-09-27T01:45:09.903872+00:00,2026-09-27T01:00Z,2026-09-27,Sunday,Alamo Drafthouse Woodbridge,Woodbridge,America/New_York,Forgotten Island,20:00,0502:130676,1334,Screen 7,2d-digital,82,2,80,2.4,,https://drafthouse.com/s/mother/v1/app/seats/0502/130676,alamo-api; unavailable=0,ALMO,,0,alamo-api
2026-09-25,alamo-2026-09-27T01:45Z,2026-09-27T01:45:09.903872+00:00,2026-09-27T01:00Z,2026-09-26,Saturday,Alamo Drafthouse Woodbridge,Woodbridge,America/New_York,Heart of the Beast,21:50,0502:130828,4,Screen 2,2d-digital,201,25,176,12.4,,https://drafthouse.com/s/mother/v1/app/seats/0502/130828,alamo-api; unavailable=0,ALMO,,0,alamo-api
2026-09-25,alamo-2026-09-27T01:45Z,2026-09-27T01:45:09.903872+00:00,2026-09-27T01:00Z,2026-09-26,Saturday,Alamo Drafthouse Loudoun,Ashburn,America/New_York,Heart of the Beast,22:30,0501:230918,44,Screen 6,2d-digital,151,9,142,6.0,,https://drafthouse.com/s/mother/v1/app/seats/0501/230918,alamo-api; unavailable=0,ALMO,,0,alamo-api
2026-09-25,alamo-2026-09-27T01:45Z,2026-09-27T01:45:09.903872+00:00,2026-09-27T01:00Z,2026-09-27,Sunday,Alamo Drafthouse Woodbridge,Woodbridge,America/New_York,Heart of the Beast,10:10,0502:130590,744,Screen 4,2d-digital,86,13,73,15.1,,https://drafthouse.com/s/mother/v1/app/seats/0502/130590,alamo-api; unavailable=1,ALMO,,1,alamo-api
2026-09-25,alamo-2026-09-27T01:45Z,2026-09-27T01:45:09.903872+00:00,2026-09-27T01:00Z,2026-09-27,Sunday,Alamo Drafthouse Loudoun,Ashburn,America/New_York,Heart of the Beast,10:15,0501:230966,749,Screen 5,2d-digital,99,6,93,6.1,,https://drafthouse.com/s/mother/v1/app/seats/0501/230966,alamo-api; unavailable=0,ALMO,,0,alamo-api
2026-09-25,alamo-2026-09-27T01:45Z,2026-09-27T01:45:09.903872+00:00,2026-09-27T01:00Z,2026-09-27,Sunday,Alamo Drafthouse Woodbridge,Woodbridge,America/New_York,Heart of the Beast,13:10,0502:130661,924,Screen 4,2d-digital,86,15,71,17.4,,https://drafthouse.com/s/mother/v1/app/seats/0502/130661,alamo-api; unavailable=1,ALMO,,1,alamo-api
2026-09-25,alamo-2026-09-27T01:45Z,2026-09-27T01:45:09.903872+00:00,2026-09-27T01:00Z,2026-09-27,Sunday,Alamo Drafthouse Loudoun,Ashburn,America/New_York,Heart of the Beast,13:15,0501:230976,929,Screen 5,open-caption,99,7,92,7.1,,https://drafthouse.com/s/mother/v1/app/seats/0501/230976,alamo-api; unavailable=0,ALMO,,0,alamo-api
2026-09-25,alamo-2026-09-27T01:45Z,2026-09-27T01:45:09.903872+00:00,2026-09-27T01:00Z,2026-09-27,Sunday,Alamo Drafthouse Woodbridge,Woodbridge,America/New_York,Heart of the Beast,16:00,0502:130678,1094,Screen 4,open-caption,86,11,75,12.8,,https://drafthouse.com/s/mother/v1/app/seats/0502/130678,alamo-api; unavailable=1,ALMO,,1,alamo-api
2026-09-25,alamo-2026-09-27T01:45Z,2026-09-27T01:45:09.903872+00:00,2026-09-27T01:00Z,2026-09-27,Sunday,Alamo Drafthouse Loudoun,Ashburn,America/New_York,Heart of the Beast,16:15,0501:230964,1109,Screen 5,2d-digital,99,14,85,14.1,,https://drafthouse.com/s/mother/v1/app/seats/0501/230964,alamo-api; unavailable=0,ALMO,,0,alamo-api
2026-09-25,alamo-2026-09-27T01:45Z,2026-09-27T01:45:09.903872+00:00,2026-09-27T01:00Z,2026-09-27,Sunday,Alamo Drafthouse Loudoun,Ashburn,America/New_York,Heart of the Beast,19:15,0501:230945,1289,Screen 5,2d-digital,99,4,95,4.0,,https://drafthouse.com/s/mother/v1/app/seats/0501/230945,alamo-api; unavailable=0,ALMO,,0,alamo-api
2026-09-25,alamo-2026-09-27T01:45Z,2026-09-27T01:45:09.903872+00:00,2026-09-27T01:00Z,2026-09-27,Sunday,Alamo Drafthouse Woodbridge,Woodbridge,America/New_York,Heart of the Beast,19:30,0502:130819,1304,Screen 2,2d-digital,201,4,197,2.0,,https://drafthouse.com/s/mother/v1/app/seats/0502/130819,alamo-api; unavailable=0,ALMO,,0,alamo-api
2026-09-25,alamo-2026-09-27T01:45Z,2026-09-27T01:45:09.903872+00:00,2026-09-27T01:00Z,2026-09-26,Saturday,Alamo Drafthouse Loudoun,Ashburn,America/New_York,Primetime,22:30,0501:230938,44,Screen 7,2d-digital,88,12,76,13.6,,https://drafthouse.com/s/mother/v1/app/seats/0501/230938,alamo-api; unavailable=0,ALMO,,0,alamo-api
2026-09-25,alamo-2026-09-27T01:45Z,2026-09-27T01:45:09.903872+00:00,2026-09-27T01:00Z,2026-09-27,Sunday,Alamo Drafthouse Loudoun,Ashburn,America/New_York,Primetime,11:15,0501:230975,809,Screen 3,open-caption,149,6,143,4.0,,https://drafthouse.com/s/mother/v1/app/seats/0501/230975,alamo-api; unavailable=2,ALMO,,2,alamo-api
2026-09-25,alamo-2026-09-27T01:45Z,2026-09-27T01:45:09.903872+00:00,2026-09-27T01:00Z,2026-09-27,Sunday,Alamo Drafthouse Loudoun,Ashburn,America/New_York,Primetime,14:10,0501:230948,984,Screen 3,2d-digital,149,13,136,8.7,,https://drafthouse.com/s/mother/v1/app/seats/0501/230948,alamo-api; unavailable=2,ALMO,,2,alamo-api
2026-09-25,alamo-2026-09-27T01:45Z,2026-09-27T01:45:09.903872+00:00,2026-09-27T01:00Z,2026-09-27,Sunday,Alamo Drafthouse Loudoun,Ashburn,America/New_York,Primetime,17:05,0501:230946,1159,Screen 3,2d-digital,149,18,131,12.1,,https://drafthouse.com/s/mother/v1/app/seats/0501/230946,alamo-api; unavailable=2,ALMO,,2,alamo-api
2026-09-25,alamo-2026-09-27T01:45Z,2026-09-27T01:45:09.903872+00:00,2026-09-27T01:00Z,2026-09-27,Sunday,Alamo Drafthouse Loudoun,Ashburn,America/New_York,Primetime,19:00,0501:230974,1274,Screen 1,2d-digital,49,4,45,8.2,,https://drafthouse.com/s/mother/v1/app/seats/0501/230974,alamo-api; unavailable=0,ALMO,,0,alamo-api
2026-09-25,alamo-2026-09-27T01:45Z,2026-09-27T01:45:09.903872+00:00,2026-09-27T01:00Z,2026-09-27,Sunday,Alamo Drafthouse Loudoun,Ashburn,America/New_York,Primetime,20:00,0501:230941,1334,Screen 3,2d-digital,149,2,147,1.3,,https://drafthouse.com/s/mother/v1/app/seats/0501/230941,alamo-api; unavailable=2,ALMO,,2,alamo-api
2026-09-25,alamo-2026-09-27T01:45Z,2026-09-27T01:45:09.903872+00:00,2026-09-27T01:00Z,2026-09-26,Saturday,Alamo Drafthouse La Vista,La Vista,America/Chicago,Forgotten Island,21:30,1601:106108,44,Screen 5,2d-digital,140,0,140,0.0,,https://drafthouse.com/s/mother/v1/app/seats/1601/106108,alamo-api; unavailable=4,ALMO,,4,alamo-api
2026-09-25,alamo-2026-09-27T01:45Z,2026-09-27T01:45:09.903872+00:00,2026-09-27T01:00Z,2026-09-27,Sunday,Alamo Drafthouse La Vista,La Vista,America/Chicago,Forgotten Island,12:45,1601:106114,959,Screen 5,2d-digital,140,5,135,3.6,,https://drafthouse.com/s/mother/v1/app/seats/1601/106114,alamo-api; unavailable=4,ALMO,,4,alamo-api
2026-09-25,alamo-2026-09-27T01:45Z,2026-09-27T01:45:09.903872+00:00,2026-09-27T01:00Z,2026-09-27,Sunday,Alamo Drafthouse La Vista,La Vista,America/Chicago,Forgotten Island,15:45,1601:106113,1139,Screen 5,2d-digital,140,11,129,7.9,,https://drafthouse.com/s/mother/v1/app/seats/1601/106113,alamo-api; unavailable=4,ALMO,,4,alamo-api
2026-09-25,alamo-2026-09-27T01:45Z,2026-09-27T01:45:09.903872+00:00,2026-09-27T01:00Z,2026-09-27,Sunday,Alamo Drafthouse La Vista,La Vista,America/Chicago,Forgotten Island,18:45,1601:106111,1319,Screen 5,2d-digital,140,4,136,2.9,,https://drafthouse.com/s/mother/v1/app/seats/1601/106111,alamo-api; unavailable=4,ALMO,,4,alamo-api
2026-09-25,alamo-2026-09-27T01:45Z,2026-09-27T01:45:09.903872+00:00,2026-09-27T01:00Z,2026-09-26,Saturday,Alamo Drafthouse La Vista,La Vista,America/Chicago,Heart of the Beast,22:15,1601:105808,89,Screen 8,2d-digital,191,3,188,1.6,,https://drafthouse.com/s/mother/v1/app/seats/1601/105808,alamo-api; unavailable=5,ALMO,,5,alamo-api
2026-09-25,alamo-2026-09-27T01:45Z,2026-09-27T01:45:09.903872+00:00,2026-09-27T01:00Z,2026-09-27,Sunday,Alamo Drafthouse La Vista,La Vista,America/Chicago,Heart of the Beast,13:00,1601:105813,974,Screen 8,2d-digital,191,10,181,5.2,,https://drafthouse.com/s/mother/v1/app/seats/1601/105813,alamo-api; unavailable=5,ALMO,,5,alamo-api
2026-09-25,alamo-2026-09-27T01:45Z,2026-09-27T01:45:09.903872+00:00,2026-09-27T01:00Z,2026-09-27,Sunday,Alamo Drafthouse La Vista,La Vista,America/Chicago,Heart of the Beast,16:00,1601:105810,1154,Screen 8,2d-digital,191,4,187,2.1,,https://drafthouse.com/s/mother/v1/app/seats/1601/105810,alamo-api; unavailable=5,ALMO,,5,alamo-api
2026-09-25,alamo-2026-09-27T01:45Z,2026-09-27T01:45:09.903872+00:00,2026-09-27T01:00Z,2026-09-27,Sunday,Alamo Drafthouse La Vista,La Vista,America/Chicago,Heart of the Beast,19:00,1601:105811,1334,Screen 8,2d-digital,191,13,178,6.8,,https://drafthouse.com/s/mother/v1/app/seats/1601/105811,alamo-api; unavailable=5,ALMO,,5,alamo-api
2026-09-25,alamo-2026-09-27T01:45Z,2026-09-27T01:45:09.903872+00:00,2026-09-27T01:00Z,2026-09-26,Saturday,Alamo Drafthouse La Vista,La Vista,America/Chicago,Primetime,22:30,1601:105853,104,Screen 4,2d-digital,126,16,110,12.7,,https://drafthouse.com/s/mother/v1/app/seats/1601/105853,alamo-api; unavailable=4,ALMO,,4,alamo-api
2026-09-25,alamo-2026-09-27T01:45Z,2026-09-27T01:45:09.903872+00:00,2026-09-27T01:00Z,2026-09-27,Sunday,Alamo Drafthouse La Vista,La Vista,America/Chicago,Primetime,12:30,1601:105858,944,Screen 4,2d-digital,126,25,101,19.8,,https://drafthouse.com/s/mother/v1/app/seats/1601/105858,alamo-api; unavailable=4,ALMO,,4,alamo-api
2026-09-25,alamo-2026-09-27T01:45Z,2026-09-27T01:45:09.903872+00:00,2026-09-27T01:00Z,2026-09-27,Sunday,Alamo Drafthouse La Vista,La Vista,America/Chicago,Primetime,15:30,1601:105859,1124,Screen 4,2d-digital,126,8,118,6.3,,https://drafthouse.com/s/mother/v1/app/seats/1601/105859,alamo-api; unavailable=4,ALMO,,4,alamo-api
2026-09-25,alamo-2026-09-27T01:45Z,2026-09-27T01:45:09.903872+00:00,2026-09-27T01:00Z,2026-09-27,Sunday,Alamo Drafthouse La Vista,La Vista,America/Chicago,Primetime,18:30,1601:105860,1304,Screen 4,2d-digital,126,20,106,15.9,,https://drafthouse.com/s/mother/v1/app/seats/1601/105860,alamo-api; unavailable=4,ALMO,,4,alamo-api
2026-09-25,alamo-2026-09-27T01:45Z,2026-09-27T01:45:09.903872+00:00,2026-09-27T01:00Z,2026-09-27,Sunday,Alamo Drafthouse Raleigh,Raleigh,America/New_York,Forgotten Island,11:00,2201:149844,794,Screen 6,hdr,105,24,81,22.9,,https://drafthouse.com/s/mother/v1/app/seats/2201/149844,alamo-api; unavailable=4,ALMO,,4,alamo-api
2026-09-25,alamo-2026-09-27T01:45Z,2026-09-27T01:45:09.903872+00:00,2026-09-27T01:00Z,2026-09-27,Sunday,Alamo Drafthouse Raleigh,Raleigh,America/New_York,Forgotten Island,14:30,2201:151113,1004,Screen 8,2d-digital,47,8,39,17.0,,https://drafthouse.com/s/mother/v1/app/seats/2201/151113,alamo-api; unavailable=2,ALMO,,2,alamo-api
2026-09-25,alamo-2026-09-27T01:45Z,2026-09-27T01:45:09.903872+00:00,2026-09-27T01:00Z,2026-09-27,Sunday,Alamo Drafthouse Raleigh,Raleigh,America/New_York,Forgotten Island,18:30,2201:151114,1244,Screen 9,2d-digital,45,15,30,33.3,,https://drafthouse.com/s/mother/v1/app/seats/2201/151114,alamo-api; unavailable=4,ALMO,,4,alamo-api
2026-09-25,alamo-2026-09-27T01:45Z,2026-09-27T01:45:09.903872+00:00,2026-09-27T01:00Z,2026-09-27,Sunday,Alamo Drafthouse Raleigh,Raleigh,America/New_York,Forgotten Island,21:15,2201:151115,1409,Screen 8,2d-digital,47,0,47,0.0,,https://drafthouse.com/s/mother/v1/app/seats/2201/151115,alamo-api; unavailable=2,ALMO,,2,alamo-api
2026-09-25,alamo-2026-09-27T01:45Z,2026-09-27T01:45:09.903872+00:00,2026-09-27T01:00Z,2026-09-26,Saturday,Alamo Drafthouse Raleigh,Raleigh,America/New_York,Heart of the Beast,22:30,2201:151077,44,Screen 7,2d-digital,46,17,29,37.0,,https://drafthouse.com/s/mother/v1/app/seats/2201/151077,alamo-api; unavailable=3,ALMO,,3,alamo-api
2026-09-25,alamo-2026-09-27T01:45Z,2026-09-27T01:45:09.903872+00:00,2026-09-27T01:00Z,2026-09-27,Sunday,Alamo Drafthouse Raleigh,Raleigh,America/New_York,Heart of the Beast,11:30,2201:151119,824,Screen 8,2d-digital,47,11,36,23.4,,https://drafthouse.com/s/mother/v1/app/seats/2201/151119,alamo-api; unavailable=2,ALMO,,2,alamo-api
2026-09-25,alamo-2026-09-27T01:45Z,2026-09-27T01:45:09.903872+00:00,2026-09-27T01:00Z,2026-09-27,Sunday,Alamo Drafthouse Raleigh,Raleigh,America/New_York,Heart of the Beast,14:00,2201:149843,974,Screen 6,hdr,105,38,67,36.2,,https://drafthouse.com/s/mother/v1/app/seats/2201/149843,alamo-api; unavailable=4,ALMO,,4,alamo-api
2026-09-25,alamo-2026-09-27T01:45Z,2026-09-27T01:45:09.903872+00:00,2026-09-27T01:00Z,2026-09-27,Sunday,Alamo Drafthouse Raleigh,Raleigh,America/New_York,Heart of the Beast,18:00,2201:151117,1214,Screen 8,2d-digital,47,5,42,10.6,,https://drafthouse.com/s/mother/v1/app/seats/2201/151117,alamo-api; unavailable=2,ALMO,,2,alamo-api
2026-09-25,alamo-2026-09-27T01:45Z,2026-09-27T01:45:09.903872+00:00,2026-09-27T01:00Z,2026-09-27,Sunday,Alamo Drafthouse Raleigh,Raleigh,America/New_York,Heart of the Beast,22:15,2201:151116,1469,Screen 7,2d-digital,46,2,44,4.3,,https://drafthouse.com/s/mother/v1/app/seats/2201/151116,alamo-api; unavailable=3,ALMO,,3,alamo-api
2026-09-25,alamo-2026-09-27T01:45Z,2026-09-27T01:45:09.903872+00:00,2026-09-27T01:00Z,2026-09-26,Saturday,Alamo Drafthouse Raleigh,Raleigh,America/New_York,Primetime,22:30,2201:149877,44,Screen 5,2d-digital,72,45,27,62.5,,https://drafthouse.com/s/mother/v1/app/seats/2201/149877,alamo-api; unavailable=4,ALMO,,4,alamo-api
2026-09-25,alamo-2026-09-27T01:45Z,2026-09-27T01:45:09.903872+00:00,2026-09-27T01:00Z,2026-09-26,Saturday,Alamo Drafthouse Raleigh,Raleigh,America/New_York,Primetime,22:45,2201:151093,59,Screen 10,2d-digital,47,25,22,53.2,,https://drafthouse.com/s/mother/v1/app/seats/2201/151093,alamo-api; unavailable=2,ALMO,,2,alamo-api
2026-09-25,alamo-2026-09-27T01:45Z,2026-09-27T01:45:09.903872+00:00,2026-09-27T01:00Z,2026-09-27,Sunday,Alamo Drafthouse Raleigh,Raleigh,America/New_York,Primetime,13:00,2201:149879,914,Screen 1,2d-digital,96,58,38,60.4,,https://drafthouse.com/s/mother/v1/app/seats/2201/149879,alamo-api; unavailable=5,ALMO,,5,alamo-api
2026-09-25,alamo-2026-09-27T01:45Z,2026-09-27T01:45:09.903872+00:00,2026-09-27T01:00Z,2026-09-27,Sunday,Alamo Drafthouse Raleigh,Raleigh,America/New_York,Primetime,14:30,2201:151255,1004,Screen 11,2d-digital,47,11,36,23.4,,https://drafthouse.com/s/mother/v1/app/seats/2201/151255,alamo-api; unavailable=2,ALMO,,2,alamo-api
2026-09-25,alamo-2026-09-27T01:45Z,2026-09-27T01:45:09.903872+00:00,2026-09-27T01:00Z,2026-09-27,Sunday,Alamo Drafthouse Raleigh,Raleigh,America/New_York,Primetime,14:30,2201:151128,1004,Screen 5,2d-digital,72,31,41,43.1,,https://drafthouse.com/s/mother/v1/app/seats/2201/151128,alamo-api; unavailable=4,ALMO,,4,alamo-api
2026-09-25,alamo-2026-09-27T01:45Z,2026-09-27T01:45:09.903872+00:00,2026-09-27T01:00Z,2026-09-27,Sunday,Alamo Drafthouse Raleigh,Raleigh,America/New_York,Primetime,16:00,2201:149880,1094,Screen 1,2d-digital,96,54,42,56.2,,https://drafthouse.com/s/mother/v1/app/seats/2201/149880,alamo-api; unavailable=5,ALMO,,5,alamo-api
2026-09-25,alamo-2026-09-27T01:45Z,2026-09-27T01:45:09.903872+00:00,2026-09-27T01:00Z,2026-09-27,Sunday,Alamo Drafthouse Raleigh,Raleigh,America/New_York,Primetime,17:30,2201:151124,1184,Screen 11,2d-digital,47,25,22,53.2,,https://drafthouse.com/s/mother/v1/app/seats/2201/151124,alamo-api; unavailable=2,ALMO,,2,alamo-api
2026-09-25,alamo-2026-09-27T01:45Z,2026-09-27T01:45:09.903872+00:00,2026-09-27T01:00Z,2026-09-27,Sunday,Alamo Drafthouse Raleigh,Raleigh,America/New_York,Primetime,19:00,2201:149881,1274,Screen 1,2d-digital,96,74,22,77.1,,https://drafthouse.com/s/mother/v1/app/seats/2201/149881,alamo-api; unavailable=5,ALMO,,5,alamo-api
2026-09-25,alamo-2026-09-27T01:45Z,2026-09-27T01:45:09.903872+00:00,2026-09-27T01:00Z,2026-09-27,Sunday,Alamo Drafthouse Raleigh,Raleigh,America/New_York,Primetime,22:15,2201:149882,1469,Screen 1,2d-digital,96,33,63,34.4,,https://drafthouse.com/s/mother/v1/app/seats/2201/149882,alamo-api; unavailable=5,ALMO,,5,alamo-api
2026-09-25,alamo-2026-09-27T01:45Z,2026-09-27T01:45:09.903872+00:00,2026-09-27T01:00Z,2026-09-27,Sunday,Alamo Drafthouse Raleigh,Raleigh,America/New_York,Primetime,22:30,2201:151123,1484,Screen 10,2d-digital,47,2,45,4.3,,https://drafthouse.com/s/mother/v1/app/seats/2201/151123,alamo-api; unavailable=2,ALMO,,2,alamo-api
2026-09-25,alamo-2026-09-27T01:45Z,2026-09-27T01:45:09.903872+00:00,2026-09-27T01:00Z,2026-09-26,Saturday,Alamo Drafthouse Park North,San Antonio,America/Chicago,Forgotten Island,21:00,0202:223312,14,Screen 2,2d-digital,86,12,74,14.0,,https://drafthouse.com/s/mother/v1/app/seats/0202/223312,alamo-api; unavailable=4,ALMO,,4,alamo-api
2026-09-25,alamo-2026-09-27T01:45Z,2026-09-27T01:45:09.903872+00:00,2026-09-27T01:00Z,2026-09-26,Saturday,Alamo Drafthouse Stone Oak,San Antonio,America/Chicago,Forgotten Island,22:00,0203:150015,74,Screen 1,2d-digital,128,2,126,1.6,,https://drafthouse.com/s/mother/v1/app/seats/0203/150015,alamo-api; unavailable=8,ALMO,,8,alamo-api
2026-09-25,alamo-2026-09-27T01:45Z,2026-09-27T01:45:09.903872+00:00,2026-09-27T01:00Z,2026-09-27,Sunday,Alamo Drafthouse Park North,San Antonio,America/Chicago,Forgotten Island,11:00,0202:222738,854,Screen 6,hdr,141,15,126,10.6,,https://drafthouse.com/s/mother/v1/app/seats/0202/222738,alamo-api; unavailable=6,ALMO,,6,alamo-api
2026-09-25,alamo-2026-09-27T01:45Z,2026-09-27T01:45:09.903872+00:00,2026-09-27T01:00Z,2026-09-27,Sunday,Alamo Drafthouse Stone Oak,San Antonio,America/Chicago,Forgotten Island,13:00,0203:149612,974,Screen 2,hdr,136,33,103,24.3,,https://drafthouse.com/s/mother/v1/app/seats/0203/149612,alamo-api; unavailable=9,ALMO,,9,alamo-api
2026-09-25,alamo-2026-09-27T01:45Z,2026-09-27T01:45:09.903872+00:00,2026-09-27T01:00Z,2026-09-27,Sunday,Alamo Drafthouse Park North,San Antonio,America/Chicago,Forgotten Island,15:00,0202:223333,1094,Screen 8,2d-digital,92,10,82,10.9,,https://drafthouse.com/s/mother/v1/app/seats/0202/223333,alamo-api; unavailable=4,ALMO,,4,alamo-api
2026-09-25,alamo-2026-09-27T01:45Z,2026-09-27T01:45:09.903872+00:00,2026-09-27T01:00Z,2026-09-27,Sunday,Alamo Drafthouse Stone Oak,San Antonio,America/Chicago,Forgotten Island,16:00,0203:149611,1154,Screen 2,hdr,136,10,126,7.4,,https://drafthouse.com/s/mother/v1/app/seats/0203/149611,alamo-api; unavailable=9,ALMO,,9,alamo-api
2026-09-25,alamo-2026-09-27T01:45Z,2026-09-27T01:45:09.903872+00:00,2026-09-27T01:00Z,2026-09-27,Sunday,Alamo Drafthouse Stone Oak,San Antonio,America/Chicago,Forgotten Island,18:00,0203:150036,1274,Screen 1,2d-digital,128,0,128,0.0,,https://drafthouse.com/s/mother/v1/app/seats/0203/150036,alamo-api; unavailable=8,ALMO,,8,alamo-api
2026-09-25,alamo-2026-09-27T01:45Z,2026-09-27T01:45:09.903872+00:00,2026-09-27T01:00Z,2026-09-27,Sunday,Alamo Drafthouse Park North,San Antonio,America/Chicago,Forgotten Island,18:15,0202:223319,1289,Screen 8,2d-digital,92,0,92,0.0,,https://drafthouse.com/s/mother/v1/app/seats/0202/223319,alamo-api; unavailable=4,ALMO,,4,alamo-api
2026-09-25,alamo-2026-09-27T01:45Z,2026-09-27T01:45:09.903872+00:00,2026-09-27T01:00Z,2026-09-27,Sunday,Alamo Drafthouse Stone Oak,San Antonio,America/Chicago,Forgotten Island,21:00,0203:150042,1454,Screen 1,2d-digital,128,0,128,0.0,,https://drafthouse.com/s/mother/v1/app/seats/0203/150042,alamo-api; unavailable=8,ALMO,,8,alamo-api
2026-09-25,alamo-2026-09-27T01:45Z,2026-09-27T01:45:09.903872+00:00,2026-09-27T01:00Z,2026-09-27,Sunday,Alamo Drafthouse Park North,San Antonio,America/Chicago,Forgotten Island,21:00,0202:223320,1454,Screen 2,2d-digital,86,2,84,2.3,,https://drafthouse.com/s/mother/v1/app/seats/0202/223320,alamo-api; unavailable=4,ALMO,,4,alamo-api
2026-09-25,alamo-2026-09-27T01:45Z,2026-09-27T01:45:09.903872+00:00,2026-09-27T01:00Z,2026-09-26,Saturday,Alamo Drafthouse Stone Oak,San Antonio,America/Chicago,Heart of the Beast,21:10,0203:150019,24,Screen 2,hdr,136,70,66,51.5,,https://drafthouse.com/s/mother/v1/app/seats/0203/150019,alamo-api; unavailable=9,ALMO,,9,alamo-api
2026-09-25,alamo-2026-09-27T01:45Z,2026-09-27T01:45:09.903872+00:00,2026-09-27T01:00Z,2026-09-26,Saturday,Alamo Drafthouse Park North,San Antonio,America/Chicago,Heart of the Beast,22:00,0202:223316,74,Screen 5,2d-digital,73,6,67,8.2,,https://drafthouse.com/s/mother/v1/app/seats/0202/223316,alamo-api; unavailable=4,ALMO,,4,alamo-api
2026-09-25,alamo-2026-09-27T01:45Z,2026-09-27T01:45:09.903872+00:00,2026-09-27T01:00Z,2026-09-27,Sunday,Alamo Drafthouse Stone Oak,San Antonio,America/Chicago,Heart of the Beast,12:00,0203:150041,914,Screen 1,2d-digital,128,33,95,25.8,,https://drafthouse.com/s/mother/v1/app/seats/0203/150041,alamo-api; unavailable=8,ALMO,,8,alamo-api
2026-09-25,alamo-2026-09-27T01:45Z,2026-09-27T01:45:09.903872+00:00,2026-09-27T01:00Z,2026-09-27,Sunday,Alamo Drafthouse Park North,San Antonio,America/Chicago,Heart of the Beast,12:15,0202:223334,929,Screen 8,2d-digital,92,2,90,2.2,,https://drafthouse.com/s/mother/v1/app/seats/0202/223334,alamo-api; unavailable=4,ALMO,,4,alamo-api
2026-09-25,alamo-2026-09-27T01:45Z,2026-09-27T01:45:09.903872+00:00,2026-09-27T01:00Z,2026-09-27,Sunday,Alamo Drafthouse Park North,San Antonio,America/Chicago,Heart of the Beast,14:00,0202:222687,1034,Screen 6,hdr,141,10,131,7.1,,https://drafthouse.com/s/mother/v1/app/seats/0202/222687,alamo-api; unavailable=6,ALMO,,6,alamo-api
2026-09-25,alamo-2026-09-27T01:45Z,2026-09-27T01:45:09.903872+00:00,2026-09-27T01:00Z,2026-09-27,Sunday,Alamo Drafthouse Stone Oak,San Antonio,America/Chicago,Heart of the Beast,15:00,0203:150035,1094,Screen 1,2d-digital,128,20,108,15.6,,https://drafthouse.com/s/mother/v1/app/seats/0203/150035,alamo-api; unavailable=8,ALMO,,8,alamo-api
2026-09-25,alamo-2026-09-27T01:45Z,2026-09-27T01:45:09.903872+00:00,2026-09-27T01:00Z,2026-09-27,Sunday,Alamo Drafthouse Park North,San Antonio,America/Chicago,Heart of the Beast,18:00,0202:223335,1274,Screen 2,2d-digital,86,7,79,8.1,,https://drafthouse.com/s/mother/v1/app/seats/0202/223335,alamo-api; unavailable=4,ALMO,,4,alamo-api
2026-09-25,alamo-2026-09-27T01:45Z,2026-09-27T01:45:09.903872+00:00,2026-09-27T01:00Z,2026-09-27,Sunday,Alamo Drafthouse Stone Oak,San Antonio,America/Chicago,Heart of the Beast,19:00,0203:149433,1334,Screen 2,hdr,136,16,120,11.8,,https://drafthouse.com/s/mother/v1/app/seats/0203/149433,alamo-api; unavailable=9,ALMO,,9,alamo-api
2026-09-25,alamo-2026-09-27T01:45Z,2026-09-27T01:45:09.903872+00:00,2026-09-27T01:00Z,2026-09-27,Sunday,Alamo Drafthouse Park North,San Antonio,America/Chicago,Heart of the Beast,21:15,0202:223338,1469,Screen 8,2d-digital,92,0,92,0.0,,https://drafthouse.com/s/mother/v1/app/seats/0202/223338,alamo-api; unavailable=4,ALMO,,4,alamo-api
2026-09-25,alamo-2026-09-27T01:45Z,2026-09-27T01:45:09.903872+00:00,2026-09-27T01:00Z,2026-09-27,Sunday,Alamo Drafthouse Stone Oak,San Antonio,America/Chicago,Heart of the Beast,22:00,0203:150054,1514,Screen 2,hdr,136,0,136,0.0,,https://drafthouse.com/s/mother/v1/app/seats/0203/150054,alamo-api; unavailable=9,ALMO,,9,alamo-api
2026-09-25,alamo-2026-09-27T01:45Z,2026-09-27T01:45:09.903872+00:00,2026-09-27T01:00Z,2026-09-26,Saturday,Alamo Drafthouse Park North,San Antonio,America/Chicago,Primetime,22:30,0202:222714,104,Screen 1,2d-digital,106,63,43,59.4,,https://drafthouse.com/s/mother/v1/app/seats/0202/222714,alamo-api; unavailable=4,ALMO,,4,alamo-api
2026-09-25,alamo-2026-09-27T01:45Z,2026-09-27T01:45:09.903872+00:00,2026-09-27T01:00Z,2026-09-27,Sunday,Alamo Drafthouse Park North,San Antonio,America/Chicago,Primetime,11:15,0202:223458,869,Screen 5,2d-digital,73,27,46,37.0,,https://drafthouse.com/s/mother/v1/app/seats/0202/223458,alamo-api; unavailable=4,ALMO,,4,alamo-api
2026-09-25,alamo-2026-09-27T01:45Z,2026-09-27T01:45:09.903872+00:00,2026-09-27T01:00Z,2026-09-27,Sunday,Alamo Drafthouse Park North,San Antonio,America/Chicago,Primetime,13:15,0202:222719,989,Screen 1,2d-digital,106,56,50,52.8,,https://drafthouse.com/s/mother/v1/app/seats/0202/222719,alamo-api; unavailable=4,ALMO,,4,alamo-api
2026-09-25,alamo-2026-09-27T01:45Z,2026-09-27T01:45:09.903872+00:00,2026-09-27T01:00Z,2026-09-27,Sunday,Alamo Drafthouse Park North,San Antonio,America/Chicago,Primetime,16:30,0202:222718,1184,Screen 1,2d-digital,106,51,55,48.1,,https://drafthouse.com/s/mother/v1/app/seats/0202/222718,alamo-api; unavailable=4,ALMO,,4,alamo-api
2026-09-25,alamo-2026-09-27T01:45Z,2026-09-27T01:45:09.903872+00:00,2026-09-27T01:00Z,2026-09-27,Sunday,Alamo Drafthouse Park North,San Antonio,America/Chicago,Primetime,19:30,0202:222716,1364,Screen 1,2d-digital,106,37,69,34.9,,https://drafthouse.com/s/mother/v1/app/seats/0202/222716,alamo-api; unavailable=4,ALMO,,4,alamo-api
2026-09-25,alamo-2026-09-27T01:45Z,2026-09-27T01:45:09.903872+00:00,2026-09-27T01:00Z,2026-09-27,Sunday,Alamo Drafthouse Park North,San Antonio,America/Chicago,Primetime,22:00,0202:223339,1514,Screen 4,2d-digital,87,2,85,2.3,,https://drafthouse.com/s/mother/v1/app/seats/0202/223339,alamo-api; unavailable=4,ALMO,,4,alamo-api
2026-09-25,alamo-2026-09-27T01:45Z,2026-09-27T01:45:09.903872+00:00,2026-09-27T01:00Z,2026-09-27,Sunday,Alamo Drafthouse Park North,San Antonio,America/Chicago,Primetime,22:30,0202:222717,1544,Screen 1,2d-digital,106,2,104,1.9,,https://drafthouse.com/s/mother/v1/app/seats/0202/222717,alamo-api; unavailable=4,ALMO,,4,alamo-api
2026-09-25,alamo-2026-09-27T01:45Z,2026-09-27T01:45:09.903872+00:00,2026-09-27T01:00Z,2026-09-26,Saturday,Alamo Drafthouse Mountain View,Mountain View,America/Los_Angeles,Forgotten Island,18:55,0803:19148,9,Screen 5,2d-digital,67,57,10,85.1,,https://drafthouse.com/s/mother/v1/app/seats/0803/19148,alamo-api; unavailable=4,ALMO,,4,alamo-api
2026-09-25,alamo-2026-09-27T01:45Z,2026-09-27T01:45:09.903872+00:00,2026-09-27T01:00Z,2026-09-26,Saturday,Alamo Drafthouse Valley Fair,Santa Clara,America/Los_Angeles,Forgotten Island,19:15,0802:21928,29,Screen 4,2d-digital,199,73,126,36.7,,https://drafthouse.com/s/mother/v1/app/seats/0802/21928,alamo-api; unavailable=6,ALMO,,6,alamo-api
2026-09-25,alamo-2026-09-27T01:45Z,2026-09-27T01:45:09.903872+00:00,2026-09-27T01:00Z,2026-09-26,Saturday,Alamo Drafthouse Valley Fair,Santa Clara,America/Los_Angeles,Forgotten Island,21:30,0802:21935,164,Screen 10,2d-digital,86,10,76,11.6,,https://drafthouse.com/s/mother/v1/app/seats/0802/21935,alamo-api; unavailable=4,ALMO,,4,alamo-api
2026-09-25,alamo-2026-09-27T01:45Z,2026-09-27T01:45:09.903872+00:00,2026-09-27T01:00Z,2026-09-26,Saturday,Alamo Drafthouse Mountain View,Mountain View,America/Los_Angeles,Forgotten Island,21:45,0803:19149,179,Screen 5,2d-digital,67,9,58,13.4,,https://drafthouse.com/s/mother/v1/app/seats/0803/19149,alamo-api; unavailable=4,ALMO,,4,alamo-api
2026-09-25,alamo-2026-09-27T01:45Z,2026-09-27T01:45:09.903872+00:00,2026-09-27T01:00Z,2026-09-27,Sunday,Alamo Drafthouse Valley Fair,Santa Clara,America/Los_Angeles,Forgotten Island,12:00,0802:21354,1034,Screen 1,the-big-show,283,13,270,4.6,,https://drafthouse.com/s/mother/v1/app/seats/0802/21354,alamo-api; unavailable=6,ALMO,,6,alamo-api
2026-09-25,alamo-2026-09-27T01:45Z,2026-09-27T01:45:09.903872+00:00,2026-09-27T01:00Z,2026-09-27,Sunday,Alamo Drafthouse Mountain View,Mountain View,America/Los_Angeles,Forgotten Island,12:15,0803:18561,1049,Screen 3,the-big-show,139,24,115,17.3,,https://drafthouse.com/s/mother/v1/app/seats/0803/18561,alamo-api; unavailable=6,ALMO,,6,alamo-api
2026-09-25,alamo-2026-09-27T01:45Z,2026-09-27T01:45:09.903872+00:00,2026-09-27T01:00Z,2026-09-27,Sunday,Alamo Drafthouse Valley Fair,Santa Clara,America/Los_Angeles,Forgotten Island,15:00,0802:21353,1214,Screen 1,the-big-show,283,19,264,6.7,,https://drafthouse.com/s/mother/v1/app/seats/0802/21353,alamo-api; unavailable=6,ALMO,,6,alamo-api
2026-09-25,alamo-2026-09-27T01:45Z,2026-09-27T01:45:09.903872+00:00,2026-09-27T01:00Z,2026-09-27,Sunday,Alamo Drafthouse Mountain View,Mountain View,America/Los_Angeles,Forgotten Island,15:10,0803:18560,1224,Screen 3,the-big-show,139,20,119,14.4,,https://drafthouse.com/s/mother/v1/app/seats/0803/18560,alamo-api; unavailable=6,ALMO,,6,alamo-api
2026-09-25,alamo-2026-09-27T01:45Z,2026-09-27T01:45:09.903872+00:00,2026-09-27T01:00Z,2026-09-27,Sunday,Alamo Drafthouse Valley Fair,Santa Clara,America/Los_Angeles,Forgotten Island,16:15,0802:21955,1289,Screen 4,2d-digital,199,17,182,8.5,,https://drafthouse.com/s/mother/v1/app/seats/0802/21955,alamo-api; unavailable=6,ALMO,,6,alamo-api
2026-09-25,alamo-2026-09-27T01:45Z,2026-09-27T01:45:09.903872+00:00,2026-09-27T01:00Z,2026-09-27,Sunday,Alamo Drafthouse Mountain View,Mountain View,America/Los_Angeles,Forgotten Island,18:55,0803:19164,1449,Screen 5,2d-digital,67,5,62,7.5,,https://drafthouse.com/s/mother/v1/app/seats/0803/19164,alamo-api; unavailable=4,ALMO,,4,alamo-api
2026-09-25,alamo-2026-09-27T01:45Z,2026-09-27T01:45:09.903872+00:00,2026-09-27T01:00Z,2026-09-27,Sunday,Alamo Drafthouse Valley Fair,Santa Clara,America/Los_Angeles,Forgotten Island,19:15,0802:21965,1469,Screen 4,2d-digital,199,2,197,1.0,,https://drafthouse.com/s/mother/v1/app/seats/0802/21965,alamo-api; unavailable=6,ALMO,,6,alamo-api
2026-09-25,alamo-2026-09-27T01:45Z,2026-09-27T01:45:09.903872+00:00,2026-09-27T01:00Z,2026-09-26,Saturday,Alamo Drafthouse Mountain View,Mountain View,America/Los_Angeles,Heart of the Beast,19:00,0803:18245,14,Screen 2,the-big-show,217,92,125,42.4,,https://drafthouse.com/s/mother/v1/app/seats/0803/18245,alamo-api; unavailable=8,ALMO,,8,alamo-api
2026-09-25,alamo-2026-09-27T01:45Z,2026-09-27T01:45:09.903872+00:00,2026-09-27T01:00Z,2026-09-26,Saturday,Alamo Drafthouse Mountain View,Mountain View,America/Los_Angeles,Heart of the Beast,21:40,0803:19224,174,Screen 9,2d-digital,77,14,63,18.2,,https://drafthouse.com/s/mother/v1/app/seats/0803/19224,alamo-api; unavailable=4,ALMO,,4,alamo-api
2026-09-25,alamo-2026-09-27T01:45Z,2026-09-27T01:45:09.903872+00:00,2026-09-27T01:00Z,2026-09-26,Saturday,Alamo Drafthouse Valley Fair,Santa Clara,America/Los_Angeles,Heart of the Beast,22:20,0802:21037,214,Screen 1,the-big-show,283,6,277,2.1,,https://drafthouse.com/s/mother/v1/app/seats/0802/21037,alamo-api; unavailable=6,ALMO,,6,alamo-api
2026-09-25,alamo-2026-09-27T01:45Z,2026-09-27T01:45:09.903872+00:00,2026-09-27T01:00Z,2026-09-27,Sunday,Alamo Drafthouse Valley Fair,Santa Clara,America/Los_Angeles,Heart of the Beast,13:00,0802:21947,1094,Screen 3,the-big-show,192,2,190,1.0,,https://drafthouse.com/s/mother/v1/app/seats/0802/21947,alamo-api; unavailable=5,ALMO,,5,alamo-api
2026-09-25,alamo-2026-09-27T01:45Z,2026-09-27T01:45:09.903872+00:00,2026-09-27T01:00Z,2026-09-27,Sunday,Alamo Drafthouse Mountain View,Mountain View,America/Los_Angeles,Heart of the Beast,13:15,0803:18564,1109,Screen 2,the-big-show,217,3,214,1.4,,https://drafthouse.com/s/mother/v1/app/seats/0803/18564,alamo-api; unavailable=8,ALMO,,8,alamo-api
2026-09-25,alamo-2026-09-27T01:45Z,2026-09-27T01:45:09.903872+00:00,2026-09-27T01:00Z,2026-09-27,Sunday,Alamo Drafthouse Valley Fair,Santa Clara,America/Los_Angeles,Heart of the Beast,16:00,0802:21946,1274,Screen 3,the-big-show,192,9,183,4.7,,https://drafthouse.com/s/mother/v1/app/seats/0802/21946,alamo-api; unavailable=5,ALMO,,5,alamo-api
2026-09-25,alamo-2026-09-27T01:45Z,2026-09-27T01:45:09.903872+00:00,2026-09-27T01:00Z,2026-09-27,Sunday,Alamo Drafthouse Mountain View,Mountain View,America/Los_Angeles,Heart of the Beast,16:10,0803:18563,1284,Screen 2,the-big-show,217,7,210,3.2,,https://drafthouse.com/s/mother/v1/app/seats/0803/18563,alamo-api; unavailable=8,ALMO,,8,alamo-api
2026-09-25,alamo-2026-09-27T01:45Z,2026-09-27T01:45:09.903872+00:00,2026-09-27T01:00Z,2026-09-27,Sunday,Alamo Drafthouse Valley Fair,Santa Clara,America/Los_Angeles,Heart of the Beast,18:15,0802:21945,1409,Screen 2,the-big-show,198,2,196,1.0,,https://drafthouse.com/s/mother/v1/app/seats/0802/21945,alamo-api; unavailable=19,ALMO,,19,alamo-api
2026-09-25,alamo-2026-09-27T01:45Z,2026-09-27T01:45:09.903872+00:00,2026-09-27T01:00Z,2026-09-27,Sunday,Alamo Drafthouse Mountain View,Mountain View,America/Los_Angeles,Heart of the Beast,19:00,0803:18562,1454,Screen 2,the-big-show,217,14,203,6.5,,https://drafthouse.com/s/mother/v1/app/seats/0803/18562,alamo-api; unavailable=8,ALMO,,8,alamo-api
2026-09-25,alamo-2026-09-27T01:45Z,2026-09-27T01:45:09.903872+00:00,2026-09-27T01:00Z,2026-09-26,Saturday,Alamo Drafthouse Valley Fair,Santa Clara,America/Los_Angeles,Primetime,19:15,0802:21081,29,Screen 6,2d-digital,103,72,31,69.9,,https://drafthouse.com/s/mother/v1/app/seats/0802/21081,alamo-api; unavailable=5,ALMO,,5,alamo-api
2026-09-25,alamo-2026-09-27T01:45Z,2026-09-27T01:45:09.903872+00:00,2026-09-27T01:00Z,2026-09-26,Saturday,Alamo Drafthouse San Francisco,San Francisco,America/Los_Angeles,Primetime,21:30,0801:83253,164,Screen 1,2d-digital,256,138,118,53.9,,https://drafthouse.com/s/mother/v1/app/seats/0801/83253,alamo-api; unavailable=6,ALMO,,6,alamo-api
2026-09-25,alamo-2026-09-27T01:45Z,2026-09-27T01:45:09.903872+00:00,2026-09-27T01:00Z,2026-09-26,Saturday,Alamo Drafthouse Mountain View,Mountain View,America/Los_Angeles,Primetime,21:45,0803:19223,179,Screen 2,the-big-show,217,73,144,33.6,,https://drafthouse.com/s/mother/v1/app/seats/0803/19223,alamo-api; unavailable=8,ALMO,,8,alamo-api
2026-09-25,alamo-2026-09-27T01:45Z,2026-09-27T01:45:09.903872+00:00,2026-09-27T01:00Z,2026-09-26,Saturday,Alamo Drafthouse Valley Fair,Santa Clara,America/Los_Angeles,Primetime,22:15,0802:21078,209,Screen 6,2d-digital,103,33,70,32.0,,https://drafthouse.com/s/mother/v1/app/seats/0802/21078,alamo-api; unavailable=5,ALMO,,5,alamo-api
2026-09-25,alamo-2026-09-27T01:45Z,2026-09-27T01:45:09.903872+00:00,2026-09-27T01:00Z,2026-09-27,Sunday,Alamo Drafthouse San Francisco,San Francisco,America/Los_Angeles,Primetime,12:30,0801:82759,1064,Screen 1,2d-digital,256,72,184,28.1,,https://drafthouse.com/s/mother/v1/app/seats/0801/82759,alamo-api; unavailable=6,ALMO,,6,alamo-api
2026-09-25,alamo-2026-09-27T01:45Z,2026-09-27T01:45:09.903872+00:00,2026-09-27T01:00Z,2026-09-27,Sunday,Alamo Drafthouse Valley Fair,Santa Clara,America/Los_Angeles,Primetime,13:15,0802:21084,1109,Screen 6,2d-digital,103,18,85,17.5,,https://drafthouse.com/s/mother/v1/app/seats/0802/21084,alamo-api; unavailable=5,ALMO,,5,alamo-api
2026-09-25,alamo-2026-09-27T01:45Z,2026-09-27T01:45:09.903872+00:00,2026-09-27T01:00Z,2026-09-27,Sunday,Alamo Drafthouse Mountain View,Mountain View,America/Los_Angeles,Primetime,13:30,0803:18276,1124,Screen 9,2d-digital,77,20,57,26.0,,https://drafthouse.com/s/mother/v1/app/seats/0803/18276,alamo-api; unavailable=4,ALMO,,4,alamo-api
2026-09-25,alamo-2026-09-27T01:45Z,2026-09-27T01:45:09.903872+00:00,2026-09-27T01:00Z,2026-09-27,Sunday,Alamo Drafthouse San Francisco,San Francisco,America/Los_Angeles,Primetime,15:40,0801:82757,1254,Screen 1,2d-digital,256,97,159,37.9,,https://drafthouse.com/s/mother/v1/app/seats/0801/82757,alamo-api; unavailable=6,ALMO,,6,alamo-api
2026-09-25,alamo-2026-09-27T01:45Z,2026-09-27T01:45:09.903872+00:00,2026-09-27T01:00Z,2026-09-27,Sunday,Alamo Drafthouse Valley Fair,Santa Clara,America/Los_Angeles,Primetime,16:15,0802:21083,1289,Screen 6,2d-digital,103,11,92,10.7,,https://drafthouse.com/s/mother/v1/app/seats/0802/21083,alamo-api; unavailable=5,ALMO,,5,alamo-api
2026-09-25,alamo-2026-09-27T01:45Z,2026-09-27T01:45:09.903872+00:00,2026-09-27T01:00Z,2026-09-27,Sunday,Alamo Drafthouse Mountain View,Mountain View,America/Los_Angeles,Primetime,16:20,0803:18275,1294,Screen 9,2d-digital,77,24,53,31.2,,https://drafthouse.com/s/mother/v1/app/seats/0803/18275,alamo-api; unavailable=4,ALMO,,4,alamo-api
2026-09-25,alamo-2026-09-27T01:45Z,2026-09-27T01:45:09.903872+00:00,2026-09-27T01:00Z,2026-09-27,Sunday,Alamo Drafthouse San Francisco,San Francisco,America/Los_Angeles,Primetime,17:40,0801:83274,1374,Screen 5,2d-digital,78,30,48,38.5,,https://drafthouse.com/s/mother/v1/app/seats/0801/83274,alamo-api; unavailable=5,ALMO,,5,alamo-api
2026-09-25,alamo-2026-09-27T01:45Z,2026-09-27T01:45:09.903872+00:00,2026-09-27T01:00Z,2026-09-27,Sunday,Alamo Drafthouse San Francisco,San Francisco,America/Los_Angeles,Primetime,18:00,0801:83315,1394,Screen 4,2d-digital,30,22,8,73.3,,https://drafthouse.com/s/mother/v1/app/seats/0801/83315,alamo-api; unavailable=2,ALMO,,2,alamo-api
2026-09-25,alamo-2026-09-27T01:45Z,2026-09-27T01:45:09.903872+00:00,2026-09-27T01:00Z,2026-09-27,Sunday,Alamo Drafthouse Valley Fair,Santa Clara,America/Los_Angeles,Primetime,19:15,0802:21082,1469,Screen 6,2d-digital,103,38,65,36.9,,https://drafthouse.com/s/mother/v1/app/seats/0802/21082,alamo-api; unavailable=5,ALMO,,5,alamo-api
2026-09-25,alamo-2026-09-27T01:45Z,2026-09-27T01:45:09.903872+00:00,2026-09-27T01:00Z,2026-09-27,Sunday,Alamo Drafthouse Mountain View,Mountain View,America/Los_Angeles,Primetime,19:15,0803:18274,1469,Screen 9,2d-digital,77,29,48,37.7,,https://drafthouse.com/s/mother/v1/app/seats/0803/18274,alamo-api; unavailable=4,ALMO,,4,alamo-api
2026-09-25,alamo-2026-09-27T01:45Z,2026-09-27T01:45:09.903872+00:00,2026-09-27T01:00Z,2026-09-26,Saturday,Alamo Drafthouse Springfield,Springfield,America/Chicago,Forgotten Island,21:45,2301:181042,59,Screen 5,2d-digital,76,4,72,5.3,,https://drafthouse.com/s/mother/v1/app/seats/2301/181042,alamo-api; unavailable=0,ALMO,,0,alamo-api
2026-09-25,alamo-2026-09-27T01:45Z,2026-09-27T01:45:09.903872+00:00,2026-09-27T01:00Z,2026-09-27,Sunday,Alamo Drafthouse Springfield,Springfield,America/Chicago,Forgotten Island,12:30,2301:181046,944,Screen 5,2d-digital,76,32,44,42.1,,https://drafthouse.com/s/mother/v1/app/seats/2301/181046,alamo-api; unavailable=0,ALMO,,0,alamo-api
2026-09-25,alamo-2026-09-27T01:45Z,2026-09-27T01:45:09.903872+00:00,2026-09-27T01:00Z,2026-09-27,Sunday,Alamo Drafthouse Springfield,Springfield,America/Chicago,Forgotten Island,15:35,2301:181045,1129,Screen 5,2d-digital,76,17,59,22.4,,https://drafthouse.com/s/mother/v1/app/seats/2301/181045,alamo-api; unavailable=0,ALMO,,0,alamo-api
2026-09-25,alamo-2026-09-27T01:45Z,2026-09-27T01:45:09.903872+00:00,2026-09-27T01:00Z,2026-09-27,Sunday,Alamo Drafthouse Springfield,Springfield,America/Chicago,Forgotten Island,18:40,2301:181044,1314,Screen 5,2d-digital,76,16,60,21.1,,https://drafthouse.com/s/mother/v1/app/seats/2301/181044,alamo-api; unavailable=0,ALMO,,0,alamo-api
2026-09-25,alamo-2026-09-27T01:45Z,2026-09-27T01:45:09.903872+00:00,2026-09-27T01:00Z,2026-09-26,Saturday,Alamo Drafthouse Springfield,Springfield,America/Chicago,Heart of the Beast,22:20,2301:180650,94,Screen 4,2d-digital,72,37,35,51.4,,https://drafthouse.com/s/mother/v1/app/seats/2301/180650,alamo-api; unavailable=4,ALMO,,4,alamo-api
2026-09-25,alamo-2026-09-27T01:45Z,2026-09-27T01:45:09.903872+00:00,2026-09-27T01:00Z,2026-09-27,Sunday,Alamo Drafthouse Springfield,Springfield,America/Chicago,Heart of the Beast,11:00,2301:181735,854,Screen 14,2d-digital,44,19,25,43.2,,https://drafthouse.com/s/mother/v1/app/seats/2301/181735,alamo-api; unavailable=0,ALMO,,0,alamo-api
2026-09-25,alamo-2026-09-27T01:45Z,2026-09-27T01:45:09.903872+00:00,2026-09-27T01:00Z,2026-09-27,Sunday,Alamo Drafthouse Springfield,Springfield,America/Chicago,Heart of the Beast,13:20,2301:180652,994,Screen 4,2d-digital,72,38,34,52.8,,https://drafthouse.com/s/mother/v1/app/seats/2301/180652,alamo-api; unavailable=4,ALMO,,4,alamo-api
2026-09-25,alamo-2026-09-27T01:45Z,2026-09-27T01:45:09.903872+00:00,2026-09-27T01:00Z,2026-09-27,Sunday,Alamo Drafthouse Springfield,Springfield,America/Chicago,Heart of the Beast,14:00,2301:181734,1034,Screen 14,2d-digital,44,26,18,59.1,,https://drafthouse.com/s/mother/v1/app/seats/2301/181734,alamo-api; unavailable=0,ALMO,,0,alamo-api
2026-09-25,alamo-2026-09-27T01:45Z,2026-09-27T01:45:09.903872+00:00,2026-09-27T01:00Z,2026-09-27,Sunday,Alamo Drafthouse Springfield,Springfield,America/Chicago,Heart of the Beast,16:20,2301:180653,1174,Screen 4,2d-digital,72,46,26,63.9,,https://drafthouse.com/s/mother/v1/app/seats/2301/180653,alamo-api; unavailable=4,ALMO,,4,alamo-api
2026-09-25,alamo-2026-09-27T01:45Z,2026-09-27T01:45:09.903872+00:00,2026-09-27T01:00Z,2026-09-27,Sunday,Alamo Drafthouse Springfield,Springfield,America/Chicago,Heart of the Beast,17:00,2301:181733,1214,Screen 14,2d-digital,44,27,17,61.4,,https://drafthouse.com/s/mother/v1/app/seats/2301/181733,alamo-api; unavailable=0,ALMO,,0,alamo-api
2026-09-25,alamo-2026-09-27T01:45Z,2026-09-27T01:45:09.903872+00:00,2026-09-27T01:00Z,2026-09-27,Sunday,Alamo Drafthouse Springfield,Springfield,America/Chicago,Heart of the Beast,19:20,2301:180655,1354,Screen 4,2d-digital,72,42,30,58.3,,https://drafthouse.com/s/mother/v1/app/seats/2301/180655,alamo-api; unavailable=4,ALMO,,4,alamo-api
2026-09-25,alamo-2026-09-27T01:45Z,2026-09-27T01:45:09.903872+00:00,2026-09-27T01:00Z,2026-09-27,Sunday,Alamo Drafthouse Springfield,Springfield,America/Chicago,Heart of the Beast,20:00,2301:181741,1394,Screen 14,2d-digital,44,10,34,22.7,,https://drafthouse.com/s/mother/v1/app/seats/2301/181741,alamo-api; unavailable=0,ALMO,,0,alamo-api
2026-09-25,alamo-2026-09-27T01:45Z,2026-09-27T01:45:09.903872+00:00,2026-09-27T01:00Z,2026-09-26,Saturday,Alamo Drafthouse Springfield,Springfield,America/Chicago,Primetime,22:10,2301:180679,84,Screen 8,2d-digital,91,26,65,28.6,,https://drafthouse.com/s/mother/v1/app/seats/2301/180679,alamo-api; unavailable=0,ALMO,,0,alamo-api
2026-09-25,alamo-2026-09-27T01:45Z,2026-09-27T01:45:09.903872+00:00,2026-09-27T01:00Z,2026-09-27,Sunday,Alamo Drafthouse Springfield,Springfield,America/Chicago,Primetime,12:40,2301:180684,954,Screen 8,2d-digital,91,37,54,40.7,,https://drafthouse.com/s/mother/v1/app/seats/2301/180684,alamo-api; unavailable=0,ALMO,,0,alamo-api
2026-09-25,alamo-2026-09-27T01:45Z,2026-09-27T01:45:09.903872+00:00,2026-09-27T01:00Z,2026-09-27,Sunday,Alamo Drafthouse Springfield,Springfield,America/Chicago,Primetime,14:50,2301:181864,1084,Screen 9,2d-digital,83,5,78,6.0,,https://drafthouse.com/s/mother/v1/app/seats/2301/181864,alamo-api; unavailable=0,ALMO,,0,alamo-api
2026-09-25,alamo-2026-09-27T01:45Z,2026-09-27T01:45:09.903872+00:00,2026-09-27T01:00Z,2026-09-27,Sunday,Alamo Drafthouse Springfield,Springfield,America/Chicago,Primetime,15:50,2301:180683,1144,Screen 8,2d-digital,91,25,66,27.5,,https://drafthouse.com/s/mother/v1/app/seats/2301/180683,alamo-api; unavailable=0,ALMO,,0,alamo-api
2026-09-25,alamo-2026-09-27T01:45Z,2026-09-27T01:45:09.903872+00:00,2026-09-27T01:00Z,2026-09-27,Sunday,Alamo Drafthouse Springfield,Springfield,America/Chicago,Primetime,18:00,2301:181863,1274,Screen 9,2d-digital,83,24,59,28.9,,https://drafthouse.com/s/mother/v1/app/seats/2301/181863,alamo-api; unavailable=0,ALMO,,0,alamo-api
2026-09-25,alamo-2026-09-27T01:45Z,2026-09-27T01:45:09.903872+00:00,2026-09-27T01:00Z,2026-09-27,Sunday,Alamo Drafthouse Springfield,Springfield,America/Chicago,Primetime,19:00,2301:180681,1334,Screen 8,2d-digital,91,35,56,38.5,,https://drafthouse.com/s/mother/v1/app/seats/2301/180681,alamo-api; unavailable=0,ALMO,,0,alamo-api
2026-09-25,alamo-2026-09-27T01:45Z,2026-09-27T01:45:09.903872+00:00,2026-09-27T01:00Z,2026-09-26,Saturday,Alamo Drafthouse Alamo Drafthouse City Foundry,St. Louis,America/Chicago,Forgotten Island,21:30,2601:56548,44,Screen 5,2d-digital,45,8,37,17.8,,https://drafthouse.com/s/mother/v1/app/seats/2601/56548,alamo-api; unavailable=2,ALMO,,2,alamo-api
2026-09-25,alamo-2026-09-27T01:45Z,2026-09-27T01:45:09.903872+00:00,2026-09-27T01:00Z,2026-09-27,Sunday,Alamo Drafthouse Alamo Drafthouse City Foundry,St. Louis,America/Chicago,Forgotten Island,12:15,2601:56576,929,Screen 5,2d-digital,45,1,44,2.2,,https://drafthouse.com/s/mother/v1/app/seats/2601/56576,alamo-api; unavailable=2,ALMO,,2,alamo-api
2026-09-25,alamo-2026-09-27T01:45Z,2026-09-27T01:45:09.903872+00:00,2026-09-27T01:00Z,2026-09-27,Sunday,Alamo Drafthouse Alamo Drafthouse City Foundry,St. Louis,America/Chicago,Forgotten Island,15:30,2601:56585,1124,Screen 5,2d-digital,45,11,34,24.4,,https://drafthouse.com/s/mother/v1/app/seats/2601/56585,alamo-api; unavailable=2,ALMO,,2,alamo-api
2026-09-25,alamo-2026-09-27T01:45Z,2026-09-27T01:45:09.903872+00:00,2026-09-27T01:00Z,2026-09-27,Sunday,Alamo Drafthouse Alamo Drafthouse City Foundry,St. Louis,America/Chicago,Forgotten Island,18:30,2601:56583,1304,Screen 5,2d-digital,45,6,39,13.3,,https://drafthouse.com/s/mother/v1/app/seats/2601/56583,alamo-api; unavailable=2,ALMO,,2,alamo-api
2026-09-25,alamo-2026-09-27T01:45Z,2026-09-27T01:45:09.903872+00:00,2026-09-27T01:00Z,2026-09-27,Sunday,Alamo Drafthouse Alamo Drafthouse City Foundry,St. Louis,America/Chicago,Forgotten Island,21:30,2601:56584,1484,Screen 5,2d-digital,45,0,45,0.0,,https://drafthouse.com/s/mother/v1/app/seats/2601/56584,alamo-api; unavailable=2,ALMO,,2,alamo-api
2026-09-25,alamo-2026-09-27T01:45Z,2026-09-27T01:45:09.903872+00:00,2026-09-27T01:00Z,2026-09-26,Saturday,Alamo Drafthouse Alamo Drafthouse City Foundry,St. Louis,America/Chicago,Heart of the Beast,22:30,2601:56554,104,Screen 8,the-big-show,258,3,255,1.2,,https://drafthouse.com/s/mother/v1/app/seats/2601/56554,alamo-api; unavailable=0,ALMO,,0,alamo-api
2026-09-25,alamo-2026-09-27T01:45Z,2026-09-27T01:45:09.903872+00:00,2026-09-27T01:00Z,2026-09-26,Saturday,Alamo Drafthouse Alamo Drafthouse City Foundry,St. Louis,America/Chicago,Heart of the Beast,22:55,2601:55835,129,Screen 3,2d-digital,84,0,84,0.0,,https://drafthouse.com/s/mother/v1/app/seats/2601/55835,alamo-api; unavailable=2,ALMO,,2,alamo-api
2026-09-25,alamo-2026-09-27T01:45Z,2026-09-27T01:45:09.903872+00:00,2026-09-27T01:00Z,2026-09-27,Sunday,Alamo Drafthouse Alamo Drafthouse City Foundry,St. Louis,America/Chicago,Heart of the Beast,12:30,2601:55855,944,Screen 6,2d-digital,47,0,47,0.0,,https://drafthouse.com/s/mother/v1/app/seats/2601/55855,alamo-api; unavailable=0,ALMO,,0,alamo-api
2026-09-25,alamo-2026-09-27T01:45Z,2026-09-27T01:45:09.903872+00:00,2026-09-27T01:00Z,2026-09-27,Sunday,Alamo Drafthouse Alamo Drafthouse City Foundry,St. Louis,America/Chicago,Heart of the Beast,15:00,2601:55844,1094,Screen 8,the-big-show,258,8,250,3.1,,https://drafthouse.com/s/mother/v1/app/seats/2601/55844,alamo-api; unavailable=0,ALMO,,0,alamo-api
2026-09-25,alamo-2026-09-27T01:45Z,2026-09-27T01:45:09.903872+00:00,2026-09-27T01:00Z,2026-09-27,Sunday,Alamo Drafthouse Alamo Drafthouse City Foundry,St. Louis,America/Chicago,Heart of the Beast,16:00,2601:56582,1154,Screen 6,2d-digital,47,0,47,0.0,,https://drafthouse.com/s/mother/v1/app/seats/2601/56582,alamo-api; unavailable=0,ALMO,,0,alamo-api
2026-09-25,alamo-2026-09-27T01:45Z,2026-09-27T01:45:09.903872+00:00,2026-09-27T01:00Z,2026-09-27,Sunday,Alamo Drafthouse Alamo Drafthouse City Foundry,St. Louis,America/Chicago,Heart of the Beast,19:00,2601:55853,1334,Screen 6,2d-digital,47,2,45,4.3,,https://drafthouse.com/s/mother/v1/app/seats/2601/55853,alamo-api; unavailable=0,ALMO,,0,alamo-api
2026-09-25,alamo-2026-09-27T01:45Z,2026-09-27T01:45:09.903872+00:00,2026-09-27T01:00Z,2026-09-27,Sunday,Alamo Drafthouse Alamo Drafthouse City Foundry,St. Louis,America/Chicago,Heart of the Beast,22:00,2601:55852,1514,Screen 6,2d-digital,47,0,47,0.0,,https://drafthouse.com/s/mother/v1/app/seats/2601/55852,alamo-api; unavailable=0,ALMO,,0,alamo-api
2026-09-25,alamo-2026-09-27T01:45Z,2026-09-27T01:45:09.903872+00:00,2026-09-27T01:00Z,2026-09-27,Sunday,Alamo Drafthouse Alamo Drafthouse City Foundry,St. Louis,America/Chicago,Heart of the Beast,22:30,2601:56578,1544,Screen 8,the-big-show,258,1,257,0.4,,https://drafthouse.com/s/mother/v1/app/seats/2601/56578,alamo-api; unavailable=0,ALMO,,0,alamo-api
2026-09-25,alamo-2026-09-27T01:45Z,2026-09-27T01:45:09.903872+00:00,2026-09-27T01:00Z,2026-09-26,Saturday,Alamo Drafthouse Alamo Drafthouse City Foundry,St. Louis,America/Chicago,Primetime,21:10,2601:56559,24,Screen 1,2d-digital,72,51,21,70.8,,https://drafthouse.com/s/mother/v1/app/seats/2601/56559,alamo-api; unavailable=0,ALMO,,0,alamo-api
2026-09-25,alamo-2026-09-27T01:45Z,2026-09-27T01:45:09.903872+00:00,2026-09-27T01:00Z,2026-09-26,Saturday,Alamo Drafthouse Alamo Drafthouse City Foundry,St. Louis,America/Chicago,Primetime,22:00,2601:56058,74,Screen 9,2d-digital,120,57,63,47.5,,https://drafthouse.com/s/mother/v1/app/seats/2601/56058,alamo-api; unavailable=0,ALMO,,0,alamo-api
2026-09-25,alamo-2026-09-27T01:45Z,2026-09-27T01:45:09.903872+00:00,2026-09-27T01:00Z,2026-09-27,Sunday,Alamo Drafthouse Alamo Drafthouse City Foundry,St. Louis,America/Chicago,Primetime,11:00,2601:56592,854,Screen 1,2d-digital,72,27,45,37.5,,https://drafthouse.com/s/mother/v1/app/seats/2601/56592,alamo-api; unavailable=0,ALMO,,0,alamo-api
2026-09-25,alamo-2026-09-27T01:45Z,2026-09-27T01:45:09.903872+00:00,2026-09-27T01:00Z,2026-09-27,Sunday,Alamo Drafthouse Alamo Drafthouse City Foundry,St. Louis,America/Chicago,Primetime,11:45,2601:56061,899,Screen 9,2d-digital,120,44,76,36.7,,https://drafthouse.com/s/mother/v1/app/seats/2601/56061,alamo-api; unavailable=0,ALMO,,0,alamo-api
2026-09-25,alamo-2026-09-27T01:45Z,2026-09-27T01:45:09.903872+00:00,2026-09-27T01:00Z,2026-09-27,Sunday,Alamo Drafthouse Alamo Drafthouse City Foundry,St. Louis,America/Chicago,Primetime,14:30,2601:56575,1064,Screen 1,2d-digital,72,22,50,30.6,,https://drafthouse.com/s/mother/v1/app/seats/2601/56575,alamo-api; unavailable=0,ALMO,,0,alamo-api
2026-09-25,alamo-2026-09-27T01:45Z,2026-09-27T01:45:09.903872+00:00,2026-09-27T01:00Z,2026-09-27,Sunday,Alamo Drafthouse Alamo Drafthouse City Foundry,St. Louis,America/Chicago,Primetime,15:15,2601:56064,1109,Screen 9,2d-digital,120,46,74,38.3,,https://drafthouse.com/s/mother/v1/app/seats/2601/56064,alamo-api; unavailable=0,ALMO,,0,alamo-api
2026-09-25,alamo-2026-09-27T01:45Z,2026-09-27T01:45:09.903872+00:00,2026-09-27T01:00Z,2026-09-27,Sunday,Alamo Drafthouse Alamo Drafthouse City Foundry,St. Louis,America/Chicago,Primetime,18:00,2601:56574,1274,Screen 1,2d-digital,72,33,39,45.8,,https://drafthouse.com/s/mother/v1/app/seats/2601/56574,alamo-api; unavailable=0,ALMO,,0,alamo-api
2026-09-25,alamo-2026-09-27T01:45Z,2026-09-27T01:45:09.903872+00:00,2026-09-27T01:00Z,2026-09-27,Sunday,Alamo Drafthouse Alamo Drafthouse City Foundry,St. Louis,America/Chicago,Primetime,18:45,2601:56062,1319,Screen 9,2d-digital,120,68,52,56.7,,https://drafthouse.com/s/mother/v1/app/seats/2601/56062,alamo-api; unavailable=0,ALMO,,0,alamo-api
2026-09-25,alamo-2026-09-27T01:45Z,2026-09-27T01:45:09.903872+00:00,2026-09-27T01:00Z,2026-09-27,Sunday,Alamo Drafthouse Alamo Drafthouse City Foundry,St. Louis,America/Chicago,Primetime,21:10,2601:56591,1464,Screen 1,2d-digital,72,10,62,13.9,,https://drafthouse.com/s/mother/v1/app/seats/2601/56591,alamo-api; unavailable=0,ALMO,,0,alamo-api
2026-09-25,alamo-2026-09-27T01:45Z,2026-09-27T01:45:09.903872+00:00,2026-09-27T01:00Z,2026-09-27,Sunday,Alamo Drafthouse Alamo Drafthouse City Foundry,St. Louis,America/Chicago,Primetime,22:00,2601:56063,1514,Screen 9,2d-digital,120,9,111,7.5,,https://drafthouse.com/s/mother/v1/app/seats/2601/56063,alamo-api; unavailable=0,ALMO,,0,alamo-api
2026-09-25,alamo-2026-09-27T01:45Z,2026-09-27T01:45:09.903872+00:00,2026-09-27T01:00Z,2026-09-27,Sunday,Alamo Drafthouse Alamo Drafthouse City Foundry,St. Louis,America/Chicago,Primetime,22:55,2601:56570,1569,Screen 3,2d-digital,84,0,84,0.0,,https://drafthouse.com/s/mother/v1/app/seats/2601/56570,alamo-api; unavailable=2,ALMO,,2,alamo-api
2026-09-25,alamo-2026-09-27T01:45Z,2026-09-27T01:45:09.903872+00:00,2026-09-27T01:00Z,2026-09-26,Saturday,Alamo Drafthouse Woodbury,Woodbury,America/Chicago,Forgotten Island,22:15,2501:89556,89,Screen 1,2d-digital,45,2,43,4.4,,https://drafthouse.com/s/mother/v1/app/seats/2501/89556,alamo-api; unavailable=2,ALMO,,2,alamo-api
2026-09-25,alamo-2026-09-27T01:45Z,2026-09-27T01:45:09.903872+00:00,2026-09-27T01:00Z,2026-09-27,Sunday,Alamo Drafthouse Woodbury,Woodbury,America/Chicago,Forgotten Island,11:00,2501:88724,854,Screen 5,the-big-show,224,17,207,7.6,,https://drafthouse.com/s/mother/v1/app/seats/2501/88724,alamo-api; unavailable=9,ALMO,,9,alamo-api
2026-09-25,alamo-2026-09-27T01:45Z,2026-09-27T01:45:09.903872+00:00,2026-09-27T01:00Z,2026-09-27,Sunday,Alamo Drafthouse Woodbury,Woodbury,America/Chicago,Forgotten Island,11:45,2501:89009,899,Screen 4,2d-digital,154,0,154,0.0,,https://drafthouse.com/s/mother/v1/app/seats/2501/89009,alamo-api; unavailable=5,ALMO,,5,alamo-api
2026-09-25,alamo-2026-09-27T01:45Z,2026-09-27T01:45:09.903872+00:00,2026-09-27T01:00Z,2026-09-27,Sunday,Alamo Drafthouse Woodbury,Woodbury,America/Chicago,Forgotten Island,15:00,2501:89010,1094,Screen 4,2d-digital,154,5,149,3.2,,https://drafthouse.com/s/mother/v1/app/seats/2501/89010,alamo-api; unavailable=5,ALMO,,5,alamo-api
2026-09-25,alamo-2026-09-27T01:45Z,2026-09-27T01:45:09.903872+00:00,2026-09-27T01:00Z,2026-09-27,Sunday,Alamo Drafthouse Woodbury,Woodbury,America/Chicago,Forgotten Island,18:00,2501:89011,1274,Screen 4,2d-digital,154,6,148,3.9,,https://drafthouse.com/s/mother/v1/app/seats/2501/89011,alamo-api; unavailable=5,ALMO,,5,alamo-api
2026-09-25,alamo-2026-09-27T01:45Z,2026-09-27T01:45:09.903872+00:00,2026-09-27T01:00Z,2026-09-26,Saturday,Alamo Drafthouse Woodbury,Woodbury,America/Chicago,Heart of the Beast,22:15,2501:89259,89,Screen 3,2d-digital,74,4,70,5.4,,https://drafthouse.com/s/mother/v1/app/seats/2501/89259,alamo-api; unavailable=4,ALMO,,4,alamo-api
2026-09-25,alamo-2026-09-27T01:45Z,2026-09-27T01:45:09.903872+00:00,2026-09-27T01:00Z,2026-09-27,Sunday,Alamo Drafthouse Woodbury,Woodbury,America/Chicago,Heart of the Beast,13:00,2501:89260,974,Screen 3,2d-digital,74,8,66,10.8,,https://drafthouse.com/s/mother/v1/app/seats/2501/89260,alamo-api; unavailable=4,ALMO,,4,alamo-api
2026-09-25,alamo-2026-09-27T01:45Z,2026-09-27T01:45:09.903872+00:00,2026-09-27T01:00Z,2026-09-27,Sunday,Alamo Drafthouse Woodbury,Woodbury,America/Chicago,Heart of the Beast,14:00,2501:88725,1034,Screen 5,the-big-show,224,20,204,8.9,,https://drafthouse.com/s/mother/v1/app/seats/2501/88725,alamo-api; unavailable=9,ALMO,,9,alamo-api
2026-09-25,alamo-2026-09-27T01:45Z,2026-09-27T01:45:09.903872+00:00,2026-09-27T01:00Z,2026-09-27,Sunday,Alamo Drafthouse Woodbury,Woodbury,America/Chicago,Heart of the Beast,16:00,2501:89261,1154,Screen 3,2d-digital,74,4,70,5.4,,https://drafthouse.com/s/mother/v1/app/seats/2501/89261,alamo-api; unavailable=4,ALMO,,4,alamo-api
2026-09-25,alamo-2026-09-27T01:45Z,2026-09-27T01:45:09.903872+00:00,2026-09-27T01:00Z,2026-09-27,Sunday,Alamo Drafthouse Woodbury,Woodbury,America/Chicago,Heart of the Beast,18:45,2501:89579,1319,Screen 7,2d-digital,74,4,70,5.4,,https://drafthouse.com/s/mother/v1/app/seats/2501/89579,alamo-api; unavailable=4,ALMO,,4,alamo-api
2026-09-25,alamo-2026-09-27T01:45Z,2026-09-27T01:45:09.903872+00:00,2026-09-27T01:00Z,2026-09-26,Saturday,Alamo Drafthouse Woodbury,Woodbury,America/Chicago,Primetime,22:00,2501:89274,74,Screen 6,2d-digital,154,13,141,8.4,,https://drafthouse.com/s/mother/v1/app/seats/2501/89274,alamo-api; unavailable=5,ALMO,,5,alamo-api
2026-09-25,alamo-2026-09-27T01:45Z,2026-09-27T01:45:09.903872+00:00,2026-09-27T01:00Z,2026-09-27,Sunday,Alamo Drafthouse Woodbury,Woodbury,America/Chicago,Primetime,13:15,2501:89275,989,Screen 6,2d-digital,154,19,135,12.3,,https://drafthouse.com/s/mother/v1/app/seats/2501/89275,alamo-api; unavailable=5,ALMO,,5,alamo-api
2026-09-25,alamo-2026-09-27T01:45Z,2026-09-27T01:45:09.903872+00:00,2026-09-27T01:00Z,2026-09-27,Sunday,Alamo Drafthouse Woodbury,Woodbury,America/Chicago,Primetime,16:15,2501:89276,1169,Screen 6,2d-digital,154,20,134,13.0,,https://drafthouse.com/s/mother/v1/app/seats/2501/89276,alamo-api; unavailable=5,ALMO,,5,alamo-api
2026-09-25,alamo-2026-09-27T01:45Z,2026-09-27T01:45:09.903872+00:00,2026-09-27T01:00Z,2026-09-27,Sunday,Alamo Drafthouse Woodbury,Woodbury,America/Chicago,Primetime,19:15,2501:89277,1349,Screen 6,2d-digital,154,30,124,19.5,,https://drafthouse.com/s/mother/v1/app/seats/2501/89277,alamo-api; unavailable=5,ALMO,,5,alamo-api
2026-09-25,alamo-2026-09-27T01:45Z,2026-09-27T01:45:09.903872+00:00,2026-09-27T01:00Z,2026-09-27,Sunday,Alamo Drafthouse Winchester,Winchester,America/New_York,Forgotten Island,11:00,0301:221473,794,Screen 8,2d-digital,85,11,74,12.9,,https://drafthouse.com/s/mother/v1/app/seats/0301/221473,alamo-api; unavailable=4,ALMO,,4,alamo-api
2026-09-25,alamo-2026-09-27T01:45Z,2026-09-27T01:45:09.903872+00:00,2026-09-27T01:00Z,2026-09-27,Sunday,Alamo Drafthouse Winchester,Winchester,America/New_York,Forgotten Island,12:40,0301:221144,894,Screen 4,2d-digital,141,27,114,19.1,,https://drafthouse.com/s/mother/v1/app/seats/0301/221144,alamo-api; unavailable=4,ALMO,,4,alamo-api
2026-09-25,alamo-2026-09-27T01:45Z,2026-09-27T01:45:09.903872+00:00,2026-09-27T01:00Z,2026-09-27,Sunday,Alamo Drafthouse Winchester,Winchester,America/New_York,Forgotten Island,16:15,0301:221145,1109,Screen 7,2d-digital,92,13,79,14.1,,https://drafthouse.com/s/mother/v1/app/seats/0301/221145,alamo-api; unavailable=4,ALMO,,4,alamo-api
2026-09-25,alamo-2026-09-27T01:45Z,2026-09-27T01:45:09.903872+00:00,2026-09-27T01:00Z,2026-09-27,Sunday,Alamo Drafthouse Winchester,Winchester,America/New_York,Forgotten Island,19:15,0301:221147,1289,Screen 7,2d-digital,92,0,92,0.0,,https://drafthouse.com/s/mother/v1/app/seats/0301/221147,alamo-api; unavailable=4,ALMO,,4,alamo-api
2026-09-25,alamo-2026-09-27T01:45Z,2026-09-27T01:45:09.903872+00:00,2026-09-27T01:00Z,2026-09-27,Sunday,Alamo Drafthouse Winchester,Winchester,America/New_York,Heart of the Beast,12:55,0301:220839,909,Screen 2,2d-digital,92,52,40,56.5,,https://drafthouse.com/s/mother/v1/app/seats/0301/220839,alamo-api; unavailable=4,ALMO,,4,alamo-api
2026-09-25,alamo-2026-09-27T01:45Z,2026-09-27T01:45:09.903872+00:00,2026-09-27T01:00Z,2026-09-27,Sunday,Alamo Drafthouse Winchester,Winchester,America/New_York,Heart of the Beast,15:15,0301:220840,1049,Screen 1,2d-digital,85,25,60,29.4,,https://drafthouse.com/s/mother/v1/app/seats/0301/220840,alamo-api; unavailable=4,ALMO,,4,alamo-api
2026-09-25,alamo-2026-09-27T01:45Z,2026-09-27T01:45:09.903872+00:00,2026-09-27T01:00Z,2026-09-27,Sunday,Alamo Drafthouse Winchester,Winchester,America/New_York,Heart of the Beast,18:45,0301:220838,1259,Screen 2,2d-digital,92,23,69,25.0,,https://drafthouse.com/s/mother/v1/app/seats/0301/220838,alamo-api; unavailable=4,ALMO,,4,alamo-api
2026-09-25,alamo-2026-09-27T01:45Z,2026-09-27T01:45:09.903872+00:00,2026-09-27T01:00Z,2026-09-27,Sunday,Alamo Drafthouse Winchester,Winchester,America/New_York,Primetime,12:00,0301:220643,854,Screen 3,2d-digital,68,7,61,10.3,,https://drafthouse.com/s/mother/v1/app/seats/0301/220643,alamo-api; unavailable=3,ALMO,,3,alamo-api
2026-09-25,alamo-2026-09-27T01:45Z,2026-09-27T01:45:09.903872+00:00,2026-09-27T01:00Z,2026-09-27,Sunday,Alamo Drafthouse Winchester,Winchester,America/New_York,Primetime,15:45,0301:220642,1079,Screen 2,2d-digital,92,11,81,12.0,,https://drafthouse.com/s/mother/v1/app/seats/0301/220642,alamo-api; unavailable=4,ALMO,,4,alamo-api
2026-09-25,alamo-2026-09-27T01:45Z,2026-09-27T01:45:09.903872+00:00,2026-09-27T01:00Z,2026-09-27,Sunday,Alamo Drafthouse Winchester,Winchester,America/New_York,Primetime,19:00,0301:220640,1274,Screen 8,2d-digital,85,27,58,31.8,,https://drafthouse.com/s/mother/v1/app/seats/0301/220640,alamo-api; unavailable=4,ALMO,,4,alamo-api
2026-09-25,alamo-2026-09-27T01:45Z,2026-09-27T01:45:09.903872+00:00,2026-09-27T01:00Z,2026-09-27,Sunday,Alamo Drafthouse Yonkers,Yonkers,America/New_York,Forgotten Island,12:30,0901:120421,884,Screen 1,hdr,185,44,141,23.8,,https://drafthouse.com/s/mother/v1/app/seats/0901/120421,alamo-api; unavailable=7,ALMO,,7,alamo-api
2026-09-25,alamo-2026-09-27T01:45Z,2026-09-27T01:45:09.903872+00:00,2026-09-27T01:00Z,2026-09-27,Sunday,Alamo Drafthouse Yonkers,Yonkers,America/New_York,Forgotten Island,15:30,0901:120420,1064,Screen 1,hdr,185,53,132,28.6,,https://drafthouse.com/s/mother/v1/app/seats/0901/120420,alamo-api; unavailable=7,ALMO,,7,alamo-api
2026-09-25,alamo-2026-09-27T01:45Z,2026-09-27T01:45:09.903872+00:00,2026-09-27T01:00Z,2026-09-27,Sunday,Alamo Drafthouse Yonkers,Yonkers,America/New_York,Forgotten Island,18:00,0901:120760,1214,Screen 5,2d-digital,50,10,40,20.0,,https://drafthouse.com/s/mother/v1/app/seats/0901/120760,alamo-api; unavailable=2,ALMO,,2,alamo-api
2026-09-25,alamo-2026-09-27T01:45Z,2026-09-27T01:45:09.903872+00:00,2026-09-27T01:00Z,2026-09-27,Sunday,Alamo Drafthouse Yonkers,Yonkers,America/New_York,Heart of the Beast,13:15,0901:120752,929,Screen 2,2d-digital,47,13,34,27.7,,https://drafthouse.com/s/mother/v1/app/seats/0901/120752,alamo-api; unavailable=4,ALMO,,4,alamo-api
2026-09-25,alamo-2026-09-27T01:45Z,2026-09-27T01:45:09.903872+00:00,2026-09-27T01:00Z,2026-09-27,Sunday,Alamo Drafthouse Yonkers,Yonkers,America/New_York,Heart of the Beast,16:00,0901:120751,1094,Screen 2,2d-digital,47,11,36,23.4,,https://drafthouse.com/s/mother/v1/app/seats/0901/120751,alamo-api; unavailable=4,ALMO,,4,alamo-api
2026-09-25,alamo-2026-09-27T01:45Z,2026-09-27T01:45:09.903872+00:00,2026-09-27T01:00Z,2026-09-27,Sunday,Alamo Drafthouse Yonkers,Yonkers,America/New_York,Heart of the Beast,18:45,0901:120750,1259,Screen 2,2d-digital,47,9,38,19.1,,https://drafthouse.com/s/mother/v1/app/seats/0901/120750,alamo-api; unavailable=4,ALMO,,4,alamo-api
2026-09-25,alamo-2026-09-27T01:45Z,2026-09-27T01:45:09.903872+00:00,2026-09-27T01:00Z,2026-09-26,Saturday,Alamo Drafthouse Yonkers,Yonkers,America/New_York,Primetime,22:15,0901:120736,29,Screen 4,2d-digital,168,32,136,19.0,,https://drafthouse.com/s/mother/v1/app/seats/0901/120736,alamo-api; unavailable=5,ALMO,,5,alamo-api
2026-09-25,alamo-2026-09-27T01:45Z,2026-09-27T01:45:09.903872+00:00,2026-09-27T01:00Z,2026-09-27,Sunday,Alamo Drafthouse Yonkers,Yonkers,America/New_York,Primetime,11:45,0901:120759,839,Screen 5,2d-digital,50,13,37,26.0,,https://drafthouse.com/s/mother/v1/app/seats/0901/120759,alamo-api; unavailable=2,ALMO,,2,alamo-api
2026-09-25,alamo-2026-09-27T01:45Z,2026-09-27T01:45:09.903872+00:00,2026-09-27T01:00Z,2026-09-27,Sunday,Alamo Drafthouse Yonkers,Yonkers,America/New_York,Primetime,15:00,0901:120758,1034,Screen 5,2d-digital,50,12,38,24.0,,https://drafthouse.com/s/mother/v1/app/seats/0901/120758,alamo-api; unavailable=2,ALMO,,2,alamo-api
2026-09-25,alamo-2026-09-27T01:45Z,2026-09-27T01:45:09.903872+00:00,2026-09-27T01:00Z,2026-09-27,Sunday,Alamo Drafthouse Yonkers,Yonkers,America/New_York,Primetime,16:30,0901:120747,1124,Screen 4,2d-digital,168,14,154,8.3,,https://drafthouse.com/s/mother/v1/app/seats/0901/120747,alamo-api; unavailable=5,ALMO,,5,alamo-api
2026-09-25,alamo-2026-09-27T01:45Z,2026-09-27T01:45:09.903872+00:00,2026-09-27T01:00Z,2026-09-27,Sunday,Alamo Drafthouse Yonkers,Yonkers,America/New_York,Primetime,19:30,0901:120757,1304,Screen 4,2d-digital,168,9,159,5.4,,https://drafthouse.com/s/mother/v1/app/seats/0901/120757,alamo-api; unavailable=5,ALMO,,5,alamo-api
