weekend_of,theatre_name,theatre_city,timezone,movie_title,sdate,show_date,href,seen_at
2026-09-25,Cinemark Lufkin,Lufkin,America/Chicago,Heart of the Beast,2026-09-27 19:20,2026-09-27,https://www.cinemark.com/TicketSeatMap/?cinemarkMovieId=110451&linkedShowtimeId=0&showtime=2026-09-27T19%3A20%3A00&showtimeId=383853&theaterId=1030,2026-09-27T02:44:17.432637+00:00
2026-09-25,Cinemark Lufkin,Lufkin,America/Chicago,Primetime,2026-09-27 19:55,2026-09-27,https://www.cinemark.com/TicketSeatMap/?cinemarkMovieId=111245&linkedShowtimeId=0&showtime=2026-09-27T19%3A55%3A00&showtimeId=383666&theaterId=1030,2026-09-27T02:44:17.432637+00:00
2026-09-25,Cinemark Lufkin,Lufkin,America/Chicago,Heart of the Beast,2026-09-27 18:40,2026-09-27,https://www.cinemark.com/TicketSeatMap/?cinemarkMovieId=110451&linkedShowtimeId=0&showtime=2026-09-27T18%3A40%3A00&showtimeId=382355&theaterId=1030,2026-09-27T02:44:17.432637+00:00
2026-09-25,Cinemark Lufkin,Lufkin,America/Chicago,Forgotten Island,2026-09-27 18:45,2026-09-27,https://www.cinemark.com/TicketSeatMap/?cinemarkMovieId=109838&linkedShowtimeId=0&showtime=2026-09-27T18%3A45%3A00&showtimeId=382845&theaterId=1030,2026-09-27T02:44:17.432637+00:00
2026-09-25,Cinemark Lufkin,Lufkin,America/Chicago,Primetime,2026-09-26 21:45,2026-09-26,https://www.cinemark.com/TicketSeatMap/?cinemarkMovieId=111245&linkedShowtimeId=0&showtime=2026-09-26T21%3A45%3A00&showtimeId=383159&theaterId=1030,2026-09-27T02:44:17.432637+00:00
2026-09-25,Cinemark Lufkin,Lufkin,America/Chicago,Forgotten Island,2026-09-27 17:10,2026-09-27,https://www.cinemark.com/TicketSeatMap/?cinemarkMovieId=109838&linkedShowtimeId=0&showtime=2026-09-27T17%3A10%3A00&showtimeId=383674&theaterId=1030,2026-09-27T02:44:17.432637+00:00
2026-09-25,Cinemark Lufkin,Lufkin,America/Chicago,Primetime,2026-09-26 22:10,2026-09-26,https://www.cinemark.com/TicketSeatMap/?cinemarkMovieId=111245&linkedShowtimeId=0&showtime=2026-09-26T22%3A10%3A00&showtimeId=383694&theaterId=1030,2026-09-27T02:44:17.432637+00:00
2026-09-25,Cinemark Lufkin,Lufkin,America/Chicago,Heart of the Beast,2026-09-27 16:05,2026-09-27,https://www.cinemark.com/TicketSeatMap/?cinemarkMovieId=110451&linkedShowtimeId=0&showtime=2026-09-27T16%3A05%3A00&showtimeId=382356&theaterId=1030,2026-09-27T02:44:17.432637+00:00
2026-09-25,Cinemark Lufkin,Lufkin,America/Chicago,Heart of the Beast,2026-09-27 16:50,2026-09-27,https://www.cinemark.com/TicketSeatMap/?cinemarkMovieId=110451&linkedShowtimeId=0&showtime=2026-09-27T16%3A50%3A00&showtimeId=383679&theaterId=1030,2026-09-27T02:44:17.432637+00:00
2026-09-25,Cinemark Lufkin,Lufkin,America/Chicago,Primetime,2026-09-27 16:15,2026-09-27,https://www.cinemark.com/TicketSeatMap/?cinemarkMovieId=111245&linkedShowtimeId=0&showtime=2026-09-27T16%3A15%3A00&showtimeId=383161&theaterId=1030,2026-09-27T02:44:17.432637+00:00
2026-09-25,Cinemark Lufkin,Lufkin,America/Chicago,Forgotten Island,2026-09-27 15:55,2026-09-27,https://www.cinemark.com/TicketSeatMap/?cinemarkMovieId=109838&linkedShowtimeId=0&showtime=2026-09-27T15%3A55%3A00&showtimeId=382849&theaterId=1030,2026-09-27T02:44:17.432637+00:00
2026-09-25,Cinemark Lufkin,Lufkin,America/Chicago,Forgotten Island,2026-09-27 14:25,2026-09-27,https://www.cinemark.com/TicketSeatMap/?cinemarkMovieId=109838&linkedShowtimeId=0&showtime=2026-09-27T14%3A25%3A00&showtimeId=383675&theaterId=1030,2026-09-27T02:44:17.432637+00:00
2026-09-25,Cinemark Lufkin,Lufkin,America/Chicago,Heart of the Beast,2026-09-27 13:20,2026-09-27,https://www.cinemark.com/TicketSeatMap/?cinemarkMovieId=110451&linkedShowtimeId=0&showtime=2026-09-27T13%3A20%3A00&showtimeId=382357&theaterId=1030,2026-09-27T02:44:17.432637+00:00
2026-09-25,Cinemark Lufkin,Lufkin,America/Chicago,Forgotten Island,2026-09-27 13:10,2026-09-27,https://www.cinemark.com/TicketSeatMap/?cinemarkMovieId=109838&linkedShowtimeId=0&showtime=2026-09-27T13%3A10%3A00&showtimeId=382846&theaterId=1030,2026-09-27T02:44:17.432637+00:00
2026-09-25,Cinemark Lufkin,Lufkin,America/Chicago,Primetime,2026-09-27 13:30,2026-09-27,https://www.cinemark.com/TicketSeatMap/?cinemarkMovieId=111245&linkedShowtimeId=0&showtime=2026-09-27T13%3A30%3A00&showtimeId=383162&theaterId=1030,2026-09-27T02:44:17.432637+00:00
2026-09-25,Cinemark Lufkin,Lufkin,America/Chicago,Forgotten Island,2026-09-27 11:35,2026-09-27,https://www.cinemark.com/TicketSeatMap/?cinemarkMovieId=109838&linkedShowtimeId=0&showtime=2026-09-27T11%3A35%3A00&showtimeId=383676&theaterId=1030,2026-09-27T02:44:17.432637+00:00
2026-09-25,Cinemark Lufkin,Lufkin,America/Chicago,Heart of the Beast,2026-09-27 10:15,2026-09-27,https://www.cinemark.com/TicketSeatMap/?cinemarkMovieId=110451&linkedShowtimeId=0&showtime=2026-09-27T10%3A15%3A00&showtimeId=383680&theaterId=1030,2026-09-27T02:44:17.432637+00:00
2026-09-25,Cinemark Lufkin,Lufkin,America/Chicago,Heart of the Beast,2026-09-27 10:40,2026-09-27,https://www.cinemark.com/TicketSeatMap/?cinemarkMovieId=110451&linkedShowtimeId=0&showtime=2026-09-27T10%3A40%3A00&showtimeId=382358&theaterId=1030,2026-09-27T02:44:17.432637+00:00
2026-09-25,Cinemark Lufkin,Lufkin,America/Chicago,Forgotten Island,2026-09-27 10:00,2026-09-27,https://www.cinemark.com/TicketSeatMap/?cinemarkMovieId=109838&linkedShowtimeId=0&showtime=2026-09-27T10%3A00%3A00&showtimeId=383673&theaterId=1030,2026-09-27T02:44:17.432637+00:00
2026-09-25,Cinemark Lufkin,Lufkin,America/Chicago,Forgotten Island,2026-09-27 10:25,2026-09-27,https://www.cinemark.com/TicketSeatMap/?cinemarkMovieId=109838&linkedShowtimeId=0&showtime=2026-09-27T10%3A25%3A00&showtimeId=382847&theaterId=1030,2026-09-27T02:44:17.432637+00:00
2026-09-25,Cinemark Lufkin,Lufkin,America/Chicago,Primetime,2026-09-27 10:45,2026-09-27,https://www.cinemark.com/TicketSeatMap/?cinemarkMovieId=111245&linkedShowtimeId=0&showtime=2026-09-27T10%3A45%3A00&showtimeId=383163&theaterId=1030,2026-09-27T02:44:17.432637+00:00
2026-09-25,Cinemark Bistro North Canton,North Canton,America/New_York,Heart of the Beast,2026-09-27 19:00,2026-09-27,https://www.cinemark.com/TicketSeatMap/?cinemarkMovieId=110451&linkedShowtimeId=0&showtime=2026-09-27T19%3A00%3A00&showtimeId=314638&theaterId=139,2026-09-27T02:44:17.432637+00:00
2026-09-25,Cinemark Bistro North Canton,North Canton,America/New_York,Forgotten Island,2026-09-27 19:10,2026-09-27,https://www.cinemark.com/TicketSeatMap/?cinemarkMovieId=109838&linkedShowtimeId=0&showtime=2026-09-27T19%3A10%3A00&showtimeId=314951&theaterId=139,2026-09-27T02:44:17.432637+00:00
2026-09-25,Cinemark Bistro North Canton,North Canton,America/New_York,Primetime,2026-09-27 19:40,2026-09-27,https://www.cinemark.com/TicketSeatMap/?cinemarkMovieId=111245&linkedShowtimeId=0&showtime=2026-09-27T19%3A40%3A00&showtimeId=315296&theaterId=139,2026-09-27T02:44:17.432637+00:00
2026-09-25,Cinemark Bistro North Canton,North Canton,America/New_York,Heart of the Beast,2026-09-27 18:30,2026-09-27,https://www.cinemark.com/TicketSeatMap/?cinemarkMovieId=110451&linkedShowtimeId=0&showtime=2026-09-27T18%3A30%3A00&showtimeId=315734&theaterId=139,2026-09-27T02:44:17.432637+00:00
2026-09-25,Cinemark Bistro North Canton,North Canton,America/New_York,Primetime,2026-09-27 20:10,2026-09-27,https://www.cinemark.com/TicketSeatMap/?cinemarkMovieId=111245&linkedShowtimeId=0&showtime=2026-09-27T20%3A10%3A00&showtimeId=315727&theaterId=139,2026-09-27T02:44:17.432637+00:00
2026-09-25,Cinemark Bistro North Canton,North Canton,America/New_York,Primetime,2026-09-27 17:20,2026-09-27,https://www.cinemark.com/TicketSeatMap/?cinemarkMovieId=111245&linkedShowtimeId=0&showtime=2026-09-27T17%3A20%3A00&showtimeId=315730&theaterId=139,2026-09-27T02:44:17.432637+00:00
2026-09-25,Cinemark Bistro North Canton,North Canton,America/New_York,Heart of the Beast,2026-09-26 22:55,2026-09-26,https://www.cinemark.com/TicketSeatMap/?cinemarkMovieId=110451&linkedShowtimeId=0&showtime=2026-09-26T22%3A55%3A00&showtimeId=315714&theaterId=139,2026-09-27T02:44:17.432637+00:00
2026-09-25,Cinemark Bistro North Canton,North Canton,America/New_York,Heart of the Beast,2026-09-27 16:20,2026-09-27,https://www.cinemark.com/TicketSeatMap/?cinemarkMovieId=110451&linkedShowtimeId=0&showtime=2026-09-27T16%3A20%3A00&showtimeId=314637&theaterId=139,2026-09-27T02:44:17.432637+00:00
2026-09-25,Cinemark Bistro North Canton,North Canton,America/New_York,Forgotten Island,2026-09-27 16:25,2026-09-27,https://www.cinemark.com/TicketSeatMap/?cinemarkMovieId=109838&linkedShowtimeId=0&showtime=2026-09-27T16%3A25%3A00&showtimeId=314950&theaterId=139,2026-09-27T02:44:17.432637+00:00
2026-09-25,Cinemark Bistro North Canton,North Canton,America/New_York,Primetime,2026-09-27 16:50,2026-09-27,https://www.cinemark.com/TicketSeatMap/?cinemarkMovieId=111245&linkedShowtimeId=0&showtime=2026-09-27T16%3A50%3A00&showtimeId=315295&theaterId=139,2026-09-27T02:44:17.432637+00:00
2026-09-25,Cinemark Bistro North Canton,North Canton,America/New_York,Heart of the Beast,2026-09-27 15:50,2026-09-27,https://www.cinemark.com/TicketSeatMap/?cinemarkMovieId=110451&linkedShowtimeId=0&showtime=2026-09-27T15%3A50%3A00&showtimeId=315733&theaterId=139,2026-09-27T02:44:17.432637+00:00
2026-09-25,Cinemark Bistro North Canton,North Canton,America/New_York,Primetime,2026-09-27 14:00,2026-09-27,https://www.cinemark.com/TicketSeatMap/?cinemarkMovieId=111245&linkedShowtimeId=0&showtime=2026-09-27T14%3A00%3A00&showtimeId=315294&theaterId=139,2026-09-27T02:44:17.432637+00:00
2026-09-25,Cinemark Bistro North Canton,North Canton,America/New_York,Primetime,2026-09-27 14:30,2026-09-27,https://www.cinemark.com/TicketSeatMap/?cinemarkMovieId=111245&linkedShowtimeId=0&showtime=2026-09-27T14%3A30%3A00&showtimeId=315729&theaterId=139,2026-09-27T02:44:17.432637+00:00
2026-09-25,Cinemark Bistro North Canton,North Canton,America/New_York,Heart of the Beast,2026-09-27 13:10,2026-09-27,https://www.cinemark.com/TicketSeatMap/?cinemarkMovieId=110451&linkedShowtimeId=0&showtime=2026-09-27T13%3A10%3A00&showtimeId=315732&theaterId=139,2026-09-27T02:44:17.432637+00:00
2026-09-25,Cinemark Bistro North Canton,North Canton,America/New_York,Heart of the Beast,2026-09-27 13:40,2026-09-27,https://www.cinemark.com/TicketSeatMap/?cinemarkMovieId=110451&linkedShowtimeId=0&showtime=2026-09-27T13%3A40%3A00&showtimeId=314636&theaterId=139,2026-09-27T02:44:17.432637+00:00
2026-09-25,Cinemark Bistro North Canton,North Canton,America/New_York,Forgotten Island,2026-09-27 13:25,2026-09-27,https://www.cinemark.com/TicketSeatMap/?cinemarkMovieId=109838&linkedShowtimeId=0&showtime=2026-09-27T13%3A25%3A00&showtimeId=314949&theaterId=139,2026-09-27T02:44:17.432637+00:00
2026-09-25,Cinemark Bistro North Canton,North Canton,America/New_York,Heart of the Beast,2026-09-27 11:00,2026-09-27,https://www.cinemark.com/TicketSeatMap/?cinemarkMovieId=110451&linkedShowtimeId=0&showtime=2026-09-27T11%3A00%3A00&showtimeId=314635&theaterId=139,2026-09-27T02:44:17.432637+00:00
2026-09-25,Cinemark Bistro North Canton,North Canton,America/New_York,Primetime,2026-09-27 11:10,2026-09-27,https://www.cinemark.com/TicketSeatMap/?cinemarkMovieId=111245&linkedShowtimeId=0&showtime=2026-09-27T11%3A10%3A00&showtimeId=315293&theaterId=139,2026-09-27T02:44:17.432637+00:00
2026-09-25,Cinemark Bistro North Canton,North Canton,America/New_York,Primetime,2026-09-27 11:40,2026-09-27,https://www.cinemark.com/TicketSeatMap/?cinemarkMovieId=111245&linkedShowtimeId=0&showtime=2026-09-27T11%3A40%3A00&showtimeId=315728&theaterId=139,2026-09-27T02:44:17.432637+00:00
2026-09-25,Cinemark Bistro North Canton,North Canton,America/New_York,Heart of the Beast,2026-09-27 10:30,2026-09-27,https://www.cinemark.com/TicketSeatMap/?cinemarkMovieId=110451&linkedShowtimeId=0&showtime=2026-09-27T10%3A30%3A00&showtimeId=315731&theaterId=139,2026-09-27T02:44:17.432637+00:00
2026-09-25,Cinemark Bistro North Canton,North Canton,America/New_York,Forgotten Island,2026-09-27 10:40,2026-09-27,https://www.cinemark.com/TicketSeatMap/?cinemarkMovieId=109838&linkedShowtimeId=0&showtime=2026-09-27T10%3A40%3A00&showtimeId=314948&theaterId=139,2026-09-27T02:44:17.432637+00:00
2026-09-25,Cinemark Century Bel Mar 16 And Xd,Lakewood,America/Denver,Heart of the Beast,2026-09-27 19:55,2026-09-27,https://www.cinemark.com/TicketSeatMap/?cinemarkMovieId=110451&linkedShowtimeId=0&showtime=2026-09-27T19%3A55%3A00&showtimeId=572849&theaterId=478,2026-09-27T02:44:17.432637+00:00
2026-09-25,Cinemark Century Bel Mar 16 And Xd,Lakewood,America/Denver,Forgotten Island,2026-09-27 19:00,2026-09-27,https://www.cinemark.com/TicketSeatMap/?cinemarkMovieId=109838&linkedShowtimeId=0&showtime=2026-09-27T19%3A00%3A00&showtimeId=575169&theaterId=478,2026-09-27T02:44:17.432637+00:00
2026-09-25,Cinemark Century Bel Mar 16 And Xd,Lakewood,America/Denver,Primetime,2026-09-27 19:45,2026-09-27,https://www.cinemark.com/TicketSeatMap/?cinemarkMovieId=111245&linkedShowtimeId=0&showtime=2026-09-27T19%3A45%3A00&showtimeId=573091&theaterId=478,2026-09-27T02:44:17.432637+00:00
2026-09-25,Cinemark Century Bel Mar 16 And Xd,Lakewood,America/Denver,Heart of the Beast,2026-09-27 18:15,2026-09-27,https://www.cinemark.com/TicketSeatMap/?cinemarkMovieId=110451&linkedShowtimeId=575211&showtime=2026-09-27T18%3A15%3A00&showtimeId=575217&theaterId=478,2026-09-27T02:44:17.432637+00:00
2026-09-25,Cinemark Century Bel Mar 16 And Xd,Lakewood,America/Denver,Heart of the Beast,2026-09-27 20:55,2026-09-27,https://www.cinemark.com/TicketSeatMap/?cinemarkMovieId=110451&linkedShowtimeId=575210&showtime=2026-09-27T20%3A55%3A00&showtimeId=575216&theaterId=478,2026-09-27T02:44:17.432637+00:00
2026-09-25,Cinemark Century Bel Mar 16 And Xd,Lakewood,America/Denver,Forgotten Island,2026-09-27 18:00,2026-09-27,https://www.cinemark.com/TicketSeatMap/?cinemarkMovieId=109838&linkedShowtimeId=0&showtime=2026-09-27T18%3A00%3A00&showtimeId=573641&theaterId=478,2026-09-27T02:44:17.432637+00:00
2026-09-25,Cinemark Century Bel Mar 16 And Xd,Lakewood,America/Denver,Forgotten Island,2026-09-27 20:45,2026-09-27,https://www.cinemark.com/TicketSeatMap/?cinemarkMovieId=109838&linkedShowtimeId=0&showtime=2026-09-27T20%3A45%3A00&showtimeId=573642&theaterId=478,2026-09-27T02:44:17.432637+00:00
2026-09-25,Cinemark Century Bel Mar 16 And Xd,Lakewood,America/Denver,Primetime,2026-09-27 18:25,2026-09-27,https://www.cinemark.com/TicketSeatMap/?cinemarkMovieId=111245&linkedShowtimeId=0&showtime=2026-09-27T18%3A25%3A00&showtimeId=575173&theaterId=478,2026-09-27T02:44:17.432637+00:00
2026-09-25,Cinemark Century Bel Mar 16 And Xd,Lakewood,America/Denver,Heart of the Beast,2026-09-26 21:10,2026-09-26,https://www.cinemark.com/TicketSeatMap/?cinemarkMovieId=110451&linkedShowtimeId=575158&showtime=2026-09-26T21%3A10%3A00&showtimeId=575159&theaterId=478,2026-09-27T02:44:17.432637+00:00
2026-09-25,Cinemark Century Bel Mar 16 And Xd,Lakewood,America/Denver,Forgotten Island,2026-09-26 21:45,2026-09-26,https://www.cinemark.com/TicketSeatMap/?cinemarkMovieId=109838&linkedShowtimeId=0&showtime=2026-09-26T21%3A45%3A00&showtimeId=575106&theaterId=478,2026-09-27T02:44:17.432637+00:00
2026-09-25,Cinemark Century Bel Mar 16 And Xd,Lakewood,America/Denver,Primetime,2026-09-26 21:10,2026-09-26,https://www.cinemark.com/TicketSeatMap/?cinemarkMovieId=111245&linkedShowtimeId=0&showtime=2026-09-26T21%3A10%3A00&showtimeId=575110&theaterId=478,2026-09-27T02:44:17.432637+00:00
2026-09-25,Cinemark Century Bel Mar 16 And Xd,Lakewood,America/Denver,Heart of the Beast,2026-09-27 17:15,2026-09-27,https://www.cinemark.com/TicketSeatMap/?cinemarkMovieId=110451&linkedShowtimeId=0&showtime=2026-09-27T17%3A15%3A00&showtimeId=572848&theaterId=478,2026-09-27T02:44:17.432637+00:00
2026-09-25,Cinemark Century Bel Mar 16 And Xd,Lakewood,America/Denver,Forgotten Island,2026-09-27 21:45,2026-09-27,https://www.cinemark.com/TicketSeatMap/?cinemarkMovieId=109838&linkedShowtimeId=0&showtime=2026-09-27T21%3A45%3A00&showtimeId=575168&theaterId=478,2026-09-27T02:44:17.432637+00:00
2026-09-25,Cinemark Century Bel Mar 16 And Xd,Lakewood,America/Denver,Primetime,2026-09-27 17:00,2026-09-27,https://www.cinemark.com/TicketSeatMap/?cinemarkMovieId=111245&linkedShowtimeId=0&showtime=2026-09-27T17%3A00%3A00&showtimeId=573090&theaterId=478,2026-09-27T02:44:17.432637+00:00
2026-09-25,Cinemark Century Bel Mar 16 And Xd,Lakewood,America/Denver,Primetime,2026-09-27 21:10,2026-09-27,https://www.cinemark.com/TicketSeatMap/?cinemarkMovieId=111245&linkedShowtimeId=0&showtime=2026-09-27T21%3A10%3A00&showtimeId=575172&theaterId=478,2026-09-27T02:44:17.432637+00:00
2026-09-25,Cinemark Century Bel Mar 16 And Xd,Lakewood,America/Denver,Heart of the Beast,2026-09-26 22:35,2026-09-26,https://www.cinemark.com/TicketSeatMap/?cinemarkMovieId=110451&linkedShowtimeId=0&showtime=2026-09-26T22%3A35%3A00&showtimeId=572843&theaterId=478,2026-09-27T02:44:17.432637+00:00
2026-09-25,Cinemark Century Bel Mar 16 And Xd,Lakewood,America/Denver,Primetime,2026-09-26 22:50,2026-09-26,https://www.cinemark.com/TicketSeatMap/?cinemarkMovieId=111245&linkedShowtimeId=0&showtime=2026-09-26T22%3A50%3A00&showtimeId=573087&theaterId=478,2026-09-27T02:44:17.432637+00:00
2026-09-25,Cinemark Century Bel Mar 16 And Xd,Lakewood,America/Denver,Heart of the Beast,2026-09-27 22:35,2026-09-27,https://www.cinemark.com/TicketSeatMap/?cinemarkMovieId=110451&linkedShowtimeId=0&showtime=2026-09-27T22%3A35%3A00&showtimeId=572850&theaterId=478,2026-09-27T02:44:17.432637+00:00
2026-09-25,Cinemark Century Bel Mar 16 And Xd,Lakewood,America/Denver,Forgotten Island,2026-09-27 16:15,2026-09-27,https://www.cinemark.com/TicketSeatMap/?cinemarkMovieId=109838&linkedShowtimeId=0&showtime=2026-09-27T16%3A15%3A00&showtimeId=575170&theaterId=478,2026-09-27T02:44:17.432637+00:00
2026-09-25,Cinemark Century Bel Mar 16 And Xd,Lakewood,America/Denver,Primetime,2026-09-27 22:30,2026-09-27,https://www.cinemark.com/TicketSeatMap/?cinemarkMovieId=111245&linkedShowtimeId=0&showtime=2026-09-27T22%3A30%3A00&showtimeId=573092&theaterId=478,2026-09-27T02:44:17.432637+00:00
2026-09-25,Cinemark Century Bel Mar 16 And Xd,Lakewood,America/Denver,Heart of the Beast,2026-09-26 23:50,2026-09-26,https://www.cinemark.com/TicketSeatMap/?cinemarkMovieId=110451&linkedShowtimeId=575157&showtime=2026-09-26T23%3A50%3A00&showtimeId=575163&theaterId=478,2026-09-27T02:44:17.432637+00:00
2026-09-25,Cinemark Century Bel Mar 16 And Xd,Lakewood,America/Denver,Primetime,2026-09-26 23:55,2026-09-26,https://www.cinemark.com/TicketSeatMap/?cinemarkMovieId=111245&linkedShowtimeId=0&showtime=2026-09-26T23%3A55%3A00&showtimeId=575111&theaterId=478,2026-09-27T02:44:17.432637+00:00
2026-09-25,Cinemark Century Bel Mar 16 And Xd,Lakewood,America/Denver,Heart of the Beast,2026-09-27 15:35,2026-09-27,https://www.cinemark.com/TicketSeatMap/?cinemarkMovieId=110451&linkedShowtimeId=575212&showtime=2026-09-27T15%3A35%3A00&showtimeId=575218&theaterId=478,2026-09-27T02:44:17.432637+00:00
2026-09-25,Cinemark Century Bel Mar 16 And Xd,Lakewood,America/Denver,Forgotten Island,2026-09-27 15:15,2026-09-27,https://www.cinemark.com/TicketSeatMap/?cinemarkMovieId=109838&linkedShowtimeId=0&showtime=2026-09-27T15%3A15%3A00&showtimeId=573643&theaterId=478,2026-09-27T02:44:17.432637+00:00
2026-09-25,Cinemark Century Bel Mar 16 And Xd,Lakewood,America/Denver,Primetime,2026-09-27 15:40,2026-09-27,https://www.cinemark.com/TicketSeatMap/?cinemarkMovieId=111245&linkedShowtimeId=0&showtime=2026-09-27T15%3A40%3A00&showtimeId=575174&theaterId=478,2026-09-27T02:44:17.432637+00:00
2026-09-25,Cinemark Century Bel Mar 16 And Xd,Lakewood,America/Denver,Heart of the Beast,2026-09-27 14:35,2026-09-27,https://www.cinemark.com/TicketSeatMap/?cinemarkMovieId=110451&linkedShowtimeId=0&showtime=2026-09-27T14%3A35%3A00&showtimeId=572847&theaterId=478,2026-09-27T02:44:17.432637+00:00
2026-09-25,Cinemark Century Bel Mar 16 And Xd,Lakewood,America/Denver,Primetime,2026-09-27 14:15,2026-09-27,https://www.cinemark.com/TicketSeatMap/?cinemarkMovieId=111245&linkedShowtimeId=0&showtime=2026-09-27T14%3A15%3A00&showtimeId=573089&theaterId=478,2026-09-27T02:44:17.432637+00:00
2026-09-25,Cinemark Century Bel Mar 16 And Xd,Lakewood,America/Denver,Forgotten Island,2026-09-27 13:30,2026-09-27,https://www.cinemark.com/TicketSeatMap/?cinemarkMovieId=109838&linkedShowtimeId=0&showtime=2026-09-27T13%3A30%3A00&showtimeId=575166&theaterId=478,2026-09-27T02:44:17.432637+00:00
2026-09-25,Cinemark Century Bel Mar 16 And Xd,Lakewood,America/Denver,Heart of the Beast,2026-09-27 12:20,2026-09-27,https://www.cinemark.com/TicketSeatMap/?cinemarkMovieId=110451&linkedShowtimeId=574693&showtime=2026-09-27T12%3A20%3A00&showtimeId=574696&theaterId=478,2026-09-27T02:44:17.432637+00:00
2026-09-25,Cinemark Century Bel Mar 16 And Xd,Lakewood,America/Denver,Heart of the Beast,2026-09-27 12:55,2026-09-27,https://www.cinemark.com/TicketSeatMap/?cinemarkMovieId=110451&linkedShowtimeId=575213&showtime=2026-09-27T12%3A55%3A00&showtimeId=575219&theaterId=478,2026-09-27T02:44:17.432637+00:00
2026-09-25,Cinemark Century Bel Mar 16 And Xd,Lakewood,America/Denver,Forgotten Island,2026-09-27 12:30,2026-09-27,https://www.cinemark.com/TicketSeatMap/?cinemarkMovieId=109838&linkedShowtimeId=0&showtime=2026-09-27T12%3A30%3A00&showtimeId=573640&theaterId=478,2026-09-27T02:44:17.432637+00:00
2026-09-25,Cinemark Century Bel Mar 16 And Xd,Lakewood,America/Denver,Primetime,2026-09-27 12:50,2026-09-27,https://www.cinemark.com/TicketSeatMap/?cinemarkMovieId=111245&linkedShowtimeId=0&showtime=2026-09-27T12%3A50%3A00&showtimeId=575175&theaterId=478,2026-09-27T02:44:17.432637+00:00
2026-09-25,Cinemark Century Bel Mar 16 And Xd,Lakewood,America/Denver,Heart of the Beast,2026-09-27 11:55,2026-09-27,https://www.cinemark.com/TicketSeatMap/?cinemarkMovieId=110451&linkedShowtimeId=0&showtime=2026-09-27T11%3A55%3A00&showtimeId=572846&theaterId=478,2026-09-27T02:44:17.432637+00:00
2026-09-25,Cinemark Century Bel Mar 16 And Xd,Lakewood,America/Denver,Primetime,2026-09-27 11:30,2026-09-27,https://www.cinemark.com/TicketSeatMap/?cinemarkMovieId=111245&linkedShowtimeId=0&showtime=2026-09-27T11%3A30%3A00&showtimeId=573088&theaterId=478,2026-09-27T02:44:17.432637+00:00
2026-09-25,Cinemark Century Bel Mar 16 And Xd,Lakewood,America/Denver,Heart of the Beast,2026-09-27 10:15,2026-09-27,https://www.cinemark.com/TicketSeatMap/?cinemarkMovieId=110451&linkedShowtimeId=575209&showtime=2026-09-27T10%3A15%3A00&showtimeId=575215&theaterId=478,2026-09-27T02:44:17.432637+00:00
2026-09-25,Cinemark Century Bel Mar 16 And Xd,Lakewood,America/Denver,Forgotten Island,2026-09-27 10:45,2026-09-27,https://www.cinemark.com/TicketSeatMap/?cinemarkMovieId=109838&linkedShowtimeId=0&showtime=2026-09-27T10%3A45%3A00&showtimeId=575167&theaterId=478,2026-09-27T02:44:17.432637+00:00
2026-09-25,Cinemark Century Bel Mar 16 And Xd,Lakewood,America/Denver,Primetime,2026-09-27 10:05,2026-09-27,https://www.cinemark.com/TicketSeatMap/?cinemarkMovieId=111245&linkedShowtimeId=0&showtime=2026-09-27T10%3A05%3A00&showtimeId=575171&theaterId=478,2026-09-27T02:44:17.432637+00:00
2026-09-25,Cinemark Century Bel Mar 16 And Xd,Lakewood,America/Denver,Heart of the Beast,2026-09-27 09:40,2026-09-27,https://www.cinemark.com/TicketSeatMap/?cinemarkMovieId=110451&linkedShowtimeId=574694&showtime=2026-09-27T09%3A40%3A00&showtimeId=574697&theaterId=478,2026-09-27T02:44:17.432637+00:00
2026-09-25,Cinemark Century Bel Mar 16 And Xd,Lakewood,America/Denver,Heart of the Beast,2026-09-27 09:15,2026-09-27,https://www.cinemark.com/TicketSeatMap/?cinemarkMovieId=110451&linkedShowtimeId=0&showtime=2026-09-27T09%3A15%3A00&showtimeId=572845&theaterId=478,2026-09-27T02:44:17.432637+00:00
2026-09-25,Cinemark Century Bel Mar 16 And Xd,Lakewood,America/Denver,Forgotten Island,2026-09-27 09:45,2026-09-27,https://www.cinemark.com/TicketSeatMap/?cinemarkMovieId=109838&linkedShowtimeId=0&showtime=2026-09-27T09%3A45%3A00&showtimeId=573639&theaterId=478,2026-09-27T02:44:17.432637+00:00
2026-09-25,Cinemark Century Bel Mar 16 And Xd,Lakewood,America/Denver,Primetime,2026-09-27 09:05,2026-09-27,https://www.cinemark.com/TicketSeatMap/?cinemarkMovieId=111245&linkedShowtimeId=0&showtime=2026-09-27T09%3A05%3A00&showtimeId=575214&theaterId=478,2026-09-27T02:44:17.432637+00:00
2026-09-25,Cinemark Fairfax Corner And Xd,Fairfax,America/New_York,Heart of the Beast,2026-09-27 18:30,2026-09-27,https://www.cinemark.com/TicketSeatMap/?cinemarkMovieId=110451&linkedShowtimeId=310823&showtime=2026-09-27T18%3A30%3A00&showtimeId=310830&theaterId=1111,2026-09-27T02:44:17.432637+00:00
2026-09-25,Cinemark Fairfax Corner And Xd,Fairfax,America/New_York,Heart of the Beast,2026-09-27 20:15,2026-09-27,https://www.cinemark.com/TicketSeatMap/?cinemarkMovieId=110451&linkedShowtimeId=0&showtime=2026-09-27T20%3A15%3A00&showtimeId=312983&theaterId=1111,2026-09-27T02:44:17.432637+00:00
2026-09-25,Cinemark Fairfax Corner And Xd,Fairfax,America/New_York,Forgotten Island,2026-09-27 18:35,2026-09-27,https://www.cinemark.com/TicketSeatMap/?cinemarkMovieId=109838&linkedShowtimeId=0&showtime=2026-09-27T18%3A35%3A00&showtimeId=312993&theaterId=1111,2026-09-27T02:44:17.432637+00:00
2026-09-25,Cinemark Fairfax Corner And Xd,Fairfax,America/New_York,Forgotten Island,2026-09-27 18:40,2026-09-27,https://www.cinemark.com/TicketSeatMap/?cinemarkMovieId=109838&linkedShowtimeId=0&showtime=2026-09-27T18%3A40%3A00&showtimeId=311639&theaterId=1111,2026-09-27T02:44:17.432637+00:00
2026-09-25,Cinemark Fairfax Corner And Xd,Fairfax,America/New_York,Primetime,2026-09-27 18:45,2026-09-27,https://www.cinemark.com/TicketSeatMap/?cinemarkMovieId=111245&linkedShowtimeId=0&showtime=2026-09-27T18%3A45%3A00&showtimeId=311459&theaterId=1111,2026-09-27T02:44:17.432637+00:00
2026-09-25,Cinemark Fairfax Corner And Xd,Fairfax,America/New_York,Heart of the Beast,2026-09-27 21:10,2026-09-27,https://www.cinemark.com/TicketSeatMap/?cinemarkMovieId=110451&linkedShowtimeId=310824&showtime=2026-09-27T21%3A10%3A00&showtimeId=310831&theaterId=1111,2026-09-27T02:44:17.432637+00:00
2026-09-25,Cinemark Fairfax Corner And Xd,Fairfax,America/New_York,Forgotten Island,2026-09-27 21:25,2026-09-27,https://www.cinemark.com/TicketSeatMap/?cinemarkMovieId=109838&linkedShowtimeId=0&showtime=2026-09-27T21%3A25%3A00&showtimeId=311640&theaterId=1111,2026-09-27T02:44:17.432637+00:00
2026-09-25,Cinemark Fairfax Corner And Xd,Fairfax,America/New_York,Primetime,2026-09-27 21:35,2026-09-27,https://www.cinemark.com/TicketSeatMap/?cinemarkMovieId=111245&linkedShowtimeId=0&showtime=2026-09-27T21%3A35%3A00&showtimeId=311460&theaterId=1111,2026-09-27T02:44:17.432637+00:00
2026-09-25,Cinemark Fairfax Corner And Xd,Fairfax,America/New_York,Heart of the Beast,2026-09-27 15:05,2026-09-27,https://www.cinemark.com/TicketSeatMap/?cinemarkMovieId=110451&linkedShowtimeId=312592&showtime=2026-09-27T15%3A05%3A00&showtimeId=312598&theaterId=1111,2026-09-27T02:44:17.432637+00:00
2026-09-25,Cinemark Fairfax Corner And Xd,Fairfax,America/New_York,Heart of the Beast,2026-09-27 15:50,2026-09-27,https://www.cinemark.com/TicketSeatMap/?cinemarkMovieId=110451&linkedShowtimeId=310822&showtime=2026-09-27T15%3A50%3A00&showtimeId=310829&theaterId=1111,2026-09-27T02:44:17.432637+00:00
2026-09-25,Cinemark Fairfax Corner And Xd,Fairfax,America/New_York,Forgotten Island,2026-09-27 15:45,2026-09-27,https://www.cinemark.com/TicketSeatMap/?cinemarkMovieId=109838&linkedShowtimeId=0&showtime=2026-09-27T15%3A45%3A00&showtimeId=311641&theaterId=1111,2026-09-27T02:44:17.432637+00:00
2026-09-25,Cinemark Fairfax Corner And Xd,Fairfax,America/New_York,Forgotten Island,2026-09-27 15:50,2026-09-27,https://www.cinemark.com/TicketSeatMap/?cinemarkMovieId=109838&linkedShowtimeId=0&showtime=2026-09-27T15%3A50%3A00&showtimeId=312994&theaterId=1111,2026-09-27T02:44:17.432637+00:00
2026-09-25,Cinemark Fairfax Corner And Xd,Fairfax,America/New_York,Primetime,2026-09-27 15:55,2026-09-27,https://www.cinemark.com/TicketSeatMap/?cinemarkMovieId=111245&linkedShowtimeId=0&showtime=2026-09-27T15%3A55%3A00&showtimeId=311458&theaterId=1111,2026-09-27T02:44:17.432637+00:00
2026-09-25,Cinemark Fairfax Corner And Xd,Fairfax,America/New_York,Heart of the Beast,2026-09-27 13:10,2026-09-27,https://www.cinemark.com/TicketSeatMap/?cinemarkMovieId=110451&linkedShowtimeId=310821&showtime=2026-09-27T13%3A10%3A00&showtimeId=310828&theaterId=1111,2026-09-27T02:44:17.432637+00:00
2026-09-25,Cinemark Fairfax Corner And Xd,Fairfax,America/New_York,Heart of the Beast,2026-09-27 13:30,2026-09-27,https://www.cinemark.com/TicketSeatMap/?cinemarkMovieId=110451&linkedShowtimeId=0&showtime=2026-09-27T13%3A30%3A00&showtimeId=312984&theaterId=1111,2026-09-27T02:44:17.432637+00:00
2026-09-25,Cinemark Fairfax Corner And Xd,Fairfax,America/New_York,Forgotten Island,2026-09-27 13:00,2026-09-27,https://www.cinemark.com/TicketSeatMap/?cinemarkMovieId=109838&linkedShowtimeId=0&showtime=2026-09-27T13%3A00%3A00&showtimeId=311638&theaterId=1111,2026-09-27T02:44:17.432637+00:00
2026-09-25,Cinemark Fairfax Corner And Xd,Fairfax,America/New_York,Primetime,2026-09-27 13:05,2026-09-27,https://www.cinemark.com/TicketSeatMap/?cinemarkMovieId=111245&linkedShowtimeId=0&showtime=2026-09-27T13%3A05%3A00&showtimeId=311457&theaterId=1111,2026-09-27T02:44:17.432637+00:00
2026-09-25,Cinemark Fairfax Corner And Xd,Fairfax,America/New_York,Heart of the Beast,2026-09-27 12:25,2026-09-27,https://www.cinemark.com/TicketSeatMap/?cinemarkMovieId=110451&linkedShowtimeId=312591&showtime=2026-09-27T12%3A25%3A00&showtimeId=312597&theaterId=1111,2026-09-27T02:44:17.432637+00:00
2026-09-25,Cinemark Fairfax Corner And Xd,Fairfax,America/New_York,Forgotten Island,2026-09-27 12:15,2026-09-27,https://www.cinemark.com/TicketSeatMap/?cinemarkMovieId=109838&linkedShowtimeId=312589&showtime=2026-09-27T12%3A15%3A00&showtimeId=312594&theaterId=1111,2026-09-27T02:44:17.432637+00:00
2026-09-25,Cinemark Fairfax Corner And Xd,Fairfax,America/New_York,Forgotten Island,2026-09-27 12:35,2026-09-27,https://www.cinemark.com/TicketSeatMap/?cinemarkMovieId=109838&linkedShowtimeId=0&showtime=2026-09-27T12%3A35%3A00&showtimeId=312995&theaterId=1111,2026-09-27T02:44:17.432637+00:00
2026-09-25,Cinemark Fairfax Corner And Xd,Fairfax,America/New_York,Heart of the Beast,2026-09-27 10:30,2026-09-27,https://www.cinemark.com/TicketSeatMap/?cinemarkMovieId=110451&linkedShowtimeId=310825&showtime=2026-09-27T10%3A30%3A00&showtimeId=310832&theaterId=1111,2026-09-27T02:44:17.432637+00:00
2026-09-25,Cinemark Fairfax Corner And Xd,Fairfax,America/New_York,Forgotten Island,2026-09-27 10:15,2026-09-27,https://www.cinemark.com/TicketSeatMap/?cinemarkMovieId=109838&linkedShowtimeId=0&showtime=2026-09-27T10%3A15%3A00&showtimeId=311637&theaterId=1111,2026-09-27T02:44:17.432637+00:00
2026-09-25,Cinemark Fairfax Corner And Xd,Fairfax,America/New_York,Primetime,2026-09-27 10:15,2026-09-27,https://www.cinemark.com/TicketSeatMap/?cinemarkMovieId=111245&linkedShowtimeId=0&showtime=2026-09-27T10%3A15%3A00&showtimeId=311456&theaterId=1111,2026-09-27T02:44:17.432637+00:00
2026-09-25,Cinemark Fairfax Corner And Xd,Fairfax,America/New_York,Heart of the Beast,2026-09-27 09:45,2026-09-27,https://www.cinemark.com/TicketSeatMap/?cinemarkMovieId=110451&linkedShowtimeId=312590&showtime=2026-09-27T09%3A45%3A00&showtimeId=312596&theaterId=1111,2026-09-27T02:44:17.432637+00:00
2026-09-25,Cinemark Fairfax Corner And Xd,Fairfax,America/New_York,Forgotten Island,2026-09-27 09:30,2026-09-27,https://www.cinemark.com/TicketSeatMap/?cinemarkMovieId=109838&linkedShowtimeId=312588&showtime=2026-09-27T09%3A30%3A00&showtimeId=312595&theaterId=1111,2026-09-27T02:44:17.432637+00:00
2026-09-25,Cinemark Fairfax Corner And Xd,Fairfax,America/New_York,Forgotten Island,2026-09-27 09:50,2026-09-27,https://www.cinemark.com/TicketSeatMap/?cinemarkMovieId=109838&linkedShowtimeId=0&showtime=2026-09-27T09%3A50%3A00&showtimeId=312996&theaterId=1111,2026-09-27T02:44:17.432637+00:00
2026-09-25,Cinemark Century Oakridge 20 Xd And Screenx,San Jose,America/Los_Angeles,Heart of the Beast,2026-09-26 19:45,2026-09-26,https://www.cinemark.com/TicketSeatMap/?cinemarkMovieId=110451&linkedShowtimeId=0&showtime=2026-09-26T19%3A45%3A00&showtimeId=778651&theaterId=477,2026-09-27T02:44:17.432637+00:00
2026-09-25,Cinemark Century Oakridge 20 Xd And Screenx,San Jose,America/Los_Angeles,Heart of the Beast,2026-09-27 19:30,2026-09-27,https://www.cinemark.com/TicketSeatMap/?cinemarkMovieId=110451&linkedShowtimeId=0&showtime=2026-09-27T19%3A30%3A00&showtimeId=778710&theaterId=477,2026-09-27T02:44:17.432637+00:00
2026-09-25,Cinemark Century Oakridge 20 Xd And Screenx,San Jose,America/Los_Angeles,Forgotten Island,2026-09-27 19:30,2026-09-27,https://www.cinemark.com/TicketSeatMap/?cinemarkMovieId=109838&linkedShowtimeId=0&showtime=2026-09-27T19%3A30%3A00&showtimeId=776868&theaterId=477,2026-09-27T02:44:17.432637+00:00
2026-09-25,Cinemark Century Oakridge 20 Xd And Screenx,San Jose,America/Los_Angeles,Heart of the Beast,2026-09-26 20:30,2026-09-26,https://www.cinemark.com/TicketSeatMap/?cinemarkMovieId=110451&linkedShowtimeId=0&showtime=2026-09-26T20%3A30%3A00&showtimeId=775767&theaterId=477,2026-09-27T02:44:17.432637+00:00
2026-09-25,Cinemark Century Oakridge 20 Xd And Screenx,San Jose,America/Los_Angeles,Forgotten Island,2026-09-26 20:30,2026-09-26,https://www.cinemark.com/TicketSeatMap/?cinemarkMovieId=109838&linkedShowtimeId=776848&showtime=2026-09-26T20%3A30%3A00&showtimeId=776856&theaterId=477,2026-09-27T02:44:17.432637+00:00
2026-09-25,Cinemark Century Oakridge 20 Xd And Screenx,San Jose,America/Los_Angeles,Primetime,2026-09-26 20:45,2026-09-26,https://www.cinemark.com/TicketSeatMap/?cinemarkMovieId=111245&linkedShowtimeId=0&showtime=2026-09-26T20%3A45%3A00&showtimeId=775862&theaterId=477,2026-09-27T02:44:17.432637+00:00
2026-09-25,Cinemark Century Oakridge 20 Xd And Screenx,San Jose,America/Los_Angeles,Heart of the Beast,2026-09-27 20:05,2026-09-27,https://www.cinemark.com/TicketSeatMap/?cinemarkMovieId=110451&linkedShowtimeId=0&showtime=2026-09-27T20%3A05%3A00&showtimeId=775773&theaterId=477,2026-09-27T02:44:17.432637+00:00
2026-09-25,Cinemark Century Oakridge 20 Xd And Screenx,San Jose,America/Los_Angeles,Forgotten Island,2026-09-27 20:30,2026-09-27,https://www.cinemark.com/TicketSeatMap/?cinemarkMovieId=109838&linkedShowtimeId=776872&showtime=2026-09-27T20%3A30%3A00&showtimeId=776880&theaterId=477,2026-09-27T02:44:17.432637+00:00
2026-09-25,Cinemark Century Oakridge 20 Xd And Screenx,San Jose,America/Los_Angeles,Primetime,2026-09-27 18:30,2026-09-27,https://www.cinemark.com/TicketSeatMap/?cinemarkMovieId=111245&linkedShowtimeId=0&showtime=2026-09-27T18%3A30%3A00&showtimeId=778694&theaterId=477,2026-09-27T02:44:17.432637+00:00
2026-09-25,Cinemark Century Oakridge 20 Xd And Screenx,San Jose,America/Los_Angeles,Primetime,2026-09-27 20:15,2026-09-27,https://www.cinemark.com/TicketSeatMap/?cinemarkMovieId=111245&linkedShowtimeId=0&showtime=2026-09-27T20%3A15%3A00&showtimeId=775868&theaterId=477,2026-09-27T02:44:17.432637+00:00
2026-09-25,Cinemark Century Oakridge 20 Xd And Screenx,San Jose,America/Los_Angeles,Primetime,2026-09-26 21:40,2026-09-26,https://www.cinemark.com/TicketSeatMap/?cinemarkMovieId=111245&linkedShowtimeId=0&showtime=2026-09-26T21%3A40%3A00&showtimeId=779042&theaterId=477,2026-09-27T02:44:17.432637+00:00
2026-09-25,Cinemark Century Oakridge 20 Xd And Screenx,San Jose,America/Los_Angeles,Primetime,2026-09-26 21:55,2026-09-26,https://www.cinemark.com/TicketSeatMap/?cinemarkMovieId=111245&linkedShowtimeId=0&showtime=2026-09-26T21%3A55%3A00&showtimeId=778636&theaterId=477,2026-09-27T02:44:17.432637+00:00
2026-09-25,Cinemark Century Oakridge 20 Xd And Screenx,San Jose,America/Los_Angeles,Heart of the Beast,2026-09-27 17:25,2026-09-27,https://www.cinemark.com/TicketSeatMap/?cinemarkMovieId=110451&linkedShowtimeId=0&showtime=2026-09-27T17%3A25%3A00&showtimeId=775772&theaterId=477,2026-09-27T02:44:17.432637+00:00
2026-09-25,Cinemark Century Oakridge 20 Xd And Screenx,San Jose,America/Los_Angeles,Forgotten Island,2026-09-27 17:45,2026-09-27,https://www.cinemark.com/TicketSeatMap/?cinemarkMovieId=109838&linkedShowtimeId=776877&showtime=2026-09-27T17%3A45%3A00&showtimeId=776883&theaterId=477,2026-09-27T02:44:17.432637+00:00
2026-09-25,Cinemark Century Oakridge 20 Xd And Screenx,San Jose,America/Los_Angeles,Primetime,2026-09-27 17:30,2026-09-27,https://www.cinemark.com/TicketSeatMap/?cinemarkMovieId=111245&linkedShowtimeId=0&showtime=2026-09-27T17%3A30%3A00&showtimeId=775867&theaterId=477,2026-09-27T02:44:17.432637+00:00
2026-09-25,Cinemark Century Oakridge 20 Xd And Screenx,San Jose,America/Los_Angeles,Heart of the Beast,2026-09-26 22:25,2026-09-26,https://www.cinemark.com/TicketSeatMap/?cinemarkMovieId=110451&linkedShowtimeId=0&showtime=2026-09-26T22%3A25%3A00&showtimeId=778649&theaterId=477,2026-09-27T02:44:17.432637+00:00
2026-09-25,Cinemark Century Oakridge 20 Xd And Screenx,San Jose,America/Los_Angeles,Forgotten Island,2026-09-26 22:40,2026-09-26,https://www.cinemark.com/TicketSeatMap/?cinemarkMovieId=109838&linkedShowtimeId=0&showtime=2026-09-26T22%3A40%3A00&showtimeId=776845&theaterId=477,2026-09-27T02:44:17.432637+00:00
2026-09-25,Cinemark Century Oakridge 20 Xd And Screenx,San Jose,America/Los_Angeles,Heart of the Beast,2026-09-27 16:10,2026-09-27,https://www.cinemark.com/TicketSeatMap/?cinemarkMovieId=110451&linkedShowtimeId=778678&showtime=2026-09-27T16%3A10%3A00&showtimeId=778692&theaterId=477,2026-09-27T02:44:17.432637+00:00
2026-09-25,Cinemark Century Oakridge 20 Xd And Screenx,San Jose,America/Los_Angeles,Heart of the Beast,2026-09-27 16:50,2026-09-27,https://www.cinemark.com/TicketSeatMap/?cinemarkMovieId=110451&linkedShowtimeId=0&showtime=2026-09-27T16%3A50%3A00&showtimeId=778706&theaterId=477,2026-09-27T02:44:17.432637+00:00
2026-09-25,Cinemark Century Oakridge 20 Xd And Screenx,San Jose,America/Los_Angeles,Heart of the Beast,2026-09-27 22:00,2026-09-27,https://www.cinemark.com/TicketSeatMap/?cinemarkMovieId=110451&linkedShowtimeId=0&showtime=2026-09-27T22%3A00%3A00&showtimeId=778708&theaterId=477,2026-09-27T02:44:17.432637+00:00
2026-09-25,Cinemark Century Oakridge 20 Xd And Screenx,San Jose,America/Los_Angeles,Heart of the Beast,2026-09-27 22:45,2026-09-27,https://www.cinemark.com/TicketSeatMap/?cinemarkMovieId=110451&linkedShowtimeId=0&showtime=2026-09-27T22%3A45%3A00&showtimeId=775774&theaterId=477,2026-09-27T02:44:17.432637+00:00
2026-09-25,Cinemark Century Oakridge 20 Xd And Screenx,San Jose,America/Los_Angeles,Forgotten Island,2026-09-27 22:35,2026-09-27,https://www.cinemark.com/TicketSeatMap/?cinemarkMovieId=109838&linkedShowtimeId=0&showtime=2026-09-27T22%3A35%3A00&showtimeId=778955&theaterId=477,2026-09-27T02:44:17.432637+00:00
2026-09-25,Cinemark Century Oakridge 20 Xd And Screenx,San Jose,America/Los_Angeles,Forgotten Island,2026-09-27 16:45,2026-09-27,https://www.cinemark.com/TicketSeatMap/?cinemarkMovieId=109838&linkedShowtimeId=0&showtime=2026-09-27T16%3A45%3A00&showtimeId=779159&theaterId=477,2026-09-27T02:44:17.432637+00:00
2026-09-25,Cinemark Century Oakridge 20 Xd And Screenx,San Jose,America/Los_Angeles,Forgotten Island,2026-09-27 22:15,2026-09-27,https://www.cinemark.com/TicketSeatMap/?cinemarkMovieId=109838&linkedShowtimeId=0&showtime=2026-09-27T22%3A15%3A00&showtimeId=776869&theaterId=477,2026-09-27T02:44:17.432637+00:00
2026-09-25,Cinemark Century Oakridge 20 Xd And Screenx,San Jose,America/Los_Angeles,Primetime,2026-09-27 22:10,2026-09-27,https://www.cinemark.com/TicketSeatMap/?cinemarkMovieId=111245&linkedShowtimeId=0&showtime=2026-09-27T22%3A10%3A00&showtimeId=778698&theaterId=477,2026-09-27T02:44:17.432637+00:00
2026-09-25,Cinemark Century Oakridge 20 Xd And Screenx,San Jose,America/Los_Angeles,Heart of the Beast,2026-09-26 23:10,2026-09-26,https://www.cinemark.com/TicketSeatMap/?cinemarkMovieId=110451&linkedShowtimeId=0&showtime=2026-09-26T23%3A10%3A00&showtimeId=775768&theaterId=477,2026-09-27T02:44:17.432637+00:00
2026-09-25,Cinemark Century Oakridge 20 Xd And Screenx,San Jose,America/Los_Angeles,Forgotten Island,2026-09-26 23:15,2026-09-26,https://www.cinemark.com/TicketSeatMap/?cinemarkMovieId=109838&linkedShowtimeId=776852&showtime=2026-09-26T23%3A15%3A00&showtimeId=776858&theaterId=477,2026-09-27T02:44:17.432637+00:00
2026-09-25,Cinemark Century Oakridge 20 Xd And Screenx,San Jose,America/Los_Angeles,Primetime,2026-09-26 23:30,2026-09-26,https://www.cinemark.com/TicketSeatMap/?cinemarkMovieId=111245&linkedShowtimeId=0&showtime=2026-09-26T23%3A30%3A00&showtimeId=775863&theaterId=477,2026-09-27T02:44:17.432637+00:00
2026-09-25,Cinemark Century Oakridge 20 Xd And Screenx,San Jose,America/Los_Angeles,Forgotten Island,2026-09-27 15:45,2026-09-27,https://www.cinemark.com/TicketSeatMap/?cinemarkMovieId=109838&linkedShowtimeId=0&showtime=2026-09-27T15%3A45%3A00&showtimeId=776884&theaterId=477,2026-09-27T02:44:17.432637+00:00
2026-09-25,Cinemark Century Oakridge 20 Xd And Screenx,San Jose,America/Los_Angeles,Forgotten Island,2026-09-27 15:00,2026-09-27,https://www.cinemark.com/TicketSeatMap/?cinemarkMovieId=109838&linkedShowtimeId=776873&showtime=2026-09-27T15%3A00%3A00&showtimeId=776878&theaterId=477,2026-09-27T02:44:17.432637+00:00
2026-09-25,Cinemark Century Oakridge 20 Xd And Screenx,San Jose,America/Los_Angeles,Primetime,2026-09-27 15:40,2026-09-27,https://www.cinemark.com/TicketSeatMap/?cinemarkMovieId=111245&linkedShowtimeId=0&showtime=2026-09-27T15%3A40%3A00&showtimeId=778695&theaterId=477,2026-09-27T02:44:17.432637+00:00
2026-09-25,Cinemark Century Oakridge 20 Xd And Screenx,San Jose,America/Los_Angeles,Primetime,2026-09-27 23:00,2026-09-27,https://www.cinemark.com/TicketSeatMap/?cinemarkMovieId=111245&linkedShowtimeId=0&showtime=2026-09-27T23%3A00%3A00&showtimeId=775869&theaterId=477,2026-09-27T02:44:17.432637+00:00
2026-09-25,Cinemark Century Oakridge 20 Xd And Screenx,San Jose,America/Los_Angeles,Heart of the Beast,2026-09-27 14:10,2026-09-27,https://www.cinemark.com/TicketSeatMap/?cinemarkMovieId=110451&linkedShowtimeId=0&showtime=2026-09-27T14%3A10%3A00&showtimeId=778707&theaterId=477,2026-09-27T02:44:17.432637+00:00
2026-09-25,Cinemark Century Oakridge 20 Xd And Screenx,San Jose,America/Los_Angeles,Heart of the Beast,2026-09-27 14:45,2026-09-27,https://www.cinemark.com/TicketSeatMap/?cinemarkMovieId=110451&linkedShowtimeId=0&showtime=2026-09-27T14%3A45%3A00&showtimeId=775771&theaterId=477,2026-09-27T02:44:17.432637+00:00
2026-09-25,Cinemark Century Oakridge 20 Xd And Screenx,San Jose,America/Los_Angeles,Forgotten Island,2026-09-27 14:00,2026-09-27,https://www.cinemark.com/TicketSeatMap/?cinemarkMovieId=109838&linkedShowtimeId=0&showtime=2026-09-27T14%3A00%3A00&showtimeId=776867&theaterId=477,2026-09-27T02:44:17.432637+00:00
2026-09-25,Cinemark Century Oakridge 20 Xd And Screenx,San Jose,America/Los_Angeles,Primetime,2026-09-27 14:45,2026-09-27,https://www.cinemark.com/TicketSeatMap/?cinemarkMovieId=111245&linkedShowtimeId=0&showtime=2026-09-27T14%3A45%3A00&showtimeId=775866&theaterId=477,2026-09-27T02:44:17.432637+00:00
2026-09-25,Cinemark Century Oakridge 20 Xd And Screenx,San Jose,America/Los_Angeles,Heart of the Beast,2026-09-27 13:30,2026-09-27,https://www.cinemark.com/TicketSeatMap/?cinemarkMovieId=110451&linkedShowtimeId=778679&showtime=2026-09-27T13%3A30%3A00&showtimeId=778693&theaterId=477,2026-09-27T02:44:17.432637+00:00
2026-09-25,Cinemark Century Oakridge 20 Xd And Screenx,San Jose,America/Los_Angeles,Forgotten Island,2026-09-27 13:00,2026-09-27,https://www.cinemark.com/TicketSeatMap/?cinemarkMovieId=109838&linkedShowtimeId=0&showtime=2026-09-27T13%3A00%3A00&showtimeId=776885&theaterId=477,2026-09-27T02:44:17.432637+00:00
2026-09-25,Cinemark Century Oakridge 20 Xd And Screenx,San Jose,America/Los_Angeles,Heart of the Beast,2026-09-27 12:05,2026-09-27,https://www.cinemark.com/TicketSeatMap/?cinemarkMovieId=110451&linkedShowtimeId=0&showtime=2026-09-27T12%3A05%3A00&showtimeId=775770&theaterId=477,2026-09-27T02:44:17.432637+00:00
2026-09-25,Cinemark Century Oakridge 20 Xd And Screenx,San Jose,America/Los_Angeles,Forgotten Island,2026-09-27 12:15,2026-09-27,https://www.cinemark.com/TicketSeatMap/?cinemarkMovieId=109838&linkedShowtimeId=776874&showtime=2026-09-27T12%3A15%3A00&showtimeId=776879&theaterId=477,2026-09-27T02:44:17.432637+00:00
2026-09-25,Cinemark Century Oakridge 20 Xd And Screenx,San Jose,America/Los_Angeles,Primetime,2026-09-27 12:00,2026-09-27,https://www.cinemark.com/TicketSeatMap/?cinemarkMovieId=111245&linkedShowtimeId=0&showtime=2026-09-27T12%3A00%3A00&showtimeId=775865&theaterId=477,2026-09-27T02:44:17.432637+00:00
2026-09-25,Cinemark Century Oakridge 20 Xd And Screenx,San Jose,America/Los_Angeles,Primetime,2026-09-27 12:50,2026-09-27,https://www.cinemark.com/TicketSeatMap/?cinemarkMovieId=111245&linkedShowtimeId=0&showtime=2026-09-27T12%3A50%3A00&showtimeId=778696&theaterId=477,2026-09-27T02:44:17.432637+00:00
2026-09-25,Cinemark Century Oakridge 20 Xd And Screenx,San Jose,America/Los_Angeles,Heart of the Beast,2026-09-27 11:30,2026-09-27,https://www.cinemark.com/TicketSeatMap/?cinemarkMovieId=110451&linkedShowtimeId=0&showtime=2026-09-27T11%3A30%3A00&showtimeId=778709&theaterId=477,2026-09-27T02:44:17.432637+00:00
2026-09-25,Cinemark Century Oakridge 20 Xd And Screenx,San Jose,America/Los_Angeles,Forgotten Island,2026-09-27 11:15,2026-09-27,https://www.cinemark.com/TicketSeatMap/?cinemarkMovieId=109838&linkedShowtimeId=0&showtime=2026-09-27T11%3A15%3A00&showtimeId=776871&theaterId=477,2026-09-27T02:44:17.432637+00:00
2026-09-25,Cinemark Century Oakridge 20 Xd And Screenx,San Jose,America/Los_Angeles,Primetime,2026-09-27 11:45,2026-09-27,https://www.cinemark.com/TicketSeatMap/?cinemarkMovieId=111245&linkedShowtimeId=0&showtime=2026-09-27T11%3A45%3A00&showtimeId=779160&theaterId=477,2026-09-27T02:44:17.432637+00:00
2026-09-25,Cinemark Century Oakridge 20 Xd And Screenx,San Jose,America/Los_Angeles,Forgotten Island,2026-09-27 10:45,2026-09-27,https://www.cinemark.com/TicketSeatMap/?cinemarkMovieId=109838&linkedShowtimeId=778655&showtime=2026-09-27T10%3A45%3A00&showtimeId=778667&theaterId=477,2026-09-27T02:44:17.432637+00:00
2026-09-25,Cinemark Century Oakridge 20 Xd And Screenx,San Jose,America/Los_Angeles,Forgotten Island,2026-09-27 10:15,2026-09-27,https://www.cinemark.com/TicketSeatMap/?cinemarkMovieId=109838&linkedShowtimeId=0&showtime=2026-09-27T10%3A15%3A00&showtimeId=776886&theaterId=477,2026-09-27T02:44:17.432637+00:00
2026-09-25,Cinemark Century Oakridge 20 Xd And Screenx,San Jose,America/Los_Angeles,Primetime,2026-09-27 10:00,2026-09-27,https://www.cinemark.com/TicketSeatMap/?cinemarkMovieId=111245&linkedShowtimeId=0&showtime=2026-09-27T10%3A00%3A00&showtimeId=778697&theaterId=477,2026-09-27T02:44:17.432637+00:00
2026-09-25,Cinemark Century Oakridge 20 Xd And Screenx,San Jose,America/Los_Angeles,Heart of the Beast,2026-09-27 09:25,2026-09-27,https://www.cinemark.com/TicketSeatMap/?cinemarkMovieId=110451&linkedShowtimeId=0&showtime=2026-09-27T09%3A25%3A00&showtimeId=775769&theaterId=477,2026-09-27T02:44:17.432637+00:00
2026-09-25,Cinemark Century Oakridge 20 Xd And Screenx,San Jose,America/Los_Angeles,Forgotten Island,2026-09-27 09:30,2026-09-27,https://www.cinemark.com/TicketSeatMap/?cinemarkMovieId=109838&linkedShowtimeId=776875&showtime=2026-09-27T09%3A30%3A00&showtimeId=776881&theaterId=477,2026-09-27T02:44:17.432637+00:00
2026-09-25,Cinemark Century Oakridge 20 Xd And Screenx,San Jose,America/Los_Angeles,Primetime,2026-09-27 09:15,2026-09-27,https://www.cinemark.com/TicketSeatMap/?cinemarkMovieId=111245&linkedShowtimeId=0&showtime=2026-09-27T09%3A15%3A00&showtimeId=775870&theaterId=477,2026-09-27T02:44:17.432637+00:00
2026-09-25,Cinemark Louis Joliet Mall,Joliet,America/Chicago,Primetime,2026-09-26 21:50,2026-09-26,https://www.cinemark.com/TicketSeatMap/?cinemarkMovieId=111245&linkedShowtimeId=0&showtime=2026-09-26T21%3A50%3A00&showtimeId=526619&theaterId=1044,2026-09-27T02:44:17.432637+00:00
2026-09-25,Cinemark Louis Joliet Mall,Joliet,America/Chicago,Heart of the Beast,2026-09-26 22:25,2026-09-26,https://www.cinemark.com/TicketSeatMap/?cinemarkMovieId=110451&linkedShowtimeId=0&showtime=2026-09-26T22%3A25%3A00&showtimeId=526641&theaterId=1044,2026-09-27T02:44:17.432637+00:00
2026-09-25,Cinemark Louis Joliet Mall,Joliet,America/Chicago,Forgotten Island,2026-09-26 22:45,2026-09-26,https://www.cinemark.com/TicketSeatMap/?cinemarkMovieId=109838&linkedShowtimeId=524979&showtime=2026-09-26T22%3A45%3A00&showtimeId=524972&theaterId=1044,2026-09-27T02:44:17.432637+00:00
2026-09-25,Cinemark Louis Joliet Mall,Joliet,America/Chicago,Heart of the Beast,2026-09-26 23:15,2026-09-26,https://www.cinemark.com/TicketSeatMap/?cinemarkMovieId=110451&linkedShowtimeId=524216&showtime=2026-09-26T23%3A15%3A00&showtimeId=524222&theaterId=1044,2026-09-27T02:44:17.432637+00:00
2026-09-25,Cinemark Louis Joliet Mall,Joliet,America/Chicago,Forgotten Island,2026-09-26 23:50,2026-09-26,https://www.cinemark.com/TicketSeatMap/?cinemarkMovieId=109838&linkedShowtimeId=0&showtime=2026-09-26T23%3A50%3A00&showtimeId=526617&theaterId=1044,2026-09-27T02:44:17.432637+00:00
2026-09-25,Cinemark Louis Joliet Mall,Joliet,America/Chicago,Primetime,2026-09-26 23:10,2026-09-26,https://www.cinemark.com/TicketSeatMap/?cinemarkMovieId=111245&linkedShowtimeId=0&showtime=2026-09-26T23%3A10%3A00&showtimeId=524358&theaterId=1044,2026-09-27T02:44:17.432637+00:00
2026-09-25,Cinemark Cuyahoga Falls And Xd,Cuyahoga Falls,America/New_York,Primetime,2026-09-27 19:10,2026-09-27,https://www.cinemark.com/TicketSeatMap/?cinemarkMovieId=111245&linkedShowtimeId=0&showtime=2026-09-27T19%3A10%3A00&showtimeId=217469&theaterId=1121,2026-09-27T02:44:17.432637+00:00
2026-09-25,Cinemark Cuyahoga Falls And Xd,Cuyahoga Falls,America/New_York,Heart of the Beast,2026-09-27 18:30,2026-09-27,https://www.cinemark.com/TicketSeatMap/?cinemarkMovieId=110451&linkedShowtimeId=0&showtime=2026-09-27T18%3A30%3A00&showtimeId=217487&theaterId=1121,2026-09-27T02:44:17.432637+00:00
2026-09-25,Cinemark Cuyahoga Falls And Xd,Cuyahoga Falls,America/New_York,Forgotten Island,2026-09-27 18:15,2026-09-27,https://www.cinemark.com/TicketSeatMap/?cinemarkMovieId=109838&linkedShowtimeId=0&showtime=2026-09-27T18%3A15%3A00&showtimeId=216642&theaterId=1121,2026-09-27T02:44:17.432637+00:00
2026-09-25,Cinemark Cuyahoga Falls And Xd,Cuyahoga Falls,America/New_York,Primetime,2026-09-27 18:30,2026-09-27,https://www.cinemark.com/TicketSeatMap/?cinemarkMovieId=111245&linkedShowtimeId=0&showtime=2026-09-27T18%3A30%3A00&showtimeId=217492&theaterId=1121,2026-09-27T02:44:17.432637+00:00
2026-09-25,Cinemark Cuyahoga Falls And Xd,Cuyahoga Falls,America/New_York,Heart of the Beast,2026-09-27 21:55,2026-09-27,https://www.cinemark.com/TicketSeatMap/?cinemarkMovieId=110451&linkedShowtimeId=0&showtime=2026-09-27T21%3A55%3A00&showtimeId=217488&theaterId=1121,2026-09-27T02:44:17.432637+00:00
2026-09-25,Cinemark Cuyahoga Falls And Xd,Cuyahoga Falls,America/New_York,Forgotten Island,2026-09-27 21:00,2026-09-27,https://www.cinemark.com/TicketSeatMap/?cinemarkMovieId=109838&linkedShowtimeId=0&showtime=2026-09-27T21%3A00%3A00&showtimeId=216643&theaterId=1121,2026-09-27T02:44:17.432637+00:00
2026-09-25,Cinemark Cuyahoga Falls And Xd,Cuyahoga Falls,America/New_York,Primetime,2026-09-27 21:10,2026-09-27,https://www.cinemark.com/TicketSeatMap/?cinemarkMovieId=111245&linkedShowtimeId=0&showtime=2026-09-27T21%3A10%3A00&showtimeId=217468&theaterId=1121,2026-09-27T02:44:17.432637+00:00
2026-09-25,Cinemark Cuyahoga Falls And Xd,Cuyahoga Falls,America/New_York,Heart of the Beast,2026-09-27 16:30,2026-09-27,https://www.cinemark.com/TicketSeatMap/?cinemarkMovieId=110451&linkedShowtimeId=0&showtime=2026-09-27T16%3A30%3A00&showtimeId=217478&theaterId=1121,2026-09-27T02:44:17.432637+00:00
2026-09-25,Cinemark Cuyahoga Falls And Xd,Cuyahoga Falls,America/New_York,Primetime,2026-09-27 22:00,2026-09-27,https://www.cinemark.com/TicketSeatMap/?cinemarkMovieId=111245&linkedShowtimeId=0&showtime=2026-09-27T22%3A00%3A00&showtimeId=217493&theaterId=1121,2026-09-27T02:44:17.432637+00:00
2026-09-25,Cinemark Cuyahoga Falls And Xd,Cuyahoga Falls,America/New_York,Heart of the Beast,2026-09-27 15:50,2026-09-27,https://www.cinemark.com/TicketSeatMap/?cinemarkMovieId=110451&linkedShowtimeId=0&showtime=2026-09-27T15%3A50%3A00&showtimeId=217486&theaterId=1121,2026-09-27T02:44:17.432637+00:00
2026-09-25,Cinemark Cuyahoga Falls And Xd,Cuyahoga Falls,America/New_York,Forgotten Island,2026-09-27 15:30,2026-09-27,https://www.cinemark.com/TicketSeatMap/?cinemarkMovieId=109838&linkedShowtimeId=0&showtime=2026-09-27T15%3A30%3A00&showtimeId=216639&theaterId=1121,2026-09-27T02:44:17.432637+00:00
2026-09-25,Cinemark Cuyahoga Falls And Xd,Cuyahoga Falls,America/New_York,Primetime,2026-09-27 15:40,2026-09-27,https://www.cinemark.com/TicketSeatMap/?cinemarkMovieId=111245&linkedShowtimeId=0&showtime=2026-09-27T15%3A40%3A00&showtimeId=217491&theaterId=1121,2026-09-27T02:44:17.432637+00:00
2026-09-25,Cinemark Cuyahoga Falls And Xd,Cuyahoga Falls,America/New_York,Heart of the Beast,2026-09-27 13:10,2026-09-27,https://www.cinemark.com/TicketSeatMap/?cinemarkMovieId=110451&linkedShowtimeId=0&showtime=2026-09-27T13%3A10%3A00&showtimeId=217485&theaterId=1121,2026-09-27T02:44:17.432637+00:00
2026-09-25,Cinemark Cuyahoga Falls And Xd,Cuyahoga Falls,America/New_York,Heart of the Beast,2026-09-27 13:50,2026-09-27,https://www.cinemark.com/TicketSeatMap/?cinemarkMovieId=110451&linkedShowtimeId=0&showtime=2026-09-27T13%3A50%3A00&showtimeId=217477&theaterId=1121,2026-09-27T02:44:17.432637+00:00
2026-09-25,Cinemark Cuyahoga Falls And Xd,Cuyahoga Falls,America/New_York,Heart of the Beast,2026-09-27 12:20,2026-09-27,https://www.cinemark.com/TicketSeatMap/?cinemarkMovieId=110451&linkedShowtimeId=0&showtime=2026-09-27T12%3A20%3A00&showtimeId=217387&theaterId=1121,2026-09-27T02:44:17.432637+00:00
2026-09-25,Cinemark Cuyahoga Falls And Xd,Cuyahoga Falls,America/New_York,Forgotten Island,2026-09-27 12:45,2026-09-27,https://www.cinemark.com/TicketSeatMap/?cinemarkMovieId=109838&linkedShowtimeId=0&showtime=2026-09-27T12%3A45%3A00&showtimeId=216641&theaterId=1121,2026-09-27T02:44:17.432637+00:00
2026-09-25,Cinemark Cuyahoga Falls And Xd,Cuyahoga Falls,America/New_York,Primetime,2026-09-27 12:50,2026-09-27,https://www.cinemark.com/TicketSeatMap/?cinemarkMovieId=111245&linkedShowtimeId=0&showtime=2026-09-27T12%3A50%3A00&showtimeId=217045&theaterId=1121,2026-09-27T02:44:17.432637+00:00
2026-09-25,Cinemark Cuyahoga Falls And Xd,Cuyahoga Falls,America/New_York,Heart of the Beast,2026-09-27 11:10,2026-09-27,https://www.cinemark.com/TicketSeatMap/?cinemarkMovieId=110451&linkedShowtimeId=0&showtime=2026-09-27T11%3A10%3A00&showtimeId=217476&theaterId=1121,2026-09-27T02:44:17.432637+00:00
2026-09-25,Cinemark Cuyahoga Falls And Xd,Cuyahoga Falls,America/New_York,Heart of the Beast,2026-09-27 10:30,2026-09-27,https://www.cinemark.com/TicketSeatMap/?cinemarkMovieId=110451&linkedShowtimeId=0&showtime=2026-09-27T10%3A30%3A00&showtimeId=217489&theaterId=1121,2026-09-27T02:44:17.432637+00:00
2026-09-25,Cinemark Cuyahoga Falls And Xd,Cuyahoga Falls,America/New_York,Forgotten Island,2026-09-27 10:00,2026-09-27,https://www.cinemark.com/TicketSeatMap/?cinemarkMovieId=109838&linkedShowtimeId=0&showtime=2026-09-27T10%3A00%3A00&showtimeId=216640&theaterId=1121,2026-09-27T02:44:17.432637+00:00
2026-09-25,Cinemark Cuyahoga Falls And Xd,Cuyahoga Falls,America/New_York,Heart of the Beast,2026-09-27 09:40,2026-09-27,https://www.cinemark.com/TicketSeatMap/?cinemarkMovieId=110451&linkedShowtimeId=0&showtime=2026-09-27T09%3A40%3A00&showtimeId=217386&theaterId=1121,2026-09-27T02:44:17.432637+00:00
2026-09-25,Cinemark Cuyahoga Falls And Xd,Cuyahoga Falls,America/New_York,Primetime,2026-09-27 09:55,2026-09-27,https://www.cinemark.com/TicketSeatMap/?cinemarkMovieId=111245&linkedShowtimeId=0&showtime=2026-09-27T09%3A55%3A00&showtimeId=217490&theaterId=1121,2026-09-27T02:44:17.432637+00:00
2026-09-25,Cinemark Century At The River And Xd,Rancho Mirage,America/Los_Angeles,Primetime,2026-09-27 19:15,2026-09-27,https://www.cinemark.com/TicketSeatMap/?cinemarkMovieId=111245&linkedShowtimeId=0&showtime=2026-09-27T19%3A15%3A00&showtimeId=494917&theaterId=479,2026-09-27T02:44:17.432637+00:00
2026-09-25,Cinemark Century At The River And Xd,Rancho Mirage,America/Los_Angeles,Heart of the Beast,2026-09-26 20:20,2026-09-26,https://www.cinemark.com/TicketSeatMap/?cinemarkMovieId=110451&linkedShowtimeId=0&showtime=2026-09-26T20%3A20%3A00&showtimeId=494850&theaterId=479,2026-09-27T02:44:17.432637+00:00
2026-09-25,Cinemark Century At The River And Xd,Rancho Mirage,America/Los_Angeles,Heart of the Beast,2026-09-26 20:50,2026-09-26,https://www.cinemark.com/TicketSeatMap/?cinemarkMovieId=110451&linkedShowtimeId=0&showtime=2026-09-26T20%3A50%3A00&showtimeId=496411&theaterId=479,2026-09-27T02:44:17.432637+00:00
2026-09-25,Cinemark Century At The River And Xd,Rancho Mirage,America/Los_Angeles,Primetime,2026-09-26 20:55,2026-09-26,https://www.cinemark.com/TicketSeatMap/?cinemarkMovieId=111245&linkedShowtimeId=0&showtime=2026-09-26T20%3A55%3A00&showtimeId=496399&theaterId=479,2026-09-27T02:44:17.432637+00:00
2026-09-25,Cinemark Century At The River And Xd,Rancho Mirage,America/Los_Angeles,Heart of the Beast,2026-09-27 18:10,2026-09-27,https://www.cinemark.com/TicketSeatMap/?cinemarkMovieId=110451&linkedShowtimeId=0&showtime=2026-09-27T18%3A10%3A00&showtimeId=496455&theaterId=479,2026-09-27T02:44:17.432637+00:00
2026-09-25,Cinemark Century At The River And Xd,Rancho Mirage,America/Los_Angeles,Heart of the Beast,2026-09-27 20:10,2026-09-27,https://www.cinemark.com/TicketSeatMap/?cinemarkMovieId=110451&linkedShowtimeId=0&showtime=2026-09-27T20%3A10%3A00&showtimeId=494857&theaterId=479,2026-09-27T02:44:17.432637+00:00
2026-09-25,Cinemark Century At The River And Xd,Rancho Mirage,America/Los_Angeles,Heart of the Beast,2026-09-27 20:50,2026-09-27,https://www.cinemark.com/TicketSeatMap/?cinemarkMovieId=110451&linkedShowtimeId=0&showtime=2026-09-27T20%3A50%3A00&showtimeId=496451&theaterId=479,2026-09-27T02:44:17.432637+00:00
2026-09-25,Cinemark Century At The River And Xd,Rancho Mirage,America/Los_Angeles,Forgotten Island,2026-09-27 18:55,2026-09-27,https://www.cinemark.com/TicketSeatMap/?cinemarkMovieId=109838&linkedShowtimeId=0&showtime=2026-09-27T18%3A55%3A00&showtimeId=495401&theaterId=479,2026-09-27T02:44:17.432637+00:00
2026-09-25,Cinemark Century At The River And Xd,Rancho Mirage,America/Los_Angeles,Primetime,2026-09-27 18:05,2026-09-27,https://www.cinemark.com/TicketSeatMap/?cinemarkMovieId=111245&linkedShowtimeId=0&showtime=2026-09-27T18%3A05%3A00&showtimeId=496440&theaterId=479,2026-09-27T02:44:17.432637+00:00
2026-09-25,Cinemark Century At The River And Xd,Rancho Mirage,America/Los_Angeles,Primetime,2026-09-27 20:55,2026-09-27,https://www.cinemark.com/TicketSeatMap/?cinemarkMovieId=111245&linkedShowtimeId=0&showtime=2026-09-27T20%3A55%3A00&showtimeId=496439&theaterId=479,2026-09-27T02:44:17.432637+00:00
2026-09-25,Cinemark Century At The River And Xd,Rancho Mirage,America/Los_Angeles,Forgotten Island,2026-09-26 21:40,2026-09-26,https://www.cinemark.com/TicketSeatMap/?cinemarkMovieId=109838&linkedShowtimeId=0&showtime=2026-09-26T21%3A40%3A00&showtimeId=495397&theaterId=479,2026-09-27T02:44:17.432637+00:00
2026-09-25,Cinemark Century At The River And Xd,Rancho Mirage,America/Los_Angeles,Heart of the Beast,2026-09-27 17:30,2026-09-27,https://www.cinemark.com/TicketSeatMap/?cinemarkMovieId=110451&linkedShowtimeId=0&showtime=2026-09-27T17%3A30%3A00&showtimeId=494856&theaterId=479,2026-09-27T02:44:17.432637+00:00
2026-09-25,Cinemark Century At The River And Xd,Rancho Mirage,America/Los_Angeles,Forgotten Island,2026-09-27 21:40,2026-09-27,https://www.cinemark.com/TicketSeatMap/?cinemarkMovieId=109838&linkedShowtimeId=0&showtime=2026-09-27T21%3A40%3A00&showtimeId=495402&theaterId=479,2026-09-27T02:44:17.432637+00:00
2026-09-25,Cinemark Century At The River And Xd,Rancho Mirage,America/Los_Angeles,Primetime,2026-09-26 22:05,2026-09-26,https://www.cinemark.com/TicketSeatMap/?cinemarkMovieId=111245&linkedShowtimeId=0&showtime=2026-09-26T22%3A05%3A00&showtimeId=494908&theaterId=479,2026-09-27T02:44:17.432637+00:00
2026-09-25,Cinemark Century At The River And Xd,Rancho Mirage,America/Los_Angeles,Heart of the Beast,2026-09-27 22:50,2026-09-27,https://www.cinemark.com/TicketSeatMap/?cinemarkMovieId=110451&linkedShowtimeId=0&showtime=2026-09-27T22%3A50%3A00&showtimeId=496292&theaterId=479,2026-09-27T02:44:17.432637+00:00
2026-09-25,Cinemark Century At The River And Xd,Rancho Mirage,America/Los_Angeles,Forgotten Island,2026-09-27 16:10,2026-09-27,https://www.cinemark.com/TicketSeatMap/?cinemarkMovieId=109838&linkedShowtimeId=0&showtime=2026-09-27T16%3A10%3A00&showtimeId=495398&theaterId=479,2026-09-27T02:44:17.432637+00:00
2026-09-25,Cinemark Century At The River And Xd,Rancho Mirage,America/Los_Angeles,Primetime,2026-09-27 16:25,2026-09-27,https://www.cinemark.com/TicketSeatMap/?cinemarkMovieId=111245&linkedShowtimeId=0&showtime=2026-09-27T16%3A25%3A00&showtimeId=494916&theaterId=479,2026-09-27T02:44:17.432637+00:00
2026-09-25,Cinemark Century At The River And Xd,Rancho Mirage,America/Los_Angeles,Primetime,2026-09-27 22:05,2026-09-27,https://www.cinemark.com/TicketSeatMap/?cinemarkMovieId=111245&linkedShowtimeId=0&showtime=2026-09-27T22%3A05%3A00&showtimeId=494918&theaterId=479,2026-09-27T02:44:17.432637+00:00
2026-09-25,Cinemark Century At The River And Xd,Rancho Mirage,America/Los_Angeles,Heart of the Beast,2026-09-26 23:00,2026-09-26,https://www.cinemark.com/TicketSeatMap/?cinemarkMovieId=110451&linkedShowtimeId=0&showtime=2026-09-26T23%3A00%3A00&showtimeId=494851&theaterId=479,2026-09-27T02:44:17.432637+00:00
2026-09-25,Cinemark Century At The River And Xd,Rancho Mirage,America/Los_Angeles,Heart of the Beast,2026-09-26 23:10,2026-09-26,https://www.cinemark.com/TicketSeatMap/?cinemarkMovieId=110451&linkedShowtimeId=0&showtime=2026-09-26T23%3A10%3A00&showtimeId=496412&theaterId=479,2026-09-27T02:44:17.432637+00:00
2026-09-25,Cinemark Century At The River And Xd,Rancho Mirage,America/Los_Angeles,Heart of the Beast,2026-09-27 15:30,2026-09-27,https://www.cinemark.com/TicketSeatMap/?cinemarkMovieId=110451&linkedShowtimeId=0&showtime=2026-09-27T15%3A30%3A00&showtimeId=496450&theaterId=479,2026-09-27T02:44:17.432637+00:00
2026-09-25,Cinemark Century At The River And Xd,Rancho Mirage,America/Los_Angeles,Heart of the Beast,2026-09-27 23:10,2026-09-27,https://www.cinemark.com/TicketSeatMap/?cinemarkMovieId=110451&linkedShowtimeId=0&showtime=2026-09-27T23%3A10%3A00&showtimeId=496452&theaterId=479,2026-09-27T02:44:17.432637+00:00
2026-09-25,Cinemark Century At The River And Xd,Rancho Mirage,America/Los_Angeles,Forgotten Island,2026-09-27 15:15,2026-09-27,https://www.cinemark.com/TicketSeatMap/?cinemarkMovieId=109838&linkedShowtimeId=0&showtime=2026-09-27T15%3A15%3A00&showtimeId=496448&theaterId=479,2026-09-27T02:44:17.432637+00:00
2026-09-25,Cinemark Century At The River And Xd,Rancho Mirage,America/Los_Angeles,Primetime,2026-09-27 15:15,2026-09-27,https://www.cinemark.com/TicketSeatMap/?cinemarkMovieId=111245&linkedShowtimeId=0&showtime=2026-09-27T15%3A15%3A00&showtimeId=496441&theaterId=479,2026-09-27T02:44:17.432637+00:00
2026-09-25,Cinemark Century At The River And Xd,Rancho Mirage,America/Los_Angeles,Heart of the Beast,2026-09-27 14:50,2026-09-27,https://www.cinemark.com/TicketSeatMap/?cinemarkMovieId=110451&linkedShowtimeId=0&showtime=2026-09-27T14%3A50%3A00&showtimeId=494855&theaterId=479,2026-09-27T02:44:17.432637+00:00
2026-09-25,Cinemark Century At The River And Xd,Rancho Mirage,America/Los_Angeles,Heart of the Beast,2026-09-27 13:15,2026-09-27,https://www.cinemark.com/TicketSeatMap/?cinemarkMovieId=110451&linkedShowtimeId=0&showtime=2026-09-27T13%3A15%3A00&showtimeId=496454&theaterId=479,2026-09-27T02:44:17.432637+00:00
2026-09-25,Cinemark Century At The River And Xd,Rancho Mirage,America/Los_Angeles,Forgotten Island,2026-09-27 13:25,2026-09-27,https://www.cinemark.com/TicketSeatMap/?cinemarkMovieId=109838&linkedShowtimeId=0&showtime=2026-09-27T13%3A25%3A00&showtimeId=495400&theaterId=479,2026-09-27T02:44:17.432637+00:00
2026-09-25,Cinemark Century At The River And Xd,Rancho Mirage,America/Los_Angeles,Primetime,2026-09-27 13:35,2026-09-27,https://www.cinemark.com/TicketSeatMap/?cinemarkMovieId=111245&linkedShowtimeId=0&showtime=2026-09-27T13%3A35%3A00&showtimeId=494915&theaterId=479,2026-09-27T02:44:17.432637+00:00
2026-09-25,Cinemark Century At The River And Xd,Rancho Mirage,America/Los_Angeles,Heart of the Beast,2026-09-27 12:20,2026-09-27,https://www.cinemark.com/TicketSeatMap/?cinemarkMovieId=110451&linkedShowtimeId=0&showtime=2026-09-27T12%3A20%3A00&showtimeId=496298&theaterId=479,2026-09-27T02:44:17.432637+00:00
2026-09-25,Cinemark Century At The River And Xd,Rancho Mirage,America/Los_Angeles,Heart of the Beast,2026-09-27 12:10,2026-09-27,https://www.cinemark.com/TicketSeatMap/?cinemarkMovieId=110451&linkedShowtimeId=0&showtime=2026-09-27T12%3A10%3A00&showtimeId=494854&theaterId=479,2026-09-27T02:44:17.432637+00:00
2026-09-25,Cinemark Century At The River And Xd,Rancho Mirage,America/Los_Angeles,Forgotten Island,2026-09-27 12:30,2026-09-27,https://www.cinemark.com/TicketSeatMap/?cinemarkMovieId=109838&linkedShowtimeId=0&showtime=2026-09-27T12%3A30%3A00&showtimeId=496449&theaterId=479,2026-09-27T02:44:17.432637+00:00
2026-09-25,Cinemark Century At The River And Xd,Rancho Mirage,America/Los_Angeles,Primetime,2026-09-27 12:25,2026-09-27,https://www.cinemark.com/TicketSeatMap/?cinemarkMovieId=111245&linkedShowtimeId=0&showtime=2026-09-27T12%3A25%3A00&showtimeId=496437&theaterId=479,2026-09-27T02:44:17.432637+00:00
2026-09-25,Cinemark Century At The River And Xd,Rancho Mirage,America/Los_Angeles,Heart of the Beast,2026-09-27 10:35,2026-09-27,https://www.cinemark.com/TicketSeatMap/?cinemarkMovieId=110451&linkedShowtimeId=0&showtime=2026-09-27T10%3A35%3A00&showtimeId=496453&theaterId=479,2026-09-27T02:44:17.432637+00:00
2026-09-25,Cinemark Century At The River And Xd,Rancho Mirage,America/Los_Angeles,Forgotten Island,2026-09-27 10:40,2026-09-27,https://www.cinemark.com/TicketSeatMap/?cinemarkMovieId=109838&linkedShowtimeId=0&showtime=2026-09-27T10%3A40%3A00&showtimeId=495399&theaterId=479,2026-09-27T02:44:17.432637+00:00
2026-09-25,Cinemark Century At The River And Xd,Rancho Mirage,America/Los_Angeles,Primetime,2026-09-27 10:45,2026-09-27,https://www.cinemark.com/TicketSeatMap/?cinemarkMovieId=111245&linkedShowtimeId=0&showtime=2026-09-27T10%3A45%3A00&showtimeId=494914&theaterId=479,2026-09-27T02:44:17.432637+00:00
2026-09-25,Cinemark Century At The River And Xd,Rancho Mirage,America/Los_Angeles,Heart of the Beast,2026-09-27 09:40,2026-09-27,https://www.cinemark.com/TicketSeatMap/?cinemarkMovieId=110451&linkedShowtimeId=0&showtime=2026-09-27T09%3A40%3A00&showtimeId=496297&theaterId=479,2026-09-27T02:44:17.432637+00:00
2026-09-25,Cinemark Century At The River And Xd,Rancho Mirage,America/Los_Angeles,Heart of the Beast,2026-09-27 09:30,2026-09-27,https://www.cinemark.com/TicketSeatMap/?cinemarkMovieId=110451&linkedShowtimeId=0&showtime=2026-09-27T09%3A30%3A00&showtimeId=494853&theaterId=479,2026-09-27T02:44:17.432637+00:00
2026-09-25,Cinemark Century At The River And Xd,Rancho Mirage,America/Los_Angeles,Forgotten Island,2026-09-27 09:45,2026-09-27,https://www.cinemark.com/TicketSeatMap/?cinemarkMovieId=109838&linkedShowtimeId=0&showtime=2026-09-27T09%3A45%3A00&showtimeId=496447&theaterId=479,2026-09-27T02:44:17.432637+00:00
2026-09-25,Cinemark Century At The River And Xd,Rancho Mirage,America/Los_Angeles,Primetime,2026-09-27 09:35,2026-09-27,https://www.cinemark.com/TicketSeatMap/?cinemarkMovieId=111245&linkedShowtimeId=0&showtime=2026-09-27T09%3A35%3A00&showtimeId=496438&theaterId=479,2026-09-27T02:44:17.432637+00:00
2026-09-25,Cinemark Century Laguna 16 And Xd,Elk Grove,America/Los_Angeles,Heart of the Beast,2026-09-26 19:45,2026-09-26,https://www.cinemark.com/TicketSeatMap/?cinemarkMovieId=110451&linkedShowtimeId=607631&showtime=2026-09-26T19%3A45%3A00&showtimeId=607642&theaterId=417,2026-09-27T02:44:17.432637+00:00
2026-09-25,Cinemark Century Laguna 16 And Xd,Elk Grove,America/Los_Angeles,Heart of the Beast,2026-09-27 19:25,2026-09-27,https://www.cinemark.com/TicketSeatMap/?cinemarkMovieId=110451&linkedShowtimeId=0&showtime=2026-09-27T19%3A25%3A00&showtimeId=610945&theaterId=417,2026-09-27T02:44:17.432637+00:00
2026-09-25,Cinemark Century Laguna 16 And Xd,Elk Grove,America/Los_Angeles,Forgotten Island,2026-09-27 19:45,2026-09-27,https://www.cinemark.com/TicketSeatMap/?cinemarkMovieId=109838&linkedShowtimeId=609378&showtime=2026-09-27T19%3A45%3A00&showtimeId=609383&theaterId=417,2026-09-27T02:44:17.432637+00:00
2026-09-25,Cinemark Century Laguna 16 And Xd,Elk Grove,America/Los_Angeles,Primetime,2026-09-27 19:45,2026-09-27,https://www.cinemark.com/TicketSeatMap/?cinemarkMovieId=111245&linkedShowtimeId=0&showtime=2026-09-27T19%3A45%3A00&showtimeId=608541&theaterId=417,2026-09-27T02:44:17.432637+00:00
2026-09-25,Cinemark Century Laguna 16 And Xd,Elk Grove,America/Los_Angeles,Heart of the Beast,2026-09-26 20:30,2026-09-26,https://www.cinemark.com/TicketSeatMap/?cinemarkMovieId=110451&linkedShowtimeId=0&showtime=2026-09-26T20%3A30%3A00&showtimeId=610889&theaterId=417,2026-09-27T02:44:17.432637+00:00
2026-09-25,Cinemark Century Laguna 16 And Xd,Elk Grove,America/Los_Angeles,Forgotten Island,2026-09-26 20:15,2026-09-26,https://www.cinemark.com/TicketSeatMap/?cinemarkMovieId=109838&linkedShowtimeId=609366&showtime=2026-09-26T20%3A15%3A00&showtimeId=609371&theaterId=417,2026-09-27T02:44:17.432637+00:00
2026-09-25,Cinemark Century Laguna 16 And Xd,Elk Grove,America/Los_Angeles,Forgotten Island,2026-09-26 20:45,2026-09-26,https://www.cinemark.com/TicketSeatMap/?cinemarkMovieId=109838&linkedShowtimeId=0&showtime=2026-09-26T20%3A45%3A00&showtimeId=610866&theaterId=417,2026-09-27T02:44:17.432637+00:00
2026-09-25,Cinemark Century Laguna 16 And Xd,Elk Grove,America/Los_Angeles,Primetime,2026-09-26 20:10,2026-09-26,https://www.cinemark.com/TicketSeatMap/?cinemarkMovieId=111245&linkedShowtimeId=0&showtime=2026-09-26T20%3A10%3A00&showtimeId=608534&theaterId=417,2026-09-27T02:44:17.432637+00:00
2026-09-25,Cinemark Century Laguna 16 And Xd,Elk Grove,America/Los_Angeles,Primetime,2026-09-26 20:40,2026-09-26,https://www.cinemark.com/TicketSeatMap/?cinemarkMovieId=111245&linkedShowtimeId=0&showtime=2026-09-26T20%3A40%3A00&showtimeId=610896&theaterId=417,2026-09-27T02:44:17.432637+00:00
2026-09-25,Cinemark Century Laguna 16 And Xd,Elk Grove,America/Los_Angeles,Heart of the Beast,2026-09-27 20:00,2026-09-27,https://www.cinemark.com/TicketSeatMap/?cinemarkMovieId=110451&linkedShowtimeId=607666&showtime=2026-09-27T20%3A00%3A00&showtimeId=607651&theaterId=417,2026-09-27T02:44:17.432637+00:00
2026-09-25,Cinemark Century Laguna 16 And Xd,Elk Grove,America/Los_Angeles,Forgotten Island,2026-09-27 18:15,2026-09-27,https://www.cinemark.com/TicketSeatMap/?cinemarkMovieId=109838&linkedShowtimeId=0&showtime=2026-09-27T18%3A15%3A00&showtimeId=610921&theaterId=417,2026-09-27T02:44:17.432637+00:00
2026-09-25,Cinemark Century Laguna 16 And Xd,Elk Grove,America/Los_Angeles,Primetime,2026-09-27 18:35,2026-09-27,https://www.cinemark.com/TicketSeatMap/?cinemarkMovieId=111245&linkedShowtimeId=0&showtime=2026-09-27T18%3A35%3A00&showtimeId=610949&theaterId=417,2026-09-27T02:44:17.432637+00:00
2026-09-25,Cinemark Century Laguna 16 And Xd,Elk Grove,America/Los_Angeles,Forgotten Island,2026-09-27 17:15,2026-09-27,https://www.cinemark.com/TicketSeatMap/?cinemarkMovieId=109838&linkedShowtimeId=609379&showtime=2026-09-27T17%3A15%3A00&showtimeId=609385&theaterId=417,2026-09-27T02:44:17.432637+00:00
2026-09-25,Cinemark Century Laguna 16 And Xd,Elk Grove,America/Los_Angeles,Forgotten Island,2026-09-27 21:00,2026-09-27,https://www.cinemark.com/TicketSeatMap/?cinemarkMovieId=109838&linkedShowtimeId=0&showtime=2026-09-27T21%3A00%3A00&showtimeId=610922&theaterId=417,2026-09-27T02:44:17.432637+00:00
2026-09-25,Cinemark Century Laguna 16 And Xd,Elk Grove,America/Los_Angeles,Primetime,2026-09-27 17:00,2026-09-27,https://www.cinemark.com/TicketSeatMap/?cinemarkMovieId=111245&linkedShowtimeId=0&showtime=2026-09-27T17%3A00%3A00&showtimeId=608540&theaterId=417,2026-09-27T02:44:17.432637+00:00
2026-09-25,Cinemark Century Laguna 16 And Xd,Elk Grove,America/Los_Angeles,Primetime,2026-09-27 21:25,2026-09-27,https://www.cinemark.com/TicketSeatMap/?cinemarkMovieId=111245&linkedShowtimeId=0&showtime=2026-09-27T21%3A25%3A00&showtimeId=610947&theaterId=417,2026-09-27T02:44:17.432637+00:00
2026-09-25,Cinemark Century Laguna 16 And Xd,Elk Grove,America/Los_Angeles,Heart of the Beast,2026-09-26 22:30,2026-09-26,https://www.cinemark.com/TicketSeatMap/?cinemarkMovieId=110451&linkedShowtimeId=607630&showtime=2026-09-26T22%3A30%3A00&showtimeId=607643&theaterId=417,2026-09-27T02:44:17.432637+00:00
2026-09-25,Cinemark Century Laguna 16 And Xd,Elk Grove,America/Los_Angeles,Primetime,2026-09-26 22:55,2026-09-26,https://www.cinemark.com/TicketSeatMap/?cinemarkMovieId=111245&linkedShowtimeId=0&showtime=2026-09-26T22%3A55%3A00&showtimeId=608536&theaterId=417,2026-09-27T02:44:17.432637+00:00
2026-09-25,Cinemark Century Laguna 16 And Xd,Elk Grove,America/Los_Angeles,Heart of the Beast,2026-09-27 22:30,2026-09-27,https://www.cinemark.com/TicketSeatMap/?cinemarkMovieId=110451&linkedShowtimeId=607667&showtime=2026-09-27T22%3A30%3A00&showtimeId=607652&theaterId=417,2026-09-27T02:44:17.432637+00:00
2026-09-25,Cinemark Century Laguna 16 And Xd,Elk Grove,America/Los_Angeles,Heart of the Beast,2026-09-27 16:50,2026-09-27,https://www.cinemark.com/TicketSeatMap/?cinemarkMovieId=110451&linkedShowtimeId=0&showtime=2026-09-27T16%3A50%3A00&showtimeId=610943&theaterId=417,2026-09-27T02:44:17.432637+00:00
2026-09-25,Cinemark Century Laguna 16 And Xd,Elk Grove,America/Los_Angeles,Heart of the Beast,2026-09-27 22:00,2026-09-27,https://www.cinemark.com/TicketSeatMap/?cinemarkMovieId=110451&linkedShowtimeId=0&showtime=2026-09-27T22%3A00%3A00&showtimeId=610946&theaterId=417,2026-09-27T02:44:17.432637+00:00
2026-09-25,Cinemark Century Laguna 16 And Xd,Elk Grove,America/Los_Angeles,Forgotten Island,2026-09-27 22:35,2026-09-27,https://www.cinemark.com/TicketSeatMap/?cinemarkMovieId=109838&linkedShowtimeId=609377&showtime=2026-09-27T22%3A35%3A00&showtimeId=609384&theaterId=417,2026-09-27T02:44:17.432637+00:00
2026-09-25,Cinemark Century Laguna 16 And Xd,Elk Grove,America/Los_Angeles,Primetime,2026-09-27 22:30,2026-09-27,https://www.cinemark.com/TicketSeatMap/?cinemarkMovieId=111245&linkedShowtimeId=0&showtime=2026-09-27T22%3A30%3A00&showtimeId=608542&theaterId=417,2026-09-27T02:44:17.432637+00:00
2026-09-25,Cinemark Century Laguna 16 And Xd,Elk Grove,America/Los_Angeles,Heart of the Beast,2026-09-26 23:05,2026-09-26,https://www.cinemark.com/TicketSeatMap/?cinemarkMovieId=110451&linkedShowtimeId=0&showtime=2026-09-26T23%3A05%3A00&showtimeId=610890&theaterId=417,2026-09-27T02:44:17.432637+00:00
2026-09-25,Cinemark Century Laguna 16 And Xd,Elk Grove,America/Los_Angeles,Forgotten Island,2026-09-26 23:00,2026-09-26,https://www.cinemark.com/TicketSeatMap/?cinemarkMovieId=109838&linkedShowtimeId=609368&showtime=2026-09-26T23%3A00%3A00&showtimeId=609373&theaterId=417,2026-09-27T02:44:17.432637+00:00
2026-09-25,Cinemark Century Laguna 16 And Xd,Elk Grove,America/Los_Angeles,Forgotten Island,2026-09-26 23:30,2026-09-26,https://www.cinemark.com/TicketSeatMap/?cinemarkMovieId=109838&linkedShowtimeId=0&showtime=2026-09-26T23%3A30%3A00&showtimeId=610867&theaterId=417,2026-09-27T02:44:17.432637+00:00
2026-09-25,Cinemark Century Laguna 16 And Xd,Elk Grove,America/Los_Angeles,Primetime,2026-09-26 23:25,2026-09-26,https://www.cinemark.com/TicketSeatMap/?cinemarkMovieId=111245&linkedShowtimeId=0&showtime=2026-09-26T23%3A25%3A00&showtimeId=610892&theaterId=417,2026-09-27T02:44:17.432637+00:00
2026-09-25,Cinemark Century Laguna 16 And Xd,Elk Grove,America/Los_Angeles,Heart of the Beast,2026-09-27 15:50,2026-09-27,https://www.cinemark.com/TicketSeatMap/?cinemarkMovieId=110451&linkedShowtimeId=607665&showtime=2026-09-27T15%3A50%3A00&showtimeId=607650&theaterId=417,2026-09-27T02:44:17.432637+00:00
2026-09-25,Cinemark Century Laguna 16 And Xd,Elk Grove,America/Los_Angeles,Forgotten Island,2026-09-27 15:30,2026-09-27,https://www.cinemark.com/TicketSeatMap/?cinemarkMovieId=109838&linkedShowtimeId=0&showtime=2026-09-27T15%3A30%3A00&showtimeId=610920&theaterId=417,2026-09-27T02:44:17.432637+00:00
2026-09-25,Cinemark Century Laguna 16 And Xd,Elk Grove,America/Los_Angeles,Primetime,2026-09-27 15:45,2026-09-27,https://www.cinemark.com/TicketSeatMap/?cinemarkMovieId=111245&linkedShowtimeId=0&showtime=2026-09-27T15%3A45%3A00&showtimeId=610948&theaterId=417,2026-09-27T02:44:17.432637+00:00
2026-09-25,Cinemark Century Laguna 16 And Xd,Elk Grove,America/Los_Angeles,Heart of the Beast,2026-09-27 14:15,2026-09-27,https://www.cinemark.com/TicketSeatMap/?cinemarkMovieId=110451&linkedShowtimeId=0&showtime=2026-09-27T14%3A15%3A00&showtimeId=610942&theaterId=417,2026-09-27T02:44:17.432637+00:00
2026-09-25,Cinemark Century Laguna 16 And Xd,Elk Grove,America/Los_Angeles,Forgotten Island,2026-09-27 14:30,2026-09-27,https://www.cinemark.com/TicketSeatMap/?cinemarkMovieId=109838&linkedShowtimeId=609386&showtime=2026-09-27T14%3A30%3A00&showtimeId=609375&theaterId=417,2026-09-27T02:44:17.432637+00:00
2026-09-25,Cinemark Century Laguna 16 And Xd,Elk Grove,America/Los_Angeles,Primetime,2026-09-27 14:20,2026-09-27,https://www.cinemark.com/TicketSeatMap/?cinemarkMovieId=111245&linkedShowtimeId=0&showtime=2026-09-27T14%3A20%3A00&showtimeId=608539&theaterId=417,2026-09-27T02:44:17.432637+00:00
2026-09-25,Cinemark Century Laguna 16 And Xd,Elk Grove,America/Los_Angeles,Heart of the Beast,2026-09-27 13:10,2026-09-27,https://www.cinemark.com/TicketSeatMap/?cinemarkMovieId=110451&linkedShowtimeId=607664&showtime=2026-09-27T13%3A10%3A00&showtimeId=607649&theaterId=417,2026-09-27T02:44:17.432637+00:00
2026-09-25,Cinemark Century Laguna 16 And Xd,Elk Grove,America/Los_Angeles,Heart of the Beast,2026-09-27 12:25,2026-09-27,https://www.cinemark.com/TicketSeatMap/?cinemarkMovieId=110451&linkedShowtimeId=610791&showtime=2026-09-27T12%3A25%3A00&showtimeId=610789&theaterId=417,2026-09-27T02:44:17.432637+00:00
2026-09-25,Cinemark Century Laguna 16 And Xd,Elk Grove,America/Los_Angeles,Forgotten Island,2026-09-27 12:45,2026-09-27,https://www.cinemark.com/TicketSeatMap/?cinemarkMovieId=109838&linkedShowtimeId=0&showtime=2026-09-27T12%3A45%3A00&showtimeId=610919&theaterId=417,2026-09-27T02:44:17.432637+00:00
2026-09-25,Cinemark Century Laguna 16 And Xd,Elk Grove,America/Los_Angeles,Heart of the Beast,2026-09-27 11:40,2026-09-27,https://www.cinemark.com/TicketSeatMap/?cinemarkMovieId=110451&linkedShowtimeId=0&showtime=2026-09-27T11%3A40%3A00&showtimeId=610941&theaterId=417,2026-09-27T02:44:17.432637+00:00
2026-09-25,Cinemark Century Laguna 16 And Xd,Elk Grove,America/Los_Angeles,Forgotten Island,2026-09-27 11:45,2026-09-27,https://www.cinemark.com/TicketSeatMap/?cinemarkMovieId=109838&linkedShowtimeId=609376&showtime=2026-09-27T11%3A45%3A00&showtimeId=609382&theaterId=417,2026-09-27T02:44:17.432637+00:00
2026-09-25,Cinemark Century Laguna 16 And Xd,Elk Grove,America/Los_Angeles,Primetime,2026-09-27 11:40,2026-09-27,https://www.cinemark.com/TicketSeatMap/?cinemarkMovieId=111245&linkedShowtimeId=0&showtime=2026-09-27T11%3A40%3A00&showtimeId=608538&theaterId=417,2026-09-27T02:44:17.432637+00:00
2026-09-25,Cinemark Century Laguna 16 And Xd,Elk Grove,America/Los_Angeles,Forgotten Island,2026-09-27 10:20,2026-09-27,https://www.cinemark.com/TicketSeatMap/?cinemarkMovieId=109838&linkedShowtimeId=0&showtime=2026-09-27T10%3A20%3A00&showtimeId=610923&theaterId=417,2026-09-27T02:44:17.432637+00:00
2026-09-25,Cinemark Century Laguna 16 And Xd,Elk Grove,America/Los_Angeles,Primetime,2026-09-27 10:00,2026-09-27,https://www.cinemark.com/TicketSeatMap/?cinemarkMovieId=111245&linkedShowtimeId=0&showtime=2026-09-27T10%3A00%3A00&showtimeId=610950&theaterId=417,2026-09-27T02:44:17.432637+00:00
2026-09-25,Cinemark Century Laguna 16 And Xd,Elk Grove,America/Los_Angeles,Heart of the Beast,2026-09-27 09:00,2026-09-27,https://www.cinemark.com/TicketSeatMap/?cinemarkMovieId=110451&linkedShowtimeId=607663&showtime=2026-09-27T09%3A00%3A00&showtimeId=607648&theaterId=417,2026-09-27T02:44:17.432637+00:00
2026-09-25,Cinemark Century Laguna 16 And Xd,Elk Grove,America/Los_Angeles,Heart of the Beast,2026-09-27 09:20,2026-09-27,https://www.cinemark.com/TicketSeatMap/?cinemarkMovieId=110451&linkedShowtimeId=0&showtime=2026-09-27T09%3A20%3A00&showtimeId=611266&theaterId=417,2026-09-27T02:44:17.432637+00:00
2026-09-25,Cinemark Century Laguna 16 And Xd,Elk Grove,America/Los_Angeles,Heart of the Beast,2026-09-27 09:20,2026-09-27,https://www.cinemark.com/TicketSeatMap/?cinemarkMovieId=110451&linkedShowtimeId=0&showtime=2026-09-27T09%3A20%3A00&showtimeId=610944&theaterId=417,2026-09-27T02:44:17.432637+00:00
2026-09-25,Cinemark Century Laguna 16 And Xd,Elk Grove,America/Los_Angeles,Forgotten Island,2026-09-27 09:40,2026-09-27,https://www.cinemark.com/TicketSeatMap/?cinemarkMovieId=109838&linkedShowtimeId=610787&showtime=2026-09-27T09%3A40%3A00&showtimeId=610790&theaterId=417,2026-09-27T02:44:17.432637+00:00
2026-09-25,Cinemark Century Laguna 16 And Xd,Elk Grove,America/Los_Angeles,Forgotten Island,2026-09-27 09:00,2026-09-27,https://www.cinemark.com/TicketSeatMap/?cinemarkMovieId=109838&linkedShowtimeId=609380&showtime=2026-09-27T09%3A00%3A00&showtimeId=609381&theaterId=417,2026-09-27T02:44:17.432637+00:00
2026-09-25,Cinemark Century Laguna 16 And Xd,Elk Grove,America/Los_Angeles,Primetime,2026-09-27 09:00,2026-09-27,https://www.cinemark.com/TicketSeatMap/?cinemarkMovieId=111245&linkedShowtimeId=0&showtime=2026-09-27T09%3A00%3A00&showtimeId=608537&theaterId=417,2026-09-27T02:44:17.432637+00:00
2026-09-25,Cinemark Somerdale 16 And Xd,Somerdale,America/New_York,Heart of the Beast,2026-09-27 18:00,2026-09-27,https://www.cinemark.com/TicketSeatMap/?cinemarkMovieId=110451&linkedShowtimeId=0&showtime=2026-09-27T18%3A00%3A00&showtimeId=530093&theaterId=187,2026-09-27T02:44:17.432637+00:00
2026-09-25,Cinemark Somerdale 16 And Xd,Somerdale,America/New_York,Heart of the Beast,2026-09-27 18:40,2026-09-27,https://www.cinemark.com/TicketSeatMap/?cinemarkMovieId=110451&linkedShowtimeId=0&showtime=2026-09-27T18%3A40%3A00&showtimeId=528262&theaterId=187,2026-09-27T02:44:17.432637+00:00
2026-09-25,Cinemark Somerdale 16 And Xd,Somerdale,America/New_York,Heart of the Beast,2026-09-27 20:40,2026-09-27,https://www.cinemark.com/TicketSeatMap/?cinemarkMovieId=110451&linkedShowtimeId=0&showtime=2026-09-27T20%3A40%3A00&showtimeId=530094&theaterId=187,2026-09-27T02:44:17.432637+00:00
2026-09-25,Cinemark Somerdale 16 And Xd,Somerdale,America/New_York,Forgotten Island,2026-09-27 18:30,2026-09-27,https://www.cinemark.com/TicketSeatMap/?cinemarkMovieId=109838&linkedShowtimeId=0&showtime=2026-09-27T18%3A30%3A00&showtimeId=528884&theaterId=187,2026-09-27T02:44:17.432637+00:00
2026-09-25,Cinemark Somerdale 16 And Xd,Somerdale,America/New_York,Primetime,2026-09-27 18:05,2026-09-27,https://www.cinemark.com/TicketSeatMap/?cinemarkMovieId=111245&linkedShowtimeId=0&showtime=2026-09-27T18%3A05%3A00&showtimeId=530106&theaterId=187,2026-09-27T02:44:17.432637+00:00
2026-09-25,Cinemark Somerdale 16 And Xd,Somerdale,America/New_York,Primetime,2026-09-27 18:35,2026-09-27,https://www.cinemark.com/TicketSeatMap/?cinemarkMovieId=111245&linkedShowtimeId=0&showtime=2026-09-27T18%3A35%3A00&showtimeId=528721&theaterId=187,2026-09-27T02:44:17.432637+00:00
2026-09-25,Cinemark Somerdale 16 And Xd,Somerdale,America/New_York,Primetime,2026-09-27 20:15,2026-09-27,https://www.cinemark.com/TicketSeatMap/?cinemarkMovieId=111245&linkedShowtimeId=0&showtime=2026-09-27T20%3A15%3A00&showtimeId=530418&theaterId=187,2026-09-27T02:44:17.432637+00:00
2026-09-25,Cinemark Somerdale 16 And Xd,Somerdale,America/New_York,Primetime,2026-09-27 20:55,2026-09-27,https://www.cinemark.com/TicketSeatMap/?cinemarkMovieId=111245&linkedShowtimeId=0&showtime=2026-09-27T20%3A55%3A00&showtimeId=530107&theaterId=187,2026-09-27T02:44:17.432637+00:00
2026-09-25,Cinemark Somerdale 16 And Xd,Somerdale,America/New_York,Heart of the Beast,2026-09-27 21:20,2026-09-27,https://www.cinemark.com/TicketSeatMap/?cinemarkMovieId=110451&linkedShowtimeId=0&showtime=2026-09-27T21%3A20%3A00&showtimeId=528263&theaterId=187,2026-09-27T02:44:17.432637+00:00
2026-09-25,Cinemark Somerdale 16 And Xd,Somerdale,America/New_York,Forgotten Island,2026-09-27 21:15,2026-09-27,https://www.cinemark.com/TicketSeatMap/?cinemarkMovieId=109838&linkedShowtimeId=0&showtime=2026-09-27T21%3A15%3A00&showtimeId=528885&theaterId=187,2026-09-27T02:44:17.432637+00:00
2026-09-25,Cinemark Somerdale 16 And Xd,Somerdale,America/New_York,Primetime,2026-09-27 21:25,2026-09-27,https://www.cinemark.com/TicketSeatMap/?cinemarkMovieId=111245&linkedShowtimeId=0&showtime=2026-09-27T21%3A25%3A00&showtimeId=528722&theaterId=187,2026-09-27T02:44:17.432637+00:00
2026-09-25,Cinemark Somerdale 16 And Xd,Somerdale,America/New_York,Heart of the Beast,2026-09-27 16:00,2026-09-27,https://www.cinemark.com/TicketSeatMap/?cinemarkMovieId=110451&linkedShowtimeId=0&showtime=2026-09-27T16%3A00%3A00&showtimeId=528261&theaterId=187,2026-09-27T02:44:17.432637+00:00
2026-09-25,Cinemark Somerdale 16 And Xd,Somerdale,America/New_York,Heart of the Beast,2026-09-26 23:15,2026-09-26,https://www.cinemark.com/TicketSeatMap/?cinemarkMovieId=110451&linkedShowtimeId=0&showtime=2026-09-26T23%3A15%3A00&showtimeId=530344&theaterId=187,2026-09-27T02:44:17.432637+00:00
2026-09-25,Cinemark Somerdale 16 And Xd,Somerdale,America/New_York,Heart of the Beast,2026-09-27 15:20,2026-09-27,https://www.cinemark.com/TicketSeatMap/?cinemarkMovieId=110451&linkedShowtimeId=0&showtime=2026-09-27T15%3A20%3A00&showtimeId=530092&theaterId=187,2026-09-27T02:44:17.432637+00:00
2026-09-25,Cinemark Somerdale 16 And Xd,Somerdale,America/New_York,Forgotten Island,2026-09-27 15:45,2026-09-27,https://www.cinemark.com/TicketSeatMap/?cinemarkMovieId=109838&linkedShowtimeId=0&showtime=2026-09-27T15%3A45%3A00&showtimeId=528881&theaterId=187,2026-09-27T02:44:17.432637+00:00
2026-09-25,Cinemark Somerdale 16 And Xd,Somerdale,America/New_York,Primetime,2026-09-27 15:15,2026-09-27,https://www.cinemark.com/TicketSeatMap/?cinemarkMovieId=111245&linkedShowtimeId=0&showtime=2026-09-27T15%3A15%3A00&showtimeId=530105&theaterId=187,2026-09-27T02:44:17.432637+00:00
2026-09-25,Cinemark Somerdale 16 And Xd,Somerdale,America/New_York,Primetime,2026-09-27 15:45,2026-09-27,https://www.cinemark.com/TicketSeatMap/?cinemarkMovieId=111245&linkedShowtimeId=0&showtime=2026-09-27T15%3A45%3A00&showtimeId=528720&theaterId=187,2026-09-27T02:44:17.432637+00:00
2026-09-25,Cinemark Somerdale 16 And Xd,Somerdale,America/New_York,Heart of the Beast,2026-09-27 13:20,2026-09-27,https://www.cinemark.com/TicketSeatMap/?cinemarkMovieId=110451&linkedShowtimeId=0&showtime=2026-09-27T13%3A20%3A00&showtimeId=528260&theaterId=187,2026-09-27T02:44:17.432637+00:00
2026-09-25,Cinemark Somerdale 16 And Xd,Somerdale,America/New_York,Forgotten Island,2026-09-27 13:00,2026-09-27,https://www.cinemark.com/TicketSeatMap/?cinemarkMovieId=109838&linkedShowtimeId=0&showtime=2026-09-27T13%3A00%3A00&showtimeId=528883&theaterId=187,2026-09-27T02:44:17.432637+00:00
2026-09-25,Cinemark Somerdale 16 And Xd,Somerdale,America/New_York,Forgotten Island,2026-09-27 13:50,2026-09-27,https://www.cinemark.com/TicketSeatMap/?cinemarkMovieId=109838&linkedShowtimeId=0&showtime=2026-09-27T13%3A50%3A00&showtimeId=530421&theaterId=187,2026-09-27T02:44:17.432637+00:00
2026-09-25,Cinemark Somerdale 16 And Xd,Somerdale,America/New_York,Heart of the Beast,2026-09-27 12:20,2026-09-27,https://www.cinemark.com/TicketSeatMap/?cinemarkMovieId=110451&linkedShowtimeId=0&showtime=2026-09-27T12%3A20%3A00&showtimeId=529972&theaterId=187,2026-09-27T02:44:17.432637+00:00
2026-09-25,Cinemark Somerdale 16 And Xd,Somerdale,America/New_York,Heart of the Beast,2026-09-27 12:40,2026-09-27,https://www.cinemark.com/TicketSeatMap/?cinemarkMovieId=110451&linkedShowtimeId=0&showtime=2026-09-27T12%3A40%3A00&showtimeId=530091&theaterId=187,2026-09-27T02:44:17.432637+00:00
2026-09-25,Cinemark Somerdale 16 And Xd,Somerdale,America/New_York,Forgotten Island,2026-09-27 12:15,2026-09-27,https://www.cinemark.com/TicketSeatMap/?cinemarkMovieId=109838&linkedShowtimeId=0&showtime=2026-09-27T12%3A15%3A00&showtimeId=530119&theaterId=187,2026-09-27T02:44:17.432637+00:00
2026-09-25,Cinemark Somerdale 16 And Xd,Somerdale,America/New_York,Primetime,2026-09-27 12:25,2026-09-27,https://www.cinemark.com/TicketSeatMap/?cinemarkMovieId=111245&linkedShowtimeId=0&showtime=2026-09-27T12%3A25%3A00&showtimeId=530104&theaterId=187,2026-09-27T02:44:17.432637+00:00
2026-09-25,Cinemark Somerdale 16 And Xd,Somerdale,America/New_York,Primetime,2026-09-27 12:55,2026-09-27,https://www.cinemark.com/TicketSeatMap/?cinemarkMovieId=111245&linkedShowtimeId=0&showtime=2026-09-27T12%3A55%3A00&showtimeId=528719&theaterId=187,2026-09-27T02:44:17.432637+00:00
2026-09-25,Cinemark Somerdale 16 And Xd,Somerdale,America/New_York,Heart of the Beast,2026-09-27 10:00,2026-09-27,https://www.cinemark.com/TicketSeatMap/?cinemarkMovieId=110451&linkedShowtimeId=0&showtime=2026-09-27T10%3A00%3A00&showtimeId=530095&theaterId=187,2026-09-27T02:44:17.432637+00:00
2026-09-25,Cinemark Somerdale 16 And Xd,Somerdale,America/New_York,Heart of the Beast,2026-09-27 10:40,2026-09-27,https://www.cinemark.com/TicketSeatMap/?cinemarkMovieId=110451&linkedShowtimeId=0&showtime=2026-09-27T10%3A40%3A00&showtimeId=528259&theaterId=187,2026-09-27T02:44:17.432637+00:00
2026-09-25,Cinemark Somerdale 16 And Xd,Somerdale,America/New_York,Forgotten Island,2026-09-27 10:15,2026-09-27,https://www.cinemark.com/TicketSeatMap/?cinemarkMovieId=109838&linkedShowtimeId=0&showtime=2026-09-27T10%3A15%3A00&showtimeId=528882&theaterId=187,2026-09-27T02:44:17.432637+00:00
2026-09-25,Cinemark Somerdale 16 And Xd,Somerdale,America/New_York,Primetime,2026-09-27 10:05,2026-09-27,https://www.cinemark.com/TicketSeatMap/?cinemarkMovieId=111245&linkedShowtimeId=0&showtime=2026-09-27T10%3A05%3A00&showtimeId=528718&theaterId=187,2026-09-27T02:44:17.432637+00:00
2026-09-25,Cinemark Somerdale 16 And Xd,Somerdale,America/New_York,Heart of the Beast,2026-09-27 09:40,2026-09-27,https://www.cinemark.com/TicketSeatMap/?cinemarkMovieId=110451&linkedShowtimeId=0&showtime=2026-09-27T09%3A40%3A00&showtimeId=529973&theaterId=187,2026-09-27T02:44:17.432637+00:00
2026-09-25,Cinemark Somerdale 16 And Xd,Somerdale,America/New_York,Forgotten Island,2026-09-27 09:30,2026-09-27,https://www.cinemark.com/TicketSeatMap/?cinemarkMovieId=109838&linkedShowtimeId=0&showtime=2026-09-27T09%3A30%3A00&showtimeId=530118&theaterId=187,2026-09-27T02:44:17.432637+00:00
2026-09-25,Cinemark Somerdale 16 And Xd,Somerdale,America/New_York,Primetime,2026-09-27 09:35,2026-09-27,https://www.cinemark.com/TicketSeatMap/?cinemarkMovieId=111245&linkedShowtimeId=0&showtime=2026-09-27T09%3A35%3A00&showtimeId=530108&theaterId=187,2026-09-27T02:44:17.432637+00:00
2026-09-25,Cinemark Century Rowland Plaza,Novato,America/Los_Angeles,Heart of the Beast,2026-09-27 18:40,2026-09-27,https://www.cinemark.com/TicketSeatMap/?cinemarkMovieId=110451&linkedShowtimeId=0&showtime=2026-09-27T18%3A40%3A00&showtimeId=270804&theaterId=472,2026-09-27T02:44:17.432637+00:00
2026-09-25,Cinemark Century Rowland Plaza,Novato,America/Los_Angeles,Forgotten Island,2026-09-27 18:45,2026-09-27,https://www.cinemark.com/TicketSeatMap/?cinemarkMovieId=109838&linkedShowtimeId=0&showtime=2026-09-27T18%3A45%3A00&showtimeId=270142&theaterId=472,2026-09-27T02:44:17.432637+00:00
2026-09-25,Cinemark Century Rowland Plaza,Novato,America/Los_Angeles,Primetime,2026-09-27 18:50,2026-09-27,https://www.cinemark.com/TicketSeatMap/?cinemarkMovieId=111245&linkedShowtimeId=0&showtime=2026-09-27T18%3A50%3A00&showtimeId=270813&theaterId=472,2026-09-27T02:44:17.432637+00:00
2026-09-25,Cinemark Century Rowland Plaza,Novato,America/Los_Angeles,Heart of the Beast,2026-09-27 21:20,2026-09-27,https://www.cinemark.com/TicketSeatMap/?cinemarkMovieId=110451&linkedShowtimeId=0&showtime=2026-09-27T21%3A20%3A00&showtimeId=270803&theaterId=472,2026-09-27T02:44:17.432637+00:00
2026-09-25,Cinemark Century Rowland Plaza,Novato,America/Los_Angeles,Forgotten Island,2026-09-27 21:30,2026-09-27,https://www.cinemark.com/TicketSeatMap/?cinemarkMovieId=109838&linkedShowtimeId=0&showtime=2026-09-27T21%3A30%3A00&showtimeId=270143&theaterId=472,2026-09-27T02:44:17.432637+00:00
2026-09-25,Cinemark Century Rowland Plaza,Novato,America/Los_Angeles,Primetime,2026-09-27 21:55,2026-09-27,https://www.cinemark.com/TicketSeatMap/?cinemarkMovieId=111245&linkedShowtimeId=0&showtime=2026-09-27T21%3A55%3A00&showtimeId=270812&theaterId=472,2026-09-27T02:44:17.432637+00:00
2026-09-25,Cinemark Century Rowland Plaza,Novato,America/Los_Angeles,Heart of the Beast,2026-09-26 22:35,2026-09-26,https://www.cinemark.com/TicketSeatMap/?cinemarkMovieId=110451&linkedShowtimeId=0&showtime=2026-09-26T22%3A35%3A00&showtimeId=270836&theaterId=472,2026-09-27T02:44:17.432637+00:00
2026-09-25,Cinemark Century Rowland Plaza,Novato,America/Los_Angeles,Forgotten Island,2026-09-26 22:15,2026-09-26,https://www.cinemark.com/TicketSeatMap/?cinemarkMovieId=109838&linkedShowtimeId=0&showtime=2026-09-26T22%3A15%3A00&showtimeId=270138&theaterId=472,2026-09-27T02:44:17.432637+00:00
2026-09-25,Cinemark Century Rowland Plaza,Novato,America/Los_Angeles,Primetime,2026-09-26 22:25,2026-09-26,https://www.cinemark.com/TicketSeatMap/?cinemarkMovieId=111245&linkedShowtimeId=0&showtime=2026-09-26T22%3A25%3A00&showtimeId=270843&theaterId=472,2026-09-27T02:44:17.432637+00:00
2026-09-25,Cinemark Century Rowland Plaza,Novato,America/Los_Angeles,Heart of the Beast,2026-09-27 16:00,2026-09-27,https://www.cinemark.com/TicketSeatMap/?cinemarkMovieId=110451&linkedShowtimeId=0&showtime=2026-09-27T16%3A00%3A00&showtimeId=270805&theaterId=472,2026-09-27T02:44:17.432637+00:00
2026-09-25,Cinemark Century Rowland Plaza,Novato,America/Los_Angeles,Forgotten Island,2026-09-27 15:10,2026-09-27,https://www.cinemark.com/TicketSeatMap/?cinemarkMovieId=109838&linkedShowtimeId=0&showtime=2026-09-27T15%3A10%3A00&showtimeId=270144&theaterId=472,2026-09-27T02:44:17.432637+00:00
2026-09-25,Cinemark Century Rowland Plaza,Novato,America/Los_Angeles,Primetime,2026-09-27 15:45,2026-09-27,https://www.cinemark.com/TicketSeatMap/?cinemarkMovieId=111245&linkedShowtimeId=0&showtime=2026-09-27T15%3A45%3A00&showtimeId=270809&theaterId=472,2026-09-27T02:44:17.432637+00:00
2026-09-25,Cinemark Century Rowland Plaza,Novato,America/Los_Angeles,Heart of the Beast,2026-09-27 13:20,2026-09-27,https://www.cinemark.com/TicketSeatMap/?cinemarkMovieId=110451&linkedShowtimeId=0&showtime=2026-09-27T13%3A20%3A00&showtimeId=270806&theaterId=472,2026-09-27T02:44:17.432637+00:00
2026-09-25,Cinemark Century Rowland Plaza,Novato,America/Los_Angeles,Forgotten Island,2026-09-27 12:20,2026-09-27,https://www.cinemark.com/TicketSeatMap/?cinemarkMovieId=109838&linkedShowtimeId=0&showtime=2026-09-27T12%3A20%3A00&showtimeId=270141&theaterId=472,2026-09-27T02:44:17.432637+00:00
2026-09-25,Cinemark Century Rowland Plaza,Novato,America/Los_Angeles,Primetime,2026-09-27 12:55,2026-09-27,https://www.cinemark.com/TicketSeatMap/?cinemarkMovieId=111245&linkedShowtimeId=0&showtime=2026-09-27T12%3A55%3A00&showtimeId=270810&theaterId=472,2026-09-27T02:44:17.432637+00:00
2026-09-25,Cinemark Century Rowland Plaza,Novato,America/Los_Angeles,Heart of the Beast,2026-09-27 10:40,2026-09-27,https://www.cinemark.com/TicketSeatMap/?cinemarkMovieId=110451&linkedShowtimeId=0&showtime=2026-09-27T10%3A40%3A00&showtimeId=270802&theaterId=472,2026-09-27T02:44:17.432637+00:00
2026-09-25,Cinemark Century Rowland Plaza,Novato,America/Los_Angeles,Primetime,2026-09-27 10:05,2026-09-27,https://www.cinemark.com/TicketSeatMap/?cinemarkMovieId=111245&linkedShowtimeId=0&showtime=2026-09-27T10%3A05%3A00&showtimeId=270811&theaterId=472,2026-09-27T02:44:17.432637+00:00
2026-09-25,Cinemark Century Rowland Plaza,Novato,America/Los_Angeles,Heart of the Beast,2026-09-27 09:20,2026-09-27,https://www.cinemark.com/TicketSeatMap/?cinemarkMovieId=110451&linkedShowtimeId=0&showtime=2026-09-27T09%3A20%3A00&showtimeId=270826&theaterId=472,2026-09-27T02:44:17.432637+00:00
2026-09-25,Cinemark Century Rowland Plaza,Novato,America/Los_Angeles,Forgotten Island,2026-09-27 09:35,2026-09-27,https://www.cinemark.com/TicketSeatMap/?cinemarkMovieId=109838&linkedShowtimeId=0&showtime=2026-09-27T09%3A35%3A00&showtimeId=270140&theaterId=472,2026-09-27T02:44:17.432637+00:00
2026-09-25,Cinemark Century Marina And Xd,Marina,America/Los_Angeles,Forgotten Island,2026-09-27 18:10,2026-09-27,https://www.cinemark.com/TicketSeatMap/?cinemarkMovieId=109838&linkedShowtimeId=0&showtime=2026-09-27T18%3A10%3A00&showtimeId=100136&theaterId=1015,2026-09-27T02:44:17.432637+00:00
2026-09-25,Cinemark Century Marina And Xd,Marina,America/Los_Angeles,Forgotten Island,2026-09-26 22:05,2026-09-26,https://www.cinemark.com/TicketSeatMap/?cinemarkMovieId=109838&linkedShowtimeId=0&showtime=2026-09-26T22%3A05%3A00&showtimeId=100114&theaterId=1015,2026-09-27T02:44:17.432637+00:00
2026-09-25,Cinemark Century Marina And Xd,Marina,America/Los_Angeles,Forgotten Island,2026-09-27 22:10,2026-09-27,https://www.cinemark.com/TicketSeatMap/?cinemarkMovieId=109838&linkedShowtimeId=0&showtime=2026-09-27T22%3A10%3A00&showtimeId=100135&theaterId=1015,2026-09-27T02:44:17.432637+00:00
2026-09-25,Cinemark Century Marina And Xd,Marina,America/Los_Angeles,Forgotten Island,2026-09-27 15:25,2026-09-27,https://www.cinemark.com/TicketSeatMap/?cinemarkMovieId=109838&linkedShowtimeId=0&showtime=2026-09-27T15%3A25%3A00&showtimeId=100137&theaterId=1015,2026-09-27T02:44:17.432637+00:00
2026-09-25,Cinemark Century Marina And Xd,Marina,America/Los_Angeles,Forgotten Island,2026-09-27 13:15,2026-09-27,https://www.cinemark.com/TicketSeatMap/?cinemarkMovieId=109838&linkedShowtimeId=0&showtime=2026-09-27T13%3A15%3A00&showtimeId=100139&theaterId=1015,2026-09-27T02:44:17.432637+00:00
2026-09-25,Cinemark Century Marina And Xd,Marina,America/Los_Angeles,Forgotten Island,2026-09-27 12:45,2026-09-27,https://www.cinemark.com/TicketSeatMap/?cinemarkMovieId=109838&linkedShowtimeId=0&showtime=2026-09-27T12%3A45%3A00&showtimeId=100133&theaterId=1015,2026-09-27T02:44:17.432637+00:00
2026-09-25,Cinemark Century Marina And Xd,Marina,America/Los_Angeles,Forgotten Island,2026-09-27 10:35,2026-09-27,https://www.cinemark.com/TicketSeatMap/?cinemarkMovieId=109838&linkedShowtimeId=0&showtime=2026-09-27T10%3A35%3A00&showtimeId=100140&theaterId=1015,2026-09-27T02:44:17.432637+00:00
2026-09-25,Cinemark Century Marina And Xd,Marina,America/Los_Angeles,Forgotten Island,2026-09-27 10:55,2026-09-27,https://www.cinemark.com/TicketSeatMap/?cinemarkMovieId=109838&linkedShowtimeId=0&showtime=2026-09-27T10%3A55%3A00&showtimeId=100138&theaterId=1015,2026-09-27T02:44:17.432637+00:00
2026-09-25,Cinemark Century Marina And Xd,Marina,America/Los_Angeles,Forgotten Island,2026-09-27 10:05,2026-09-27,https://www.cinemark.com/TicketSeatMap/?cinemarkMovieId=109838&linkedShowtimeId=0&showtime=2026-09-27T10%3A05%3A00&showtimeId=100134&theaterId=1015,2026-09-27T02:44:17.432637+00:00
2026-09-25,Cinemark Egyptian 24 And Xd,Hanover,America/New_York,Heart of the Beast,2026-09-27 19:10,2026-09-27,https://www.cinemark.com/TicketSeatMap/?cinemarkMovieId=110451&linkedShowtimeId=0&showtime=2026-09-27T19%3A10%3A00&showtimeId=735441&theaterId=1051,2026-09-27T02:44:17.432637+00:00
2026-09-25,Cinemark Egyptian 24 And Xd,Hanover,America/New_York,Heart of the Beast,2026-09-27 19:50,2026-09-27,https://www.cinemark.com/TicketSeatMap/?cinemarkMovieId=110451&linkedShowtimeId=0&showtime=2026-09-27T19%3A50%3A00&showtimeId=731913&theaterId=1051,2026-09-27T02:44:17.432637+00:00
2026-09-25,Cinemark Egyptian 24 And Xd,Hanover,America/New_York,Forgotten Island,2026-09-27 19:50,2026-09-27,https://www.cinemark.com/TicketSeatMap/?cinemarkMovieId=109838&linkedShowtimeId=0&showtime=2026-09-27T19%3A50%3A00&showtimeId=735462&theaterId=1051,2026-09-27T02:44:17.432637+00:00
2026-09-25,Cinemark Egyptian 24 And Xd,Hanover,America/New_York,Forgotten Island,2026-09-27 19:55,2026-09-27,https://www.cinemark.com/TicketSeatMap/?cinemarkMovieId=109838&linkedShowtimeId=0&showtime=2026-09-27T19%3A55%3A00&showtimeId=733152&theaterId=1051,2026-09-27T02:44:17.432637+00:00
2026-09-25,Cinemark Egyptian 24 And Xd,Hanover,America/New_York,Primetime,2026-09-27 19:35,2026-09-27,https://www.cinemark.com/TicketSeatMap/?cinemarkMovieId=111245&linkedShowtimeId=0&showtime=2026-09-27T19%3A35%3A00&showtimeId=735482&theaterId=1051,2026-09-27T02:44:17.432637+00:00
2026-09-25,Cinemark Egyptian 24 And Xd,Hanover,America/New_York,Primetime,2026-09-27 19:40,2026-09-27,https://www.cinemark.com/TicketSeatMap/?cinemarkMovieId=111245&linkedShowtimeId=0&showtime=2026-09-27T19%3A40%3A00&showtimeId=731993&theaterId=1051,2026-09-27T02:44:17.432637+00:00
2026-09-25,Cinemark Egyptian 24 And Xd,Hanover,America/New_York,Heart of the Beast,2026-09-27 18:25,2026-09-27,https://www.cinemark.com/TicketSeatMap/?cinemarkMovieId=110451&linkedShowtimeId=0&showtime=2026-09-27T18%3A25%3A00&showtimeId=735497&theaterId=1051,2026-09-27T02:44:17.432637+00:00
2026-09-25,Cinemark Egyptian 24 And Xd,Hanover,America/New_York,Forgotten Island,2026-09-27 18:50,2026-09-27,https://www.cinemark.com/TicketSeatMap/?cinemarkMovieId=109838&linkedShowtimeId=0&showtime=2026-09-27T18%3A50%3A00&showtimeId=733154&theaterId=1051,2026-09-27T02:44:17.432637+00:00
2026-09-25,Cinemark Egyptian 24 And Xd,Hanover,America/New_York,Primetime,2026-09-27 18:40,2026-09-27,https://www.cinemark.com/TicketSeatMap/?cinemarkMovieId=111245&linkedShowtimeId=0&showtime=2026-09-27T18%3A40%3A00&showtimeId=735492&theaterId=1051,2026-09-27T02:44:17.432637+00:00
2026-09-25,Cinemark Egyptian 24 And Xd,Hanover,America/New_York,Heart of the Beast,2026-09-27 17:30,2026-09-27,https://www.cinemark.com/TicketSeatMap/?cinemarkMovieId=110451&linkedShowtimeId=0&showtime=2026-09-27T17%3A30%3A00&showtimeId=734894&theaterId=1051,2026-09-27T02:44:17.432637+00:00
2026-09-25,Cinemark Egyptian 24 And Xd,Hanover,America/New_York,Heart of the Beast,2026-09-27 21:05,2026-09-27,https://www.cinemark.com/TicketSeatMap/?cinemarkMovieId=110451&linkedShowtimeId=0&showtime=2026-09-27T21%3A05%3A00&showtimeId=735496&theaterId=1051,2026-09-27T02:44:17.432637+00:00
2026-09-25,Cinemark Egyptian 24 And Xd,Hanover,America/New_York,Heart of the Beast,2026-09-27 17:10,2026-09-27,https://www.cinemark.com/TicketSeatMap/?cinemarkMovieId=110451&linkedShowtimeId=0&showtime=2026-09-27T17%3A10%3A00&showtimeId=731921&theaterId=1051,2026-09-27T02:44:17.432637+00:00
2026-09-25,Cinemark Egyptian 24 And Xd,Hanover,America/New_York,Forgotten Island,2026-09-27 17:05,2026-09-27,https://www.cinemark.com/TicketSeatMap/?cinemarkMovieId=109838&linkedShowtimeId=0&showtime=2026-09-27T17%3A05%3A00&showtimeId=735459&theaterId=1051,2026-09-27T02:44:17.432637+00:00
2026-09-25,Cinemark Egyptian 24 And Xd,Hanover,America/New_York,Forgotten Island,2026-09-27 17:10,2026-09-27,https://www.cinemark.com/TicketSeatMap/?cinemarkMovieId=109838&linkedShowtimeId=0&showtime=2026-09-27T17%3A10%3A00&showtimeId=733151&theaterId=1051,2026-09-27T02:44:17.432637+00:00
2026-09-25,Cinemark Egyptian 24 And Xd,Hanover,America/New_York,Primetime,2026-09-27 17:25,2026-09-27,https://www.cinemark.com/TicketSeatMap/?cinemarkMovieId=111245&linkedShowtimeId=0&showtime=2026-09-27T17%3A25%3A00&showtimeId=735926&theaterId=1051,2026-09-27T02:44:17.432637+00:00
2026-09-25,Cinemark Egyptian 24 And Xd,Hanover,America/New_York,Primetime,2026-09-27 21:30,2026-09-27,https://www.cinemark.com/TicketSeatMap/?cinemarkMovieId=111245&linkedShowtimeId=0&showtime=2026-09-27T21%3A30%3A00&showtimeId=735495&theaterId=1051,2026-09-27T02:44:17.432637+00:00
2026-09-25,Cinemark Egyptian 24 And Xd,Hanover,America/New_York,Heart of the Beast,2026-09-27 22:00,2026-09-27,https://www.cinemark.com/TicketSeatMap/?cinemarkMovieId=110451&linkedShowtimeId=0&showtime=2026-09-27T22%3A00%3A00&showtimeId=735442&theaterId=1051,2026-09-27T02:44:17.432637+00:00
2026-09-25,Cinemark Egyptian 24 And Xd,Hanover,America/New_York,Heart of the Beast,2026-09-27 22:30,2026-09-27,https://www.cinemark.com/TicketSeatMap/?cinemarkMovieId=110451&linkedShowtimeId=0&showtime=2026-09-27T22%3A30%3A00&showtimeId=731914&theaterId=1051,2026-09-27T02:44:17.432637+00:00
2026-09-25,Cinemark Egyptian 24 And Xd,Hanover,America/New_York,Forgotten Island,2026-09-27 22:40,2026-09-27,https://www.cinemark.com/TicketSeatMap/?cinemarkMovieId=109838&linkedShowtimeId=0&showtime=2026-09-27T22%3A40%3A00&showtimeId=733984&theaterId=1051,2026-09-27T02:44:17.432637+00:00
2026-09-25,Cinemark Egyptian 24 And Xd,Hanover,America/New_York,Forgotten Island,2026-09-27 16:05,2026-09-27,https://www.cinemark.com/TicketSeatMap/?cinemarkMovieId=109838&linkedShowtimeId=0&showtime=2026-09-27T16%3A05%3A00&showtimeId=733150&theaterId=1051,2026-09-27T02:44:17.432637+00:00
2026-09-25,Cinemark Egyptian 24 And Xd,Hanover,America/New_York,Primetime,2026-09-27 16:45,2026-09-27,https://www.cinemark.com/TicketSeatMap/?cinemarkMovieId=111245&linkedShowtimeId=0&showtime=2026-09-27T16%3A45%3A00&showtimeId=735483&theaterId=1051,2026-09-27T02:44:17.432637+00:00
2026-09-25,Cinemark Egyptian 24 And Xd,Hanover,America/New_York,Primetime,2026-09-27 22:20,2026-09-27,https://www.cinemark.com/TicketSeatMap/?cinemarkMovieId=111245&linkedShowtimeId=0&showtime=2026-09-27T22%3A20%3A00&showtimeId=735481&theaterId=1051,2026-09-27T02:44:17.432637+00:00
2026-09-25,Cinemark Egyptian 24 And Xd,Hanover,America/New_York,Primetime,2026-09-27 22:30,2026-09-27,https://www.cinemark.com/TicketSeatMap/?cinemarkMovieId=111245&linkedShowtimeId=0&showtime=2026-09-27T22%3A30%3A00&showtimeId=731994&theaterId=1051,2026-09-27T02:44:17.432637+00:00
2026-09-25,Cinemark Egyptian 24 And Xd,Hanover,America/New_York,Primetime,2026-09-27 16:50,2026-09-27,https://www.cinemark.com/TicketSeatMap/?cinemarkMovieId=111245&linkedShowtimeId=0&showtime=2026-09-27T16%3A50%3A00&showtimeId=731990&theaterId=1051,2026-09-27T02:44:17.432637+00:00
2026-09-25,Cinemark Egyptian 24 And Xd,Hanover,America/New_York,Forgotten Island,2026-09-27 15:15,2026-09-27,https://www.cinemark.com/TicketSeatMap/?cinemarkMovieId=109838&linkedShowtimeId=0&showtime=2026-09-27T15%3A15%3A00&showtimeId=733159&theaterId=1051,2026-09-27T02:44:17.432637+00:00
2026-09-25,Cinemark Egyptian 24 And Xd,Hanover,America/New_York,Heart of the Beast,2026-09-27 14:50,2026-09-27,https://www.cinemark.com/TicketSeatMap/?cinemarkMovieId=110451&linkedShowtimeId=0&showtime=2026-09-27T14%3A50%3A00&showtimeId=734895&theaterId=1051,2026-09-27T02:44:17.432637+00:00
2026-09-25,Cinemark Egyptian 24 And Xd,Hanover,America/New_York,Heart of the Beast,2026-09-27 14:30,2026-09-27,https://www.cinemark.com/TicketSeatMap/?cinemarkMovieId=110451&linkedShowtimeId=0&showtime=2026-09-27T14%3A30%3A00&showtimeId=731911&theaterId=1051,2026-09-27T02:44:17.432637+00:00
2026-09-25,Cinemark Egyptian 24 And Xd,Hanover,America/New_York,Primetime,2026-09-27 14:00,2026-09-27,https://www.cinemark.com/TicketSeatMap/?cinemarkMovieId=111245&linkedShowtimeId=0&showtime=2026-09-27T14%3A00%3A00&showtimeId=731992&theaterId=1051,2026-09-27T02:44:17.432637+00:00
2026-09-25,Cinemark Egyptian 24 And Xd,Hanover,America/New_York,Heart of the Beast,2026-09-27 13:20,2026-09-27,https://www.cinemark.com/TicketSeatMap/?cinemarkMovieId=110451&linkedShowtimeId=0&showtime=2026-09-27T13%3A20%3A00&showtimeId=735439&theaterId=1051,2026-09-27T02:44:17.432637+00:00
2026-09-25,Cinemark Egyptian 24 And Xd,Hanover,America/New_York,Forgotten Island,2026-09-27 13:20,2026-09-27,https://www.cinemark.com/TicketSeatMap/?cinemarkMovieId=109838&linkedShowtimeId=0&showtime=2026-09-27T13%3A20%3A00&showtimeId=733155&theaterId=1051,2026-09-27T02:44:17.432637+00:00
2026-09-25,Cinemark Egyptian 24 And Xd,Hanover,America/New_York,Primetime,2026-09-27 13:10,2026-09-27,https://www.cinemark.com/TicketSeatMap/?cinemarkMovieId=111245&linkedShowtimeId=0&showtime=2026-09-27T13%3A10%3A00&showtimeId=735493&theaterId=1051,2026-09-27T02:44:17.432637+00:00
2026-09-25,Cinemark Egyptian 24 And Xd,Hanover,America/New_York,Primetime,2026-09-27 13:55,2026-09-27,https://www.cinemark.com/TicketSeatMap/?cinemarkMovieId=111245&linkedShowtimeId=0&showtime=2026-09-27T13%3A55%3A00&showtimeId=735480&theaterId=1051,2026-09-27T02:44:17.432637+00:00
2026-09-25,Cinemark Egyptian 24 And Xd,Hanover,America/New_York,Heart of the Beast,2026-09-27 12:10,2026-09-27,https://www.cinemark.com/TicketSeatMap/?cinemarkMovieId=110451&linkedShowtimeId=0&showtime=2026-09-27T12%3A10%3A00&showtimeId=734896&theaterId=1051,2026-09-27T02:44:17.432637+00:00
2026-09-25,Cinemark Egyptian 24 And Xd,Hanover,America/New_York,Forgotten Island,2026-09-27 12:30,2026-09-27,https://www.cinemark.com/TicketSeatMap/?cinemarkMovieId=109838&linkedShowtimeId=0&showtime=2026-09-27T12%3A30%3A00&showtimeId=733158&theaterId=1051,2026-09-27T02:44:17.432637+00:00
2026-09-25,Cinemark Egyptian 24 And Xd,Hanover,America/New_York,Heart of the Beast,2026-09-27 11:50,2026-09-27,https://www.cinemark.com/TicketSeatMap/?cinemarkMovieId=110451&linkedShowtimeId=0&showtime=2026-09-27T11%3A50%3A00&showtimeId=731910&theaterId=1051,2026-09-27T02:44:17.432637+00:00
2026-09-25,Cinemark Egyptian 24 And Xd,Hanover,America/New_York,Forgotten Island,2026-09-27 11:45,2026-09-27,https://www.cinemark.com/TicketSeatMap/?cinemarkMovieId=109838&linkedShowtimeId=0&showtime=2026-09-27T11%3A45%3A00&showtimeId=735460&theaterId=1051,2026-09-27T02:44:17.432637+00:00
2026-09-25,Cinemark Egyptian 24 And Xd,Hanover,America/New_York,Primetime,2026-09-27 11:10,2026-09-27,https://www.cinemark.com/TicketSeatMap/?cinemarkMovieId=111245&linkedShowtimeId=0&showtime=2026-09-27T11%3A10%3A00&showtimeId=731991&theaterId=1051,2026-09-27T02:44:17.432637+00:00
2026-09-25,Cinemark Egyptian 24 And Xd,Hanover,America/New_York,Primetime,2026-09-27 11:55,2026-09-27,https://www.cinemark.com/TicketSeatMap/?cinemarkMovieId=111245&linkedShowtimeId=0&showtime=2026-09-27T11%3A55%3A00&showtimeId=735485&theaterId=1051,2026-09-27T02:44:17.432637+00:00
2026-09-25,Cinemark Egyptian 24 And Xd,Hanover,America/New_York,Forgotten Island,2026-09-27 10:10,2026-09-27,https://www.cinemark.com/TicketSeatMap/?cinemarkMovieId=109838&linkedShowtimeId=734898&showtime=2026-09-27T10%3A10%3A00&showtimeId=734892&theaterId=1051,2026-09-27T02:44:17.432637+00:00
2026-09-25,Cinemark Egyptian 24 And Xd,Hanover,America/New_York,Forgotten Island,2026-09-27 10:35,2026-09-27,https://www.cinemark.com/TicketSeatMap/?cinemarkMovieId=109838&linkedShowtimeId=0&showtime=2026-09-27T10%3A35%3A00&showtimeId=733156&theaterId=1051,2026-09-27T02:44:17.432637+00:00
2026-09-25,Cinemark Egyptian 24 And Xd,Hanover,America/New_York,Primetime,2026-09-27 10:15,2026-09-27,https://www.cinemark.com/TicketSeatMap/?cinemarkMovieId=111245&linkedShowtimeId=0&showtime=2026-09-27T10%3A15%3A00&showtimeId=735494&theaterId=1051,2026-09-27T02:44:17.432637+00:00
2026-09-25,Cinemark Egyptian 24 And Xd,Hanover,America/New_York,Primetime,2026-09-27 10:40,2026-09-27,https://www.cinemark.com/TicketSeatMap/?cinemarkMovieId=111245&linkedShowtimeId=0&showtime=2026-09-27T10%3A40%3A00&showtimeId=735484&theaterId=1051,2026-09-27T02:44:17.432637+00:00
2026-09-25,Cinemark Egyptian 24 And Xd,Hanover,America/New_York,Heart of the Beast,2026-09-27 09:30,2026-09-27,https://www.cinemark.com/TicketSeatMap/?cinemarkMovieId=110451&linkedShowtimeId=0&showtime=2026-09-27T09%3A30%3A00&showtimeId=734893&theaterId=1051,2026-09-27T02:44:17.432637+00:00
2026-09-25,Cinemark Egyptian 24 And Xd,Hanover,America/New_York,Heart of the Beast,2026-09-27 09:00,2026-09-27,https://www.cinemark.com/TicketSeatMap/?cinemarkMovieId=110451&linkedShowtimeId=0&showtime=2026-09-27T09%3A00%3A00&showtimeId=735440&theaterId=1051,2026-09-27T02:44:17.432637+00:00
2026-09-25,Cinemark Egyptian 24 And Xd,Hanover,America/New_York,Heart of the Beast,2026-09-27 09:10,2026-09-27,https://www.cinemark.com/TicketSeatMap/?cinemarkMovieId=110451&linkedShowtimeId=0&showtime=2026-09-27T09%3A10%3A00&showtimeId=731909&theaterId=1051,2026-09-27T02:44:17.432637+00:00
2026-09-25,Cinemark Egyptian 24 And Xd,Hanover,America/New_York,Forgotten Island,2026-09-27 09:00,2026-09-27,https://www.cinemark.com/TicketSeatMap/?cinemarkMovieId=109838&linkedShowtimeId=0&showtime=2026-09-27T09%3A00%3A00&showtimeId=735461&theaterId=1051,2026-09-27T02:44:17.432637+00:00
2026-09-25,Cinemark Egyptian 24 And Xd,Hanover,America/New_York,Forgotten Island,2026-09-27 09:45,2026-09-27,https://www.cinemark.com/TicketSeatMap/?cinemarkMovieId=109838&linkedShowtimeId=0&showtime=2026-09-27T09%3A45%3A00&showtimeId=733153&theaterId=1051,2026-09-27T02:44:17.432637+00:00
2026-09-25,Cinemark Hill Country Galleria,Bee Cave,America/Chicago,Heart of the Beast,2026-09-27 19:20,2026-09-27,https://www.cinemark.com/TicketSeatMap/?cinemarkMovieId=110451&linkedShowtimeId=0&showtime=2026-09-27T19%3A20%3A00&showtimeId=458826&theaterId=377,2026-09-27T02:44:17.432637+00:00
2026-09-25,Cinemark Hill Country Galleria,Bee Cave,America/Chicago,Heart of the Beast,2026-09-27 19:25,2026-09-27,https://www.cinemark.com/TicketSeatMap/?cinemarkMovieId=110451&linkedShowtimeId=0&showtime=2026-09-27T19%3A25%3A00&showtimeId=458831&theaterId=377,2026-09-27T02:44:17.432637+00:00
2026-09-25,Cinemark Hill Country Galleria,Bee Cave,America/Chicago,Forgotten Island,2026-09-27 19:05,2026-09-27,https://www.cinemark.com/TicketSeatMap/?cinemarkMovieId=109838&linkedShowtimeId=0&showtime=2026-09-27T19%3A05%3A00&showtimeId=457787&theaterId=377,2026-09-27T02:44:17.432637+00:00
2026-09-25,Cinemark Hill Country Galleria,Bee Cave,America/Chicago,Heart of the Beast,2026-09-27 18:50,2026-09-27,https://www.cinemark.com/TicketSeatMap/?cinemarkMovieId=110451&linkedShowtimeId=0&showtime=2026-09-27T18%3A50%3A00&showtimeId=456907&theaterId=377,2026-09-27T02:44:17.432637+00:00
2026-09-25,Cinemark Hill Country Galleria,Bee Cave,America/Chicago,Forgotten Island,2026-09-27 20:30,2026-09-27,https://www.cinemark.com/TicketSeatMap/?cinemarkMovieId=109838&linkedShowtimeId=0&showtime=2026-09-27T20%3A30%3A00&showtimeId=457795&theaterId=377,2026-09-27T02:44:17.432637+00:00
2026-09-25,Cinemark Hill Country Galleria,Bee Cave,America/Chicago,Primetime,2026-09-27 18:45,2026-09-27,https://www.cinemark.com/TicketSeatMap/?cinemarkMovieId=111245&linkedShowtimeId=0&showtime=2026-09-27T18%3A45%3A00&showtimeId=457298&theaterId=377,2026-09-27T02:44:17.432637+00:00
2026-09-25,Cinemark Hill Country Galleria,Bee Cave,America/Chicago,Heart of the Beast,2026-09-26 21:55,2026-09-26,https://www.cinemark.com/TicketSeatMap/?cinemarkMovieId=110451&linkedShowtimeId=0&showtime=2026-09-26T21%3A55%3A00&showtimeId=456913&theaterId=377,2026-09-27T02:44:17.432637+00:00
2026-09-25,Cinemark Hill Country Galleria,Bee Cave,America/Chicago,Forgotten Island,2026-09-26 21:50,2026-09-26,https://www.cinemark.com/TicketSeatMap/?cinemarkMovieId=109838&linkedShowtimeId=0&showtime=2026-09-26T21%3A50%3A00&showtimeId=457798&theaterId=377,2026-09-27T02:44:17.432637+00:00
2026-09-25,Cinemark Hill Country Galleria,Bee Cave,America/Chicago,Heart of the Beast,2026-09-27 21:45,2026-09-27,https://www.cinemark.com/TicketSeatMap/?cinemarkMovieId=110451&linkedShowtimeId=0&showtime=2026-09-27T21%3A45%3A00&showtimeId=458828&theaterId=377,2026-09-27T02:44:17.432637+00:00
2026-09-25,Cinemark Hill Country Galleria,Bee Cave,America/Chicago,Forgotten Island,2026-09-27 17:45,2026-09-27,https://www.cinemark.com/TicketSeatMap/?cinemarkMovieId=109838&linkedShowtimeId=0&showtime=2026-09-27T17%3A45%3A00&showtimeId=457794&theaterId=377,2026-09-27T02:44:17.432637+00:00
2026-09-25,Cinemark Hill Country Galleria,Bee Cave,America/Chicago,Forgotten Island,2026-09-27 21:50,2026-09-27,https://www.cinemark.com/TicketSeatMap/?cinemarkMovieId=109838&linkedShowtimeId=0&showtime=2026-09-27T21%3A50%3A00&showtimeId=457788&theaterId=377,2026-09-27T02:44:17.432637+00:00
2026-09-25,Cinemark Hill Country Galleria,Bee Cave,America/Chicago,Primetime,2026-09-27 21:35,2026-09-27,https://www.cinemark.com/TicketSeatMap/?cinemarkMovieId=111245&linkedShowtimeId=0&showtime=2026-09-27T21%3A35%3A00&showtimeId=457299&theaterId=377,2026-09-27T02:44:17.432637+00:00
2026-09-25,Cinemark Hill Country Galleria,Bee Cave,America/Chicago,Heart of the Beast,2026-09-27 16:10,2026-09-27,https://www.cinemark.com/TicketSeatMap/?cinemarkMovieId=110451&linkedShowtimeId=0&showtime=2026-09-27T16%3A10%3A00&showtimeId=456906&theaterId=377,2026-09-27T02:44:17.432637+00:00
2026-09-25,Cinemark Hill Country Galleria,Bee Cave,America/Chicago,Heart of the Beast,2026-09-27 16:50,2026-09-27,https://www.cinemark.com/TicketSeatMap/?cinemarkMovieId=110451&linkedShowtimeId=0&showtime=2026-09-27T16%3A50%3A00&showtimeId=458824&theaterId=377,2026-09-27T02:44:17.432637+00:00
2026-09-25,Cinemark Hill Country Galleria,Bee Cave,America/Chicago,Heart of the Beast,2026-09-27 22:00,2026-09-27,https://www.cinemark.com/TicketSeatMap/?cinemarkMovieId=110451&linkedShowtimeId=0&showtime=2026-09-27T22%3A00%3A00&showtimeId=456908&theaterId=377,2026-09-27T02:44:17.432637+00:00
2026-09-25,Cinemark Hill Country Galleria,Bee Cave,America/Chicago,Forgotten Island,2026-09-27 16:20,2026-09-27,https://www.cinemark.com/TicketSeatMap/?cinemarkMovieId=109838&linkedShowtimeId=0&showtime=2026-09-27T16%3A20%3A00&showtimeId=457790&theaterId=377,2026-09-27T02:44:17.432637+00:00
2026-09-25,Cinemark Hill Country Galleria,Bee Cave,America/Chicago,Primetime,2026-09-27 22:00,2026-09-27,https://www.cinemark.com/TicketSeatMap/?cinemarkMovieId=111245&linkedShowtimeId=0&showtime=2026-09-27T22%3A00%3A00&showtimeId=458822&theaterId=377,2026-09-27T02:44:17.432637+00:00
2026-09-25,Cinemark Hill Country Galleria,Bee Cave,America/Chicago,Heart of the Beast,2026-09-27 15:15,2026-09-27,https://www.cinemark.com/TicketSeatMap/?cinemarkMovieId=110451&linkedShowtimeId=0&showtime=2026-09-27T15%3A15%3A00&showtimeId=458832&theaterId=377,2026-09-27T02:44:17.432637+00:00
2026-09-25,Cinemark Hill Country Galleria,Bee Cave,America/Chicago,Forgotten Island,2026-09-27 15:00,2026-09-27,https://www.cinemark.com/TicketSeatMap/?cinemarkMovieId=109838&linkedShowtimeId=0&showtime=2026-09-27T15%3A00%3A00&showtimeId=457793&theaterId=377,2026-09-27T02:44:17.432637+00:00
2026-09-25,Cinemark Hill Country Galleria,Bee Cave,America/Chicago,Primetime,2026-09-27 15:55,2026-09-27,https://www.cinemark.com/TicketSeatMap/?cinemarkMovieId=111245&linkedShowtimeId=0&showtime=2026-09-27T15%3A55%3A00&showtimeId=457297&theaterId=377,2026-09-27T02:44:17.432637+00:00
2026-09-25,Cinemark Hill Country Galleria,Bee Cave,America/Chicago,Heart of the Beast,2026-09-27 14:15,2026-09-27,https://www.cinemark.com/TicketSeatMap/?cinemarkMovieId=110451&linkedShowtimeId=0&showtime=2026-09-27T14%3A15%3A00&showtimeId=458823&theaterId=377,2026-09-27T02:44:17.432637+00:00
2026-09-25,Cinemark Hill Country Galleria,Bee Cave,America/Chicago,Primetime,2026-09-27 14:40,2026-09-27,https://www.cinemark.com/TicketSeatMap/?cinemarkMovieId=111245&linkedShowtimeId=0&showtime=2026-09-27T14%3A40%3A00&showtimeId=458821&theaterId=377,2026-09-27T02:44:17.432637+00:00
2026-09-25,Cinemark Hill Country Galleria,Bee Cave,America/Chicago,Heart of the Beast,2026-09-27 13:30,2026-09-27,https://www.cinemark.com/TicketSeatMap/?cinemarkMovieId=110451&linkedShowtimeId=0&showtime=2026-09-27T13%3A30%3A00&showtimeId=456905&theaterId=377,2026-09-27T02:44:17.432637+00:00
2026-09-25,Cinemark Hill Country Galleria,Bee Cave,America/Chicago,Forgotten Island,2026-09-27 13:35,2026-09-27,https://www.cinemark.com/TicketSeatMap/?cinemarkMovieId=109838&linkedShowtimeId=0&showtime=2026-09-27T13%3A35%3A00&showtimeId=457789&theaterId=377,2026-09-27T02:44:17.432637+00:00
2026-09-25,Cinemark Hill Country Galleria,Bee Cave,America/Chicago,Primetime,2026-09-27 13:05,2026-09-27,https://www.cinemark.com/TicketSeatMap/?cinemarkMovieId=111245&linkedShowtimeId=0&showtime=2026-09-27T13%3A05%3A00&showtimeId=457296&theaterId=377,2026-09-27T02:44:17.432637+00:00
2026-09-25,Cinemark Hill Country Galleria,Bee Cave,America/Chicago,Heart of the Beast,2026-09-27 12:30,2026-09-27,https://www.cinemark.com/TicketSeatMap/?cinemarkMovieId=110451&linkedShowtimeId=0&showtime=2026-09-27T12%3A30%3A00&showtimeId=458830&theaterId=377,2026-09-27T02:44:17.432637+00:00
2026-09-25,Cinemark Hill Country Galleria,Bee Cave,America/Chicago,Forgotten Island,2026-09-27 12:15,2026-09-27,https://www.cinemark.com/TicketSeatMap/?cinemarkMovieId=109838&linkedShowtimeId=0&showtime=2026-09-27T12%3A15%3A00&showtimeId=457792&theaterId=377,2026-09-27T02:44:17.432637+00:00
2026-09-25,Cinemark Hill Country Galleria,Bee Cave,America/Chicago,Primetime,2026-09-27 11:55,2026-09-27,https://www.cinemark.com/TicketSeatMap/?cinemarkMovieId=111245&linkedShowtimeId=0&showtime=2026-09-27T11%3A55%3A00&showtimeId=458820&theaterId=377,2026-09-27T02:44:17.432637+00:00
2026-09-25,Cinemark Hill Country Galleria,Bee Cave,America/Chicago,Heart of the Beast,2026-09-27 10:50,2026-09-27,https://www.cinemark.com/TicketSeatMap/?cinemarkMovieId=110451&linkedShowtimeId=0&showtime=2026-09-27T10%3A50%3A00&showtimeId=456904&theaterId=377,2026-09-27T02:44:17.432637+00:00
2026-09-25,Cinemark Hill Country Galleria,Bee Cave,America/Chicago,Forgotten Island,2026-09-27 10:45,2026-09-27,https://www.cinemark.com/TicketSeatMap/?cinemarkMovieId=109838&linkedShowtimeId=0&showtime=2026-09-27T10%3A45%3A00&showtimeId=457786&theaterId=377,2026-09-27T02:44:17.432637+00:00
2026-09-25,Cinemark Hill Country Galleria,Bee Cave,America/Chicago,Primetime,2026-09-27 10:15,2026-09-27,https://www.cinemark.com/TicketSeatMap/?cinemarkMovieId=111245&linkedShowtimeId=0&showtime=2026-09-27T10%3A15%3A00&showtimeId=457295&theaterId=377,2026-09-27T02:44:17.432637+00:00
2026-09-25,Cinemark Hill Country Galleria,Bee Cave,America/Chicago,Heart of the Beast,2026-09-27 09:25,2026-09-27,https://www.cinemark.com/TicketSeatMap/?cinemarkMovieId=110451&linkedShowtimeId=0&showtime=2026-09-27T09%3A25%3A00&showtimeId=458825&theaterId=377,2026-09-27T02:44:17.432637+00:00
2026-09-25,Cinemark Hill Country Galleria,Bee Cave,America/Chicago,Heart of the Beast,2026-09-27 09:50,2026-09-27,https://www.cinemark.com/TicketSeatMap/?cinemarkMovieId=110451&linkedShowtimeId=0&showtime=2026-09-27T09%3A50%3A00&showtimeId=458829&theaterId=377,2026-09-27T02:44:17.432637+00:00
2026-09-25,Cinemark Hill Country Galleria,Bee Cave,America/Chicago,Forgotten Island,2026-09-27 09:30,2026-09-27,https://www.cinemark.com/TicketSeatMap/?cinemarkMovieId=109838&linkedShowtimeId=0&showtime=2026-09-27T09%3A30%3A00&showtimeId=457791&theaterId=377,2026-09-27T02:44:17.432637+00:00
2026-09-25,Cinemark Missouri City And Xd,Missouri City,America/Chicago,Heart of the Beast,2026-09-26 22:20,2026-09-26,https://www.cinemark.com/TicketSeatMap/?cinemarkMovieId=110451&linkedShowtimeId=0&showtime=2026-09-26T22%3A20%3A00&showtimeId=126407&theaterId=1167,2026-09-27T02:44:17.432637+00:00
2026-09-25,Cinemark Missouri City And Xd,Missouri City,America/Chicago,Forgotten Island,2026-09-26 22:35,2026-09-26,https://www.cinemark.com/TicketSeatMap/?cinemarkMovieId=109838&linkedShowtimeId=0&showtime=2026-09-26T22%3A35%3A00&showtimeId=127562&theaterId=1167,2026-09-27T02:44:17.432637+00:00
2026-09-25,Cinemark Missouri City And Xd,Missouri City,America/Chicago,Primetime,2026-09-26 22:55,2026-09-26,https://www.cinemark.com/TicketSeatMap/?cinemarkMovieId=111245&linkedShowtimeId=0&showtime=2026-09-26T22%3A55%3A00&showtimeId=129147&theaterId=1167,2026-09-27T02:44:17.432637+00:00
2026-09-25,Cinemark Missouri City And Xd,Missouri City,America/Chicago,Heart of the Beast,2026-09-27 00:10,2026-09-27,https://www.cinemark.com/TicketSeatMap/?cinemarkMovieId=110451&linkedShowtimeId=0&showtime=2026-09-27T00%3A10%3A00&showtimeId=129155&theaterId=1167,2026-09-27T02:44:17.432637+00:00
2026-09-25,Cinemark Gulfport 16,Gulfport,America/Chicago,Heart of the Beast,2026-09-27 19:15,2026-09-27,https://www.cinemark.com/TicketSeatMap/?cinemarkMovieId=110451&linkedShowtimeId=535222&showtime=2026-09-27T19%3A15%3A00&showtimeId=535212&theaterId=275,2026-09-27T02:44:17.432637+00:00
2026-09-25,Cinemark Gulfport 16,Gulfport,America/Chicago,Forgotten Island,2026-09-27 19:05,2026-09-27,https://www.cinemark.com/TicketSeatMap/?cinemarkMovieId=109838&linkedShowtimeId=535905&showtime=2026-09-27T19%3A05%3A00&showtimeId=535912&theaterId=275,2026-09-27T02:44:17.432637+00:00
2026-09-25,Cinemark Gulfport 16,Gulfport,America/Chicago,Heart of the Beast,2026-09-27 20:20,2026-09-27,https://www.cinemark.com/TicketSeatMap/?cinemarkMovieId=110451&linkedShowtimeId=0&showtime=2026-09-27T20%3A20%3A00&showtimeId=537331&theaterId=275,2026-09-27T02:44:17.432637+00:00
2026-09-25,Cinemark Gulfport 16,Gulfport,America/Chicago,Forgotten Island,2026-09-27 20:30,2026-09-27,https://www.cinemark.com/TicketSeatMap/?cinemarkMovieId=109838&linkedShowtimeId=0&showtime=2026-09-27T20%3A30%3A00&showtimeId=537321&theaterId=275,2026-09-27T02:44:17.432637+00:00
2026-09-25,Cinemark Gulfport 16,Gulfport,America/Chicago,Primetime,2026-09-27 18:45,2026-09-27,https://www.cinemark.com/TicketSeatMap/?cinemarkMovieId=111245&linkedShowtimeId=0&showtime=2026-09-27T18%3A45%3A00&showtimeId=535213&theaterId=275,2026-09-27T02:44:17.432637+00:00
2026-09-25,Cinemark Gulfport 16,Gulfport,America/Chicago,Primetime,2026-09-26 21:50,2026-09-26,https://www.cinemark.com/TicketSeatMap/?cinemarkMovieId=111245&linkedShowtimeId=0&showtime=2026-09-26T21%3A50%3A00&showtimeId=535202&theaterId=275,2026-09-27T02:44:17.432637+00:00
2026-09-25,Cinemark Gulfport 16,Gulfport,America/Chicago,Heart of the Beast,2026-09-27 21:55,2026-09-27,https://www.cinemark.com/TicketSeatMap/?cinemarkMovieId=110451&linkedShowtimeId=535221&showtime=2026-09-27T21%3A55%3A00&showtimeId=535211&theaterId=275,2026-09-27T02:44:17.432637+00:00
2026-09-25,Cinemark Gulfport 16,Gulfport,America/Chicago,Heart of the Beast,2026-09-27 17:40,2026-09-27,https://www.cinemark.com/TicketSeatMap/?cinemarkMovieId=110451&linkedShowtimeId=0&showtime=2026-09-27T17%3A40%3A00&showtimeId=537330&theaterId=275,2026-09-27T02:44:17.432637+00:00
2026-09-25,Cinemark Gulfport 16,Gulfport,America/Chicago,Forgotten Island,2026-09-27 21:50,2026-09-27,https://www.cinemark.com/TicketSeatMap/?cinemarkMovieId=109838&linkedShowtimeId=535906&showtime=2026-09-27T21%3A50%3A00&showtimeId=535913&theaterId=275,2026-09-27T02:44:17.432637+00:00
2026-09-25,Cinemark Gulfport 16,Gulfport,America/Chicago,Forgotten Island,2026-09-27 17:45,2026-09-27,https://www.cinemark.com/TicketSeatMap/?cinemarkMovieId=109838&linkedShowtimeId=0&showtime=2026-09-27T17%3A45%3A00&showtimeId=537320&theaterId=275,2026-09-27T02:44:17.432637+00:00
2026-09-25,Cinemark Gulfport 16,Gulfport,America/Chicago,Primetime,2026-09-27 21:35,2026-09-27,https://www.cinemark.com/TicketSeatMap/?cinemarkMovieId=111245&linkedShowtimeId=0&showtime=2026-09-27T21%3A35%3A00&showtimeId=535217&theaterId=275,2026-09-27T02:44:17.432637+00:00
2026-09-25,Cinemark Gulfport 16,Gulfport,America/Chicago,Heart of the Beast,2026-09-26 22:25,2026-09-26,https://www.cinemark.com/TicketSeatMap/?cinemarkMovieId=110451&linkedShowtimeId=535207&showtime=2026-09-26T22%3A25%3A00&showtimeId=535196&theaterId=275,2026-09-27T02:44:17.432637+00:00
2026-09-25,Cinemark Gulfport 16,Gulfport,America/Chicago,Forgotten Island,2026-09-26 22:05,2026-09-26,https://www.cinemark.com/TicketSeatMap/?cinemarkMovieId=109838&linkedShowtimeId=535892&showtime=2026-09-26T22%3A05%3A00&showtimeId=535897&theaterId=275,2026-09-27T02:44:17.432637+00:00
2026-09-25,Cinemark Gulfport 16,Gulfport,America/Chicago,Heart of the Beast,2026-09-27 16:35,2026-09-27,https://www.cinemark.com/TicketSeatMap/?cinemarkMovieId=110451&linkedShowtimeId=535218&showtime=2026-09-27T16%3A35%3A00&showtimeId=535208&theaterId=275,2026-09-27T02:44:17.432637+00:00
2026-09-25,Cinemark Gulfport 16,Gulfport,America/Chicago,Forgotten Island,2026-09-27 16:20,2026-09-27,https://www.cinemark.com/TicketSeatMap/?cinemarkMovieId=109838&linkedShowtimeId=535908&showtime=2026-09-27T16%3A20%3A00&showtimeId=535911&theaterId=275,2026-09-27T02:44:17.432637+00:00
2026-09-25,Cinemark Gulfport 16,Gulfport,America/Chicago,Heart of the Beast,2026-09-27 15:00,2026-09-27,https://www.cinemark.com/TicketSeatMap/?cinemarkMovieId=110451&linkedShowtimeId=0&showtime=2026-09-27T15%3A00%3A00&showtimeId=537329&theaterId=275,2026-09-27T02:44:17.432637+00:00
2026-09-25,Cinemark Gulfport 16,Gulfport,America/Chicago,Forgotten Island,2026-09-27 15:00,2026-09-27,https://www.cinemark.com/TicketSeatMap/?cinemarkMovieId=109838&linkedShowtimeId=0&showtime=2026-09-27T15%3A00%3A00&showtimeId=537319&theaterId=275,2026-09-27T02:44:17.432637+00:00
2026-09-25,Cinemark Gulfport 16,Gulfport,America/Chicago,Primetime,2026-09-27 15:55,2026-09-27,https://www.cinemark.com/TicketSeatMap/?cinemarkMovieId=111245&linkedShowtimeId=0&showtime=2026-09-27T15%3A55%3A00&showtimeId=535214&theaterId=275,2026-09-27T02:44:17.432637+00:00
2026-09-25,Cinemark Gulfport 16,Gulfport,America/Chicago,Heart of the Beast,2026-09-27 13:55,2026-09-27,https://www.cinemark.com/TicketSeatMap/?cinemarkMovieId=110451&linkedShowtimeId=535219&showtime=2026-09-27T13%3A55%3A00&showtimeId=535209&theaterId=275,2026-09-27T02:44:17.432637+00:00
2026-09-25,Cinemark Gulfport 16,Gulfport,America/Chicago,Forgotten Island,2026-09-27 13:35,2026-09-27,https://www.cinemark.com/TicketSeatMap/?cinemarkMovieId=109838&linkedShowtimeId=535909&showtime=2026-09-27T13%3A35%3A00&showtimeId=535899&theaterId=275,2026-09-27T02:44:17.432637+00:00
2026-09-25,Cinemark Gulfport 16,Gulfport,America/Chicago,Primetime,2026-09-27 13:05,2026-09-27,https://www.cinemark.com/TicketSeatMap/?cinemarkMovieId=111245&linkedShowtimeId=0&showtime=2026-09-27T13%3A05%3A00&showtimeId=535215&theaterId=275,2026-09-27T02:44:17.432637+00:00
2026-09-25,Cinemark Gulfport 16,Gulfport,America/Chicago,Heart of the Beast,2026-09-27 12:20,2026-09-27,https://www.cinemark.com/TicketSeatMap/?cinemarkMovieId=110451&linkedShowtimeId=0&showtime=2026-09-27T12%3A20%3A00&showtimeId=537328&theaterId=275,2026-09-27T02:44:17.432637+00:00
2026-09-25,Cinemark Gulfport 16,Gulfport,America/Chicago,Forgotten Island,2026-09-27 12:15,2026-09-27,https://www.cinemark.com/TicketSeatMap/?cinemarkMovieId=109838&linkedShowtimeId=0&showtime=2026-09-27T12%3A15%3A00&showtimeId=537318&theaterId=275,2026-09-27T02:44:17.432637+00:00
2026-09-25,Cinemark Gulfport 16,Gulfport,America/Chicago,Heart of the Beast,2026-09-27 11:15,2026-09-27,https://www.cinemark.com/TicketSeatMap/?cinemarkMovieId=110451&linkedShowtimeId=535220&showtime=2026-09-27T11%3A15%3A00&showtimeId=535210&theaterId=275,2026-09-27T02:44:17.432637+00:00
2026-09-25,Cinemark Gulfport 16,Gulfport,America/Chicago,Forgotten Island,2026-09-27 10:50,2026-09-27,https://www.cinemark.com/TicketSeatMap/?cinemarkMovieId=109838&linkedShowtimeId=535907&showtime=2026-09-27T10%3A50%3A00&showtimeId=535910&theaterId=275,2026-09-27T02:44:17.432637+00:00
2026-09-25,Cinemark Gulfport 16,Gulfport,America/Chicago,Primetime,2026-09-27 10:15,2026-09-27,https://www.cinemark.com/TicketSeatMap/?cinemarkMovieId=111245&linkedShowtimeId=0&showtime=2026-09-27T10%3A15%3A00&showtimeId=535216&theaterId=275,2026-09-27T02:44:17.432637+00:00
2026-09-25,Cinemark Gulfport 16,Gulfport,America/Chicago,Heart of the Beast,2026-09-27 09:40,2026-09-27,https://www.cinemark.com/TicketSeatMap/?cinemarkMovieId=110451&linkedShowtimeId=0&showtime=2026-09-27T09%3A40%3A00&showtimeId=537332&theaterId=275,2026-09-27T02:44:17.432637+00:00
2026-09-25,Cinemark Gulfport 16,Gulfport,America/Chicago,Forgotten Island,2026-09-27 09:30,2026-09-27,https://www.cinemark.com/TicketSeatMap/?cinemarkMovieId=109838&linkedShowtimeId=0&showtime=2026-09-27T09%3A30%3A00&showtimeId=537322&theaterId=275,2026-09-27T02:44:17.432637+00:00
2026-09-25,Cinemark Roseville Galleria Mall And Xd,Roseville,America/Los_Angeles,Heart of the Beast,2026-09-27 19:40,2026-09-27,https://www.cinemark.com/TicketSeatMap/?cinemarkMovieId=110451&linkedShowtimeId=155299&showtime=2026-09-27T19%3A40%3A00&showtimeId=155293&theaterId=1160,2026-09-27T02:44:17.432637+00:00
2026-09-25,Cinemark Roseville Galleria Mall And Xd,Roseville,America/Los_Angeles,Primetime,2026-09-27 19:15,2026-09-27,https://www.cinemark.com/TicketSeatMap/?cinemarkMovieId=111245&linkedShowtimeId=0&showtime=2026-09-27T19%3A15%3A00&showtimeId=158371&theaterId=1160,2026-09-27T02:44:17.432637+00:00
2026-09-25,Cinemark Roseville Galleria Mall And Xd,Roseville,America/Los_Angeles,Forgotten Island,2026-09-26 20:05,2026-09-26,https://www.cinemark.com/TicketSeatMap/?cinemarkMovieId=109838&linkedShowtimeId=157024&showtime=2026-09-26T20%3A05%3A00&showtimeId=157029&theaterId=1160,2026-09-27T02:44:17.432637+00:00
2026-09-25,Cinemark Roseville Galleria Mall And Xd,Roseville,America/Los_Angeles,Primetime,2026-09-26 20:00,2026-09-26,https://www.cinemark.com/TicketSeatMap/?cinemarkMovieId=111245&linkedShowtimeId=0&showtime=2026-09-26T20%3A00%3A00&showtimeId=157539&theaterId=1160,2026-09-27T02:44:17.432637+00:00
2026-09-25,Cinemark Roseville Galleria Mall And Xd,Roseville,America/Los_Angeles,Forgotten Island,2026-09-27 18:15,2026-09-27,https://www.cinemark.com/TicketSeatMap/?cinemarkMovieId=109838&linkedShowtimeId=157035&showtime=2026-09-27T18%3A15%3A00&showtimeId=157039&theaterId=1160,2026-09-27T02:44:17.432637+00:00
2026-09-25,Cinemark Roseville Galleria Mall And Xd,Roseville,America/Los_Angeles,Forgotten Island,2026-09-27 18:45,2026-09-27,https://www.cinemark.com/TicketSeatMap/?cinemarkMovieId=109838&linkedShowtimeId=0&showtime=2026-09-27T18%3A45%3A00&showtimeId=158391&theaterId=1160,2026-09-27T02:44:17.432637+00:00
2026-09-25,Cinemark Roseville Galleria Mall And Xd,Roseville,America/Los_Angeles,Primetime,2026-09-27 18:45,2026-09-27,https://www.cinemark.com/TicketSeatMap/?cinemarkMovieId=111245&linkedShowtimeId=0&showtime=2026-09-27T18%3A45%3A00&showtimeId=157544&theaterId=1160,2026-09-27T02:44:17.432637+00:00
2026-09-25,Cinemark Roseville Galleria Mall And Xd,Roseville,America/Los_Angeles,Heart of the Beast,2026-09-26 21:05,2026-09-26,https://www.cinemark.com/TicketSeatMap/?cinemarkMovieId=110451&linkedShowtimeId=0&showtime=2026-09-26T21%3A05%3A00&showtimeId=158326&theaterId=1160,2026-09-27T02:44:17.432637+00:00
2026-09-25,Cinemark Roseville Galleria Mall And Xd,Roseville,America/Los_Angeles,Forgotten Island,2026-09-26 21:00,2026-09-26,https://www.cinemark.com/TicketSeatMap/?cinemarkMovieId=109838&linkedShowtimeId=0&showtime=2026-09-26T21%3A00%3A00&showtimeId=158355&theaterId=1160,2026-09-27T02:44:17.432637+00:00
2026-09-25,Cinemark Roseville Galleria Mall And Xd,Roseville,America/Los_Angeles,Heart of the Beast,2026-09-27 17:00,2026-09-27,https://www.cinemark.com/TicketSeatMap/?cinemarkMovieId=110451&linkedShowtimeId=155298&showtime=2026-09-27T17%3A00%3A00&showtimeId=155292&theaterId=1160,2026-09-27T02:44:17.432637+00:00
2026-09-25,Cinemark Roseville Galleria Mall And Xd,Roseville,America/Los_Angeles,Heart of the Beast,2026-09-27 17:50,2026-09-27,https://www.cinemark.com/TicketSeatMap/?cinemarkMovieId=110451&linkedShowtimeId=0&showtime=2026-09-27T17%3A50%3A00&showtimeId=158363&theaterId=1160,2026-09-27T02:44:17.432637+00:00
2026-09-25,Cinemark Roseville Galleria Mall And Xd,Roseville,America/Los_Angeles,Heart of the Beast,2026-09-27 21:30,2026-09-27,https://www.cinemark.com/TicketSeatMap/?cinemarkMovieId=110451&linkedShowtimeId=0&showtime=2026-09-27T21%3A30%3A00&showtimeId=158611&theaterId=1160,2026-09-27T02:44:17.432637+00:00
2026-09-25,Cinemark Roseville Galleria Mall And Xd,Roseville,America/Los_Angeles,Forgotten Island,2026-09-27 21:00,2026-09-27,https://www.cinemark.com/TicketSeatMap/?cinemarkMovieId=109838&linkedShowtimeId=157036&showtime=2026-09-27T21%3A00%3A00&showtimeId=157040&theaterId=1160,2026-09-27T02:44:17.432637+00:00
2026-09-25,Cinemark Roseville Galleria Mall And Xd,Roseville,America/Los_Angeles,Primetime,2026-09-27 21:30,2026-09-27,https://www.cinemark.com/TicketSeatMap/?cinemarkMovieId=111245&linkedShowtimeId=0&showtime=2026-09-27T21%3A30%3A00&showtimeId=157545&theaterId=1160,2026-09-27T02:44:17.432637+00:00
2026-09-25,Cinemark Roseville Galleria Mall And Xd,Roseville,America/Los_Angeles,Heart of the Beast,2026-09-26 22:20,2026-09-26,https://www.cinemark.com/TicketSeatMap/?cinemarkMovieId=110451&linkedShowtimeId=155288&showtime=2026-09-26T22%3A20%3A00&showtimeId=155282&theaterId=1160,2026-09-27T02:44:17.432637+00:00
2026-09-25,Cinemark Roseville Galleria Mall And Xd,Roseville,America/Los_Angeles,Forgotten Island,2026-09-26 22:50,2026-09-26,https://www.cinemark.com/TicketSeatMap/?cinemarkMovieId=109838&linkedShowtimeId=157025&showtime=2026-09-26T22%3A50%3A00&showtimeId=157030&theaterId=1160,2026-09-27T02:44:17.432637+00:00
2026-09-25,Cinemark Roseville Galleria Mall And Xd,Roseville,America/Los_Angeles,Forgotten Island,2026-09-26 22:05,2026-09-26,https://www.cinemark.com/TicketSeatMap/?cinemarkMovieId=109838&linkedShowtimeId=0&showtime=2026-09-26T22%3A05%3A00&showtimeId=158356&theaterId=1160,2026-09-27T02:44:17.432637+00:00
2026-09-25,Cinemark Roseville Galleria Mall And Xd,Roseville,America/Los_Angeles,Primetime,2026-09-26 22:00,2026-09-26,https://www.cinemark.com/TicketSeatMap/?cinemarkMovieId=111245&linkedShowtimeId=0&showtime=2026-09-26T22%3A00%3A00&showtimeId=158336&theaterId=1160,2026-09-27T02:44:17.432637+00:00
2026-09-25,Cinemark Roseville Galleria Mall And Xd,Roseville,America/Los_Angeles,Primetime,2026-09-26 22:20,2026-09-26,https://www.cinemark.com/TicketSeatMap/?cinemarkMovieId=111245&linkedShowtimeId=0&showtime=2026-09-26T22%3A20%3A00&showtimeId=158610&theaterId=1160,2026-09-27T02:44:17.432637+00:00
2026-09-25,Cinemark Roseville Galleria Mall And Xd,Roseville,America/Los_Angeles,Primetime,2026-09-26 22:45,2026-09-26,https://www.cinemark.com/TicketSeatMap/?cinemarkMovieId=111245&linkedShowtimeId=0&showtime=2026-09-26T22%3A45%3A00&showtimeId=157540&theaterId=1160,2026-09-27T02:44:17.432637+00:00
2026-09-25,Cinemark Roseville Galleria Mall And Xd,Roseville,America/Los_Angeles,Heart of the Beast,2026-09-27 22:20,2026-09-27,https://www.cinemark.com/TicketSeatMap/?cinemarkMovieId=110451&linkedShowtimeId=155300&showtime=2026-09-27T22%3A20%3A00&showtimeId=155294&theaterId=1160,2026-09-27T02:44:17.432637+00:00
2026-09-25,Cinemark Roseville Galleria Mall And Xd,Roseville,America/Los_Angeles,Heart of the Beast,2026-09-27 22:00,2026-09-27,https://www.cinemark.com/TicketSeatMap/?cinemarkMovieId=110451&linkedShowtimeId=0&showtime=2026-09-27T22%3A00%3A00&showtimeId=158365&theaterId=1160,2026-09-27T02:44:17.432637+00:00
2026-09-25,Cinemark Roseville Galleria Mall And Xd,Roseville,America/Los_Angeles,Forgotten Island,2026-09-27 22:15,2026-09-27,https://www.cinemark.com/TicketSeatMap/?cinemarkMovieId=109838&linkedShowtimeId=0&showtime=2026-09-27T22%3A15%3A00&showtimeId=158392&theaterId=1160,2026-09-27T02:44:17.432637+00:00
2026-09-25,Cinemark Roseville Galleria Mall And Xd,Roseville,America/Los_Angeles,Primetime,2026-09-27 16:00,2026-09-27,https://www.cinemark.com/TicketSeatMap/?cinemarkMovieId=111245&linkedShowtimeId=0&showtime=2026-09-27T16%3A00%3A00&showtimeId=157543&theaterId=1160,2026-09-27T02:44:17.432637+00:00
2026-09-25,Cinemark Roseville Galleria Mall And Xd,Roseville,America/Los_Angeles,Primetime,2026-09-27 16:30,2026-09-27,https://www.cinemark.com/TicketSeatMap/?cinemarkMovieId=111245&linkedShowtimeId=0&showtime=2026-09-27T16%3A30%3A00&showtimeId=158372&theaterId=1160,2026-09-27T02:44:17.432637+00:00
2026-09-25,Cinemark Roseville Galleria Mall And Xd,Roseville,America/Los_Angeles,Primetime,2026-09-27 22:20,2026-09-27,https://www.cinemark.com/TicketSeatMap/?cinemarkMovieId=111245&linkedShowtimeId=0&showtime=2026-09-27T22%3A20%3A00&showtimeId=158375&theaterId=1160,2026-09-27T02:44:17.432637+00:00
2026-09-25,Cinemark Roseville Galleria Mall And Xd,Roseville,America/Los_Angeles,Heart of the Beast,2026-09-26 23:45,2026-09-26,https://www.cinemark.com/TicketSeatMap/?cinemarkMovieId=110451&linkedShowtimeId=0&showtime=2026-09-26T23%3A45%3A00&showtimeId=158327&theaterId=1160,2026-09-27T02:44:17.432637+00:00
2026-09-25,Cinemark Roseville Galleria Mall And Xd,Roseville,America/Los_Angeles,Heart of the Beast,2026-09-27 15:10,2026-09-27,https://www.cinemark.com/TicketSeatMap/?cinemarkMovieId=110451&linkedShowtimeId=0&showtime=2026-09-27T15%3A10%3A00&showtimeId=158364&theaterId=1160,2026-09-27T02:44:17.432637+00:00
2026-09-25,Cinemark Roseville Galleria Mall And Xd,Roseville,America/Los_Angeles,Forgotten Island,2026-09-27 15:30,2026-09-27,https://www.cinemark.com/TicketSeatMap/?cinemarkMovieId=109838&linkedShowtimeId=157041&showtime=2026-09-27T15%3A30%3A00&showtimeId=157042&theaterId=1160,2026-09-27T02:44:17.432637+00:00
2026-09-25,Cinemark Roseville Galleria Mall And Xd,Roseville,America/Los_Angeles,Heart of the Beast,2026-09-27 14:20,2026-09-27,https://www.cinemark.com/TicketSeatMap/?cinemarkMovieId=110451&linkedShowtimeId=155297&showtime=2026-09-27T14%3A20%3A00&showtimeId=155291&theaterId=1160,2026-09-27T02:44:17.432637+00:00
2026-09-25,Cinemark Roseville Galleria Mall And Xd,Roseville,America/Los_Angeles,Forgotten Island,2026-09-27 14:50,2026-09-27,https://www.cinemark.com/TicketSeatMap/?cinemarkMovieId=109838&linkedShowtimeId=0&showtime=2026-09-27T14%3A50%3A00&showtimeId=158390&theaterId=1160,2026-09-27T02:44:17.432637+00:00
2026-09-25,Cinemark Roseville Galleria Mall And Xd,Roseville,America/Los_Angeles,Primetime,2026-09-27 13:15,2026-09-27,https://www.cinemark.com/TicketSeatMap/?cinemarkMovieId=111245&linkedShowtimeId=0&showtime=2026-09-27T13%3A15%3A00&showtimeId=157542&theaterId=1160,2026-09-27T02:44:17.432637+00:00
2026-09-25,Cinemark Roseville Galleria Mall And Xd,Roseville,America/Los_Angeles,Primetime,2026-09-27 13:45,2026-09-27,https://www.cinemark.com/TicketSeatMap/?cinemarkMovieId=111245&linkedShowtimeId=0&showtime=2026-09-27T13%3A45%3A00&showtimeId=158373&theaterId=1160,2026-09-27T02:44:17.432637+00:00
2026-09-25,Cinemark Roseville Galleria Mall And Xd,Roseville,America/Los_Angeles,Heart of the Beast,2026-09-27 12:20,2026-09-27,https://www.cinemark.com/TicketSeatMap/?cinemarkMovieId=110451&linkedShowtimeId=158209&showtime=2026-09-27T12%3A20%3A00&showtimeId=158210&theaterId=1160,2026-09-27T02:44:17.432637+00:00
2026-09-25,Cinemark Roseville Galleria Mall And Xd,Roseville,America/Los_Angeles,Forgotten Island,2026-09-27 12:45,2026-09-27,https://www.cinemark.com/TicketSeatMap/?cinemarkMovieId=109838&linkedShowtimeId=157034&showtime=2026-09-27T12%3A45%3A00&showtimeId=157038&theaterId=1160,2026-09-27T02:44:17.432637+00:00
2026-09-25,Cinemark Roseville Galleria Mall And Xd,Roseville,America/Los_Angeles,Heart of the Beast,2026-09-27 11:40,2026-09-27,https://www.cinemark.com/TicketSeatMap/?cinemarkMovieId=110451&linkedShowtimeId=155296&showtime=2026-09-27T11%3A40%3A00&showtimeId=155290&theaterId=1160,2026-09-27T02:44:17.432637+00:00
2026-09-25,Cinemark Roseville Galleria Mall And Xd,Roseville,America/Los_Angeles,Forgotten Island,2026-09-27 11:50,2026-09-27,https://www.cinemark.com/TicketSeatMap/?cinemarkMovieId=109838&linkedShowtimeId=0&showtime=2026-09-27T11%3A50%3A00&showtimeId=158397&theaterId=1160,2026-09-27T02:44:17.432637+00:00
2026-09-25,Cinemark Roseville Galleria Mall And Xd,Roseville,America/Los_Angeles,Primetime,2026-09-27 11:00,2026-09-27,https://www.cinemark.com/TicketSeatMap/?cinemarkMovieId=111245&linkedShowtimeId=0&showtime=2026-09-27T11%3A00%3A00&showtimeId=158374&theaterId=1160,2026-09-27T02:44:17.432637+00:00
2026-09-25,Cinemark Roseville Galleria Mall And Xd,Roseville,America/Los_Angeles,Forgotten Island,2026-09-27 10:00,2026-09-27,https://www.cinemark.com/TicketSeatMap/?cinemarkMovieId=109838&linkedShowtimeId=157033&showtime=2026-09-27T10%3A00%3A00&showtimeId=157037&theaterId=1160,2026-09-27T02:44:17.432637+00:00
2026-09-25,Cinemark Roseville Galleria Mall And Xd,Roseville,America/Los_Angeles,Primetime,2026-09-27 10:30,2026-09-27,https://www.cinemark.com/TicketSeatMap/?cinemarkMovieId=111245&linkedShowtimeId=0&showtime=2026-09-27T10%3A30%3A00&showtimeId=157546&theaterId=1160,2026-09-27T02:44:17.432637+00:00
2026-09-25,Cinemark Roseville Galleria Mall And Xd,Roseville,America/Los_Angeles,Heart of the Beast,2026-09-27 09:00,2026-09-27,https://www.cinemark.com/TicketSeatMap/?cinemarkMovieId=110451&linkedShowtimeId=155295&showtime=2026-09-27T09%3A00%3A00&showtimeId=155289&theaterId=1160,2026-09-27T02:44:17.432637+00:00
2026-09-25,Cinemark Roseville Galleria Mall And Xd,Roseville,America/Los_Angeles,Forgotten Island,2026-09-27 09:35,2026-09-27,https://www.cinemark.com/TicketSeatMap/?cinemarkMovieId=109838&linkedShowtimeId=158208&showtime=2026-09-27T09%3A35%3A00&showtimeId=158205&theaterId=1160,2026-09-27T02:44:17.432637+00:00
2026-09-25,Cinemark Roseville Galleria Mall And Xd,Roseville,America/Los_Angeles,Forgotten Island,2026-09-27 09:05,2026-09-27,https://www.cinemark.com/TicketSeatMap/?cinemarkMovieId=109838&linkedShowtimeId=0&showtime=2026-09-27T09%3A05%3A00&showtimeId=158398&theaterId=1160,2026-09-27T02:44:17.432637+00:00
2026-09-25,Cinemark Tinseltown Rochester And Imax,Rochester,America/New_York,Forgotten Island,2026-09-26 22:45,2026-09-26,https://www.cinemark.com/TicketSeatMap/?cinemarkMovieId=109838&linkedShowtimeId=604277&showtime=2026-09-26T22%3A45%3A00&showtimeId=604271&theaterId=202,2026-09-27T02:44:17.432637+00:00
2026-09-25,Cinemark Tinseltown Rochester And Imax,Rochester,America/New_York,Primetime,2026-09-26 22:50,2026-09-26,https://www.cinemark.com/TicketSeatMap/?cinemarkMovieId=111245&linkedShowtimeId=0&showtime=2026-09-26T22%3A50%3A00&showtimeId=603178&theaterId=202,2026-09-27T02:44:17.432637+00:00
2026-09-25,Cinemark Tinseltown Rochester And Imax,Rochester,America/New_York,Heart of the Beast,2026-09-26 23:45,2026-09-26,https://www.cinemark.com/TicketSeatMap/?cinemarkMovieId=110451&linkedShowtimeId=0&showtime=2026-09-26T23%3A45%3A00&showtimeId=605913&theaterId=202,2026-09-27T02:44:17.432637+00:00
2026-09-25,Cinemark Tinseltown Rochester And Imax,Rochester,America/New_York,Forgotten Island,2026-09-26 23:15,2026-09-26,https://www.cinemark.com/TicketSeatMap/?cinemarkMovieId=109838&linkedShowtimeId=0&showtime=2026-09-26T23%3A15%3A00&showtimeId=604283&theaterId=202,2026-09-27T02:44:17.432637+00:00
2026-09-25,Cinemark Tinseltown Rochester And Imax,Rochester,America/New_York,Forgotten Island,2026-09-26 23:50,2026-09-26,https://www.cinemark.com/TicketSeatMap/?cinemarkMovieId=109838&linkedShowtimeId=0&showtime=2026-09-26T23%3A50%3A00&showtimeId=605945&theaterId=202,2026-09-27T02:44:17.432637+00:00
2026-09-25,Cinemark Tinseltown Rochester And Imax,Rochester,America/New_York,Primetime,2026-09-27 00:00,2026-09-27,https://www.cinemark.com/TicketSeatMap/?cinemarkMovieId=111245&linkedShowtimeId=0&showtime=2026-09-27T00%3A00%3A00&showtimeId=605954&theaterId=202,2026-09-27T02:44:17.432637+00:00
2026-09-25,Cinemark Weslaco Movies 10,Weslaco,America/Chicago,Heart of the Beast,2026-09-27 19:15,2026-09-27,https://www.cinemark.com/TicketSeatMap/?cinemarkMovieId=110451&linkedShowtimeId=0&showtime=2026-09-27T19%3A15%3A00&showtimeId=369512&theaterId=212,2026-09-27T02:44:17.432637+00:00
2026-09-25,Cinemark Weslaco Movies 10,Weslaco,America/Chicago,Primetime,2026-09-27 19:40,2026-09-27,https://www.cinemark.com/TicketSeatMap/?cinemarkMovieId=111245&linkedShowtimeId=0&showtime=2026-09-27T19%3A40%3A00&showtimeId=370730&theaterId=212,2026-09-27T02:44:17.432637+00:00
2026-09-25,Cinemark Weslaco Movies 10,Weslaco,America/Chicago,Heart of the Beast,2026-09-27 20:05,2026-09-27,https://www.cinemark.com/TicketSeatMap/?cinemarkMovieId=110451&linkedShowtimeId=0&showtime=2026-09-27T20%3A05%3A00&showtimeId=370941&theaterId=212,2026-09-27T02:44:17.432637+00:00
2026-09-25,Cinemark Weslaco Movies 10,Weslaco,America/Chicago,Forgotten Island,2026-09-27 20:15,2026-09-27,https://www.cinemark.com/TicketSeatMap/?cinemarkMovieId=109838&linkedShowtimeId=0&showtime=2026-09-27T20%3A15%3A00&showtimeId=369994&theaterId=212,2026-09-27T02:44:17.432637+00:00
2026-09-25,Cinemark Weslaco Movies 10,Weslaco,America/Chicago,Heart of the Beast,2026-09-27 17:25,2026-09-27,https://www.cinemark.com/TicketSeatMap/?cinemarkMovieId=110451&linkedShowtimeId=0&showtime=2026-09-27T17%3A25%3A00&showtimeId=370942&theaterId=212,2026-09-27T02:44:17.432637+00:00
2026-09-25,Cinemark Weslaco Movies 10,Weslaco,America/Chicago,Forgotten Island,2026-09-27 17:30,2026-09-27,https://www.cinemark.com/TicketSeatMap/?cinemarkMovieId=109838&linkedShowtimeId=0&showtime=2026-09-27T17%3A30%3A00&showtimeId=369993&theaterId=212,2026-09-27T02:44:17.432637+00:00
2026-09-25,Cinemark Weslaco Movies 10,Weslaco,America/Chicago,Heart of the Beast,2026-09-26 22:00,2026-09-26,https://www.cinemark.com/TicketSeatMap/?cinemarkMovieId=110451&linkedShowtimeId=0&showtime=2026-09-26T22%3A00%3A00&showtimeId=369508&theaterId=212,2026-09-27T02:44:17.432637+00:00
2026-09-25,Cinemark Weslaco Movies 10,Weslaco,America/Chicago,Heart of the Beast,2026-09-26 22:45,2026-09-26,https://www.cinemark.com/TicketSeatMap/?cinemarkMovieId=110451&linkedShowtimeId=0&showtime=2026-09-26T22%3A45%3A00&showtimeId=370911&theaterId=212,2026-09-27T02:44:17.432637+00:00
2026-09-25,Cinemark Weslaco Movies 10,Weslaco,America/Chicago,Heart of the Beast,2026-09-27 16:35,2026-09-27,https://www.cinemark.com/TicketSeatMap/?cinemarkMovieId=110451&linkedShowtimeId=0&showtime=2026-09-27T16%3A35%3A00&showtimeId=369511&theaterId=212,2026-09-27T02:44:17.432637+00:00
2026-09-25,Cinemark Weslaco Movies 10,Weslaco,America/Chicago,Heart of the Beast,2026-09-27 22:00,2026-09-27,https://www.cinemark.com/TicketSeatMap/?cinemarkMovieId=110451&linkedShowtimeId=0&showtime=2026-09-27T22%3A00%3A00&showtimeId=369513&theaterId=212,2026-09-27T02:44:17.432637+00:00
2026-09-25,Cinemark Weslaco Movies 10,Weslaco,America/Chicago,Heart of the Beast,2026-09-27 22:45,2026-09-27,https://www.cinemark.com/TicketSeatMap/?cinemarkMovieId=110451&linkedShowtimeId=0&showtime=2026-09-27T22%3A45%3A00&showtimeId=370940&theaterId=212,2026-09-27T02:44:17.432637+00:00
2026-09-25,Cinemark Weslaco Movies 10,Weslaco,America/Chicago,Primetime,2026-09-27 16:50,2026-09-27,https://www.cinemark.com/TicketSeatMap/?cinemarkMovieId=111245&linkedShowtimeId=0&showtime=2026-09-27T16%3A50%3A00&showtimeId=370729&theaterId=212,2026-09-27T02:44:17.432637+00:00
2026-09-25,Cinemark Weslaco Movies 10,Weslaco,America/Chicago,Primetime,2026-09-27 22:30,2026-09-27,https://www.cinemark.com/TicketSeatMap/?cinemarkMovieId=111245&linkedShowtimeId=0&showtime=2026-09-27T22%3A30%3A00&showtimeId=370731&theaterId=212,2026-09-27T02:44:17.432637+00:00
2026-09-25,Cinemark Weslaco Movies 10,Weslaco,America/Chicago,Heart of the Beast,2026-09-26 23:30,2026-09-26,https://www.cinemark.com/TicketSeatMap/?cinemarkMovieId=110451&linkedShowtimeId=0&showtime=2026-09-26T23%3A30%3A00&showtimeId=370899&theaterId=212,2026-09-27T02:44:17.432637+00:00
2026-09-25,Cinemark Weslaco Movies 10,Weslaco,America/Chicago,Forgotten Island,2026-09-26 23:00,2026-09-26,https://www.cinemark.com/TicketSeatMap/?cinemarkMovieId=109838&linkedShowtimeId=0&showtime=2026-09-26T23%3A00%3A00&showtimeId=369989&theaterId=212,2026-09-27T02:44:17.432637+00:00
2026-09-25,Cinemark Weslaco Movies 10,Weslaco,America/Chicago,Primetime,2026-09-26 23:45,2026-09-26,https://www.cinemark.com/TicketSeatMap/?cinemarkMovieId=111245&linkedShowtimeId=0&showtime=2026-09-26T23%3A45%3A00&showtimeId=370726&theaterId=212,2026-09-27T02:44:17.432637+00:00
2026-09-25,Cinemark Weslaco Movies 10,Weslaco,America/Chicago,Heart of the Beast,2026-09-27 23:30,2026-09-27,https://www.cinemark.com/TicketSeatMap/?cinemarkMovieId=110451&linkedShowtimeId=0&showtime=2026-09-27T23%3A30%3A00&showtimeId=370931&theaterId=212,2026-09-27T02:44:17.432637+00:00
2026-09-25,Cinemark Weslaco Movies 10,Weslaco,America/Chicago,Forgotten Island,2026-09-27 15:15,2026-09-27,https://www.cinemark.com/TicketSeatMap/?cinemarkMovieId=109838&linkedShowtimeId=0&showtime=2026-09-27T15%3A15%3A00&showtimeId=370937&theaterId=212,2026-09-27T02:44:17.432637+00:00
2026-09-25,Cinemark Weslaco Movies 10,Weslaco,America/Chicago,Forgotten Island,2026-09-27 23:00,2026-09-27,https://www.cinemark.com/TicketSeatMap/?cinemarkMovieId=109838&linkedShowtimeId=0&showtime=2026-09-27T23%3A00%3A00&showtimeId=369995&theaterId=212,2026-09-27T02:44:17.432637+00:00
2026-09-25,Cinemark Weslaco Movies 10,Weslaco,America/Chicago,Heart of the Beast,2026-09-27 14:40,2026-09-27,https://www.cinemark.com/TicketSeatMap/?cinemarkMovieId=110451&linkedShowtimeId=0&showtime=2026-09-27T14%3A40%3A00&showtimeId=370943&theaterId=212,2026-09-27T02:44:17.432637+00:00
2026-09-25,Cinemark Weslaco Movies 10,Weslaco,America/Chicago,Forgotten Island,2026-09-27 14:45,2026-09-27,https://www.cinemark.com/TicketSeatMap/?cinemarkMovieId=109838&linkedShowtimeId=0&showtime=2026-09-27T14%3A45%3A00&showtimeId=369996&theaterId=212,2026-09-27T02:44:17.432637+00:00
2026-09-25,Cinemark Weslaco Movies 10,Weslaco,America/Chicago,Primetime,2026-09-27 14:00,2026-09-27,https://www.cinemark.com/TicketSeatMap/?cinemarkMovieId=111245&linkedShowtimeId=0&showtime=2026-09-27T14%3A00%3A00&showtimeId=370728&theaterId=212,2026-09-27T02:44:17.432637+00:00
2026-09-25,Cinemark Weslaco Movies 10,Weslaco,America/Chicago,Heart of the Beast,2026-09-27 13:55,2026-09-27,https://www.cinemark.com/TicketSeatMap/?cinemarkMovieId=110451&linkedShowtimeId=0&showtime=2026-09-27T13%3A55%3A00&showtimeId=369510&theaterId=212,2026-09-27T02:44:17.432637+00:00
2026-09-25,Cinemark Weslaco Movies 10,Weslaco,America/Chicago,Forgotten Island,2026-09-27 12:00,2026-09-27,https://www.cinemark.com/TicketSeatMap/?cinemarkMovieId=109838&linkedShowtimeId=0&showtime=2026-09-27T12%3A00%3A00&showtimeId=369992&theaterId=212,2026-09-27T02:44:17.432637+00:00
2026-09-25,Cinemark Weslaco Movies 10,Weslaco,America/Chicago,Forgotten Island,2026-09-27 12:30,2026-09-27,https://www.cinemark.com/TicketSeatMap/?cinemarkMovieId=109838&linkedShowtimeId=0&showtime=2026-09-27T12%3A30%3A00&showtimeId=370938&theaterId=212,2026-09-27T02:44:17.432637+00:00
2026-09-25,Cinemark Weslaco Movies 10,Weslaco,America/Chicago,Heart of the Beast,2026-09-27 11:15,2026-09-27,https://www.cinemark.com/TicketSeatMap/?cinemarkMovieId=110451&linkedShowtimeId=0&showtime=2026-09-27T11%3A15%3A00&showtimeId=369509&theaterId=212,2026-09-27T02:44:17.432637+00:00
2026-09-25,Cinemark Weslaco Movies 10,Weslaco,America/Chicago,Heart of the Beast,2026-09-27 11:55,2026-09-27,https://www.cinemark.com/TicketSeatMap/?cinemarkMovieId=110451&linkedShowtimeId=0&showtime=2026-09-27T11%3A55%3A00&showtimeId=370944&theaterId=212,2026-09-27T02:44:17.432637+00:00
2026-09-25,Cinemark Weslaco Movies 10,Weslaco,America/Chicago,Primetime,2026-09-27 11:10,2026-09-27,https://www.cinemark.com/TicketSeatMap/?cinemarkMovieId=111245&linkedShowtimeId=0&showtime=2026-09-27T11%3A10%3A00&showtimeId=370732&theaterId=212,2026-09-27T02:44:17.432637+00:00
2026-09-25,Cinemark Weslaco Movies 10,Weslaco,America/Chicago,Heart of the Beast,2026-09-27 09:10,2026-09-27,https://www.cinemark.com/TicketSeatMap/?cinemarkMovieId=110451&linkedShowtimeId=0&showtime=2026-09-27T09%3A10%3A00&showtimeId=370939&theaterId=212,2026-09-27T02:44:17.432637+00:00
2026-09-25,Cinemark Weslaco Movies 10,Weslaco,America/Chicago,Forgotten Island,2026-09-27 09:15,2026-09-27,https://www.cinemark.com/TicketSeatMap/?cinemarkMovieId=109838&linkedShowtimeId=0&showtime=2026-09-27T09%3A15%3A00&showtimeId=369991&theaterId=212,2026-09-27T02:44:17.432637+00:00
2026-09-25,Cinemark Weslaco Movies 10,Weslaco,America/Chicago,Forgotten Island,2026-09-27 09:45,2026-09-27,https://www.cinemark.com/TicketSeatMap/?cinemarkMovieId=109838&linkedShowtimeId=0&showtime=2026-09-27T09%3A45%3A00&showtimeId=370936&theaterId=212,2026-09-27T02:44:17.432637+00:00
2026-09-25,Cinemark Bistro Lake Charles,Lake Charles,America/Chicago,Heart of the Beast,2026-09-27 18:30,2026-09-27,https://www.cinemark.com/TicketSeatMap/?cinemarkMovieId=110451&linkedShowtimeId=0&showtime=2026-09-27T18%3A30%3A00&showtimeId=157521&theaterId=1135,2026-09-27T02:44:17.432637+00:00
2026-09-25,Cinemark Bistro Lake Charles,Lake Charles,America/Chicago,Forgotten Island,2026-09-27 20:00,2026-09-27,https://www.cinemark.com/TicketSeatMap/?cinemarkMovieId=109838&linkedShowtimeId=156457&showtime=2026-09-27T20%3A00%3A00&showtimeId=156462&theaterId=1135,2026-09-27T02:44:17.432637+00:00
2026-09-25,Cinemark Bistro Lake Charles,Lake Charles,America/Chicago,Primetime,2026-09-27 18:40,2026-09-27,https://www.cinemark.com/TicketSeatMap/?cinemarkMovieId=111245&linkedShowtimeId=0&showtime=2026-09-27T18%3A40%3A00&showtimeId=157500&theaterId=1135,2026-09-27T02:44:17.432637+00:00
2026-09-25,Cinemark Bistro Lake Charles,Lake Charles,America/Chicago,Heart of the Beast,2026-09-27 17:25,2026-09-27,https://www.cinemark.com/TicketSeatMap/?cinemarkMovieId=110451&linkedShowtimeId=0&showtime=2026-09-27T17%3A25%3A00&showtimeId=157520&theaterId=1135,2026-09-27T02:44:17.432637+00:00
2026-09-25,Cinemark Bistro Lake Charles,Lake Charles,America/Chicago,Forgotten Island,2026-09-27 17:15,2026-09-27,https://www.cinemark.com/TicketSeatMap/?cinemarkMovieId=109838&linkedShowtimeId=156456&showtime=2026-09-27T17%3A15%3A00&showtimeId=156461&theaterId=1135,2026-09-27T02:44:17.432637+00:00
2026-09-25,Cinemark Bistro Lake Charles,Lake Charles,America/Chicago,Primetime,2026-09-27 21:30,2026-09-27,https://www.cinemark.com/TicketSeatMap/?cinemarkMovieId=111245&linkedShowtimeId=0&showtime=2026-09-27T21%3A30%3A00&showtimeId=157501&theaterId=1135,2026-09-27T02:44:17.432637+00:00
2026-09-25,Cinemark Bistro Lake Charles,Lake Charles,America/Chicago,Heart of the Beast,2026-09-26 22:40,2026-09-26,https://www.cinemark.com/TicketSeatMap/?cinemarkMovieId=110451&linkedShowtimeId=157488&showtime=2026-09-26T22%3A40%3A00&showtimeId=157479&theaterId=1135,2026-09-27T02:44:17.432637+00:00
2026-09-25,Cinemark Bistro Lake Charles,Lake Charles,America/Chicago,Forgotten Island,2026-09-26 22:45,2026-09-26,https://www.cinemark.com/TicketSeatMap/?cinemarkMovieId=109838&linkedShowtimeId=156446&showtime=2026-09-26T22%3A45%3A00&showtimeId=156451&theaterId=1135,2026-09-27T02:44:17.432637+00:00
2026-09-25,Cinemark Bistro Lake Charles,Lake Charles,America/Chicago,Primetime,2026-09-26 22:45,2026-09-26,https://www.cinemark.com/TicketSeatMap/?cinemarkMovieId=111245&linkedShowtimeId=0&showtime=2026-09-26T22%3A45%3A00&showtimeId=157465&theaterId=1135,2026-09-27T02:44:17.432637+00:00
2026-09-25,Cinemark Bistro Lake Charles,Lake Charles,America/Chicago,Heart of the Beast,2026-09-27 22:40,2026-09-27,https://www.cinemark.com/TicketSeatMap/?cinemarkMovieId=110451&linkedShowtimeId=157525&showtime=2026-09-27T22%3A40%3A00&showtimeId=157515&theaterId=1135,2026-09-27T02:44:17.432637+00:00
2026-09-25,Cinemark Bistro Lake Charles,Lake Charles,America/Chicago,Forgotten Island,2026-09-27 22:45,2026-09-27,https://www.cinemark.com/TicketSeatMap/?cinemarkMovieId=109838&linkedShowtimeId=156458&showtime=2026-09-27T22%3A45%3A00&showtimeId=156463&theaterId=1135,2026-09-27T02:44:17.432637+00:00
2026-09-25,Cinemark Bistro Lake Charles,Lake Charles,America/Chicago,Heart of the Beast,2026-09-27 15:50,2026-09-27,https://www.cinemark.com/TicketSeatMap/?cinemarkMovieId=110451&linkedShowtimeId=157523&showtime=2026-09-27T15%3A50%3A00&showtimeId=157513&theaterId=1135,2026-09-27T02:44:17.432637+00:00
2026-09-25,Cinemark Bistro Lake Charles,Lake Charles,America/Chicago,Primetime,2026-09-27 15:45,2026-09-27,https://www.cinemark.com/TicketSeatMap/?cinemarkMovieId=111245&linkedShowtimeId=0&showtime=2026-09-27T15%3A45%3A00&showtimeId=157499&theaterId=1135,2026-09-27T02:44:17.432637+00:00
2026-09-25,Cinemark Bistro Lake Charles,Lake Charles,America/Chicago,Heart of the Beast,2026-09-27 14:45,2026-09-27,https://www.cinemark.com/TicketSeatMap/?cinemarkMovieId=110451&linkedShowtimeId=0&showtime=2026-09-27T14%3A45%3A00&showtimeId=157519&theaterId=1135,2026-09-27T02:44:17.432637+00:00
2026-09-25,Cinemark Bistro Lake Charles,Lake Charles,America/Chicago,Forgotten Island,2026-09-27 14:30,2026-09-27,https://www.cinemark.com/TicketSeatMap/?cinemarkMovieId=109838&linkedShowtimeId=156452&showtime=2026-09-27T14%3A30%3A00&showtimeId=156453&theaterId=1135,2026-09-27T02:44:17.432637+00:00
2026-09-25,Cinemark Bistro Lake Charles,Lake Charles,America/Chicago,Heart of the Beast,2026-09-27 12:05,2026-09-27,https://www.cinemark.com/TicketSeatMap/?cinemarkMovieId=110451&linkedShowtimeId=0&showtime=2026-09-27T12%3A05%3A00&showtimeId=157518&theaterId=1135,2026-09-27T02:44:17.432637+00:00
2026-09-25,Cinemark Bistro Lake Charles,Lake Charles,America/Chicago,Primetime,2026-09-27 12:55,2026-09-27,https://www.cinemark.com/TicketSeatMap/?cinemarkMovieId=111245&linkedShowtimeId=0&showtime=2026-09-27T12%3A55%3A00&showtimeId=157498&theaterId=1135,2026-09-27T02:44:17.432637+00:00
2026-09-25,Cinemark Bistro Lake Charles,Lake Charles,America/Chicago,Forgotten Island,2026-09-27 11:45,2026-09-27,https://www.cinemark.com/TicketSeatMap/?cinemarkMovieId=109838&linkedShowtimeId=156455&showtime=2026-09-27T11%3A45%3A00&showtimeId=156460&theaterId=1135,2026-09-27T02:44:17.432637+00:00
2026-09-25,Cinemark Bistro Lake Charles,Lake Charles,America/Chicago,Primetime,2026-09-27 10:00,2026-09-27,https://www.cinemark.com/TicketSeatMap/?cinemarkMovieId=111245&linkedShowtimeId=0&showtime=2026-09-27T10%3A00%3A00&showtimeId=157502&theaterId=1135,2026-09-27T02:44:17.432637+00:00
2026-09-25,Cinemark Bistro Lake Charles,Lake Charles,America/Chicago,Heart of the Beast,2026-09-27 09:00,2026-09-27,https://www.cinemark.com/TicketSeatMap/?cinemarkMovieId=110451&linkedShowtimeId=157524&showtime=2026-09-27T09%3A00%3A00&showtimeId=157514&theaterId=1135,2026-09-27T02:44:17.432637+00:00
2026-09-25,Cinemark Bistro Lake Charles,Lake Charles,America/Chicago,Heart of the Beast,2026-09-27 09:25,2026-09-27,https://www.cinemark.com/TicketSeatMap/?cinemarkMovieId=110451&linkedShowtimeId=0&showtime=2026-09-27T09%3A25%3A00&showtimeId=157522&theaterId=1135,2026-09-27T02:44:17.432637+00:00
2026-09-25,Cinemark Bistro Lake Charles,Lake Charles,America/Chicago,Forgotten Island,2026-09-27 09:00,2026-09-27,https://www.cinemark.com/TicketSeatMap/?cinemarkMovieId=109838&linkedShowtimeId=156454&showtime=2026-09-27T09%3A00%3A00&showtimeId=156459&theaterId=1135,2026-09-27T02:44:17.432637+00:00
2026-09-25,Cinemark Bistro At The Carolina Asheville,Asheville,America/New_York,Primetime,2026-09-27 19:15,2026-09-27,https://www.cinemark.com/TicketSeatMap/?cinemarkMovieId=111245&linkedShowtimeId=0&showtime=2026-09-27T19%3A15%3A00&showtimeId=257412&theaterId=1142,2026-09-27T02:44:17.432637+00:00
2026-09-25,Cinemark Bistro At The Carolina Asheville,Asheville,America/New_York,Heart of the Beast,2026-09-27 18:00,2026-09-27,https://www.cinemark.com/TicketSeatMap/?cinemarkMovieId=110451&linkedShowtimeId=0&showtime=2026-09-27T18%3A00%3A00&showtimeId=257437&theaterId=1142,2026-09-27T02:44:17.432637+00:00
2026-09-25,Cinemark Bistro At The Carolina Asheville,Asheville,America/New_York,Heart of the Beast,2026-09-27 18:45,2026-09-27,https://www.cinemark.com/TicketSeatMap/?cinemarkMovieId=110451&linkedShowtimeId=0&showtime=2026-09-27T18%3A45%3A00&showtimeId=255356&theaterId=1142,2026-09-27T02:44:17.432637+00:00
2026-09-25,Cinemark Bistro At The Carolina Asheville,Asheville,America/New_York,Heart of the Beast,2026-09-27 20:40,2026-09-27,https://www.cinemark.com/TicketSeatMap/?cinemarkMovieId=110451&linkedShowtimeId=0&showtime=2026-09-27T20%3A40%3A00&showtimeId=257438&theaterId=1142,2026-09-27T02:44:17.432637+00:00
2026-09-25,Cinemark Bistro At The Carolina Asheville,Asheville,America/New_York,Forgotten Island,2026-09-27 18:15,2026-09-27,https://www.cinemark.com/TicketSeatMap/?cinemarkMovieId=109838&linkedShowtimeId=0&showtime=2026-09-27T18%3A15%3A00&showtimeId=256353&theaterId=1142,2026-09-27T02:44:17.432637+00:00
2026-09-25,Cinemark Bistro At The Carolina Asheville,Asheville,America/New_York,Forgotten Island,2026-09-27 20:00,2026-09-27,https://www.cinemark.com/TicketSeatMap/?cinemarkMovieId=109838&linkedShowtimeId=0&showtime=2026-09-27T20%3A00%3A00&showtimeId=256351&theaterId=1142,2026-09-27T02:44:17.432637+00:00
2026-09-25,Cinemark Bistro At The Carolina Asheville,Asheville,America/New_York,Primetime,2026-09-27 18:30,2026-09-27,https://www.cinemark.com/TicketSeatMap/?cinemarkMovieId=111245&linkedShowtimeId=0&showtime=2026-09-27T18%3A30%3A00&showtimeId=255757&theaterId=1142,2026-09-27T02:44:17.432637+00:00
2026-09-25,Cinemark Bistro At The Carolina Asheville,Asheville,America/New_York,Primetime,2026-09-27 20:15,2026-09-27,https://www.cinemark.com/TicketSeatMap/?cinemarkMovieId=111245&linkedShowtimeId=0&showtime=2026-09-27T20%3A15%3A00&showtimeId=257421&theaterId=1142,2026-09-27T02:44:17.432637+00:00
2026-09-25,Cinemark Bistro At The Carolina Asheville,Asheville,America/New_York,Heart of the Beast,2026-09-27 21:30,2026-09-27,https://www.cinemark.com/TicketSeatMap/?cinemarkMovieId=110451&linkedShowtimeId=0&showtime=2026-09-27T21%3A30%3A00&showtimeId=255357&theaterId=1142,2026-09-27T02:44:17.432637+00:00
2026-09-25,Cinemark Bistro At The Carolina Asheville,Asheville,America/New_York,Forgotten Island,2026-09-27 17:15,2026-09-27,https://www.cinemark.com/TicketSeatMap/?cinemarkMovieId=109838&linkedShowtimeId=0&showtime=2026-09-27T17%3A15%3A00&showtimeId=256357&theaterId=1142,2026-09-27T02:44:17.432637+00:00
2026-09-25,Cinemark Bistro At The Carolina Asheville,Asheville,America/New_York,Forgotten Island,2026-09-27 21:00,2026-09-27,https://www.cinemark.com/TicketSeatMap/?cinemarkMovieId=109838&linkedShowtimeId=0&showtime=2026-09-27T21%3A00%3A00&showtimeId=256354&theaterId=1142,2026-09-27T02:44:17.432637+00:00
2026-09-25,Cinemark Bistro At The Carolina Asheville,Asheville,America/New_York,Primetime,2026-09-27 17:20,2026-09-27,https://www.cinemark.com/TicketSeatMap/?cinemarkMovieId=111245&linkedShowtimeId=0&showtime=2026-09-27T17%3A20%3A00&showtimeId=257420&theaterId=1142,2026-09-27T02:44:17.432637+00:00
2026-09-25,Cinemark Bistro At The Carolina Asheville,Asheville,America/New_York,Primetime,2026-09-27 21:20,2026-09-27,https://www.cinemark.com/TicketSeatMap/?cinemarkMovieId=111245&linkedShowtimeId=0&showtime=2026-09-27T21%3A20%3A00&showtimeId=255758&theaterId=1142,2026-09-27T02:44:17.432637+00:00
2026-09-25,Cinemark Bistro At The Carolina Asheville,Asheville,America/New_York,Forgotten Island,2026-09-26 22:50,2026-09-26,https://www.cinemark.com/TicketSeatMap/?cinemarkMovieId=109838&linkedShowtimeId=0&showtime=2026-09-26T22%3A50%3A00&showtimeId=256338&theaterId=1142,2026-09-27T02:44:17.432637+00:00
2026-09-25,Cinemark Bistro At The Carolina Asheville,Asheville,America/New_York,Heart of the Beast,2026-09-27 16:05,2026-09-27,https://www.cinemark.com/TicketSeatMap/?cinemarkMovieId=110451&linkedShowtimeId=0&showtime=2026-09-27T16%3A05%3A00&showtimeId=255355&theaterId=1142,2026-09-27T02:44:17.432637+00:00
2026-09-25,Cinemark Bistro At The Carolina Asheville,Asheville,America/New_York,Primetime,2026-09-27 16:25,2026-09-27,https://www.cinemark.com/TicketSeatMap/?cinemarkMovieId=111245&linkedShowtimeId=0&showtime=2026-09-27T16%3A25%3A00&showtimeId=257411&theaterId=1142,2026-09-27T02:44:17.432637+00:00
2026-09-25,Cinemark Bistro At The Carolina Asheville,Asheville,America/New_York,Primetime,2026-09-27 22:05,2026-09-27,https://www.cinemark.com/TicketSeatMap/?cinemarkMovieId=111245&linkedShowtimeId=0&showtime=2026-09-27T22%3A05%3A00&showtimeId=257413&theaterId=1142,2026-09-27T02:44:17.432637+00:00
2026-09-25,Cinemark Bistro At The Carolina Asheville,Asheville,America/New_York,Primetime,2026-09-26 23:00,2026-09-26,https://www.cinemark.com/TicketSeatMap/?cinemarkMovieId=111245&linkedShowtimeId=0&showtime=2026-09-26T23%3A00%3A00&showtimeId=255753&theaterId=1142,2026-09-27T02:44:17.432637+00:00
2026-09-25,Cinemark Bistro At The Carolina Asheville,Asheville,America/New_York,Heart of the Beast,2026-09-27 15:15,2026-09-27,https://www.cinemark.com/TicketSeatMap/?cinemarkMovieId=110451&linkedShowtimeId=0&showtime=2026-09-27T15%3A15%3A00&showtimeId=257436&theaterId=1142,2026-09-27T02:44:17.432637+00:00
2026-09-25,Cinemark Bistro At The Carolina Asheville,Asheville,America/New_York,Forgotten Island,2026-09-27 15:30,2026-09-27,https://www.cinemark.com/TicketSeatMap/?cinemarkMovieId=109838&linkedShowtimeId=0&showtime=2026-09-27T15%3A30%3A00&showtimeId=256352&theaterId=1142,2026-09-27T02:44:17.432637+00:00
2026-09-25,Cinemark Bistro At The Carolina Asheville,Asheville,America/New_York,Primetime,2026-09-27 15:40,2026-09-27,https://www.cinemark.com/TicketSeatMap/?cinemarkMovieId=111245&linkedShowtimeId=0&showtime=2026-09-27T15%3A40%3A00&showtimeId=255756&theaterId=1142,2026-09-27T02:44:17.432637+00:00
2026-09-25,Cinemark Bistro At The Carolina Asheville,Asheville,America/New_York,Heart of the Beast,2026-09-27 14:20,2026-09-27,https://www.cinemark.com/TicketSeatMap/?cinemarkMovieId=110451&linkedShowtimeId=0&showtime=2026-09-27T14%3A20%3A00&showtimeId=257424&theaterId=1142,2026-09-27T02:44:17.432637+00:00
2026-09-25,Cinemark Bistro At The Carolina Asheville,Asheville,America/New_York,Forgotten Island,2026-09-27 14:30,2026-09-27,https://www.cinemark.com/TicketSeatMap/?cinemarkMovieId=109838&linkedShowtimeId=0&showtime=2026-09-27T14%3A30%3A00&showtimeId=256349&theaterId=1142,2026-09-27T02:44:17.432637+00:00
2026-09-25,Cinemark Bistro At The Carolina Asheville,Asheville,America/New_York,Heart of the Beast,2026-09-27 13:15,2026-09-27,https://www.cinemark.com/TicketSeatMap/?cinemarkMovieId=110451&linkedShowtimeId=0&showtime=2026-09-27T13%3A15%3A00&showtimeId=255354&theaterId=1142,2026-09-27T02:44:17.432637+00:00
2026-09-25,Cinemark Bistro At The Carolina Asheville,Asheville,America/New_York,Primetime,2026-09-27 13:35,2026-09-27,https://www.cinemark.com/TicketSeatMap/?cinemarkMovieId=111245&linkedShowtimeId=0&showtime=2026-09-27T13%3A35%3A00&showtimeId=257410&theaterId=1142,2026-09-27T02:44:17.432637+00:00
2026-09-25,Cinemark Bistro At The Carolina Asheville,Asheville,America/New_York,Heart of the Beast,2026-09-27 12:30,2026-09-27,https://www.cinemark.com/TicketSeatMap/?cinemarkMovieId=110451&linkedShowtimeId=0&showtime=2026-09-27T12%3A30%3A00&showtimeId=257435&theaterId=1142,2026-09-27T02:44:17.432637+00:00
2026-09-25,Cinemark Bistro At The Carolina Asheville,Asheville,America/New_York,Forgotten Island,2026-09-27 12:45,2026-09-27,https://www.cinemark.com/TicketSeatMap/?cinemarkMovieId=109838&linkedShowtimeId=0&showtime=2026-09-27T12%3A45%3A00&showtimeId=256355&theaterId=1142,2026-09-27T02:44:17.432637+00:00
2026-09-25,Cinemark Bistro At The Carolina Asheville,Asheville,America/New_York,Primetime,2026-09-27 12:50,2026-09-27,https://www.cinemark.com/TicketSeatMap/?cinemarkMovieId=111245&linkedShowtimeId=0&showtime=2026-09-27T12%3A50%3A00&showtimeId=255755&theaterId=1142,2026-09-27T02:44:17.432637+00:00
2026-09-25,Cinemark Bistro At The Carolina Asheville,Asheville,America/New_York,Heart of the Beast,2026-09-27 11:40,2026-09-27,https://www.cinemark.com/TicketSeatMap/?cinemarkMovieId=110451&linkedShowtimeId=0&showtime=2026-09-27T11%3A40%3A00&showtimeId=257423&theaterId=1142,2026-09-27T02:44:17.432637+00:00
2026-09-25,Cinemark Bistro At The Carolina Asheville,Asheville,America/New_York,Forgotten Island,2026-09-27 11:45,2026-09-27,https://www.cinemark.com/TicketSeatMap/?cinemarkMovieId=109838&linkedShowtimeId=0&showtime=2026-09-27T11%3A45%3A00&showtimeId=256358&theaterId=1142,2026-09-27T02:44:17.432637+00:00
2026-09-25,Cinemark Bistro At The Carolina Asheville,Asheville,America/New_York,Heart of the Beast,2026-09-27 10:30,2026-09-27,https://www.cinemark.com/TicketSeatMap/?cinemarkMovieId=110451&linkedShowtimeId=0&showtime=2026-09-27T10%3A30%3A00&showtimeId=255353&theaterId=1142,2026-09-27T02:44:17.432637+00:00
2026-09-25,Cinemark Bistro At The Carolina Asheville,Asheville,America/New_York,Forgotten Island,2026-09-27 10:00,2026-09-27,https://www.cinemark.com/TicketSeatMap/?cinemarkMovieId=109838&linkedShowtimeId=0&showtime=2026-09-27T10%3A00%3A00&showtimeId=256356&theaterId=1142,2026-09-27T02:44:17.432637+00:00
2026-09-25,Cinemark Bistro At The Carolina Asheville,Asheville,America/New_York,Primetime,2026-09-27 10:00,2026-09-27,https://www.cinemark.com/TicketSeatMap/?cinemarkMovieId=111245&linkedShowtimeId=0&showtime=2026-09-27T10%3A00%3A00&showtimeId=255754&theaterId=1142,2026-09-27T02:44:17.432637+00:00
2026-09-25,Cinemark Bistro At The Carolina Asheville,Asheville,America/New_York,Primetime,2026-09-27 10:45,2026-09-27,https://www.cinemark.com/TicketSeatMap/?cinemarkMovieId=111245&linkedShowtimeId=0&showtime=2026-09-27T10%3A45%3A00&showtimeId=257414&theaterId=1142,2026-09-27T02:44:17.432637+00:00
2026-09-25,Cinemark Bistro At The Carolina Asheville,Asheville,America/New_York,Heart of the Beast,2026-09-27 09:00,2026-09-27,https://www.cinemark.com/TicketSeatMap/?cinemarkMovieId=110451&linkedShowtimeId=0&showtime=2026-09-27T09%3A00%3A00&showtimeId=257422&theaterId=1142,2026-09-27T02:44:17.432637+00:00
2026-09-25,Cinemark Bistro At The Carolina Asheville,Asheville,America/New_York,Heart of the Beast,2026-09-27 09:50,2026-09-27,https://www.cinemark.com/TicketSeatMap/?cinemarkMovieId=110451&linkedShowtimeId=0&showtime=2026-09-27T09%3A50%3A00&showtimeId=257439&theaterId=1142,2026-09-27T02:44:17.432637+00:00
2026-09-25,Cinemark Bistro At The Carolina Asheville,Asheville,America/New_York,Forgotten Island,2026-09-27 09:00,2026-09-27,https://www.cinemark.com/TicketSeatMap/?cinemarkMovieId=109838&linkedShowtimeId=0&showtime=2026-09-27T09%3A00%3A00&showtimeId=256350&theaterId=1142,2026-09-27T02:44:17.432637+00:00
2026-09-25,Cinemark Century Boulder,Boulder,America/Denver,Heart of the Beast,2026-09-27 19:45,2026-09-27,https://www.cinemark.com/TicketSeatMap/?cinemarkMovieId=110451&linkedShowtimeId=0&showtime=2026-09-27T19%3A45%3A00&showtimeId=539077&theaterId=492,2026-09-27T02:44:17.432637+00:00
2026-09-25,Cinemark Century Boulder,Boulder,America/Denver,Primetime,2026-09-27 19:20,2026-09-27,https://www.cinemark.com/TicketSeatMap/?cinemarkMovieId=111245&linkedShowtimeId=0&showtime=2026-09-27T19%3A20%3A00&showtimeId=539069&theaterId=492,2026-09-27T02:44:17.432637+00:00
2026-09-25,Cinemark Century Boulder,Boulder,America/Denver,Primetime,2026-09-26 20:45,2026-09-26,https://www.cinemark.com/TicketSeatMap/?cinemarkMovieId=111245&linkedShowtimeId=0&showtime=2026-09-26T20%3A45%3A00&showtimeId=539007&theaterId=492,2026-09-27T02:44:17.432637+00:00
2026-09-25,Cinemark Century Boulder,Boulder,America/Denver,Heart of the Beast,2026-09-27 18:10,2026-09-27,https://www.cinemark.com/TicketSeatMap/?cinemarkMovieId=110451&linkedShowtimeId=0&showtime=2026-09-27T18%3A10%3A00&showtimeId=539044&theaterId=492,2026-09-27T02:44:17.432637+00:00
2026-09-25,Cinemark Century Boulder,Boulder,America/Denver,Heart of the Beast,2026-09-27 18:45,2026-09-27,https://www.cinemark.com/TicketSeatMap/?cinemarkMovieId=110451&linkedShowtimeId=0&showtime=2026-09-27T18%3A45%3A00&showtimeId=537196&theaterId=492,2026-09-27T02:44:17.432637+00:00
2026-09-25,Cinemark Century Boulder,Boulder,America/Denver,Heart of the Beast,2026-09-27 20:45,2026-09-27,https://www.cinemark.com/TicketSeatMap/?cinemarkMovieId=110451&linkedShowtimeId=0&showtime=2026-09-27T20%3A45%3A00&showtimeId=539040&theaterId=492,2026-09-27T02:44:17.432637+00:00
2026-09-25,Cinemark Century Boulder,Boulder,America/Denver,Forgotten Island,2026-09-27 18:30,2026-09-27,https://www.cinemark.com/TicketSeatMap/?cinemarkMovieId=109838&linkedShowtimeId=0&showtime=2026-09-27T18%3A30%3A00&showtimeId=537762&theaterId=492,2026-09-27T02:44:17.432637+00:00
2026-09-25,Cinemark Century Boulder,Boulder,America/Denver,Primetime,2026-09-27 18:55,2026-09-27,https://www.cinemark.com/TicketSeatMap/?cinemarkMovieId=111245&linkedShowtimeId=0&showtime=2026-09-27T18%3A55%3A00&showtimeId=537191&theaterId=492,2026-09-27T02:44:17.432637+00:00
2026-09-25,Cinemark Century Boulder,Boulder,America/Denver,Primetime,2026-09-27 20:40,2026-09-27,https://www.cinemark.com/TicketSeatMap/?cinemarkMovieId=111245&linkedShowtimeId=0&showtime=2026-09-27T20%3A40%3A00&showtimeId=539060&theaterId=492,2026-09-27T02:44:17.432637+00:00
2026-09-25,Cinemark Century Boulder,Boulder,America/Denver,Forgotten Island,2026-09-26 21:15,2026-09-26,https://www.cinemark.com/TicketSeatMap/?cinemarkMovieId=109838&linkedShowtimeId=0&showtime=2026-09-26T21%3A15%3A00&showtimeId=537753&theaterId=492,2026-09-27T02:44:17.432637+00:00
2026-09-25,Cinemark Century Boulder,Boulder,America/Denver,Primetime,2026-09-26 21:45,2026-09-26,https://www.cinemark.com/TicketSeatMap/?cinemarkMovieId=111245&linkedShowtimeId=0&showtime=2026-09-26T21%3A45%3A00&showtimeId=537183&theaterId=492,2026-09-27T02:44:17.432637+00:00
2026-09-25,Cinemark Century Boulder,Boulder,America/Denver,Heart of the Beast,2026-09-27 17:10,2026-09-27,https://www.cinemark.com/TicketSeatMap/?cinemarkMovieId=110451&linkedShowtimeId=0&showtime=2026-09-27T17%3A10%3A00&showtimeId=539076&theaterId=492,2026-09-27T02:44:17.432637+00:00
2026-09-25,Cinemark Century Boulder,Boulder,America/Denver,Forgotten Island,2026-09-27 17:45,2026-09-27,https://www.cinemark.com/TicketSeatMap/?cinemarkMovieId=109838&linkedShowtimeId=0&showtime=2026-09-27T17%3A45%3A00&showtimeId=539048&theaterId=492,2026-09-27T02:44:17.432637+00:00
2026-09-25,Cinemark Century Boulder,Boulder,America/Denver,Forgotten Island,2026-09-27 21:15,2026-09-27,https://www.cinemark.com/TicketSeatMap/?cinemarkMovieId=109838&linkedShowtimeId=0&showtime=2026-09-27T21%3A15%3A00&showtimeId=537763&theaterId=492,2026-09-27T02:44:17.432637+00:00
2026-09-25,Cinemark Century Boulder,Boulder,America/Denver,Primetime,2026-09-27 17:55,2026-09-27,https://www.cinemark.com/TicketSeatMap/?cinemarkMovieId=111245&linkedShowtimeId=0&showtime=2026-09-27T17%3A55%3A00&showtimeId=539059&theaterId=492,2026-09-27T02:44:17.432637+00:00
2026-09-25,Cinemark Century Boulder,Boulder,America/Denver,Primetime,2026-09-27 21:00,2026-09-27,https://www.cinemark.com/TicketSeatMap/?cinemarkMovieId=111245&linkedShowtimeId=0&showtime=2026-09-27T21%3A00%3A00&showtimeId=539217&theaterId=492,2026-09-27T02:44:17.432637+00:00
2026-09-25,Cinemark Century Boulder,Boulder,America/Denver,Primetime,2026-09-27 21:40,2026-09-27,https://www.cinemark.com/TicketSeatMap/?cinemarkMovieId=111245&linkedShowtimeId=0&showtime=2026-09-27T21%3A40%3A00&showtimeId=537192&theaterId=492,2026-09-27T02:44:17.432637+00:00
2026-09-25,Cinemark Century Boulder,Boulder,America/Denver,Heart of the Beast,2026-09-26 22:05,2026-09-26,https://www.cinemark.com/TicketSeatMap/?cinemarkMovieId=110451&linkedShowtimeId=0&showtime=2026-09-26T22%3A05%3A00&showtimeId=537187&theaterId=492,2026-09-27T02:44:17.432637+00:00
2026-09-25,Cinemark Century Boulder,Boulder,America/Denver,Heart of the Beast,2026-09-26 22:35,2026-09-26,https://www.cinemark.com/TicketSeatMap/?cinemarkMovieId=110451&linkedShowtimeId=0&showtime=2026-09-26T22%3A35%3A00&showtimeId=539027&theaterId=492,2026-09-27T02:44:17.432637+00:00
2026-09-25,Cinemark Century Boulder,Boulder,America/Denver,Primetime,2026-09-26 22:30,2026-09-26,https://www.cinemark.com/TicketSeatMap/?cinemarkMovieId=111245&linkedShowtimeId=0&showtime=2026-09-26T22%3A30%3A00&showtimeId=539020&theaterId=492,2026-09-27T02:44:17.432637+00:00
2026-09-25,Cinemark Century Boulder,Boulder,America/Denver,Heart of the Beast,2026-09-27 16:10,2026-09-27,https://www.cinemark.com/TicketSeatMap/?cinemarkMovieId=110451&linkedShowtimeId=0&showtime=2026-09-27T16%3A10%3A00&showtimeId=537195&theaterId=492,2026-09-27T02:44:17.432637+00:00
2026-09-25,Cinemark Century Boulder,Boulder,America/Denver,Heart of the Beast,2026-09-27 22:05,2026-09-27,https://www.cinemark.com/TicketSeatMap/?cinemarkMovieId=110451&linkedShowtimeId=0&showtime=2026-09-27T22%3A05%3A00&showtimeId=537197&theaterId=492,2026-09-27T02:44:17.432637+00:00
2026-09-25,Cinemark Century Boulder,Boulder,America/Denver,Primetime,2026-09-27 16:05,2026-09-27,https://www.cinemark.com/TicketSeatMap/?cinemarkMovieId=111245&linkedShowtimeId=0&showtime=2026-09-27T16%3A05%3A00&showtimeId=537190&theaterId=492,2026-09-27T02:44:17.432637+00:00
2026-09-25,Cinemark Century Boulder,Boulder,America/Denver,Primetime,2026-09-27 16:35,2026-09-27,https://www.cinemark.com/TicketSeatMap/?cinemarkMovieId=111245&linkedShowtimeId=0&showtime=2026-09-27T16%3A35%3A00&showtimeId=539073&theaterId=492,2026-09-27T02:44:17.432637+00:00
2026-09-25,Cinemark Century Boulder,Boulder,America/Denver,Primetime,2026-09-27 22:05,2026-09-27,https://www.cinemark.com/TicketSeatMap/?cinemarkMovieId=111245&linkedShowtimeId=0&showtime=2026-09-27T22%3A05%3A00&showtimeId=539070&theaterId=492,2026-09-27T02:44:17.432637+00:00
2026-09-25,Cinemark Century Boulder,Boulder,America/Denver,Heart of the Beast,2026-09-27 15:35,2026-09-27,https://www.cinemark.com/TicketSeatMap/?cinemarkMovieId=110451&linkedShowtimeId=0&showtime=2026-09-27T15%3A35%3A00&showtimeId=539043&theaterId=492,2026-09-27T02:44:17.432637+00:00
2026-09-25,Cinemark Century Boulder,Boulder,America/Denver,Forgotten Island,2026-09-27 15:45,2026-09-27,https://www.cinemark.com/TicketSeatMap/?cinemarkMovieId=109838&linkedShowtimeId=0&showtime=2026-09-27T15%3A45%3A00&showtimeId=537764&theaterId=492,2026-09-27T02:44:17.432637+00:00
2026-09-25,Cinemark Century Boulder,Boulder,America/Denver,Forgotten Island,2026-09-27 15:00,2026-09-27,https://www.cinemark.com/TicketSeatMap/?cinemarkMovieId=109838&linkedShowtimeId=0&showtime=2026-09-27T15%3A00%3A00&showtimeId=539047&theaterId=492,2026-09-27T02:44:17.432637+00:00
2026-09-25,Cinemark Century Boulder,Boulder,America/Denver,Primetime,2026-09-27 15:10,2026-09-27,https://www.cinemark.com/TicketSeatMap/?cinemarkMovieId=111245&linkedShowtimeId=0&showtime=2026-09-27T15%3A10%3A00&showtimeId=539058&theaterId=492,2026-09-27T02:44:17.432637+00:00
2026-09-25,Cinemark Century Boulder,Boulder,America/Denver,Heart of the Beast,2026-09-27 14:35,2026-09-27,https://www.cinemark.com/TicketSeatMap/?cinemarkMovieId=110451&linkedShowtimeId=0&showtime=2026-09-27T14%3A35%3A00&showtimeId=539075&theaterId=492,2026-09-27T02:44:17.432637+00:00
2026-09-25,Cinemark Century Boulder,Boulder,America/Denver,Heart of the Beast,2026-09-27 13:00,2026-09-27,https://www.cinemark.com/TicketSeatMap/?cinemarkMovieId=110451&linkedShowtimeId=0&showtime=2026-09-27T13%3A00%3A00&showtimeId=539042&theaterId=492,2026-09-27T02:44:17.432637+00:00
2026-09-25,Cinemark Century Boulder,Boulder,America/Denver,Heart of the Beast,2026-09-27 13:35,2026-09-27,https://www.cinemark.com/TicketSeatMap/?cinemarkMovieId=110451&linkedShowtimeId=0&showtime=2026-09-27T13%3A35%3A00&showtimeId=537194&theaterId=492,2026-09-27T02:44:17.432637+00:00
2026-09-25,Cinemark Century Boulder,Boulder,America/Denver,Forgotten Island,2026-09-27 13:00,2026-09-27,https://www.cinemark.com/TicketSeatMap/?cinemarkMovieId=109838&linkedShowtimeId=0&showtime=2026-09-27T13%3A00%3A00&showtimeId=539055&theaterId=492,2026-09-27T02:44:17.432637+00:00
2026-09-25,Cinemark Century Boulder,Boulder,America/Denver,Primetime,2026-09-27 13:20,2026-09-27,https://www.cinemark.com/TicketSeatMap/?cinemarkMovieId=111245&linkedShowtimeId=0&showtime=2026-09-27T13%3A20%3A00&showtimeId=537189&theaterId=492,2026-09-27T02:44:17.432637+00:00
2026-09-25,Cinemark Century Boulder,Boulder,America/Denver,Primetime,2026-09-27 13:50,2026-09-27,https://www.cinemark.com/TicketSeatMap/?cinemarkMovieId=111245&linkedShowtimeId=0&showtime=2026-09-27T13%3A50%3A00&showtimeId=539072&theaterId=492,2026-09-27T02:44:17.432637+00:00
2026-09-25,Cinemark Century Boulder,Boulder,America/Denver,Heart of the Beast,2026-09-27 12:00,2026-09-27,https://www.cinemark.com/TicketSeatMap/?cinemarkMovieId=110451&linkedShowtimeId=0&showtime=2026-09-27T12%3A00%3A00&showtimeId=539074&theaterId=492,2026-09-27T02:44:17.432637+00:00
2026-09-25,Cinemark Century Boulder,Boulder,America/Denver,Forgotten Island,2026-09-27 12:15,2026-09-27,https://www.cinemark.com/TicketSeatMap/?cinemarkMovieId=109838&linkedShowtimeId=0&showtime=2026-09-27T12%3A15%3A00&showtimeId=539046&theaterId=492,2026-09-27T02:44:17.432637+00:00
2026-09-25,Cinemark Century Boulder,Boulder,America/Denver,Primetime,2026-09-27 12:25,2026-09-27,https://www.cinemark.com/TicketSeatMap/?cinemarkMovieId=111245&linkedShowtimeId=0&showtime=2026-09-27T12%3A25%3A00&showtimeId=539057&theaterId=492,2026-09-27T02:44:17.432637+00:00
2026-09-25,Cinemark Century Boulder,Boulder,America/Denver,Heart of the Beast,2026-09-27 11:00,2026-09-27,https://www.cinemark.com/TicketSeatMap/?cinemarkMovieId=110451&linkedShowtimeId=0&showtime=2026-09-27T11%3A00%3A00&showtimeId=537193&theaterId=492,2026-09-27T02:44:17.432637+00:00
2026-09-25,Cinemark Century Boulder,Boulder,America/Denver,Primetime,2026-09-27 11:05,2026-09-27,https://www.cinemark.com/TicketSeatMap/?cinemarkMovieId=111245&linkedShowtimeId=0&showtime=2026-09-27T11%3A05%3A00&showtimeId=539071&theaterId=492,2026-09-27T02:44:17.432637+00:00
2026-09-25,Cinemark Century Boulder,Boulder,America/Denver,Heart of the Beast,2026-09-27 10:25,2026-09-27,https://www.cinemark.com/TicketSeatMap/?cinemarkMovieId=110451&linkedShowtimeId=0&showtime=2026-09-27T10%3A25%3A00&showtimeId=539041&theaterId=492,2026-09-27T02:44:17.432637+00:00
2026-09-25,Cinemark Century Boulder,Boulder,America/Denver,Forgotten Island,2026-09-27 10:15,2026-09-27,https://www.cinemark.com/TicketSeatMap/?cinemarkMovieId=109838&linkedShowtimeId=0&showtime=2026-09-27T10%3A15%3A00&showtimeId=537760&theaterId=492,2026-09-27T02:44:17.432637+00:00
2026-09-25,Cinemark Century Boulder,Boulder,America/Denver,Primetime,2026-09-27 10:35,2026-09-27,https://www.cinemark.com/TicketSeatMap/?cinemarkMovieId=111245&linkedShowtimeId=0&showtime=2026-09-27T10%3A35%3A00&showtimeId=537188&theaterId=492,2026-09-27T02:44:17.432637+00:00
2026-09-25,Cinemark Century Boulder,Boulder,America/Denver,Heart of the Beast,2026-09-27 09:25,2026-09-27,https://www.cinemark.com/TicketSeatMap/?cinemarkMovieId=110451&linkedShowtimeId=0&showtime=2026-09-27T09%3A25%3A00&showtimeId=539078&theaterId=492,2026-09-27T02:44:17.432637+00:00
2026-09-25,Cinemark Century Boulder,Boulder,America/Denver,Forgotten Island,2026-09-27 09:30,2026-09-27,https://www.cinemark.com/TicketSeatMap/?cinemarkMovieId=109838&linkedShowtimeId=0&showtime=2026-09-27T09%3A30%3A00&showtimeId=539045&theaterId=492,2026-09-27T02:44:17.432637+00:00
2026-09-25,Cinemark Century Boulder,Boulder,America/Denver,Primetime,2026-09-27 09:40,2026-09-27,https://www.cinemark.com/TicketSeatMap/?cinemarkMovieId=111245&linkedShowtimeId=0&showtime=2026-09-27T09%3A40%3A00&showtimeId=539061&theaterId=492,2026-09-27T02:44:17.432637+00:00
2026-09-25,Cinemark Century Olympia,Olympia,America/Los_Angeles,Heart of the Beast,2026-09-27 19:05,2026-09-27,https://www.cinemark.com/TicketSeatMap/?cinemarkMovieId=110451&linkedShowtimeId=0&showtime=2026-09-27T19%3A05%3A00&showtimeId=525747&theaterId=497,2026-09-27T02:44:17.432637+00:00
2026-09-25,Cinemark Century Olympia,Olympia,America/Los_Angeles,Heart of the Beast,2026-09-27 20:10,2026-09-27,https://www.cinemark.com/TicketSeatMap/?cinemarkMovieId=110451&linkedShowtimeId=0&showtime=2026-09-27T20%3A10%3A00&showtimeId=528446&theaterId=497,2026-09-27T02:44:17.432637+00:00
2026-09-25,Cinemark Century Olympia,Olympia,America/Los_Angeles,Forgotten Island,2026-09-27 18:55,2026-09-27,https://www.cinemark.com/TicketSeatMap/?cinemarkMovieId=109838&linkedShowtimeId=527034&showtime=2026-09-27T18%3A55%3A00&showtimeId=527029&theaterId=497,2026-09-27T02:44:17.432637+00:00
2026-09-25,Cinemark Century Olympia,Olympia,America/Los_Angeles,Forgotten Island,2026-09-27 18:00,2026-09-27,https://www.cinemark.com/TicketSeatMap/?cinemarkMovieId=109838&linkedShowtimeId=0&showtime=2026-09-27T18%3A00%3A00&showtimeId=528475&theaterId=497,2026-09-27T02:44:17.432637+00:00
2026-09-25,Cinemark Century Olympia,Olympia,America/Los_Angeles,Forgotten Island,2026-09-27 20:50,2026-09-27,https://www.cinemark.com/TicketSeatMap/?cinemarkMovieId=109838&linkedShowtimeId=0&showtime=2026-09-27T20%3A50%3A00&showtimeId=528476&theaterId=497,2026-09-27T02:44:17.432637+00:00
2026-09-25,Cinemark Century Olympia,Olympia,America/Los_Angeles,Primetime,2026-09-27 18:40,2026-09-27,https://www.cinemark.com/TicketSeatMap/?cinemarkMovieId=111245&linkedShowtimeId=0&showtime=2026-09-27T18%3A40%3A00&showtimeId=527811&theaterId=497,2026-09-27T02:44:17.432637+00:00
2026-09-25,Cinemark Century Olympia,Olympia,America/Los_Angeles,Primetime,2026-09-27 20:40,2026-09-27,https://www.cinemark.com/TicketSeatMap/?cinemarkMovieId=111245&linkedShowtimeId=0&showtime=2026-09-27T20%3A40%3A00&showtimeId=528452&theaterId=497,2026-09-27T02:44:17.432637+00:00
2026-09-25,Cinemark Century Olympia,Olympia,America/Los_Angeles,Heart of the Beast,2026-09-27 17:35,2026-09-27,https://www.cinemark.com/TicketSeatMap/?cinemarkMovieId=110451&linkedShowtimeId=0&showtime=2026-09-27T17%3A35%3A00&showtimeId=528445&theaterId=497,2026-09-27T02:44:17.432637+00:00
2026-09-25,Cinemark Century Olympia,Olympia,America/Los_Angeles,Forgotten Island,2026-09-27 21:40,2026-09-27,https://www.cinemark.com/TicketSeatMap/?cinemarkMovieId=109838&linkedShowtimeId=527035&showtime=2026-09-27T21%3A40%3A00&showtimeId=527031&theaterId=497,2026-09-27T02:44:17.432637+00:00
2026-09-25,Cinemark Century Olympia,Olympia,America/Los_Angeles,Primetime,2026-09-27 17:50,2026-09-27,https://www.cinemark.com/TicketSeatMap/?cinemarkMovieId=111245&linkedShowtimeId=0&showtime=2026-09-27T17%3A50%3A00&showtimeId=528451&theaterId=497,2026-09-27T02:44:17.432637+00:00
2026-09-25,Cinemark Century Olympia,Olympia,America/Los_Angeles,Primetime,2026-09-27 21:45,2026-09-27,https://www.cinemark.com/TicketSeatMap/?cinemarkMovieId=111245&linkedShowtimeId=0&showtime=2026-09-27T21%3A45%3A00&showtimeId=527812&theaterId=497,2026-09-27T02:44:17.432637+00:00
2026-09-25,Cinemark Century Olympia,Olympia,America/Los_Angeles,Heart of the Beast,2026-09-27 22:00,2026-09-27,https://www.cinemark.com/TicketSeatMap/?cinemarkMovieId=110451&linkedShowtimeId=525748&showtime=2026-09-27T22%3A00%3A00&showtimeId=525745&theaterId=497,2026-09-27T02:44:17.432637+00:00
2026-09-25,Cinemark Century Olympia,Olympia,America/Los_Angeles,Forgotten Island,2026-09-27 16:10,2026-09-27,https://www.cinemark.com/TicketSeatMap/?cinemarkMovieId=109838&linkedShowtimeId=527028&showtime=2026-09-27T16%3A10%3A00&showtimeId=527033&theaterId=497,2026-09-27T02:44:17.432637+00:00
2026-09-25,Cinemark Century Olympia,Olympia,America/Los_Angeles,Heart of the Beast,2026-09-27 15:00,2026-09-27,https://www.cinemark.com/TicketSeatMap/?cinemarkMovieId=110451&linkedShowtimeId=0&showtime=2026-09-27T15%3A00%3A00&showtimeId=528444&theaterId=497,2026-09-27T02:44:17.432637+00:00
2026-09-25,Cinemark Century Olympia,Olympia,America/Los_Angeles,Forgotten Island,2026-09-27 15:15,2026-09-27,https://www.cinemark.com/TicketSeatMap/?cinemarkMovieId=109838&linkedShowtimeId=0&showtime=2026-09-27T15%3A15%3A00&showtimeId=528474&theaterId=497,2026-09-27T02:44:17.432637+00:00
2026-09-25,Cinemark Century Olympia,Olympia,America/Los_Angeles,Primetime,2026-09-27 15:05,2026-09-27,https://www.cinemark.com/TicketSeatMap/?cinemarkMovieId=111245&linkedShowtimeId=0&showtime=2026-09-27T15%3A05%3A00&showtimeId=528450&theaterId=497,2026-09-27T02:44:17.432637+00:00
2026-09-25,Cinemark Century Olympia,Olympia,America/Los_Angeles,Primetime,2026-09-27 15:50,2026-09-27,https://www.cinemark.com/TicketSeatMap/?cinemarkMovieId=111245&linkedShowtimeId=0&showtime=2026-09-27T15%3A50%3A00&showtimeId=527813&theaterId=497,2026-09-27T02:44:17.432637+00:00
2026-09-25,Cinemark Century Olympia,Olympia,America/Los_Angeles,Heart of the Beast,2026-09-27 13:20,2026-09-27,https://www.cinemark.com/TicketSeatMap/?cinemarkMovieId=110451&linkedShowtimeId=525749&showtime=2026-09-27T13%3A20%3A00&showtimeId=525743&theaterId=497,2026-09-27T02:44:17.432637+00:00
2026-09-25,Cinemark Century Olympia,Olympia,America/Los_Angeles,Forgotten Island,2026-09-27 13:25,2026-09-27,https://www.cinemark.com/TicketSeatMap/?cinemarkMovieId=109838&linkedShowtimeId=527036&showtime=2026-09-27T13%3A25%3A00&showtimeId=527030&theaterId=497,2026-09-27T02:44:17.432637+00:00
2026-09-25,Cinemark Century Olympia,Olympia,America/Los_Angeles,Primetime,2026-09-27 13:00,2026-09-27,https://www.cinemark.com/TicketSeatMap/?cinemarkMovieId=111245&linkedShowtimeId=0&showtime=2026-09-27T13%3A00%3A00&showtimeId=527810&theaterId=497,2026-09-27T02:44:17.432637+00:00
2026-09-25,Cinemark Century Olympia,Olympia,America/Los_Angeles,Heart of the Beast,2026-09-27 12:25,2026-09-27,https://www.cinemark.com/TicketSeatMap/?cinemarkMovieId=110451&linkedShowtimeId=0&showtime=2026-09-27T12%3A25%3A00&showtimeId=528443&theaterId=497,2026-09-27T02:44:17.432637+00:00
2026-09-25,Cinemark Century Olympia,Olympia,America/Los_Angeles,Forgotten Island,2026-09-27 12:30,2026-09-27,https://www.cinemark.com/TicketSeatMap/?cinemarkMovieId=109838&linkedShowtimeId=0&showtime=2026-09-27T12%3A30%3A00&showtimeId=528473&theaterId=497,2026-09-27T02:44:17.432637+00:00
2026-09-25,Cinemark Century Olympia,Olympia,America/Los_Angeles,Primetime,2026-09-27 12:20,2026-09-27,https://www.cinemark.com/TicketSeatMap/?cinemarkMovieId=111245&linkedShowtimeId=0&showtime=2026-09-27T12%3A20%3A00&showtimeId=528449&theaterId=497,2026-09-27T02:44:17.432637+00:00
2026-09-25,Cinemark Century Olympia,Olympia,America/Los_Angeles,Heart of the Beast,2026-09-27 10:40,2026-09-27,https://www.cinemark.com/TicketSeatMap/?cinemarkMovieId=110451&linkedShowtimeId=525750&showtime=2026-09-27T10%3A40%3A00&showtimeId=525744&theaterId=497,2026-09-27T02:44:17.432637+00:00
2026-09-25,Cinemark Century Olympia,Olympia,America/Los_Angeles,Forgotten Island,2026-09-27 10:40,2026-09-27,https://www.cinemark.com/TicketSeatMap/?cinemarkMovieId=109838&linkedShowtimeId=527037&showtime=2026-09-27T10%3A40%3A00&showtimeId=527032&theaterId=497,2026-09-27T02:44:17.432637+00:00
2026-09-25,Cinemark Century Olympia,Olympia,America/Los_Angeles,Primetime,2026-09-27 10:15,2026-09-27,https://www.cinemark.com/TicketSeatMap/?cinemarkMovieId=111245&linkedShowtimeId=0&showtime=2026-09-27T10%3A15%3A00&showtimeId=527809&theaterId=497,2026-09-27T02:44:17.432637+00:00
2026-09-25,Cinemark Century Olympia,Olympia,America/Los_Angeles,Heart of the Beast,2026-09-27 09:30,2026-09-27,https://www.cinemark.com/TicketSeatMap/?cinemarkMovieId=110451&linkedShowtimeId=0&showtime=2026-09-27T09%3A30%3A00&showtimeId=528447&theaterId=497,2026-09-27T02:44:17.432637+00:00
2026-09-25,Cinemark Century Olympia,Olympia,America/Los_Angeles,Forgotten Island,2026-09-27 09:45,2026-09-27,https://www.cinemark.com/TicketSeatMap/?cinemarkMovieId=109838&linkedShowtimeId=0&showtime=2026-09-27T09%3A45%3A00&showtimeId=528477&theaterId=497,2026-09-27T02:44:17.432637+00:00
2026-09-25,Cinemark Century Olympia,Olympia,America/Los_Angeles,Primetime,2026-09-27 09:35,2026-09-27,https://www.cinemark.com/TicketSeatMap/?cinemarkMovieId=111245&linkedShowtimeId=0&showtime=2026-09-27T09%3A35%3A00&showtimeId=528453&theaterId=497,2026-09-27T02:44:17.432637+00:00
2026-09-25,Cinemark Carson Xd And Screenx,Carson,America/Los_Angeles,Heart of the Beast,2026-09-26 19:45,2026-09-26,https://www.cinemark.com/TicketSeatMap/?cinemarkMovieId=110451&linkedShowtimeId=0&showtime=2026-09-26T19%3A45%3A00&showtimeId=255771&theaterId=1016,2026-09-27T02:44:17.432637+00:00
2026-09-25,Cinemark Carson Xd And Screenx,Carson,America/Los_Angeles,Primetime,2026-09-26 19:55,2026-09-26,https://www.cinemark.com/TicketSeatMap/?cinemarkMovieId=111245&linkedShowtimeId=0&showtime=2026-09-26T19%3A55%3A00&showtimeId=255750&theaterId=1016,2026-09-27T02:44:17.432637+00:00
2026-09-25,Cinemark Carson Xd And Screenx,Carson,America/Los_Angeles,Heart of the Beast,2026-09-27 19:45,2026-09-27,https://www.cinemark.com/TicketSeatMap/?cinemarkMovieId=110451&linkedShowtimeId=0&showtime=2026-09-27T19%3A45%3A00&showtimeId=255821&theaterId=1016,2026-09-27T02:44:17.432637+00:00
2026-09-25,Cinemark Carson Xd And Screenx,Carson,America/Los_Angeles,Primetime,2026-09-27 19:25,2026-09-27,https://www.cinemark.com/TicketSeatMap/?cinemarkMovieId=111245&linkedShowtimeId=0&showtime=2026-09-27T19%3A25%3A00&showtimeId=255801&theaterId=1016,2026-09-27T02:44:17.432637+00:00
2026-09-25,Cinemark Carson Xd And Screenx,Carson,America/Los_Angeles,Heart of the Beast,2026-09-26 20:40,2026-09-26,https://www.cinemark.com/TicketSeatMap/?cinemarkMovieId=110451&linkedShowtimeId=0&showtime=2026-09-26T20%3A40%3A00&showtimeId=255792&theaterId=1016,2026-09-27T02:44:17.432637+00:00
2026-09-25,Cinemark Carson Xd And Screenx,Carson,America/Los_Angeles,Heart of the Beast,2026-09-27 18:00,2026-09-27,https://www.cinemark.com/TicketSeatMap/?cinemarkMovieId=110451&linkedShowtimeId=0&showtime=2026-09-27T18%3A00%3A00&showtimeId=255840&theaterId=1016,2026-09-27T02:44:17.432637+00:00
2026-09-25,Cinemark Carson Xd And Screenx,Carson,America/Los_Angeles,Heart of the Beast,2026-09-27 20:40,2026-09-27,https://www.cinemark.com/TicketSeatMap/?cinemarkMovieId=110451&linkedShowtimeId=0&showtime=2026-09-27T20%3A40%3A00&showtimeId=255841&theaterId=1016,2026-09-27T02:44:17.432637+00:00
2026-09-25,Cinemark Carson Xd And Screenx,Carson,America/Los_Angeles,Forgotten Island,2026-09-27 18:45,2026-09-27,https://www.cinemark.com/TicketSeatMap/?cinemarkMovieId=109838&linkedShowtimeId=254836&showtime=2026-09-27T18%3A45%3A00&showtimeId=254840&theaterId=1016,2026-09-27T02:44:17.432637+00:00
2026-09-25,Cinemark Carson Xd And Screenx,Carson,America/Los_Angeles,Primetime,2026-09-27 18:35,2026-09-27,https://www.cinemark.com/TicketSeatMap/?cinemarkMovieId=111245&linkedShowtimeId=0&showtime=2026-09-27T18%3A35%3A00&showtimeId=255811&theaterId=1016,2026-09-27T02:44:17.432637+00:00
2026-09-25,Cinemark Carson Xd And Screenx,Carson,America/Los_Angeles,Forgotten Island,2026-09-26 21:30,2026-09-26,https://www.cinemark.com/TicketSeatMap/?cinemarkMovieId=109838&linkedShowtimeId=254803&showtime=2026-09-26T21%3A30%3A00&showtimeId=254807&theaterId=1016,2026-09-27T02:44:17.432637+00:00
2026-09-25,Cinemark Carson Xd And Screenx,Carson,America/Los_Angeles,Primetime,2026-09-26 21:30,2026-09-26,https://www.cinemark.com/TicketSeatMap/?cinemarkMovieId=111245&linkedShowtimeId=0&showtime=2026-09-26T21%3A30%3A00&showtimeId=255761&theaterId=1016,2026-09-27T02:44:17.432637+00:00
2026-09-25,Cinemark Carson Xd And Screenx,Carson,America/Los_Angeles,Heart of the Beast,2026-09-27 17:05,2026-09-27,https://www.cinemark.com/TicketSeatMap/?cinemarkMovieId=110451&linkedShowtimeId=0&showtime=2026-09-27T17%3A05%3A00&showtimeId=255820&theaterId=1016,2026-09-27T02:44:17.432637+00:00
2026-09-25,Cinemark Carson Xd And Screenx,Carson,America/Los_Angeles,Forgotten Island,2026-09-27 21:30,2026-09-27,https://www.cinemark.com/TicketSeatMap/?cinemarkMovieId=109838&linkedShowtimeId=254835&showtime=2026-09-27T21%3A30%3A00&showtimeId=254839&theaterId=1016,2026-09-27T02:44:17.432637+00:00
2026-09-25,Cinemark Carson Xd And Screenx,Carson,America/Los_Angeles,Primetime,2026-09-27 21:25,2026-09-27,https://www.cinemark.com/TicketSeatMap/?cinemarkMovieId=111245&linkedShowtimeId=0&showtime=2026-09-27T21%3A25%3A00&showtimeId=255812&theaterId=1016,2026-09-27T02:44:17.432637+00:00
2026-09-25,Cinemark Carson Xd And Screenx,Carson,America/Los_Angeles,Heart of the Beast,2026-09-26 22:30,2026-09-26,https://www.cinemark.com/TicketSeatMap/?cinemarkMovieId=110451&linkedShowtimeId=0&showtime=2026-09-26T22%3A30%3A00&showtimeId=255772&theaterId=1016,2026-09-27T02:44:17.432637+00:00
2026-09-25,Cinemark Carson Xd And Screenx,Carson,America/Los_Angeles,Primetime,2026-09-26 22:45,2026-09-26,https://www.cinemark.com/TicketSeatMap/?cinemarkMovieId=111245&linkedShowtimeId=0&showtime=2026-09-26T22%3A45%3A00&showtimeId=255751&theaterId=1016,2026-09-27T02:44:17.432637+00:00
2026-09-25,Cinemark Carson Xd And Screenx,Carson,America/Los_Angeles,Heart of the Beast,2026-09-27 22:30,2026-09-27,https://www.cinemark.com/TicketSeatMap/?cinemarkMovieId=110451&linkedShowtimeId=0&showtime=2026-09-27T22%3A30%3A00&showtimeId=255822&theaterId=1016,2026-09-27T02:44:17.432637+00:00
2026-09-25,Cinemark Carson Xd And Screenx,Carson,America/Los_Angeles,Forgotten Island,2026-09-27 16:00,2026-09-27,https://www.cinemark.com/TicketSeatMap/?cinemarkMovieId=109838&linkedShowtimeId=254847&showtime=2026-09-27T16%3A00%3A00&showtimeId=254846&theaterId=1016,2026-09-27T02:44:17.432637+00:00
2026-09-25,Cinemark Carson Xd And Screenx,Carson,America/Los_Angeles,Primetime,2026-09-27 16:35,2026-09-27,https://www.cinemark.com/TicketSeatMap/?cinemarkMovieId=111245&linkedShowtimeId=0&showtime=2026-09-27T16%3A35%3A00&showtimeId=255800&theaterId=1016,2026-09-27T02:44:17.432637+00:00
2026-09-25,Cinemark Carson Xd And Screenx,Carson,America/Los_Angeles,Primetime,2026-09-27 22:15,2026-09-27,https://www.cinemark.com/TicketSeatMap/?cinemarkMovieId=111245&linkedShowtimeId=0&showtime=2026-09-27T22%3A15%3A00&showtimeId=255802&theaterId=1016,2026-09-27T02:44:17.432637+00:00
2026-09-25,Cinemark Carson Xd And Screenx,Carson,America/Los_Angeles,Heart of the Beast,2026-09-26 23:25,2026-09-26,https://www.cinemark.com/TicketSeatMap/?cinemarkMovieId=110451&linkedShowtimeId=0&showtime=2026-09-26T23%3A25%3A00&showtimeId=255793&theaterId=1016,2026-09-27T02:44:17.432637+00:00
2026-09-25,Cinemark Carson Xd And Screenx,Carson,America/Los_Angeles,Heart of the Beast,2026-09-27 15:20,2026-09-27,https://www.cinemark.com/TicketSeatMap/?cinemarkMovieId=110451&linkedShowtimeId=0&showtime=2026-09-27T15%3A20%3A00&showtimeId=255839&theaterId=1016,2026-09-27T02:44:17.432637+00:00
2026-09-25,Cinemark Carson Xd And Screenx,Carson,America/Los_Angeles,Heart of the Beast,2026-09-27 15:50,2026-09-27,https://www.cinemark.com/TicketSeatMap/?cinemarkMovieId=110451&linkedShowtimeId=0&showtime=2026-09-27T15%3A50%3A00&showtimeId=255824&theaterId=1016,2026-09-27T02:44:17.432637+00:00
2026-09-25,Cinemark Carson Xd And Screenx,Carson,America/Los_Angeles,Forgotten Island,2026-09-27 15:30,2026-09-27,https://www.cinemark.com/TicketSeatMap/?cinemarkMovieId=109838&linkedShowtimeId=254843&showtime=2026-09-27T15%3A30%3A00&showtimeId=254848&theaterId=1016,2026-09-27T02:44:17.432637+00:00
2026-09-25,Cinemark Carson Xd And Screenx,Carson,America/Los_Angeles,Primetime,2026-09-27 15:45,2026-09-27,https://www.cinemark.com/TicketSeatMap/?cinemarkMovieId=111245&linkedShowtimeId=0&showtime=2026-09-27T15%3A45%3A00&showtimeId=255810&theaterId=1016,2026-09-27T02:44:17.432637+00:00
2026-09-25,Cinemark Carson Xd And Screenx,Carson,America/Los_Angeles,Heart of the Beast,2026-09-27 13:40,2026-09-27,https://www.cinemark.com/TicketSeatMap/?cinemarkMovieId=110451&linkedShowtimeId=255597&showtime=2026-09-27T13%3A40%3A00&showtimeId=255599&theaterId=1016,2026-09-27T02:44:17.432637+00:00
2026-09-25,Cinemark Carson Xd And Screenx,Carson,America/Los_Angeles,Heart of the Beast,2026-09-27 13:10,2026-09-27,https://www.cinemark.com/TicketSeatMap/?cinemarkMovieId=110451&linkedShowtimeId=0&showtime=2026-09-27T13%3A10%3A00&showtimeId=255819&theaterId=1016,2026-09-27T02:44:17.432637+00:00
2026-09-25,Cinemark Carson Xd And Screenx,Carson,America/Los_Angeles,Forgotten Island,2026-09-27 13:15,2026-09-27,https://www.cinemark.com/TicketSeatMap/?cinemarkMovieId=109838&linkedShowtimeId=254837&showtime=2026-09-27T13%3A15%3A00&showtimeId=254841&theaterId=1016,2026-09-27T02:44:17.432637+00:00
2026-09-25,Cinemark Carson Xd And Screenx,Carson,America/Los_Angeles,Primetime,2026-09-27 13:45,2026-09-27,https://www.cinemark.com/TicketSeatMap/?cinemarkMovieId=111245&linkedShowtimeId=0&showtime=2026-09-27T13%3A45%3A00&showtimeId=255799&theaterId=1016,2026-09-27T02:44:17.432637+00:00
2026-09-25,Cinemark Carson Xd And Screenx,Carson,America/Los_Angeles,Heart of the Beast,2026-09-27 12:40,2026-09-27,https://www.cinemark.com/TicketSeatMap/?cinemarkMovieId=110451&linkedShowtimeId=0&showtime=2026-09-27T12%3A40%3A00&showtimeId=255838&theaterId=1016,2026-09-27T02:44:17.432637+00:00
2026-09-25,Cinemark Carson Xd And Screenx,Carson,America/Los_Angeles,Forgotten Island,2026-09-27 12:45,2026-09-27,https://www.cinemark.com/TicketSeatMap/?cinemarkMovieId=109838&linkedShowtimeId=254844&showtime=2026-09-27T12%3A45%3A00&showtimeId=254849&theaterId=1016,2026-09-27T02:44:17.432637+00:00
2026-09-25,Cinemark Carson Xd And Screenx,Carson,America/Los_Angeles,Primetime,2026-09-27 12:55,2026-09-27,https://www.cinemark.com/TicketSeatMap/?cinemarkMovieId=111245&linkedShowtimeId=0&showtime=2026-09-27T12%3A55%3A00&showtimeId=255809&theaterId=1016,2026-09-27T02:44:17.432637+00:00
2026-09-25,Cinemark Carson Xd And Screenx,Carson,America/Los_Angeles,Heart of the Beast,2026-09-27 11:00,2026-09-27,https://www.cinemark.com/TicketSeatMap/?cinemarkMovieId=110451&linkedShowtimeId=255598&showtime=2026-09-27T11%3A00%3A00&showtimeId=255600&theaterId=1016,2026-09-27T02:44:17.432637+00:00
2026-09-25,Cinemark Carson Xd And Screenx,Carson,America/Los_Angeles,Heart of the Beast,2026-09-27 10:00,2026-09-27,https://www.cinemark.com/TicketSeatMap/?cinemarkMovieId=110451&linkedShowtimeId=0&showtime=2026-09-27T10%3A00%3A00&showtimeId=255842&theaterId=1016,2026-09-27T02:44:17.432637+00:00
2026-09-25,Cinemark Carson Xd And Screenx,Carson,America/Los_Angeles,Heart of the Beast,2026-09-27 10:30,2026-09-27,https://www.cinemark.com/TicketSeatMap/?cinemarkMovieId=110451&linkedShowtimeId=0&showtime=2026-09-27T10%3A30%3A00&showtimeId=255823&theaterId=1016,2026-09-27T02:44:17.432637+00:00
2026-09-25,Cinemark Carson Xd And Screenx,Carson,America/Los_Angeles,Forgotten Island,2026-09-27 10:00,2026-09-27,https://www.cinemark.com/TicketSeatMap/?cinemarkMovieId=109838&linkedShowtimeId=254845&showtime=2026-09-27T10%3A00%3A00&showtimeId=254850&theaterId=1016,2026-09-27T02:44:17.432637+00:00
2026-09-25,Cinemark Carson Xd And Screenx,Carson,America/Los_Angeles,Forgotten Island,2026-09-27 10:30,2026-09-27,https://www.cinemark.com/TicketSeatMap/?cinemarkMovieId=109838&linkedShowtimeId=254838&showtime=2026-09-27T10%3A30%3A00&showtimeId=254842&theaterId=1016,2026-09-27T02:44:17.432637+00:00
2026-09-25,Cinemark Carson Xd And Screenx,Carson,America/Los_Angeles,Primetime,2026-09-27 10:05,2026-09-27,https://www.cinemark.com/TicketSeatMap/?cinemarkMovieId=111245&linkedShowtimeId=0&showtime=2026-09-27T10%3A05%3A00&showtimeId=255813&theaterId=1016,2026-09-27T02:44:17.432637+00:00
2026-09-25,Cinemark Carson Xd And Screenx,Carson,America/Los_Angeles,Primetime,2026-09-27 10:55,2026-09-27,https://www.cinemark.com/TicketSeatMap/?cinemarkMovieId=111245&linkedShowtimeId=0&showtime=2026-09-27T10%3A55%3A00&showtimeId=255803&theaterId=1016,2026-09-27T02:44:17.432637+00:00
2026-09-25,Cinemark Wilmington Movies 10,Wilmington,America/New_York,Heart of the Beast,2026-09-27 19:05,2026-09-27,https://www.cinemark.com/TicketSeatMap/?cinemarkMovieId=110451&linkedShowtimeId=0&showtime=2026-09-27T19%3A05%3A00&showtimeId=309657&theaterId=37,2026-09-27T02:44:17.432637+00:00
2026-09-25,Cinemark Wilmington Movies 10,Wilmington,America/New_York,Forgotten Island,2026-09-27 19:00,2026-09-27,https://www.cinemark.com/TicketSeatMap/?cinemarkMovieId=109838&linkedShowtimeId=0&showtime=2026-09-27T19%3A00%3A00&showtimeId=309088&theaterId=37,2026-09-27T02:44:17.432637+00:00
2026-09-25,Cinemark Wilmington Movies 10,Wilmington,America/New_York,Primetime,2026-09-27 19:15,2026-09-27,https://www.cinemark.com/TicketSeatMap/?cinemarkMovieId=111245&linkedShowtimeId=0&showtime=2026-09-27T19%3A15%3A00&showtimeId=309366&theaterId=37,2026-09-27T02:44:17.432637+00:00
2026-09-25,Cinemark Wilmington Movies 10,Wilmington,America/New_York,Heart of the Beast,2026-09-27 20:00,2026-09-27,https://www.cinemark.com/TicketSeatMap/?cinemarkMovieId=110451&linkedShowtimeId=0&showtime=2026-09-27T20%3A00%3A00&showtimeId=309668&theaterId=37,2026-09-27T02:44:17.432637+00:00
2026-09-25,Cinemark Wilmington Movies 10,Wilmington,America/New_York,Heart of the Beast,2026-09-27 17:15,2026-09-27,https://www.cinemark.com/TicketSeatMap/?cinemarkMovieId=110451&linkedShowtimeId=0&showtime=2026-09-27T17%3A15%3A00&showtimeId=309665&theaterId=37,2026-09-27T02:44:17.432637+00:00
2026-09-25,Cinemark Wilmington Movies 10,Wilmington,America/New_York,Heart of the Beast,2026-09-27 16:10,2026-09-27,https://www.cinemark.com/TicketSeatMap/?cinemarkMovieId=110451&linkedShowtimeId=0&showtime=2026-09-27T16%3A10%3A00&showtimeId=309655&theaterId=37,2026-09-27T02:44:17.432637+00:00
2026-09-25,Cinemark Wilmington Movies 10,Wilmington,America/New_York,Forgotten Island,2026-09-27 16:15,2026-09-27,https://www.cinemark.com/TicketSeatMap/?cinemarkMovieId=109838&linkedShowtimeId=0&showtime=2026-09-27T16%3A15%3A00&showtimeId=309090&theaterId=37,2026-09-27T02:44:17.432637+00:00
2026-09-25,Cinemark Wilmington Movies 10,Wilmington,America/New_York,Primetime,2026-09-27 16:25,2026-09-27,https://www.cinemark.com/TicketSeatMap/?cinemarkMovieId=111245&linkedShowtimeId=0&showtime=2026-09-27T16%3A25%3A00&showtimeId=309365&theaterId=37,2026-09-27T02:44:17.432637+00:00
2026-09-25,Cinemark Wilmington Movies 10,Wilmington,America/New_York,Forgotten Island,2026-09-27 15:00,2026-09-27,https://www.cinemark.com/TicketSeatMap/?cinemarkMovieId=109838&linkedShowtimeId=0&showtime=2026-09-27T15%3A00%3A00&showtimeId=309652&theaterId=37,2026-09-27T02:44:17.432637+00:00
2026-09-25,Cinemark Wilmington Movies 10,Wilmington,America/New_York,Primetime,2026-09-27 15:40,2026-09-27,https://www.cinemark.com/TicketSeatMap/?cinemarkMovieId=111245&linkedShowtimeId=0&showtime=2026-09-27T15%3A40%3A00&showtimeId=309644&theaterId=37,2026-09-27T02:44:17.432637+00:00
2026-09-25,Cinemark Wilmington Movies 10,Wilmington,America/New_York,Heart of the Beast,2026-09-27 14:35,2026-09-27,https://www.cinemark.com/TicketSeatMap/?cinemarkMovieId=110451&linkedShowtimeId=0&showtime=2026-09-27T14%3A35%3A00&showtimeId=309666&theaterId=37,2026-09-27T02:44:17.432637+00:00
2026-09-25,Cinemark Wilmington Movies 10,Wilmington,America/New_York,Forgotten Island,2026-09-27 13:30,2026-09-27,https://www.cinemark.com/TicketSeatMap/?cinemarkMovieId=109838&linkedShowtimeId=0&showtime=2026-09-27T13%3A30%3A00&showtimeId=309087&theaterId=37,2026-09-27T02:44:17.432637+00:00
2026-09-25,Cinemark Wilmington Movies 10,Wilmington,America/New_York,Primetime,2026-09-27 13:35,2026-09-27,https://www.cinemark.com/TicketSeatMap/?cinemarkMovieId=111245&linkedShowtimeId=0&showtime=2026-09-27T13%3A35%3A00&showtimeId=309364&theaterId=37,2026-09-27T02:44:17.432637+00:00
2026-09-25,Cinemark Wilmington Movies 10,Wilmington,America/New_York,Heart of the Beast,2026-09-27 12:40,2026-09-27,https://www.cinemark.com/TicketSeatMap/?cinemarkMovieId=110451&linkedShowtimeId=0&showtime=2026-09-27T12%3A40%3A00&showtimeId=309656&theaterId=37,2026-09-27T02:44:17.432637+00:00
2026-09-25,Cinemark Wilmington Movies 10,Wilmington,America/New_York,Primetime,2026-09-27 12:50,2026-09-27,https://www.cinemark.com/TicketSeatMap/?cinemarkMovieId=111245&linkedShowtimeId=0&showtime=2026-09-27T12%3A50%3A00&showtimeId=309645&theaterId=37,2026-09-27T02:44:17.432637+00:00
2026-09-25,Cinemark Wilmington Movies 10,Wilmington,America/New_York,Heart of the Beast,2026-09-27 11:50,2026-09-27,https://www.cinemark.com/TicketSeatMap/?cinemarkMovieId=110451&linkedShowtimeId=0&showtime=2026-09-27T11%3A50%3A00&showtimeId=309667&theaterId=37,2026-09-27T02:44:17.432637+00:00
2026-09-25,Cinemark Wilmington Movies 10,Wilmington,America/New_York,Forgotten Island,2026-09-27 11:55,2026-09-27,https://www.cinemark.com/TicketSeatMap/?cinemarkMovieId=109838&linkedShowtimeId=0&showtime=2026-09-27T11%3A55%3A00&showtimeId=309654&theaterId=37,2026-09-27T02:44:17.432637+00:00
2026-09-25,Cinemark Wilmington Movies 10,Wilmington,America/New_York,Heart of the Beast,2026-09-27 10:00,2026-09-27,https://www.cinemark.com/TicketSeatMap/?cinemarkMovieId=110451&linkedShowtimeId=0&showtime=2026-09-27T10%3A00%3A00&showtimeId=309658&theaterId=37,2026-09-27T02:44:17.432637+00:00
2026-09-25,Cinemark Wilmington Movies 10,Wilmington,America/New_York,Forgotten Island,2026-09-27 10:10,2026-09-27,https://www.cinemark.com/TicketSeatMap/?cinemarkMovieId=109838&linkedShowtimeId=0&showtime=2026-09-27T10%3A10%3A00&showtimeId=309653&theaterId=37,2026-09-27T02:44:17.432637+00:00
2026-09-25,Cinemark Wilmington Movies 10,Wilmington,America/New_York,Forgotten Island,2026-09-27 10:45,2026-09-27,https://www.cinemark.com/TicketSeatMap/?cinemarkMovieId=109838&linkedShowtimeId=0&showtime=2026-09-27T10%3A45%3A00&showtimeId=309650&theaterId=37,2026-09-27T02:44:17.432637+00:00
2026-09-25,Cinemark Wilmington Movies 10,Wilmington,America/New_York,Primetime,2026-09-27 10:00,2026-09-27,https://www.cinemark.com/TicketSeatMap/?cinemarkMovieId=111245&linkedShowtimeId=0&showtime=2026-09-27T10%3A00%3A00&showtimeId=309646&theaterId=37,2026-09-27T02:44:17.432637+00:00
2026-09-25,Cinemark Wilmington Movies 10,Wilmington,America/New_York,Primetime,2026-09-27 10:35,2026-09-27,https://www.cinemark.com/TicketSeatMap/?cinemarkMovieId=111245&linkedShowtimeId=0&showtime=2026-09-27T10%3A35%3A00&showtimeId=309651&theaterId=37,2026-09-27T02:44:17.432637+00:00
2026-09-25,Cinemark Century Vallejo 14,Vallejo,America/Los_Angeles,Heart of the Beast,2026-09-26 19:55,2026-09-26,https://www.cinemark.com/TicketSeatMap/?cinemarkMovieId=110451&linkedShowtimeId=0&showtime=2026-09-26T19%3A55%3A00&showtimeId=480305&theaterId=445,2026-09-27T02:44:17.432637+00:00
2026-09-25,Cinemark Century Vallejo 14,Vallejo,America/Los_Angeles,Heart of the Beast,2026-09-27 19:35,2026-09-27,https://www.cinemark.com/TicketSeatMap/?cinemarkMovieId=110451&linkedShowtimeId=0&showtime=2026-09-27T19%3A35%3A00&showtimeId=480311&theaterId=445,2026-09-27T02:44:17.432637+00:00
2026-09-25,Cinemark Century Vallejo 14,Vallejo,America/Los_Angeles,Forgotten Island,2026-09-27 19:50,2026-09-27,https://www.cinemark.com/TicketSeatMap/?cinemarkMovieId=109838&linkedShowtimeId=0&showtime=2026-09-27T19%3A50%3A00&showtimeId=480956&theaterId=445,2026-09-27T02:44:17.432637+00:00
2026-09-25,Cinemark Century Vallejo 14,Vallejo,America/Los_Angeles,Forgotten Island,2026-09-26 20:15,2026-09-26,https://www.cinemark.com/TicketSeatMap/?cinemarkMovieId=109838&linkedShowtimeId=0&showtime=2026-09-26T20%3A15%3A00&showtimeId=480944&theaterId=445,2026-09-27T02:44:17.432637+00:00
2026-09-25,Cinemark Century Vallejo 14,Vallejo,America/Los_Angeles,Forgotten Island,2026-09-26 20:45,2026-09-26,https://www.cinemark.com/TicketSeatMap/?cinemarkMovieId=109838&linkedShowtimeId=0&showtime=2026-09-26T20%3A45%3A00&showtimeId=480947&theaterId=445,2026-09-27T02:44:17.432637+00:00
2026-09-25,Cinemark Century Vallejo 14,Vallejo,America/Los_Angeles,Primetime,2026-09-26 20:00,2026-09-26,https://www.cinemark.com/TicketSeatMap/?cinemarkMovieId=111245&linkedShowtimeId=0&showtime=2026-09-26T20%3A00%3A00&showtimeId=480765&theaterId=445,2026-09-27T02:44:17.432637+00:00
2026-09-25,Cinemark Century Vallejo 14,Vallejo,America/Los_Angeles,Heart of the Beast,2026-09-27 18:35,2026-09-27,https://www.cinemark.com/TicketSeatMap/?cinemarkMovieId=110451&linkedShowtimeId=0&showtime=2026-09-27T18%3A35%3A00&showtimeId=482057&theaterId=445,2026-09-27T02:44:17.432637+00:00
2026-09-25,Cinemark Century Vallejo 14,Vallejo,America/Los_Angeles,Forgotten Island,2026-09-27 18:25,2026-09-27,https://www.cinemark.com/TicketSeatMap/?cinemarkMovieId=109838&linkedShowtimeId=0&showtime=2026-09-27T18%3A25%3A00&showtimeId=480959&theaterId=445,2026-09-27T02:44:17.432637+00:00
2026-09-25,Cinemark Century Vallejo 14,Vallejo,America/Los_Angeles,Primetime,2026-09-27 20:00,2026-09-27,https://www.cinemark.com/TicketSeatMap/?cinemarkMovieId=111245&linkedShowtimeId=0&showtime=2026-09-27T20%3A00%3A00&showtimeId=480770&theaterId=445,2026-09-27T02:44:17.432637+00:00
2026-09-25,Cinemark Century Vallejo 14,Vallejo,America/Los_Angeles,Heart of the Beast,2026-09-26 21:10,2026-09-26,https://www.cinemark.com/TicketSeatMap/?cinemarkMovieId=110451&linkedShowtimeId=0&showtime=2026-09-26T21%3A10%3A00&showtimeId=482017&theaterId=445,2026-09-27T02:44:17.432637+00:00
2026-09-25,Cinemark Century Vallejo 14,Vallejo,America/Los_Angeles,Primetime,2026-09-26 21:45,2026-09-26,https://www.cinemark.com/TicketSeatMap/?cinemarkMovieId=111245&linkedShowtimeId=0&showtime=2026-09-26T21%3A45%3A00&showtimeId=482031&theaterId=445,2026-09-27T02:44:17.432637+00:00
2026-09-25,Cinemark Century Vallejo 14,Vallejo,America/Los_Angeles,Heart of the Beast,2026-09-27 17:00,2026-09-27,https://www.cinemark.com/TicketSeatMap/?cinemarkMovieId=110451&linkedShowtimeId=0&showtime=2026-09-27T17%3A00%3A00&showtimeId=480310&theaterId=445,2026-09-27T02:44:17.432637+00:00
2026-09-25,Cinemark Century Vallejo 14,Vallejo,America/Los_Angeles,Heart of the Beast,2026-09-27 21:15,2026-09-27,https://www.cinemark.com/TicketSeatMap/?cinemarkMovieId=110451&linkedShowtimeId=0&showtime=2026-09-27T21%3A15%3A00&showtimeId=482056&theaterId=445,2026-09-27T02:44:17.432637+00:00
2026-09-25,Cinemark Century Vallejo 14,Vallejo,America/Los_Angeles,Forgotten Island,2026-09-27 17:05,2026-09-27,https://www.cinemark.com/TicketSeatMap/?cinemarkMovieId=109838&linkedShowtimeId=0&showtime=2026-09-27T17%3A05%3A00&showtimeId=480955&theaterId=445,2026-09-27T02:44:17.432637+00:00
2026-09-25,Cinemark Century Vallejo 14,Vallejo,America/Los_Angeles,Forgotten Island,2026-09-27 21:10,2026-09-27,https://www.cinemark.com/TicketSeatMap/?cinemarkMovieId=109838&linkedShowtimeId=0&showtime=2026-09-27T21%3A10%3A00&showtimeId=480960&theaterId=445,2026-09-27T02:44:17.432637+00:00
2026-09-25,Cinemark Century Vallejo 14,Vallejo,America/Los_Angeles,Primetime,2026-09-27 17:15,2026-09-27,https://www.cinemark.com/TicketSeatMap/?cinemarkMovieId=111245&linkedShowtimeId=0&showtime=2026-09-27T17%3A15%3A00&showtimeId=480769&theaterId=445,2026-09-27T02:44:17.432637+00:00
2026-09-25,Cinemark Century Vallejo 14,Vallejo,America/Los_Angeles,Heart of the Beast,2026-09-26 22:35,2026-09-26,https://www.cinemark.com/TicketSeatMap/?cinemarkMovieId=110451&linkedShowtimeId=0&showtime=2026-09-26T22%3A35%3A00&showtimeId=480306&theaterId=445,2026-09-27T02:44:17.432637+00:00
2026-09-25,Cinemark Century Vallejo 14,Vallejo,America/Los_Angeles,Primetime,2026-09-26 22:45,2026-09-26,https://www.cinemark.com/TicketSeatMap/?cinemarkMovieId=111245&linkedShowtimeId=0&showtime=2026-09-26T22%3A45%3A00&showtimeId=480772&theaterId=445,2026-09-27T02:44:17.432637+00:00
2026-09-25,Cinemark Century Vallejo 14,Vallejo,America/Los_Angeles,Heart of the Beast,2026-09-27 22:10,2026-09-27,https://www.cinemark.com/TicketSeatMap/?cinemarkMovieId=110451&linkedShowtimeId=0&showtime=2026-09-27T22%3A10%3A00&showtimeId=480312&theaterId=445,2026-09-27T02:44:17.432637+00:00
2026-09-25,Cinemark Century Vallejo 14,Vallejo,America/Los_Angeles,Forgotten Island,2026-09-27 22:35,2026-09-27,https://www.cinemark.com/TicketSeatMap/?cinemarkMovieId=109838&linkedShowtimeId=0&showtime=2026-09-27T22%3A35%3A00&showtimeId=480957&theaterId=445,2026-09-27T02:44:17.432637+00:00
2026-09-25,Cinemark Century Vallejo 14,Vallejo,America/Los_Angeles,Primetime,2026-09-27 22:00,2026-09-27,https://www.cinemark.com/TicketSeatMap/?cinemarkMovieId=111245&linkedShowtimeId=0&showtime=2026-09-27T22%3A00%3A00&showtimeId=482069&theaterId=445,2026-09-27T02:44:17.432637+00:00
2026-09-25,Cinemark Century Vallejo 14,Vallejo,America/Los_Angeles,Primetime,2026-09-27 22:45,2026-09-27,https://www.cinemark.com/TicketSeatMap/?cinemarkMovieId=111245&linkedShowtimeId=0&showtime=2026-09-27T22%3A45%3A00&showtimeId=480771&theaterId=445,2026-09-27T02:44:17.432637+00:00
2026-09-25,Cinemark Century Vallejo 14,Vallejo,America/Los_Angeles,Heart of the Beast,2026-09-26 23:45,2026-09-26,https://www.cinemark.com/TicketSeatMap/?cinemarkMovieId=110451&linkedShowtimeId=0&showtime=2026-09-26T23%3A45%3A00&showtimeId=482016&theaterId=445,2026-09-27T02:44:17.432637+00:00
2026-09-25,Cinemark Century Vallejo 14,Vallejo,America/Los_Angeles,Forgotten Island,2026-09-26 23:00,2026-09-26,https://www.cinemark.com/TicketSeatMap/?cinemarkMovieId=109838&linkedShowtimeId=0&showtime=2026-09-26T23%3A00%3A00&showtimeId=480945&theaterId=445,2026-09-27T02:44:17.432637+00:00
2026-09-25,Cinemark Century Vallejo 14,Vallejo,America/Los_Angeles,Forgotten Island,2026-09-26 23:30,2026-09-26,https://www.cinemark.com/TicketSeatMap/?cinemarkMovieId=109838&linkedShowtimeId=0&showtime=2026-09-26T23%3A30%3A00&showtimeId=480946&theaterId=445,2026-09-27T02:44:17.432637+00:00
2026-09-25,Cinemark Century Vallejo 14,Vallejo,America/Los_Angeles,Heart of the Beast,2026-09-27 15:50,2026-09-27,https://www.cinemark.com/TicketSeatMap/?cinemarkMovieId=110451&linkedShowtimeId=0&showtime=2026-09-27T15%3A50%3A00&showtimeId=482058&theaterId=445,2026-09-27T02:44:17.432637+00:00
2026-09-25,Cinemark Century Vallejo 14,Vallejo,America/Los_Angeles,Forgotten Island,2026-09-27 15:40,2026-09-27,https://www.cinemark.com/TicketSeatMap/?cinemarkMovieId=109838&linkedShowtimeId=0&showtime=2026-09-27T15%3A40%3A00&showtimeId=480951&theaterId=445,2026-09-27T02:44:17.432637+00:00
2026-09-25,Cinemark Century Vallejo 14,Vallejo,America/Los_Angeles,Heart of the Beast,2026-09-27 14:25,2026-09-27,https://www.cinemark.com/TicketSeatMap/?cinemarkMovieId=110451&linkedShowtimeId=0&showtime=2026-09-27T14%3A25%3A00&showtimeId=480309&theaterId=445,2026-09-27T02:44:17.432637+00:00
2026-09-25,Cinemark Century Vallejo 14,Vallejo,America/Los_Angeles,Forgotten Island,2026-09-27 14:20,2026-09-27,https://www.cinemark.com/TicketSeatMap/?cinemarkMovieId=109838&linkedShowtimeId=0&showtime=2026-09-27T14%3A20%3A00&showtimeId=480954&theaterId=445,2026-09-27T02:44:17.432637+00:00
2026-09-25,Cinemark Century Vallejo 14,Vallejo,America/Los_Angeles,Forgotten Island,2026-09-27 14:45,2026-09-27,https://www.cinemark.com/TicketSeatMap/?cinemarkMovieId=109838&linkedShowtimeId=0&showtime=2026-09-27T14%3A45%3A00&showtimeId=482282&theaterId=445,2026-09-27T02:44:17.432637+00:00
2026-09-25,Cinemark Century Vallejo 14,Vallejo,America/Los_Angeles,Primetime,2026-09-27 14:30,2026-09-27,https://www.cinemark.com/TicketSeatMap/?cinemarkMovieId=111245&linkedShowtimeId=0&showtime=2026-09-27T14%3A30%3A00&showtimeId=480768&theaterId=445,2026-09-27T02:44:17.432637+00:00
2026-09-25,Cinemark Century Vallejo 14,Vallejo,America/Los_Angeles,Heart of the Beast,2026-09-27 13:10,2026-09-27,https://www.cinemark.com/TicketSeatMap/?cinemarkMovieId=110451&linkedShowtimeId=0&showtime=2026-09-27T13%3A10%3A00&showtimeId=482059&theaterId=445,2026-09-27T02:44:17.432637+00:00
2026-09-25,Cinemark Century Vallejo 14,Vallejo,America/Los_Angeles,Primetime,2026-09-27 13:05,2026-09-27,https://www.cinemark.com/TicketSeatMap/?cinemarkMovieId=111245&linkedShowtimeId=0&showtime=2026-09-27T13%3A05%3A00&showtimeId=482067&theaterId=445,2026-09-27T02:44:17.432637+00:00
2026-09-25,Cinemark Century Vallejo 14,Vallejo,America/Los_Angeles,Forgotten Island,2026-09-27 12:55,2026-09-27,https://www.cinemark.com/TicketSeatMap/?cinemarkMovieId=109838&linkedShowtimeId=0&showtime=2026-09-27T12%3A55%3A00&showtimeId=480950&theaterId=445,2026-09-27T02:44:17.432637+00:00
2026-09-25,Cinemark Century Vallejo 14,Vallejo,America/Los_Angeles,Heart of the Beast,2026-09-27 11:50,2026-09-27,https://www.cinemark.com/TicketSeatMap/?cinemarkMovieId=110451&linkedShowtimeId=0&showtime=2026-09-27T11%3A50%3A00&showtimeId=480308&theaterId=445,2026-09-27T02:44:17.432637+00:00
2026-09-25,Cinemark Century Vallejo 14,Vallejo,America/Los_Angeles,Forgotten Island,2026-09-27 11:35,2026-09-27,https://www.cinemark.com/TicketSeatMap/?cinemarkMovieId=109838&linkedShowtimeId=0&showtime=2026-09-27T11%3A35%3A00&showtimeId=480953&theaterId=445,2026-09-27T02:44:17.432637+00:00
2026-09-25,Cinemark Century Vallejo 14,Vallejo,America/Los_Angeles,Primetime,2026-09-27 11:45,2026-09-27,https://www.cinemark.com/TicketSeatMap/?cinemarkMovieId=111245&linkedShowtimeId=0&showtime=2026-09-27T11%3A45%3A00&showtimeId=480767&theaterId=445,2026-09-27T02:44:17.432637+00:00
2026-09-25,Cinemark Century Vallejo 14,Vallejo,America/Los_Angeles,Heart of the Beast,2026-09-27 10:35,2026-09-27,https://www.cinemark.com/TicketSeatMap/?cinemarkMovieId=110451&linkedShowtimeId=0&showtime=2026-09-27T10%3A35%3A00&showtimeId=482055&theaterId=445,2026-09-27T02:44:17.432637+00:00
2026-09-25,Cinemark Century Vallejo 14,Vallejo,America/Los_Angeles,Forgotten Island,2026-09-27 10:10,2026-09-27,https://www.cinemark.com/TicketSeatMap/?cinemarkMovieId=109838&linkedShowtimeId=0&showtime=2026-09-27T10%3A10%3A00&showtimeId=480958&theaterId=445,2026-09-27T02:44:17.432637+00:00
2026-09-25,Cinemark Century Vallejo 14,Vallejo,America/Los_Angeles,Primetime,2026-09-27 10:20,2026-09-27,https://www.cinemark.com/TicketSeatMap/?cinemarkMovieId=111245&linkedShowtimeId=0&showtime=2026-09-27T10%3A20%3A00&showtimeId=482068&theaterId=445,2026-09-27T02:44:17.432637+00:00
2026-09-25,Cinemark Century Vallejo 14,Vallejo,America/Los_Angeles,Heart of the Beast,2026-09-27 09:15,2026-09-27,https://www.cinemark.com/TicketSeatMap/?cinemarkMovieId=110451&linkedShowtimeId=0&showtime=2026-09-27T09%3A15%3A00&showtimeId=480307&theaterId=445,2026-09-27T02:44:17.432637+00:00
2026-09-25,Cinemark Century Vallejo 14,Vallejo,America/Los_Angeles,Primetime,2026-09-27 09:00,2026-09-27,https://www.cinemark.com/TicketSeatMap/?cinemarkMovieId=111245&linkedShowtimeId=0&showtime=2026-09-27T09%3A00%3A00&showtimeId=480766&theaterId=445,2026-09-27T02:44:17.432637+00:00
2026-09-25,Cinemark Century Vallejo 14,Vallejo,America/Los_Angeles,Forgotten Island,2026-09-27 08:55,2026-09-27,https://www.cinemark.com/TicketSeatMap/?cinemarkMovieId=109838&linkedShowtimeId=0&showtime=2026-09-27T08%3A55%3A00&showtimeId=480952&theaterId=445,2026-09-27T02:44:17.432637+00:00
2026-09-25,Cinemark Ames Movies 12,Ames,America/Chicago,Primetime,2026-09-26 22:00,2026-09-26,https://www.cinemark.com/TicketSeatMap/?cinemarkMovieId=111245&linkedShowtimeId=0&showtime=2026-09-26T22%3A00%3A00&showtimeId=378161&theaterId=264,2026-09-27T02:44:17.432637+00:00
2026-09-25,Cinemark Ames Movies 12,Ames,America/Chicago,Primetime,2026-09-26 22:45,2026-09-26,https://www.cinemark.com/TicketSeatMap/?cinemarkMovieId=111245&linkedShowtimeId=0&showtime=2026-09-26T22%3A45%3A00&showtimeId=379617&theaterId=264,2026-09-27T02:44:17.432637+00:00
2026-09-25,Cinemark Ames Movies 12,Ames,America/Chicago,Heart of the Beast,2026-09-26 23:00,2026-09-26,https://www.cinemark.com/TicketSeatMap/?cinemarkMovieId=110451&linkedShowtimeId=0&showtime=2026-09-26T23%3A00%3A00&showtimeId=379627&theaterId=264,2026-09-27T02:44:17.432637+00:00
2026-09-25,Cinemark Tinseltown Grapevine And Xd,Grapevine,America/Chicago,Heart of the Beast,2026-09-27 19:40,2026-09-27,https://www.cinemark.com/TicketSeatMap/?cinemarkMovieId=110451&linkedShowtimeId=0&showtime=2026-09-27T19%3A40%3A00&showtimeId=634815&theaterId=206,2026-09-27T02:44:17.432637+00:00
2026-09-25,Cinemark Tinseltown Grapevine And Xd,Grapevine,America/Chicago,Heart of the Beast,2026-09-27 20:50,2026-09-27,https://www.cinemark.com/TicketSeatMap/?cinemarkMovieId=110451&linkedShowtimeId=0&showtime=2026-09-27T20%3A50%3A00&showtimeId=637391&theaterId=206,2026-09-27T02:44:17.432637+00:00
2026-09-25,Cinemark Tinseltown Grapevine And Xd,Grapevine,America/Chicago,Forgotten Island,2026-09-27 20:00,2026-09-27,https://www.cinemark.com/TicketSeatMap/?cinemarkMovieId=109838&linkedShowtimeId=635664&showtime=2026-09-27T20%3A00%3A00&showtimeId=635670&theaterId=206,2026-09-27T02:44:17.432637+00:00
2026-09-25,Cinemark Tinseltown Grapevine And Xd,Grapevine,America/Chicago,Primetime,2026-09-27 18:30,2026-09-27,https://www.cinemark.com/TicketSeatMap/?cinemarkMovieId=111245&linkedShowtimeId=0&showtime=2026-09-27T18%3A30%3A00&showtimeId=634877&theaterId=206,2026-09-27T02:44:17.432637+00:00
2026-09-25,Cinemark Tinseltown Grapevine And Xd,Grapevine,America/Chicago,Primetime,2026-09-27 20:30,2026-09-27,https://www.cinemark.com/TicketSeatMap/?cinemarkMovieId=111245&linkedShowtimeId=0&showtime=2026-09-27T20%3A30%3A00&showtimeId=637399&theaterId=206,2026-09-27T02:44:17.432637+00:00
2026-09-25,Cinemark Tinseltown Grapevine And Xd,Grapevine,America/Chicago,Primetime,2026-09-26 21:50,2026-09-26,https://www.cinemark.com/TicketSeatMap/?cinemarkMovieId=111245&linkedShowtimeId=0&showtime=2026-09-26T21%3A50%3A00&showtimeId=637354&theaterId=206,2026-09-27T02:44:17.432637+00:00
2026-09-25,Cinemark Tinseltown Grapevine And Xd,Grapevine,America/Chicago,Heart of the Beast,2026-09-27 17:40,2026-09-27,https://www.cinemark.com/TicketSeatMap/?cinemarkMovieId=110451&linkedShowtimeId=0&showtime=2026-09-27T17%3A40%3A00&showtimeId=637129&theaterId=206,2026-09-27T02:44:17.432637+00:00
2026-09-25,Cinemark Tinseltown Grapevine And Xd,Grapevine,America/Chicago,Heart of the Beast,2026-09-27 17:00,2026-09-27,https://www.cinemark.com/TicketSeatMap/?cinemarkMovieId=110451&linkedShowtimeId=0&showtime=2026-09-27T17%3A00%3A00&showtimeId=634814&theaterId=206,2026-09-27T02:44:17.432637+00:00
2026-09-25,Cinemark Tinseltown Grapevine And Xd,Grapevine,America/Chicago,Forgotten Island,2026-09-27 17:15,2026-09-27,https://www.cinemark.com/TicketSeatMap/?cinemarkMovieId=109838&linkedShowtimeId=635663&showtime=2026-09-27T17%3A15%3A00&showtimeId=635669&theaterId=206,2026-09-27T02:44:17.432637+00:00
2026-09-25,Cinemark Tinseltown Grapevine And Xd,Grapevine,America/Chicago,Primetime,2026-09-27 17:40,2026-09-27,https://www.cinemark.com/TicketSeatMap/?cinemarkMovieId=111245&linkedShowtimeId=0&showtime=2026-09-27T17%3A40%3A00&showtimeId=637403&theaterId=206,2026-09-27T02:44:17.432637+00:00
2026-09-25,Cinemark Tinseltown Grapevine And Xd,Grapevine,America/Chicago,Primetime,2026-09-27 21:20,2026-09-27,https://www.cinemark.com/TicketSeatMap/?cinemarkMovieId=111245&linkedShowtimeId=0&showtime=2026-09-27T21%3A20%3A00&showtimeId=634878&theaterId=206,2026-09-27T02:44:17.432637+00:00
2026-09-25,Cinemark Tinseltown Grapevine And Xd,Grapevine,America/Chicago,Heart of the Beast,2026-09-26 22:20,2026-09-26,https://www.cinemark.com/TicketSeatMap/?cinemarkMovieId=110451&linkedShowtimeId=0&showtime=2026-09-26T22%3A20%3A00&showtimeId=634809&theaterId=206,2026-09-27T02:44:17.432637+00:00
2026-09-25,Cinemark Tinseltown Grapevine And Xd,Grapevine,America/Chicago,Forgotten Island,2026-09-26 22:45,2026-09-26,https://www.cinemark.com/TicketSeatMap/?cinemarkMovieId=109838&linkedShowtimeId=635653&showtime=2026-09-26T22%3A45%3A00&showtimeId=635658&theaterId=206,2026-09-27T02:44:17.432637+00:00
2026-09-25,Cinemark Tinseltown Grapevine And Xd,Grapevine,America/Chicago,Heart of the Beast,2026-09-27 22:20,2026-09-27,https://www.cinemark.com/TicketSeatMap/?cinemarkMovieId=110451&linkedShowtimeId=0&showtime=2026-09-27T22%3A20%3A00&showtimeId=634816&theaterId=206,2026-09-27T02:44:17.432637+00:00
2026-09-25,Cinemark Tinseltown Grapevine And Xd,Grapevine,America/Chicago,Forgotten Island,2026-09-27 22:45,2026-09-27,https://www.cinemark.com/TicketSeatMap/?cinemarkMovieId=109838&linkedShowtimeId=637125&showtime=2026-09-27T22%3A45%3A00&showtimeId=637135&theaterId=206,2026-09-27T02:44:17.432637+00:00
2026-09-25,Cinemark Tinseltown Grapevine And Xd,Grapevine,America/Chicago,Heart of the Beast,2026-09-26 23:30,2026-09-26,https://www.cinemark.com/TicketSeatMap/?cinemarkMovieId=110451&linkedShowtimeId=0&showtime=2026-09-26T23%3A30%3A00&showtimeId=637345&theaterId=206,2026-09-27T02:44:17.432637+00:00
2026-09-25,Cinemark Tinseltown Grapevine And Xd,Grapevine,America/Chicago,Primetime,2026-09-26 23:20,2026-09-26,https://www.cinemark.com/TicketSeatMap/?cinemarkMovieId=111245&linkedShowtimeId=0&showtime=2026-09-26T23%3A20%3A00&showtimeId=637350&theaterId=206,2026-09-27T02:44:17.432637+00:00
2026-09-25,Cinemark Tinseltown Grapevine And Xd,Grapevine,America/Chicago,Heart of the Beast,2026-09-27 15:00,2026-09-27,https://www.cinemark.com/TicketSeatMap/?cinemarkMovieId=110451&linkedShowtimeId=0&showtime=2026-09-27T15%3A00%3A00&showtimeId=637130&theaterId=206,2026-09-27T02:44:17.432637+00:00
2026-09-25,Cinemark Tinseltown Grapevine And Xd,Grapevine,America/Chicago,Heart of the Beast,2026-09-27 15:30,2026-09-27,https://www.cinemark.com/TicketSeatMap/?cinemarkMovieId=110451&linkedShowtimeId=0&showtime=2026-09-27T15%3A30%3A00&showtimeId=637389&theaterId=206,2026-09-27T02:44:17.432637+00:00
2026-09-25,Cinemark Tinseltown Grapevine And Xd,Grapevine,America/Chicago,Forgotten Island,2026-09-27 15:35,2026-09-27,https://www.cinemark.com/TicketSeatMap/?cinemarkMovieId=109838&linkedShowtimeId=0&showtime=2026-09-27T15%3A35%3A00&showtimeId=637398&theaterId=206,2026-09-27T02:44:17.432637+00:00
2026-09-25,Cinemark Tinseltown Grapevine And Xd,Grapevine,America/Chicago,Primetime,2026-09-27 15:40,2026-09-27,https://www.cinemark.com/TicketSeatMap/?cinemarkMovieId=111245&linkedShowtimeId=0&showtime=2026-09-27T15%3A40%3A00&showtimeId=634876&theaterId=206,2026-09-27T02:44:17.432637+00:00
2026-09-25,Cinemark Tinseltown Grapevine And Xd,Grapevine,America/Chicago,Heart of the Beast,2026-09-27 14:20,2026-09-27,https://www.cinemark.com/TicketSeatMap/?cinemarkMovieId=110451&linkedShowtimeId=0&showtime=2026-09-27T14%3A20%3A00&showtimeId=634813&theaterId=206,2026-09-27T02:44:17.432637+00:00
2026-09-25,Cinemark Tinseltown Grapevine And Xd,Grapevine,America/Chicago,Primetime,2026-09-27 14:50,2026-09-27,https://www.cinemark.com/TicketSeatMap/?cinemarkMovieId=111245&linkedShowtimeId=0&showtime=2026-09-27T14%3A50%3A00&showtimeId=637402&theaterId=206,2026-09-27T02:44:17.432637+00:00
2026-09-25,Cinemark Tinseltown Grapevine And Xd,Grapevine,America/Chicago,Heart of the Beast,2026-09-27 12:10,2026-09-27,https://www.cinemark.com/TicketSeatMap/?cinemarkMovieId=110451&linkedShowtimeId=637133&showtime=2026-09-27T12%3A10%3A00&showtimeId=637131&theaterId=206,2026-09-27T02:44:17.432637+00:00
2026-09-25,Cinemark Tinseltown Grapevine And Xd,Grapevine,America/Chicago,Heart of the Beast,2026-09-27 12:50,2026-09-27,https://www.cinemark.com/TicketSeatMap/?cinemarkMovieId=110451&linkedShowtimeId=0&showtime=2026-09-27T12%3A50%3A00&showtimeId=637388&theaterId=206,2026-09-27T02:44:17.432637+00:00
2026-09-25,Cinemark Tinseltown Grapevine And Xd,Grapevine,America/Chicago,Forgotten Island,2026-09-27 12:15,2026-09-27,https://www.cinemark.com/TicketSeatMap/?cinemarkMovieId=109838&linkedShowtimeId=0&showtime=2026-09-27T12%3A15%3A00&showtimeId=637126&theaterId=206,2026-09-27T02:44:17.432637+00:00
2026-09-25,Cinemark Tinseltown Grapevine And Xd,Grapevine,America/Chicago,Forgotten Island,2026-09-27 12:50,2026-09-27,https://www.cinemark.com/TicketSeatMap/?cinemarkMovieId=109838&linkedShowtimeId=0&showtime=2026-09-27T12%3A50%3A00&showtimeId=637397&theaterId=206,2026-09-27T02:44:17.432637+00:00
2026-09-25,Cinemark Tinseltown Grapevine And Xd,Grapevine,America/Chicago,Primetime,2026-09-27 12:00,2026-09-27,https://www.cinemark.com/TicketSeatMap/?cinemarkMovieId=111245&linkedShowtimeId=0&showtime=2026-09-27T12%3A00%3A00&showtimeId=637401&theaterId=206,2026-09-27T02:44:17.432637+00:00
2026-09-25,Cinemark Tinseltown Grapevine And Xd,Grapevine,America/Chicago,Primetime,2026-09-27 12:50,2026-09-27,https://www.cinemark.com/TicketSeatMap/?cinemarkMovieId=111245&linkedShowtimeId=0&showtime=2026-09-27T12%3A50%3A00&showtimeId=634875&theaterId=206,2026-09-27T02:44:17.432637+00:00
2026-09-25,Cinemark Tinseltown Grapevine And Xd,Grapevine,America/Chicago,Heart of the Beast,2026-09-27 11:40,2026-09-27,https://www.cinemark.com/TicketSeatMap/?cinemarkMovieId=110451&linkedShowtimeId=0&showtime=2026-09-27T11%3A40%3A00&showtimeId=634812&theaterId=206,2026-09-27T02:44:17.432637+00:00
2026-09-25,Cinemark Tinseltown Grapevine And Xd,Grapevine,America/Chicago,Forgotten Island,2026-09-27 11:45,2026-09-27,https://www.cinemark.com/TicketSeatMap/?cinemarkMovieId=109838&linkedShowtimeId=635662&showtime=2026-09-27T11%3A45%3A00&showtimeId=635668&theaterId=206,2026-09-27T02:44:17.432637+00:00
2026-09-25,Cinemark Tinseltown Grapevine And Xd,Grapevine,America/Chicago,Primetime,2026-09-27 11:00,2026-09-27,https://www.cinemark.com/TicketSeatMap/?cinemarkMovieId=111245&linkedShowtimeId=0&showtime=2026-09-27T11%3A00%3A00&showtimeId=637404&theaterId=206,2026-09-27T02:44:17.432637+00:00
2026-09-25,Cinemark Tinseltown Grapevine And Xd,Grapevine,America/Chicago,Heart of the Beast,2026-09-27 10:10,2026-09-27,https://www.cinemark.com/TicketSeatMap/?cinemarkMovieId=110451&linkedShowtimeId=0&showtime=2026-09-27T10%3A10%3A00&showtimeId=637392&theaterId=206,2026-09-27T02:44:17.432637+00:00
2026-09-25,Cinemark Tinseltown Grapevine And Xd,Grapevine,America/Chicago,Forgotten Island,2026-09-27 10:05,2026-09-27,https://www.cinemark.com/TicketSeatMap/?cinemarkMovieId=109838&linkedShowtimeId=0&showtime=2026-09-27T10%3A05%3A00&showtimeId=637396&theaterId=206,2026-09-27T02:44:17.432637+00:00
2026-09-25,Cinemark Tinseltown Grapevine And Xd,Grapevine,America/Chicago,Primetime,2026-09-27 10:00,2026-09-27,https://www.cinemark.com/TicketSeatMap/?cinemarkMovieId=111245&linkedShowtimeId=0&showtime=2026-09-27T10%3A00%3A00&showtimeId=634874&theaterId=206,2026-09-27T02:44:17.432637+00:00
2026-09-25,Cinemark Tinseltown Grapevine And Xd,Grapevine,America/Chicago,Heart of the Beast,2026-09-27 09:25,2026-09-27,https://www.cinemark.com/TicketSeatMap/?cinemarkMovieId=110451&linkedShowtimeId=637134&showtime=2026-09-27T09%3A25%3A00&showtimeId=637128&theaterId=206,2026-09-27T02:44:17.432637+00:00
2026-09-25,Cinemark Tinseltown Grapevine And Xd,Grapevine,America/Chicago,Heart of the Beast,2026-09-27 09:00,2026-09-27,https://www.cinemark.com/TicketSeatMap/?cinemarkMovieId=110451&linkedShowtimeId=0&showtime=2026-09-27T09%3A00%3A00&showtimeId=634811&theaterId=206,2026-09-27T02:44:17.432637+00:00
2026-09-25,Cinemark Tinseltown Grapevine And Xd,Grapevine,America/Chicago,Forgotten Island,2026-09-27 09:30,2026-09-27,https://www.cinemark.com/TicketSeatMap/?cinemarkMovieId=109838&linkedShowtimeId=0&showtime=2026-09-27T09%3A30%3A00&showtimeId=637127&theaterId=206,2026-09-27T02:44:17.432637+00:00
2026-09-25,Cinemark Tinseltown Grapevine And Xd,Grapevine,America/Chicago,Forgotten Island,2026-09-27 09:00,2026-09-27,https://www.cinemark.com/TicketSeatMap/?cinemarkMovieId=109838&linkedShowtimeId=635661&showtime=2026-09-27T09%3A00%3A00&showtimeId=635667&theaterId=206,2026-09-27T02:44:17.432637+00:00
2026-09-25,Cinemark Tinseltown Grapevine And Xd,Grapevine,America/Chicago,Primetime,2026-09-27 09:10,2026-09-27,https://www.cinemark.com/TicketSeatMap/?cinemarkMovieId=111245&linkedShowtimeId=0&showtime=2026-09-27T09%3A10%3A00&showtimeId=637400&theaterId=206,2026-09-27T02:44:17.432637+00:00
2026-09-25,Cinemark Century Oro Valley Marketplace,Oro Valley,America/Phoenix,Forgotten Island,2026-09-27 19:10,2026-09-27,https://www.cinemark.com/TicketSeatMap/?cinemarkMovieId=109838&linkedShowtimeId=0&showtime=2026-09-27T19%3A10%3A00&showtimeId=366870&theaterId=1037,2026-09-27T02:44:17.432637+00:00
2026-09-25,Cinemark Century Oro Valley Marketplace,Oro Valley,America/Phoenix,Primetime,2026-09-27 19:25,2026-09-27,https://www.cinemark.com/TicketSeatMap/?cinemarkMovieId=111245&linkedShowtimeId=0&showtime=2026-09-27T19%3A25%3A00&showtimeId=366878&theaterId=1037,2026-09-27T02:44:17.432637+00:00
2026-09-25,Cinemark Century Oro Valley Marketplace,Oro Valley,America/Phoenix,Heart of the Beast,2026-09-26 20:40,2026-09-26,https://www.cinemark.com/TicketSeatMap/?cinemarkMovieId=110451&linkedShowtimeId=0&showtime=2026-09-26T20%3A40%3A00&showtimeId=365644&theaterId=1037,2026-09-27T02:44:17.432637+00:00
2026-09-25,Cinemark Century Oro Valley Marketplace,Oro Valley,America/Phoenix,Heart of the Beast,2026-09-27 18:00,2026-09-27,https://www.cinemark.com/TicketSeatMap/?cinemarkMovieId=110451&linkedShowtimeId=0&showtime=2026-09-27T18%3A00%3A00&showtimeId=366874&theaterId=1037,2026-09-27T02:44:17.432637+00:00
2026-09-25,Cinemark Century Oro Valley Marketplace,Oro Valley,America/Phoenix,Heart of the Beast,2026-09-27 18:55,2026-09-27,https://www.cinemark.com/TicketSeatMap/?cinemarkMovieId=110451&linkedShowtimeId=0&showtime=2026-09-27T18%3A55%3A00&showtimeId=365648&theaterId=1037,2026-09-27T02:44:17.432637+00:00
2026-09-25,Cinemark Century Oro Valley Marketplace,Oro Valley,America/Phoenix,Forgotten Island,2026-09-27 18:35,2026-09-27,https://www.cinemark.com/TicketSeatMap/?cinemarkMovieId=109838&linkedShowtimeId=0&showtime=2026-09-27T18%3A35%3A00&showtimeId=366110&theaterId=1037,2026-09-27T02:44:17.432637+00:00
2026-09-25,Cinemark Century Oro Valley Marketplace,Oro Valley,America/Phoenix,Primetime,2026-09-27 18:45,2026-09-27,https://www.cinemark.com/TicketSeatMap/?cinemarkMovieId=111245&linkedShowtimeId=0&showtime=2026-09-27T18%3A45%3A00&showtimeId=366410&theaterId=1037,2026-09-27T02:44:17.432637+00:00
2026-09-25,Cinemark Century Oro Valley Marketplace,Oro Valley,America/Phoenix,Heart of the Beast,2026-09-26 21:35,2026-09-26,https://www.cinemark.com/TicketSeatMap/?cinemarkMovieId=110451&linkedShowtimeId=0&showtime=2026-09-26T21%3A35%3A00&showtimeId=366845&theaterId=1037,2026-09-27T02:44:17.432637+00:00
2026-09-25,Cinemark Century Oro Valley Marketplace,Oro Valley,America/Phoenix,Forgotten Island,2026-09-26 21:20,2026-09-26,https://www.cinemark.com/TicketSeatMap/?cinemarkMovieId=109838&linkedShowtimeId=0&showtime=2026-09-26T21%3A20%3A00&showtimeId=366108&theaterId=1037,2026-09-27T02:44:17.432637+00:00
2026-09-25,Cinemark Century Oro Valley Marketplace,Oro Valley,America/Phoenix,Forgotten Island,2026-09-26 21:50,2026-09-26,https://www.cinemark.com/TicketSeatMap/?cinemarkMovieId=109838&linkedShowtimeId=0&showtime=2026-09-26T21%3A50%3A00&showtimeId=366840&theaterId=1037,2026-09-27T02:44:17.432637+00:00
2026-09-25,Cinemark Century Oro Valley Marketplace,Oro Valley,America/Phoenix,Primetime,2026-09-26 21:45,2026-09-26,https://www.cinemark.com/TicketSeatMap/?cinemarkMovieId=111245&linkedShowtimeId=0&showtime=2026-09-26T21%3A45%3A00&showtimeId=366405&theaterId=1037,2026-09-27T02:44:17.432637+00:00
2026-09-25,Cinemark Century Oro Valley Marketplace,Oro Valley,America/Phoenix,Primetime,2026-09-26 22:15,2026-09-26,https://www.cinemark.com/TicketSeatMap/?cinemarkMovieId=111245&linkedShowtimeId=0&showtime=2026-09-26T22%3A15%3A00&showtimeId=366850&theaterId=1037,2026-09-27T02:44:17.432637+00:00
2026-09-25,Cinemark Century Oro Valley Marketplace,Oro Valley,America/Phoenix,Heart of the Beast,2026-09-27 16:15,2026-09-27,https://www.cinemark.com/TicketSeatMap/?cinemarkMovieId=110451&linkedShowtimeId=0&showtime=2026-09-27T16%3A15%3A00&showtimeId=365647&theaterId=1037,2026-09-27T02:44:17.432637+00:00
2026-09-25,Cinemark Century Oro Valley Marketplace,Oro Valley,America/Phoenix,Forgotten Island,2026-09-27 16:25,2026-09-27,https://www.cinemark.com/TicketSeatMap/?cinemarkMovieId=109838&linkedShowtimeId=0&showtime=2026-09-27T16%3A25%3A00&showtimeId=366869&theaterId=1037,2026-09-27T02:44:17.432637+00:00
2026-09-25,Cinemark Century Oro Valley Marketplace,Oro Valley,America/Phoenix,Primetime,2026-09-27 16:00,2026-09-27,https://www.cinemark.com/TicketSeatMap/?cinemarkMovieId=111245&linkedShowtimeId=0&showtime=2026-09-27T16%3A00%3A00&showtimeId=366409&theaterId=1037,2026-09-27T02:44:17.432637+00:00
2026-09-25,Cinemark Century Oro Valley Marketplace,Oro Valley,America/Phoenix,Primetime,2026-09-27 16:35,2026-09-27,https://www.cinemark.com/TicketSeatMap/?cinemarkMovieId=111245&linkedShowtimeId=0&showtime=2026-09-27T16%3A35%3A00&showtimeId=366877&theaterId=1037,2026-09-27T02:44:17.432637+00:00
2026-09-25,Cinemark Century Oro Valley Marketplace,Oro Valley,America/Phoenix,Heart of the Beast,2026-09-27 15:20,2026-09-27,https://www.cinemark.com/TicketSeatMap/?cinemarkMovieId=110451&linkedShowtimeId=0&showtime=2026-09-27T15%3A20%3A00&showtimeId=366873&theaterId=1037,2026-09-27T02:44:17.432637+00:00
2026-09-25,Cinemark Century Oro Valley Marketplace,Oro Valley,America/Phoenix,Forgotten Island,2026-09-27 15:40,2026-09-27,https://www.cinemark.com/TicketSeatMap/?cinemarkMovieId=109838&linkedShowtimeId=0&showtime=2026-09-27T15%3A40%3A00&showtimeId=366113&theaterId=1037,2026-09-27T02:44:17.432637+00:00
2026-09-25,Cinemark Century Oro Valley Marketplace,Oro Valley,America/Phoenix,Heart of the Beast,2026-09-27 13:35,2026-09-27,https://www.cinemark.com/TicketSeatMap/?cinemarkMovieId=110451&linkedShowtimeId=0&showtime=2026-09-27T13%3A35%3A00&showtimeId=365646&theaterId=1037,2026-09-27T02:44:17.432637+00:00
2026-09-25,Cinemark Century Oro Valley Marketplace,Oro Valley,America/Phoenix,Forgotten Island,2026-09-27 13:40,2026-09-27,https://www.cinemark.com/TicketSeatMap/?cinemarkMovieId=109838&linkedShowtimeId=0&showtime=2026-09-27T13%3A40%3A00&showtimeId=366868&theaterId=1037,2026-09-27T02:44:17.432637+00:00
2026-09-25,Cinemark Century Oro Valley Marketplace,Oro Valley,America/Phoenix,Primetime,2026-09-27 13:05,2026-09-27,https://www.cinemark.com/TicketSeatMap/?cinemarkMovieId=111245&linkedShowtimeId=0&showtime=2026-09-27T13%3A05%3A00&showtimeId=366408&theaterId=1037,2026-09-27T02:44:17.432637+00:00
2026-09-25,Cinemark Century Oro Valley Marketplace,Oro Valley,America/Phoenix,Primetime,2026-09-27 13:50,2026-09-27,https://www.cinemark.com/TicketSeatMap/?cinemarkMovieId=111245&linkedShowtimeId=0&showtime=2026-09-27T13%3A50%3A00&showtimeId=366876&theaterId=1037,2026-09-27T02:44:17.432637+00:00
2026-09-25,Cinemark Century Oro Valley Marketplace,Oro Valley,America/Phoenix,Heart of the Beast,2026-09-27 12:40,2026-09-27,https://www.cinemark.com/TicketSeatMap/?cinemarkMovieId=110451&linkedShowtimeId=0&showtime=2026-09-27T12%3A40%3A00&showtimeId=366872&theaterId=1037,2026-09-27T02:44:17.432637+00:00
2026-09-25,Cinemark Century Oro Valley Marketplace,Oro Valley,America/Phoenix,Forgotten Island,2026-09-27 12:50,2026-09-27,https://www.cinemark.com/TicketSeatMap/?cinemarkMovieId=109838&linkedShowtimeId=0&showtime=2026-09-27T12%3A50%3A00&showtimeId=366111&theaterId=1037,2026-09-27T02:44:17.432637+00:00
2026-09-25,Cinemark Century Oro Valley Marketplace,Oro Valley,America/Phoenix,Primetime,2026-09-27 11:00,2026-09-27,https://www.cinemark.com/TicketSeatMap/?cinemarkMovieId=111245&linkedShowtimeId=0&showtime=2026-09-27T11%3A00%3A00&showtimeId=366875&theaterId=1037,2026-09-27T02:44:17.432637+00:00
2026-09-25,Cinemark Century Oro Valley Marketplace,Oro Valley,America/Phoenix,Heart of the Beast,2026-09-27 10:00,2026-09-27,https://www.cinemark.com/TicketSeatMap/?cinemarkMovieId=110451&linkedShowtimeId=0&showtime=2026-09-27T10%3A00%3A00&showtimeId=366871&theaterId=1037,2026-09-27T02:44:17.432637+00:00
2026-09-25,Cinemark Century Oro Valley Marketplace,Oro Valley,America/Phoenix,Heart of the Beast,2026-09-27 10:55,2026-09-27,https://www.cinemark.com/TicketSeatMap/?cinemarkMovieId=110451&linkedShowtimeId=0&showtime=2026-09-27T10%3A55%3A00&showtimeId=365645&theaterId=1037,2026-09-27T02:44:17.432637+00:00
2026-09-25,Cinemark Century Oro Valley Marketplace,Oro Valley,America/Phoenix,Forgotten Island,2026-09-27 10:05,2026-09-27,https://www.cinemark.com/TicketSeatMap/?cinemarkMovieId=109838&linkedShowtimeId=0&showtime=2026-09-27T10%3A05%3A00&showtimeId=366112&theaterId=1037,2026-09-27T02:44:17.432637+00:00
2026-09-25,Cinemark Century Oro Valley Marketplace,Oro Valley,America/Phoenix,Forgotten Island,2026-09-27 10:40,2026-09-27,https://www.cinemark.com/TicketSeatMap/?cinemarkMovieId=109838&linkedShowtimeId=0&showtime=2026-09-27T10%3A40%3A00&showtimeId=366867&theaterId=1037,2026-09-27T02:44:17.432637+00:00
2026-09-25,Cinemark Century Oro Valley Marketplace,Oro Valley,America/Phoenix,Primetime,2026-09-27 10:15,2026-09-27,https://www.cinemark.com/TicketSeatMap/?cinemarkMovieId=111245&linkedShowtimeId=0&showtime=2026-09-27T10%3A15%3A00&showtimeId=366407&theaterId=1037,2026-09-27T02:44:17.432637+00:00
2026-09-25,Cinemark Century Sandy Union Heights 16,Midvale,America/Denver,Heart of the Beast,2026-09-27 19:20,2026-09-27,https://www.cinemark.com/TicketSeatMap/?cinemarkMovieId=110451&linkedShowtimeId=0&showtime=2026-09-27T19%3A20%3A00&showtimeId=542601&theaterId=487,2026-09-27T02:44:17.432637+00:00
2026-09-25,Cinemark Century Sandy Union Heights 16,Midvale,America/Denver,Forgotten Island,2026-09-27 19:00,2026-09-27,https://www.cinemark.com/TicketSeatMap/?cinemarkMovieId=109838&linkedShowtimeId=0&showtime=2026-09-27T19%3A00%3A00&showtimeId=543234&theaterId=487,2026-09-27T02:44:17.432637+00:00
2026-09-25,Cinemark Century Sandy Union Heights 16,Midvale,America/Denver,Heart of the Beast,2026-09-27 18:10,2026-09-27,https://www.cinemark.com/TicketSeatMap/?cinemarkMovieId=110451&linkedShowtimeId=0&showtime=2026-09-27T18%3A10%3A00&showtimeId=544431&theaterId=487,2026-09-27T02:44:17.432637+00:00
2026-09-25,Cinemark Century Sandy Union Heights 16,Midvale,America/Denver,Heart of the Beast,2026-09-27 20:50,2026-09-27,https://www.cinemark.com/TicketSeatMap/?cinemarkMovieId=110451&linkedShowtimeId=0&showtime=2026-09-27T20%3A50%3A00&showtimeId=544429&theaterId=487,2026-09-27T02:44:17.432637+00:00
2026-09-25,Cinemark Century Sandy Union Heights 16,Midvale,America/Denver,Forgotten Island,2026-09-27 18:00,2026-09-27,https://www.cinemark.com/TicketSeatMap/?cinemarkMovieId=109838&linkedShowtimeId=0&showtime=2026-09-27T18%3A00%3A00&showtimeId=543240&theaterId=487,2026-09-27T02:44:17.432637+00:00
2026-09-25,Cinemark Century Sandy Union Heights 16,Midvale,America/Denver,Forgotten Island,2026-09-27 20:45,2026-09-27,https://www.cinemark.com/TicketSeatMap/?cinemarkMovieId=109838&linkedShowtimeId=0&showtime=2026-09-27T20%3A45%3A00&showtimeId=543241&theaterId=487,2026-09-27T02:44:17.432637+00:00
2026-09-25,Cinemark Century Sandy Union Heights 16,Midvale,America/Denver,Primetime,2026-09-27 18:40,2026-09-27,https://www.cinemark.com/TicketSeatMap/?cinemarkMovieId=111245&linkedShowtimeId=0&showtime=2026-09-27T18%3A40%3A00&showtimeId=543069&theaterId=487,2026-09-27T02:44:17.432637+00:00
2026-09-25,Cinemark Century Sandy Union Heights 16,Midvale,America/Denver,Primetime,2026-09-27 20:00,2026-09-27,https://www.cinemark.com/TicketSeatMap/?cinemarkMovieId=111245&linkedShowtimeId=0&showtime=2026-09-27T20%3A00%3A00&showtimeId=544423&theaterId=487,2026-09-27T02:44:17.432637+00:00
2026-09-25,Cinemark Century Sandy Union Heights 16,Midvale,America/Denver,Forgotten Island,2026-09-26 21:45,2026-09-26,https://www.cinemark.com/TicketSeatMap/?cinemarkMovieId=109838&linkedShowtimeId=0&showtime=2026-09-26T21%3A45%3A00&showtimeId=543204&theaterId=487,2026-09-27T02:44:17.432637+00:00
2026-09-25,Cinemark Century Sandy Union Heights 16,Midvale,America/Denver,Primetime,2026-09-26 21:30,2026-09-26,https://www.cinemark.com/TicketSeatMap/?cinemarkMovieId=111245&linkedShowtimeId=0&showtime=2026-09-26T21%3A30%3A00&showtimeId=543065&theaterId=487,2026-09-27T02:44:17.432637+00:00
2026-09-25,Cinemark Century Sandy Union Heights 16,Midvale,America/Denver,Forgotten Island,2026-09-27 21:45,2026-09-27,https://www.cinemark.com/TicketSeatMap/?cinemarkMovieId=109838&linkedShowtimeId=0&showtime=2026-09-27T21%3A45%3A00&showtimeId=543235&theaterId=487,2026-09-27T02:44:17.432637+00:00
2026-09-25,Cinemark Century Sandy Union Heights 16,Midvale,America/Denver,Primetime,2026-09-27 17:10,2026-09-27,https://www.cinemark.com/TicketSeatMap/?cinemarkMovieId=111245&linkedShowtimeId=0&showtime=2026-09-27T17%3A10%3A00&showtimeId=544424&theaterId=487,2026-09-27T02:44:17.432637+00:00
2026-09-25,Cinemark Century Sandy Union Heights 16,Midvale,America/Denver,Primetime,2026-09-27 21:30,2026-09-27,https://www.cinemark.com/TicketSeatMap/?cinemarkMovieId=111245&linkedShowtimeId=0&showtime=2026-09-27T21%3A30%3A00&showtimeId=543070&theaterId=487,2026-09-27T02:44:17.432637+00:00
2026-09-25,Cinemark Century Sandy Union Heights 16,Midvale,America/Denver,Heart of the Beast,2026-09-26 22:00,2026-09-26,https://www.cinemark.com/TicketSeatMap/?cinemarkMovieId=110451&linkedShowtimeId=0&showtime=2026-09-26T22%3A00%3A00&showtimeId=542607&theaterId=487,2026-09-27T02:44:17.432637+00:00
2026-09-25,Cinemark Century Sandy Union Heights 16,Midvale,America/Denver,Primetime,2026-09-26 22:35,2026-09-26,https://www.cinemark.com/TicketSeatMap/?cinemarkMovieId=111245&linkedShowtimeId=0&showtime=2026-09-26T22%3A35%3A00&showtimeId=544375&theaterId=487,2026-09-27T02:44:17.432637+00:00
2026-09-25,Cinemark Century Sandy Union Heights 16,Midvale,America/Denver,Heart of the Beast,2026-09-27 16:40,2026-09-27,https://www.cinemark.com/TicketSeatMap/?cinemarkMovieId=110451&linkedShowtimeId=0&showtime=2026-09-27T16%3A40%3A00&showtimeId=542600&theaterId=487,2026-09-27T02:44:17.432637+00:00
2026-09-25,Cinemark Century Sandy Union Heights 16,Midvale,America/Denver,Heart of the Beast,2026-09-27 22:00,2026-09-27,https://www.cinemark.com/TicketSeatMap/?cinemarkMovieId=110451&linkedShowtimeId=0&showtime=2026-09-27T22%3A00%3A00&showtimeId=542602&theaterId=487,2026-09-27T02:44:17.432637+00:00
2026-09-25,Cinemark Century Sandy Union Heights 16,Midvale,America/Denver,Forgotten Island,2026-09-27 16:15,2026-09-27,https://www.cinemark.com/TicketSeatMap/?cinemarkMovieId=109838&linkedShowtimeId=0&showtime=2026-09-27T16%3A15%3A00&showtimeId=543236&theaterId=487,2026-09-27T02:44:17.432637+00:00
2026-09-25,Cinemark Century Sandy Union Heights 16,Midvale,America/Denver,Heart of the Beast,2026-09-27 15:30,2026-09-27,https://www.cinemark.com/TicketSeatMap/?cinemarkMovieId=110451&linkedShowtimeId=0&showtime=2026-09-27T15%3A30%3A00&showtimeId=544427&theaterId=487,2026-09-27T02:44:17.432637+00:00
2026-09-25,Cinemark Century Sandy Union Heights 16,Midvale,America/Denver,Forgotten Island,2026-09-27 15:15,2026-09-27,https://www.cinemark.com/TicketSeatMap/?cinemarkMovieId=109838&linkedShowtimeId=0&showtime=2026-09-27T15%3A15%3A00&showtimeId=543239&theaterId=487,2026-09-27T02:44:17.432637+00:00
2026-09-25,Cinemark Century Sandy Union Heights 16,Midvale,America/Denver,Primetime,2026-09-27 15:50,2026-09-27,https://www.cinemark.com/TicketSeatMap/?cinemarkMovieId=111245&linkedShowtimeId=0&showtime=2026-09-27T15%3A50%3A00&showtimeId=543068&theaterId=487,2026-09-27T02:44:17.432637+00:00
2026-09-25,Cinemark Century Sandy Union Heights 16,Midvale,America/Denver,Heart of the Beast,2026-09-27 14:00,2026-09-27,https://www.cinemark.com/TicketSeatMap/?cinemarkMovieId=110451&linkedShowtimeId=0&showtime=2026-09-27T14%3A00%3A00&showtimeId=542599&theaterId=487,2026-09-27T02:44:17.432637+00:00
2026-09-25,Cinemark Century Sandy Union Heights 16,Midvale,America/Denver,Primetime,2026-09-27 14:15,2026-09-27,https://www.cinemark.com/TicketSeatMap/?cinemarkMovieId=111245&linkedShowtimeId=0&showtime=2026-09-27T14%3A15%3A00&showtimeId=544425&theaterId=487,2026-09-27T02:44:17.432637+00:00
2026-09-25,Cinemark Century Sandy Union Heights 16,Midvale,America/Denver,Forgotten Island,2026-09-27 13:30,2026-09-27,https://www.cinemark.com/TicketSeatMap/?cinemarkMovieId=109838&linkedShowtimeId=0&showtime=2026-09-27T13%3A30%3A00&showtimeId=543233&theaterId=487,2026-09-27T02:44:17.432637+00:00
2026-09-25,Cinemark Century Sandy Union Heights 16,Midvale,America/Denver,Primetime,2026-09-27 13:00,2026-09-27,https://www.cinemark.com/TicketSeatMap/?cinemarkMovieId=111245&linkedShowtimeId=0&showtime=2026-09-27T13%3A00%3A00&showtimeId=543067&theaterId=487,2026-09-27T02:44:17.432637+00:00
2026-09-25,Cinemark Century Sandy Union Heights 16,Midvale,America/Denver,Heart of the Beast,2026-09-27 12:50,2026-09-27,https://www.cinemark.com/TicketSeatMap/?cinemarkMovieId=110451&linkedShowtimeId=0&showtime=2026-09-27T12%3A50%3A00&showtimeId=544428&theaterId=487,2026-09-27T02:44:17.432637+00:00
2026-09-25,Cinemark Century Sandy Union Heights 16,Midvale,America/Denver,Forgotten Island,2026-09-27 12:30,2026-09-27,https://www.cinemark.com/TicketSeatMap/?cinemarkMovieId=109838&linkedShowtimeId=0&showtime=2026-09-27T12%3A30%3A00&showtimeId=543238&theaterId=487,2026-09-27T02:44:17.432637+00:00
2026-09-25,Cinemark Century Sandy Union Heights 16,Midvale,America/Denver,Heart of the Beast,2026-09-27 11:20,2026-09-27,https://www.cinemark.com/TicketSeatMap/?cinemarkMovieId=110451&linkedShowtimeId=0&showtime=2026-09-27T11%3A20%3A00&showtimeId=542603&theaterId=487,2026-09-27T02:44:17.432637+00:00
2026-09-25,Cinemark Century Sandy Union Heights 16,Midvale,America/Denver,Primetime,2026-09-27 11:25,2026-09-27,https://www.cinemark.com/TicketSeatMap/?cinemarkMovieId=111245&linkedShowtimeId=0&showtime=2026-09-27T11%3A25%3A00&showtimeId=544426&theaterId=487,2026-09-27T02:44:17.432637+00:00
2026-09-25,Cinemark Century Sandy Union Heights 16,Midvale,America/Denver,Heart of the Beast,2026-09-27 10:05,2026-09-27,https://www.cinemark.com/TicketSeatMap/?cinemarkMovieId=110451&linkedShowtimeId=0&showtime=2026-09-27T10%3A05%3A00&showtimeId=544430&theaterId=487,2026-09-27T02:44:17.432637+00:00
2026-09-25,Cinemark Century Sandy Union Heights 16,Midvale,America/Denver,Forgotten Island,2026-09-27 10:45,2026-09-27,https://www.cinemark.com/TicketSeatMap/?cinemarkMovieId=109838&linkedShowtimeId=0&showtime=2026-09-27T10%3A45%3A00&showtimeId=543232&theaterId=487,2026-09-27T02:44:17.432637+00:00
2026-09-25,Cinemark Century Sandy Union Heights 16,Midvale,America/Denver,Primetime,2026-09-27 10:10,2026-09-27,https://www.cinemark.com/TicketSeatMap/?cinemarkMovieId=111245&linkedShowtimeId=0&showtime=2026-09-27T10%3A10%3A00&showtimeId=543071&theaterId=487,2026-09-27T02:44:17.432637+00:00
2026-09-25,Cinemark Century Sandy Union Heights 16,Midvale,America/Denver,Heart of the Beast,2026-09-27 09:30,2026-09-27,https://www.cinemark.com/TicketSeatMap/?cinemarkMovieId=110451&linkedShowtimeId=0&showtime=2026-09-27T09%3A30%3A00&showtimeId=544390&theaterId=487,2026-09-27T02:44:17.432637+00:00
2026-09-25,Cinemark Century Sandy Union Heights 16,Midvale,America/Denver,Forgotten Island,2026-09-27 09:45,2026-09-27,https://www.cinemark.com/TicketSeatMap/?cinemarkMovieId=109838&linkedShowtimeId=0&showtime=2026-09-27T09%3A45%3A00&showtimeId=543237&theaterId=487,2026-09-27T02:44:17.432637+00:00
2026-09-25,Cinemark Strongsville At Southpark Mall,Strongsville,America/New_York,Heart of the Beast,2026-09-27 19:30,2026-09-27,https://www.cinemark.com/TicketSeatMap/?cinemarkMovieId=110451&linkedShowtimeId=0&showtime=2026-09-27T19%3A30%3A00&showtimeId=479361&theaterId=383,2026-09-27T02:44:17.432637+00:00
2026-09-25,Cinemark Strongsville At Southpark Mall,Strongsville,America/New_York,Primetime,2026-09-27 19:20,2026-09-27,https://www.cinemark.com/TicketSeatMap/?cinemarkMovieId=111245&linkedShowtimeId=0&showtime=2026-09-27T19%3A20%3A00&showtimeId=479751&theaterId=383,2026-09-27T02:44:17.432637+00:00
2026-09-25,Cinemark Strongsville At Southpark Mall,Strongsville,America/New_York,Heart of the Beast,2026-09-27 20:00,2026-09-27,https://www.cinemark.com/TicketSeatMap/?cinemarkMovieId=110451&linkedShowtimeId=0&showtime=2026-09-27T20%3A00%3A00&showtimeId=481585&theaterId=383,2026-09-27T02:44:17.432637+00:00
2026-09-25,Cinemark Strongsville At Southpark Mall,Strongsville,America/New_York,Forgotten Island,2026-09-27 18:00,2026-09-27,https://www.cinemark.com/TicketSeatMap/?cinemarkMovieId=109838&linkedShowtimeId=0&showtime=2026-09-27T18%3A00%3A00&showtimeId=481919&theaterId=383,2026-09-27T02:44:17.432637+00:00
2026-09-25,Cinemark Strongsville At Southpark Mall,Strongsville,America/New_York,Forgotten Island,2026-09-27 18:50,2026-09-27,https://www.cinemark.com/TicketSeatMap/?cinemarkMovieId=109838&linkedShowtimeId=0&showtime=2026-09-27T18%3A50%3A00&showtimeId=480328&theaterId=383,2026-09-27T02:44:17.432637+00:00
2026-09-25,Cinemark Strongsville At Southpark Mall,Strongsville,America/New_York,Primetime,2026-09-27 18:40,2026-09-27,https://www.cinemark.com/TicketSeatMap/?cinemarkMovieId=111245&linkedShowtimeId=0&showtime=2026-09-27T18%3A40%3A00&showtimeId=481581&theaterId=383,2026-09-27T02:44:17.432637+00:00
2026-09-25,Cinemark Strongsville At Southpark Mall,Strongsville,America/New_York,Heart of the Beast,2026-09-27 17:05,2026-09-27,https://www.cinemark.com/TicketSeatMap/?cinemarkMovieId=110451&linkedShowtimeId=0&showtime=2026-09-27T17%3A05%3A00&showtimeId=479362&theaterId=383,2026-09-27T02:44:17.432637+00:00
2026-09-25,Cinemark Strongsville At Southpark Mall,Strongsville,America/New_York,Heart of the Beast,2026-09-27 17:25,2026-09-27,https://www.cinemark.com/TicketSeatMap/?cinemarkMovieId=110451&linkedShowtimeId=0&showtime=2026-09-27T17%3A25%3A00&showtimeId=481587&theaterId=383,2026-09-27T02:44:17.432637+00:00
2026-09-25,Cinemark Strongsville At Southpark Mall,Strongsville,America/New_York,Forgotten Island,2026-09-27 21:35,2026-09-27,https://www.cinemark.com/TicketSeatMap/?cinemarkMovieId=109838&linkedShowtimeId=0&showtime=2026-09-27T21%3A35%3A00&showtimeId=480331&theaterId=383,2026-09-27T02:44:17.432637+00:00
2026-09-25,Cinemark Strongsville At Southpark Mall,Strongsville,America/New_York,Heart of the Beast,2026-09-27 22:05,2026-09-27,https://www.cinemark.com/TicketSeatMap/?cinemarkMovieId=110451&linkedShowtimeId=0&showtime=2026-09-27T22%3A05%3A00&showtimeId=479365&theaterId=383,2026-09-27T02:44:17.432637+00:00
2026-09-25,Cinemark Strongsville At Southpark Mall,Strongsville,America/New_York,Forgotten Island,2026-09-27 16:05,2026-09-27,https://www.cinemark.com/TicketSeatMap/?cinemarkMovieId=109838&linkedShowtimeId=0&showtime=2026-09-27T16%3A05%3A00&showtimeId=480329&theaterId=383,2026-09-27T02:44:17.432637+00:00
2026-09-25,Cinemark Strongsville At Southpark Mall,Strongsville,America/New_York,Forgotten Island,2026-09-27 22:15,2026-09-27,https://www.cinemark.com/TicketSeatMap/?cinemarkMovieId=109838&linkedShowtimeId=0&showtime=2026-09-27T22%3A15%3A00&showtimeId=481588&theaterId=383,2026-09-27T02:44:17.432637+00:00
2026-09-25,Cinemark Strongsville At Southpark Mall,Strongsville,America/New_York,Primetime,2026-09-27 16:10,2026-09-27,https://www.cinemark.com/TicketSeatMap/?cinemarkMovieId=111245&linkedShowtimeId=0&showtime=2026-09-27T16%3A10%3A00&showtimeId=479752&theaterId=383,2026-09-27T02:44:17.432637+00:00
2026-09-25,Cinemark Strongsville At Southpark Mall,Strongsville,America/New_York,Primetime,2026-09-27 22:10,2026-09-27,https://www.cinemark.com/TicketSeatMap/?cinemarkMovieId=111245&linkedShowtimeId=0&showtime=2026-09-27T22%3A10%3A00&showtimeId=479755&theaterId=383,2026-09-27T02:44:17.432637+00:00
2026-09-25,Cinemark Strongsville At Southpark Mall,Strongsville,America/New_York,Heart of the Beast,2026-09-26 23:45,2026-09-26,https://www.cinemark.com/TicketSeatMap/?cinemarkMovieId=110451&linkedShowtimeId=0&showtime=2026-09-26T23%3A45%3A00&showtimeId=481628&theaterId=383,2026-09-27T02:44:17.432637+00:00
2026-09-25,Cinemark Strongsville At Southpark Mall,Strongsville,America/New_York,Forgotten Island,2026-09-26 23:10,2026-09-26,https://www.cinemark.com/TicketSeatMap/?cinemarkMovieId=109838&linkedShowtimeId=0&showtime=2026-09-26T23%3A10%3A00&showtimeId=480326&theaterId=383,2026-09-27T02:44:17.432637+00:00
2026-09-25,Cinemark Strongsville At Southpark Mall,Strongsville,America/New_York,Primetime,2026-09-26 23:30,2026-09-26,https://www.cinemark.com/TicketSeatMap/?cinemarkMovieId=111245&linkedShowtimeId=0&showtime=2026-09-26T23%3A30%3A00&showtimeId=481624&theaterId=383,2026-09-27T02:44:17.432637+00:00
2026-09-25,Cinemark Strongsville At Southpark Mall,Strongsville,America/New_York,Heart of the Beast,2026-09-27 15:55,2026-09-27,https://www.cinemark.com/TicketSeatMap/?cinemarkMovieId=110451&linkedShowtimeId=0&showtime=2026-09-27T15%3A55%3A00&showtimeId=481583&theaterId=383,2026-09-27T02:44:17.432637+00:00
2026-09-25,Cinemark Strongsville At Southpark Mall,Strongsville,America/New_York,Forgotten Island,2026-09-27 15:40,2026-09-27,https://www.cinemark.com/TicketSeatMap/?cinemarkMovieId=109838&linkedShowtimeId=0&showtime=2026-09-27T15%3A40%3A00&showtimeId=481554&theaterId=383,2026-09-27T02:44:17.432637+00:00
2026-09-25,Cinemark Strongsville At Southpark Mall,Strongsville,America/New_York,Heart of the Beast,2026-09-27 14:30,2026-09-27,https://www.cinemark.com/TicketSeatMap/?cinemarkMovieId=110451&linkedShowtimeId=0&showtime=2026-09-27T14%3A30%3A00&showtimeId=479363&theaterId=383,2026-09-27T02:44:17.432637+00:00
2026-09-25,Cinemark Strongsville At Southpark Mall,Strongsville,America/New_York,Forgotten Island,2026-09-27 13:15,2026-09-27,https://www.cinemark.com/TicketSeatMap/?cinemarkMovieId=109838&linkedShowtimeId=0&showtime=2026-09-27T13%3A15%3A00&showtimeId=480327&theaterId=383,2026-09-27T02:44:17.432637+00:00
2026-09-25,Cinemark Strongsville At Southpark Mall,Strongsville,America/New_York,Primetime,2026-09-27 13:00,2026-09-27,https://www.cinemark.com/TicketSeatMap/?cinemarkMovieId=111245&linkedShowtimeId=0&showtime=2026-09-27T13%3A00%3A00&showtimeId=479754&theaterId=383,2026-09-27T02:44:17.432637+00:00
2026-09-25,Cinemark Strongsville At Southpark Mall,Strongsville,America/New_York,Primetime,2026-09-27 13:25,2026-09-27,https://www.cinemark.com/TicketSeatMap/?cinemarkMovieId=111245&linkedShowtimeId=0&showtime=2026-09-27T13%3A25%3A00&showtimeId=479753&theaterId=383,2026-09-27T02:44:17.432637+00:00
2026-09-25,Cinemark Strongsville At Southpark Mall,Strongsville,America/New_York,Heart of the Beast,2026-09-27 12:15,2026-09-27,https://www.cinemark.com/TicketSeatMap/?cinemarkMovieId=110451&linkedShowtimeId=0&showtime=2026-09-27T12%3A15%3A00&showtimeId=481584&theaterId=383,2026-09-27T02:44:17.432637+00:00
2026-09-25,Cinemark Strongsville At Southpark Mall,Strongsville,America/New_York,Forgotten Island,2026-09-27 12:55,2026-09-27,https://www.cinemark.com/TicketSeatMap/?cinemarkMovieId=109838&linkedShowtimeId=0&showtime=2026-09-27T12%3A55%3A00&showtimeId=481589&theaterId=383,2026-09-27T02:44:17.432637+00:00
2026-09-25,Cinemark Strongsville At Southpark Mall,Strongsville,America/New_York,Primetime,2026-09-27 12:10,2026-09-27,https://www.cinemark.com/TicketSeatMap/?cinemarkMovieId=111245&linkedShowtimeId=0&showtime=2026-09-27T12%3A10%3A00&showtimeId=481580&theaterId=383,2026-09-27T02:44:17.432637+00:00
2026-09-25,Cinemark Strongsville At Southpark Mall,Strongsville,America/New_York,Heart of the Beast,2026-09-27 11:55,2026-09-27,https://www.cinemark.com/TicketSeatMap/?cinemarkMovieId=110451&linkedShowtimeId=0&showtime=2026-09-27T11%3A55%3A00&showtimeId=479364&theaterId=383,2026-09-27T02:44:17.432637+00:00
2026-09-25,Cinemark Strongsville At Southpark Mall,Strongsville,America/New_York,Forgotten Island,2026-09-27 10:10,2026-09-27,https://www.cinemark.com/TicketSeatMap/?cinemarkMovieId=109838&linkedShowtimeId=0&showtime=2026-09-27T10%3A10%3A00&showtimeId=481590&theaterId=383,2026-09-27T02:44:17.432637+00:00
2026-09-25,Cinemark Strongsville At Southpark Mall,Strongsville,America/New_York,Forgotten Island,2026-09-27 10:25,2026-09-27,https://www.cinemark.com/TicketSeatMap/?cinemarkMovieId=109838&linkedShowtimeId=0&showtime=2026-09-27T10%3A25%3A00&showtimeId=480330&theaterId=383,2026-09-27T02:44:17.432637+00:00
2026-09-25,Cinemark Strongsville At Southpark Mall,Strongsville,America/New_York,Primetime,2026-09-27 10:15,2026-09-27,https://www.cinemark.com/TicketSeatMap/?cinemarkMovieId=111245&linkedShowtimeId=0&showtime=2026-09-27T10%3A15%3A00&showtimeId=481578&theaterId=383,2026-09-27T02:44:17.432637+00:00
2026-09-25,Cinemark Strongsville At Southpark Mall,Strongsville,America/New_York,Heart of the Beast,2026-09-27 09:20,2026-09-27,https://www.cinemark.com/TicketSeatMap/?cinemarkMovieId=110451&linkedShowtimeId=0&showtime=2026-09-27T09%3A20%3A00&showtimeId=479366&theaterId=383,2026-09-27T02:44:17.432637+00:00
2026-09-25,Cinemark Strongsville At Southpark Mall,Strongsville,America/New_York,Heart of the Beast,2026-09-27 09:40,2026-09-27,https://www.cinemark.com/TicketSeatMap/?cinemarkMovieId=110451&linkedShowtimeId=0&showtime=2026-09-27T09%3A40%3A00&showtimeId=481586&theaterId=383,2026-09-27T02:44:17.432637+00:00
2026-09-25,Cinemark Strongsville At Southpark Mall,Strongsville,America/New_York,Primetime,2026-09-27 09:20,2026-09-27,https://www.cinemark.com/TicketSeatMap/?cinemarkMovieId=111245&linkedShowtimeId=0&showtime=2026-09-27T09%3A20%3A00&showtimeId=481582&theaterId=383,2026-09-27T02:44:17.432637+00:00
2026-09-25,Cinemark Century Anchorage 16 And Xd,Anchorage,America/Anchorage,Heart of the Beast,2026-09-27 19:00,2026-09-27,https://www.cinemark.com/TicketSeatMap/?cinemarkMovieId=110451&linkedShowtimeId=0&showtime=2026-09-27T19%3A00%3A00&showtimeId=550346&theaterId=433,2026-09-27T02:44:17.432637+00:00
2026-09-25,Cinemark Century Anchorage 16 And Xd,Anchorage,America/Anchorage,Heart of the Beast,2026-09-27 19:50,2026-09-27,https://www.cinemark.com/TicketSeatMap/?cinemarkMovieId=110451&linkedShowtimeId=0&showtime=2026-09-27T19%3A50%3A00&showtimeId=547844&theaterId=433,2026-09-27T02:44:17.432637+00:00
2026-09-25,Cinemark Century Anchorage 16 And Xd,Anchorage,America/Anchorage,Primetime,2026-09-27 19:20,2026-09-27,https://www.cinemark.com/TicketSeatMap/?cinemarkMovieId=111245&linkedShowtimeId=0&showtime=2026-09-27T19%3A20%3A00&showtimeId=548370&theaterId=433,2026-09-27T02:44:17.432637+00:00
2026-09-25,Cinemark Century Anchorage 16 And Xd,Anchorage,America/Anchorage,Forgotten Island,2026-09-27 18:55,2026-09-27,https://www.cinemark.com/TicketSeatMap/?cinemarkMovieId=109838&linkedShowtimeId=0&showtime=2026-09-27T18%3A55%3A00&showtimeId=550332&theaterId=433,2026-09-27T02:44:17.432637+00:00
2026-09-25,Cinemark Century Anchorage 16 And Xd,Anchorage,America/Anchorage,Forgotten Island,2026-09-27 20:00,2026-09-27,https://www.cinemark.com/TicketSeatMap/?cinemarkMovieId=109838&linkedShowtimeId=0&showtime=2026-09-27T20%3A00%3A00&showtimeId=548970&theaterId=433,2026-09-27T02:44:17.432637+00:00
2026-09-25,Cinemark Century Anchorage 16 And Xd,Anchorage,America/Anchorage,Primetime,2026-09-27 20:25,2026-09-27,https://www.cinemark.com/TicketSeatMap/?cinemarkMovieId=111245&linkedShowtimeId=0&showtime=2026-09-27T20%3A25%3A00&showtimeId=550383&theaterId=433,2026-09-27T02:44:17.432637+00:00
2026-09-25,Cinemark Century Anchorage 16 And Xd,Anchorage,America/Anchorage,Heart of the Beast,2026-09-27 17:10,2026-09-27,https://www.cinemark.com/TicketSeatMap/?cinemarkMovieId=110451&linkedShowtimeId=0&showtime=2026-09-27T17%3A10%3A00&showtimeId=547843&theaterId=433,2026-09-27T02:44:17.432637+00:00
2026-09-25,Cinemark Century Anchorage 16 And Xd,Anchorage,America/Anchorage,Heart of the Beast,2026-09-27 21:40,2026-09-27,https://www.cinemark.com/TicketSeatMap/?cinemarkMovieId=110451&linkedShowtimeId=0&showtime=2026-09-27T21%3A40%3A00&showtimeId=550347&theaterId=433,2026-09-27T02:44:17.432637+00:00
2026-09-25,Cinemark Century Anchorage 16 And Xd,Anchorage,America/Anchorage,Forgotten Island,2026-09-27 17:15,2026-09-27,https://www.cinemark.com/TicketSeatMap/?cinemarkMovieId=109838&linkedShowtimeId=0&showtime=2026-09-27T17%3A15%3A00&showtimeId=548969&theaterId=433,2026-09-27T02:44:17.432637+00:00
2026-09-25,Cinemark Century Anchorage 16 And Xd,Anchorage,America/Anchorage,Forgotten Island,2026-09-27 17:35,2026-09-27,https://www.cinemark.com/TicketSeatMap/?cinemarkMovieId=109838&linkedShowtimeId=0&showtime=2026-09-27T17%3A35%3A00&showtimeId=550551&theaterId=433,2026-09-27T02:44:17.432637+00:00
2026-09-25,Cinemark Century Anchorage 16 And Xd,Anchorage,America/Anchorage,Forgotten Island,2026-09-27 21:40,2026-09-27,https://www.cinemark.com/TicketSeatMap/?cinemarkMovieId=109838&linkedShowtimeId=0&showtime=2026-09-27T21%3A40%3A00&showtimeId=550333&theaterId=433,2026-09-27T02:44:17.432637+00:00
2026-09-25,Cinemark Century Anchorage 16 And Xd,Anchorage,America/Anchorage,Primetime,2026-09-27 17:40,2026-09-27,https://www.cinemark.com/TicketSeatMap/?cinemarkMovieId=111245&linkedShowtimeId=0&showtime=2026-09-27T17%3A40%3A00&showtimeId=550382&theaterId=433,2026-09-27T02:44:17.432637+00:00
2026-09-25,Cinemark Century Anchorage 16 And Xd,Anchorage,America/Anchorage,Heart of the Beast,2026-09-27 22:30,2026-09-27,https://www.cinemark.com/TicketSeatMap/?cinemarkMovieId=110451&linkedShowtimeId=0&showtime=2026-09-27T22%3A30%3A00&showtimeId=547845&theaterId=433,2026-09-27T02:44:17.432637+00:00
2026-09-25,Cinemark Century Anchorage 16 And Xd,Anchorage,America/Anchorage,Forgotten Island,2026-09-27 16:10,2026-09-27,https://www.cinemark.com/TicketSeatMap/?cinemarkMovieId=109838&linkedShowtimeId=0&showtime=2026-09-27T16%3A10%3A00&showtimeId=550331&theaterId=433,2026-09-27T02:44:17.432637+00:00
2026-09-25,Cinemark Century Anchorage 16 And Xd,Anchorage,America/Anchorage,Forgotten Island,2026-09-27 22:45,2026-09-27,https://www.cinemark.com/TicketSeatMap/?cinemarkMovieId=109838&linkedShowtimeId=0&showtime=2026-09-27T22%3A45%3A00&showtimeId=548971&theaterId=433,2026-09-27T02:44:17.432637+00:00
2026-09-25,Cinemark Century Anchorage 16 And Xd,Anchorage,America/Anchorage,Primetime,2026-09-27 16:35,2026-09-27,https://www.cinemark.com/TicketSeatMap/?cinemarkMovieId=111245&linkedShowtimeId=0&showtime=2026-09-27T16%3A35%3A00&showtimeId=548369&theaterId=433,2026-09-27T02:44:17.432637+00:00
2026-09-25,Cinemark Century Anchorage 16 And Xd,Anchorage,America/Anchorage,Primetime,2026-09-27 22:05,2026-09-27,https://www.cinemark.com/TicketSeatMap/?cinemarkMovieId=111245&linkedShowtimeId=0&showtime=2026-09-27T22%3A05%3A00&showtimeId=548371&theaterId=433,2026-09-27T02:44:17.432637+00:00
2026-09-25,Cinemark Century Anchorage 16 And Xd,Anchorage,America/Anchorage,Primetime,2026-09-27 23:10,2026-09-27,https://www.cinemark.com/TicketSeatMap/?cinemarkMovieId=111245&linkedShowtimeId=0&showtime=2026-09-27T23%3A10%3A00&showtimeId=550378&theaterId=433,2026-09-27T02:44:17.432637+00:00
2026-09-25,Cinemark Century Anchorage 16 And Xd,Anchorage,America/Anchorage,Heart of the Beast,2026-09-27 14:30,2026-09-27,https://www.cinemark.com/TicketSeatMap/?cinemarkMovieId=110451&linkedShowtimeId=0&showtime=2026-09-27T14%3A30%3A00&showtimeId=547842&theaterId=433,2026-09-27T02:44:17.432637+00:00
2026-09-25,Cinemark Century Anchorage 16 And Xd,Anchorage,America/Anchorage,Forgotten Island,2026-09-27 14:30,2026-09-27,https://www.cinemark.com/TicketSeatMap/?cinemarkMovieId=109838&linkedShowtimeId=0&showtime=2026-09-27T14%3A30%3A00&showtimeId=548968&theaterId=433,2026-09-27T02:44:17.432637+00:00
2026-09-25,Cinemark Century Anchorage 16 And Xd,Anchorage,America/Anchorage,Primetime,2026-09-27 14:40,2026-09-27,https://www.cinemark.com/TicketSeatMap/?cinemarkMovieId=111245&linkedShowtimeId=0&showtime=2026-09-27T14%3A40%3A00&showtimeId=550381&theaterId=433,2026-09-27T02:44:17.432637+00:00
2026-09-25,Cinemark Century Anchorage 16 And Xd,Anchorage,America/Anchorage,Heart of the Beast,2026-09-27 13:15,2026-09-27,https://www.cinemark.com/TicketSeatMap/?cinemarkMovieId=110451&linkedShowtimeId=0&showtime=2026-09-27T13%3A15%3A00&showtimeId=550345&theaterId=433,2026-09-27T02:44:17.432637+00:00
2026-09-25,Cinemark Century Anchorage 16 And Xd,Anchorage,America/Anchorage,Forgotten Island,2026-09-27 13:25,2026-09-27,https://www.cinemark.com/TicketSeatMap/?cinemarkMovieId=109838&linkedShowtimeId=0&showtime=2026-09-27T13%3A25%3A00&showtimeId=550330&theaterId=433,2026-09-27T02:44:17.432637+00:00
2026-09-25,Cinemark Century Anchorage 16 And Xd,Anchorage,America/Anchorage,Primetime,2026-09-27 13:50,2026-09-27,https://www.cinemark.com/TicketSeatMap/?cinemarkMovieId=111245&linkedShowtimeId=0&showtime=2026-09-27T13%3A50%3A00&showtimeId=548368&theaterId=433,2026-09-27T02:44:17.432637+00:00
2026-09-25,Cinemark Century Anchorage 16 And Xd,Anchorage,America/Anchorage,Heart of the Beast,2026-09-27 12:20,2026-09-27,https://www.cinemark.com/TicketSeatMap/?cinemarkMovieId=110451&linkedShowtimeId=0&showtime=2026-09-27T12%3A20%3A00&showtimeId=550005&theaterId=433,2026-09-27T02:44:17.432637+00:00
2026-09-25,Cinemark Century Anchorage 16 And Xd,Anchorage,America/Anchorage,Heart of the Beast,2026-09-27 11:50,2026-09-27,https://www.cinemark.com/TicketSeatMap/?cinemarkMovieId=110451&linkedShowtimeId=0&showtime=2026-09-27T11%3A50%3A00&showtimeId=547841&theaterId=433,2026-09-27T02:44:17.432637+00:00
2026-09-25,Cinemark Century Anchorage 16 And Xd,Anchorage,America/Anchorage,Forgotten Island,2026-09-27 11:45,2026-09-27,https://www.cinemark.com/TicketSeatMap/?cinemarkMovieId=109838&linkedShowtimeId=0&showtime=2026-09-27T11%3A45%3A00&showtimeId=548972&theaterId=433,2026-09-27T02:44:17.432637+00:00
2026-09-25,Cinemark Century Anchorage 16 And Xd,Anchorage,America/Anchorage,Primetime,2026-09-27 11:05,2026-09-27,https://www.cinemark.com/TicketSeatMap/?cinemarkMovieId=111245&linkedShowtimeId=0&showtime=2026-09-27T11%3A05%3A00&showtimeId=548367&theaterId=433,2026-09-27T02:44:17.432637+00:00
2026-09-25,Cinemark Century Anchorage 16 And Xd,Anchorage,America/Anchorage,Primetime,2026-09-27 11:55,2026-09-27,https://www.cinemark.com/TicketSeatMap/?cinemarkMovieId=111245&linkedShowtimeId=0&showtime=2026-09-27T11%3A55%3A00&showtimeId=550380&theaterId=433,2026-09-27T02:44:17.432637+00:00
2026-09-25,Cinemark Century Anchorage 16 And Xd,Anchorage,America/Anchorage,Heart of the Beast,2026-09-27 10:35,2026-09-27,https://www.cinemark.com/TicketSeatMap/?cinemarkMovieId=110451&linkedShowtimeId=0&showtime=2026-09-27T10%3A35%3A00&showtimeId=550344&theaterId=433,2026-09-27T02:44:17.432637+00:00
2026-09-25,Cinemark Century Anchorage 16 And Xd,Anchorage,America/Anchorage,Forgotten Island,2026-09-27 10:40,2026-09-27,https://www.cinemark.com/TicketSeatMap/?cinemarkMovieId=109838&linkedShowtimeId=0&showtime=2026-09-27T10%3A40%3A00&showtimeId=550334&theaterId=433,2026-09-27T02:44:17.432637+00:00
2026-09-25,Cinemark Century Anchorage 16 And Xd,Anchorage,America/Anchorage,Heart of the Beast,2026-09-27 09:40,2026-09-27,https://www.cinemark.com/TicketSeatMap/?cinemarkMovieId=110451&linkedShowtimeId=0&showtime=2026-09-27T09%3A40%3A00&showtimeId=550006&theaterId=433,2026-09-27T02:44:17.432637+00:00
2026-09-25,Cinemark Century Anchorage 16 And Xd,Anchorage,America/Anchorage,Heart of the Beast,2026-09-27 09:10,2026-09-27,https://www.cinemark.com/TicketSeatMap/?cinemarkMovieId=110451&linkedShowtimeId=0&showtime=2026-09-27T09%3A10%3A00&showtimeId=547840&theaterId=433,2026-09-27T02:44:17.432637+00:00
2026-09-25,Cinemark Century Anchorage 16 And Xd,Anchorage,America/Anchorage,Forgotten Island,2026-09-27 09:25,2026-09-27,https://www.cinemark.com/TicketSeatMap/?cinemarkMovieId=109838&linkedShowtimeId=0&showtime=2026-09-27T09%3A25%3A00&showtimeId=550355&theaterId=433,2026-09-27T02:44:17.432637+00:00
2026-09-25,Cinemark Century Anchorage 16 And Xd,Anchorage,America/Anchorage,Primetime,2026-09-27 09:10,2026-09-27,https://www.cinemark.com/TicketSeatMap/?cinemarkMovieId=111245&linkedShowtimeId=0&showtime=2026-09-27T09%3A10%3A00&showtimeId=550379&theaterId=433,2026-09-27T02:44:17.432637+00:00
2026-09-25,Cinemark Denton 14,Denton,America/Chicago,Heart of the Beast,2026-09-27 19:40,2026-09-27,https://www.cinemark.com/TicketSeatMap/?cinemarkMovieId=110451&linkedShowtimeId=485367&showtime=2026-09-27T19%3A40%3A00&showtimeId=485373&theaterId=359,2026-09-27T02:44:17.432637+00:00
2026-09-25,Cinemark Denton 14,Denton,America/Chicago,Primetime,2026-09-27 19:45,2026-09-27,https://www.cinemark.com/TicketSeatMap/?cinemarkMovieId=111245&linkedShowtimeId=0&showtime=2026-09-27T19%3A45%3A00&showtimeId=485323&theaterId=359,2026-09-27T02:44:17.432637+00:00
2026-09-25,Cinemark Denton 14,Denton,America/Chicago,Heart of the Beast,2026-09-27 18:50,2026-09-27,https://www.cinemark.com/TicketSeatMap/?cinemarkMovieId=110451&linkedShowtimeId=0&showtime=2026-09-27T18%3A50%3A00&showtimeId=487693&theaterId=359,2026-09-27T02:44:17.432637+00:00
2026-09-25,Cinemark Denton 14,Denton,America/Chicago,Forgotten Island,2026-09-27 18:45,2026-09-27,https://www.cinemark.com/TicketSeatMap/?cinemarkMovieId=109838&linkedShowtimeId=486249&showtime=2026-09-27T18%3A45%3A00&showtimeId=486243&theaterId=359,2026-09-27T02:44:17.432637+00:00
2026-09-25,Cinemark Denton 14,Denton,America/Chicago,Primetime,2026-09-27 18:10,2026-09-27,https://www.cinemark.com/TicketSeatMap/?cinemarkMovieId=111245&linkedShowtimeId=0&showtime=2026-09-27T18%3A10%3A00&showtimeId=487688&theaterId=359,2026-09-27T02:44:17.432637+00:00
2026-09-25,Cinemark Denton 14,Denton,America/Chicago,Heart of the Beast,2026-09-27 17:00,2026-09-27,https://www.cinemark.com/TicketSeatMap/?cinemarkMovieId=110451&linkedShowtimeId=485366&showtime=2026-09-27T17%3A00%3A00&showtimeId=485372&theaterId=359,2026-09-27T02:44:17.432637+00:00
2026-09-25,Cinemark Denton 14,Denton,America/Chicago,Heart of the Beast,2026-09-27 21:55,2026-09-27,https://www.cinemark.com/TicketSeatMap/?cinemarkMovieId=110451&linkedShowtimeId=0&showtime=2026-09-27T21%3A55%3A00&showtimeId=487691&theaterId=359,2026-09-27T02:44:17.432637+00:00
2026-09-25,Cinemark Denton 14,Denton,America/Chicago,Forgotten Island,2026-09-27 21:40,2026-09-27,https://www.cinemark.com/TicketSeatMap/?cinemarkMovieId=109838&linkedShowtimeId=0&showtime=2026-09-27T21%3A40%3A00&showtimeId=486246&theaterId=359,2026-09-27T02:44:17.432637+00:00
2026-09-25,Cinemark Denton 14,Denton,America/Chicago,Primetime,2026-09-27 17:05,2026-09-27,https://www.cinemark.com/TicketSeatMap/?cinemarkMovieId=111245&linkedShowtimeId=0&showtime=2026-09-27T17%3A05%3A00&showtimeId=485322&theaterId=359,2026-09-27T02:44:17.432637+00:00
2026-09-25,Cinemark Denton 14,Denton,America/Chicago,Primetime,2026-09-27 21:00,2026-09-27,https://www.cinemark.com/TicketSeatMap/?cinemarkMovieId=111245&linkedShowtimeId=0&showtime=2026-09-27T21%3A00%3A00&showtimeId=487686&theaterId=359,2026-09-27T02:44:17.432637+00:00
2026-09-25,Cinemark Denton 14,Denton,America/Chicago,Heart of the Beast,2026-09-26 22:20,2026-09-26,https://www.cinemark.com/TicketSeatMap/?cinemarkMovieId=110451&linkedShowtimeId=485356&showtime=2026-09-26T22%3A20%3A00&showtimeId=485362&theaterId=359,2026-09-27T02:44:17.432637+00:00
2026-09-25,Cinemark Denton 14,Denton,America/Chicago,Forgotten Island,2026-09-26 22:40,2026-09-26,https://www.cinemark.com/TicketSeatMap/?cinemarkMovieId=109838&linkedShowtimeId=486260&showtime=2026-09-26T22%3A40%3A00&showtimeId=486256&theaterId=359,2026-09-27T02:44:17.432637+00:00
2026-09-25,Cinemark Denton 14,Denton,America/Chicago,Primetime,2026-09-26 22:35,2026-09-26,https://www.cinemark.com/TicketSeatMap/?cinemarkMovieId=111245&linkedShowtimeId=0&showtime=2026-09-26T22%3A35%3A00&showtimeId=485318&theaterId=359,2026-09-27T02:44:17.432637+00:00
2026-09-25,Cinemark Denton 14,Denton,America/Chicago,Heart of the Beast,2026-09-27 22:20,2026-09-27,https://www.cinemark.com/TicketSeatMap/?cinemarkMovieId=110451&linkedShowtimeId=485368&showtime=2026-09-27T22%3A20%3A00&showtimeId=485374&theaterId=359,2026-09-27T02:44:17.432637+00:00
2026-09-25,Cinemark Denton 14,Denton,America/Chicago,Heart of the Beast,2026-09-27 16:05,2026-09-27,https://www.cinemark.com/TicketSeatMap/?cinemarkMovieId=110451&linkedShowtimeId=0&showtime=2026-09-27T16%3A05%3A00&showtimeId=487692&theaterId=359,2026-09-27T02:44:17.432637+00:00
2026-09-25,Cinemark Denton 14,Denton,America/Chicago,Forgotten Island,2026-09-27 16:50,2026-09-27,https://www.cinemark.com/TicketSeatMap/?cinemarkMovieId=109838&linkedShowtimeId=0&showtime=2026-09-27T16%3A50%3A00&showtimeId=487703&theaterId=359,2026-09-27T02:44:17.432637+00:00
2026-09-25,Cinemark Denton 14,Denton,America/Chicago,Primetime,2026-09-27 16:35,2026-09-27,https://www.cinemark.com/TicketSeatMap/?cinemarkMovieId=111245&linkedShowtimeId=0&showtime=2026-09-27T16%3A35%3A00&showtimeId=487687&theaterId=359,2026-09-27T02:44:17.432637+00:00
2026-09-25,Cinemark Denton 14,Denton,America/Chicago,Primetime,2026-09-27 22:30,2026-09-27,https://www.cinemark.com/TicketSeatMap/?cinemarkMovieId=111245&linkedShowtimeId=0&showtime=2026-09-27T22%3A30%3A00&showtimeId=485324&theaterId=359,2026-09-27T02:44:17.432637+00:00
2026-09-25,Cinemark Denton 14,Denton,America/Chicago,Primetime,2026-09-26 23:25,2026-09-26,https://www.cinemark.com/TicketSeatMap/?cinemarkMovieId=111245&linkedShowtimeId=0&showtime=2026-09-26T23%3A25%3A00&showtimeId=487643&theaterId=359,2026-09-27T02:44:17.432637+00:00
2026-09-25,Cinemark Denton 14,Denton,America/Chicago,Forgotten Island,2026-09-27 15:55,2026-09-27,https://www.cinemark.com/TicketSeatMap/?cinemarkMovieId=109838&linkedShowtimeId=486242&showtime=2026-09-27T15%3A55%3A00&showtimeId=486241&theaterId=359,2026-09-27T02:44:17.432637+00:00
2026-09-25,Cinemark Denton 14,Denton,America/Chicago,Heart of the Beast,2026-09-27 14:15,2026-09-27,https://www.cinemark.com/TicketSeatMap/?cinemarkMovieId=110451&linkedShowtimeId=485365&showtime=2026-09-27T14%3A15%3A00&showtimeId=485371&theaterId=359,2026-09-27T02:44:17.432637+00:00
2026-09-25,Cinemark Denton 14,Denton,America/Chicago,Primetime,2026-09-27 14:20,2026-09-27,https://www.cinemark.com/TicketSeatMap/?cinemarkMovieId=111245&linkedShowtimeId=0&showtime=2026-09-27T14%3A20%3A00&showtimeId=485321&theaterId=359,2026-09-27T02:44:17.432637+00:00
2026-09-25,Cinemark Denton 14,Denton,America/Chicago,Heart of the Beast,2026-09-27 13:20,2026-09-27,https://www.cinemark.com/TicketSeatMap/?cinemarkMovieId=110451&linkedShowtimeId=0&showtime=2026-09-27T13%3A20%3A00&showtimeId=487690&theaterId=359,2026-09-27T02:44:17.432637+00:00
2026-09-25,Cinemark Denton 14,Denton,America/Chicago,Forgotten Island,2026-09-27 13:10,2026-09-27,https://www.cinemark.com/TicketSeatMap/?cinemarkMovieId=109838&linkedShowtimeId=486248&showtime=2026-09-27T13%3A10%3A00&showtimeId=486244&theaterId=359,2026-09-27T02:44:17.432637+00:00
2026-09-25,Cinemark Denton 14,Denton,America/Chicago,Primetime,2026-09-27 13:15,2026-09-27,https://www.cinemark.com/TicketSeatMap/?cinemarkMovieId=111245&linkedShowtimeId=0&showtime=2026-09-27T13%3A15%3A00&showtimeId=487685&theaterId=359,2026-09-27T02:44:17.432637+00:00
2026-09-25,Cinemark Denton 14,Denton,America/Chicago,Forgotten Island,2026-09-27 12:45,2026-09-27,https://www.cinemark.com/TicketSeatMap/?cinemarkMovieId=109838&linkedShowtimeId=0&showtime=2026-09-27T12%3A45%3A00&showtimeId=487672&theaterId=359,2026-09-27T02:44:17.432637+00:00
2026-09-25,Cinemark Denton 14,Denton,America/Chicago,Heart of the Beast,2026-09-27 11:40,2026-09-27,https://www.cinemark.com/TicketSeatMap/?cinemarkMovieId=110451&linkedShowtimeId=485364&showtime=2026-09-27T11%3A40%3A00&showtimeId=485370&theaterId=359,2026-09-27T02:44:17.432637+00:00
2026-09-25,Cinemark Denton 14,Denton,America/Chicago,Forgotten Island,2026-09-27 11:30,2026-09-27,https://www.cinemark.com/TicketSeatMap/?cinemarkMovieId=109838&linkedShowtimeId=0&showtime=2026-09-27T11%3A30%3A00&showtimeId=487701&theaterId=359,2026-09-27T02:44:17.432637+00:00
2026-09-25,Cinemark Denton 14,Denton,America/Chicago,Primetime,2026-09-27 11:35,2026-09-27,https://www.cinemark.com/TicketSeatMap/?cinemarkMovieId=111245&linkedShowtimeId=0&showtime=2026-09-27T11%3A35%3A00&showtimeId=485320&theaterId=359,2026-09-27T02:44:17.432637+00:00
2026-09-25,Cinemark Denton 14,Denton,America/Chicago,Heart of the Beast,2026-09-27 10:00,2026-09-27,https://www.cinemark.com/TicketSeatMap/?cinemarkMovieId=110451&linkedShowtimeId=0&showtime=2026-09-27T10%3A00%3A00&showtimeId=487689&theaterId=359,2026-09-27T02:44:17.432637+00:00
2026-09-25,Cinemark Denton 14,Denton,America/Chicago,Forgotten Island,2026-09-27 10:25,2026-09-27,https://www.cinemark.com/TicketSeatMap/?cinemarkMovieId=109838&linkedShowtimeId=486247&showtime=2026-09-27T10%3A25%3A00&showtimeId=486245&theaterId=359,2026-09-27T02:44:17.432637+00:00
2026-09-25,Cinemark Denton 14,Denton,America/Chicago,Heart of the Beast,2026-09-27 09:05,2026-09-27,https://www.cinemark.com/TicketSeatMap/?cinemarkMovieId=110451&linkedShowtimeId=485363&showtime=2026-09-27T09%3A05%3A00&showtimeId=485369&theaterId=359,2026-09-27T02:44:17.432637+00:00
2026-09-25,Cinemark Denton 14,Denton,America/Chicago,Forgotten Island,2026-09-27 08:50,2026-09-27,https://www.cinemark.com/TicketSeatMap/?cinemarkMovieId=109838&linkedShowtimeId=0&showtime=2026-09-27T08%3A50%3A00&showtimeId=487702&theaterId=359,2026-09-27T02:44:17.432637+00:00
2026-09-25,Cinemark Denton 14,Denton,America/Chicago,Primetime,2026-09-27 08:50,2026-09-27,https://www.cinemark.com/TicketSeatMap/?cinemarkMovieId=111245&linkedShowtimeId=0&showtime=2026-09-27T08%3A50%3A00&showtimeId=485319&theaterId=359,2026-09-27T02:44:17.432637+00:00
2026-09-25,Cinemark South Bend And Screenx,Mishawaka,America/New_York,Heart of the Beast,2026-09-26 23:20,2026-09-26,https://www.cinemark.com/TicketSeatMap/?cinemarkMovieId=110451&linkedShowtimeId=0&showtime=2026-09-26T23%3A20%3A00&showtimeId=440673&theaterId=194,2026-09-27T02:44:17.432637+00:00
2026-09-25,Cinemark South Bend And Screenx,Mishawaka,America/New_York,Heart of the Beast,2026-09-26 23:55,2026-09-26,https://www.cinemark.com/TicketSeatMap/?cinemarkMovieId=110451&linkedShowtimeId=0&showtime=2026-09-26T23%3A55%3A00&showtimeId=443032&theaterId=194,2026-09-27T02:44:17.432637+00:00
2026-09-25,Cinemark South Bend And Screenx,Mishawaka,America/New_York,Primetime,2026-09-26 23:10,2026-09-26,https://www.cinemark.com/TicketSeatMap/?cinemarkMovieId=111245&linkedShowtimeId=0&showtime=2026-09-26T23%3A10%3A00&showtimeId=441218&theaterId=194,2026-09-27T02:44:17.432637+00:00
2026-09-25,Cinemark College Station And Xd,College Station,America/Chicago,Heart of the Beast,2026-09-26 22:20,2026-09-26,https://www.cinemark.com/TicketSeatMap/?cinemarkMovieId=110451&linkedShowtimeId=0&showtime=2026-09-26T22%3A20%3A00&showtimeId=633067&theaterId=182,2026-09-27T02:44:17.432637+00:00
2026-09-25,Cinemark College Station And Xd,College Station,America/Chicago,Forgotten Island,2026-09-26 22:55,2026-09-26,https://www.cinemark.com/TicketSeatMap/?cinemarkMovieId=109838&linkedShowtimeId=0&showtime=2026-09-26T22%3A55%3A00&showtimeId=634203&theaterId=182,2026-09-27T02:44:17.432637+00:00
2026-09-25,Cinemark College Station And Xd,College Station,America/Chicago,Primetime,2026-09-26 22:30,2026-09-26,https://www.cinemark.com/TicketSeatMap/?cinemarkMovieId=111245&linkedShowtimeId=0&showtime=2026-09-26T22%3A30%3A00&showtimeId=636322&theaterId=182,2026-09-27T02:44:17.432637+00:00
2026-09-25,Cinemark College Station And Xd,College Station,America/Chicago,Primetime,2026-09-26 22:50,2026-09-26,https://www.cinemark.com/TicketSeatMap/?cinemarkMovieId=111245&linkedShowtimeId=0&showtime=2026-09-26T22%3A50%3A00&showtimeId=633344&theaterId=182,2026-09-27T02:44:17.432637+00:00
2026-09-25,Cinemark College Station And Xd,College Station,America/Chicago,Heart of the Beast,2026-09-26 23:00,2026-09-26,https://www.cinemark.com/TicketSeatMap/?cinemarkMovieId=110451&linkedShowtimeId=0&showtime=2026-09-26T23%3A00%3A00&showtimeId=636031&theaterId=182,2026-09-27T02:44:17.432637+00:00
2026-09-25,Cinemark College Station And Xd,College Station,America/Chicago,Primetime,2026-09-26 23:45,2026-09-26,https://www.cinemark.com/TicketSeatMap/?cinemarkMovieId=111245&linkedShowtimeId=0&showtime=2026-09-26T23%3A45%3A00&showtimeId=636060&theaterId=182,2026-09-27T02:44:17.432637+00:00
2026-09-25,Cinemark College Station And Xd,College Station,America/Chicago,Heart of the Beast,2026-09-27 00:05,2026-09-27,https://www.cinemark.com/TicketSeatMap/?cinemarkMovieId=110451&linkedShowtimeId=0&showtime=2026-09-27T00%3A05%3A00&showtimeId=636042&theaterId=182,2026-09-27T02:44:17.432637+00:00
2026-09-25,Cinemark North East Mall 18 And Xd,Hurst,America/Chicago,Heart of the Beast,2026-09-26 22:30,2026-09-26,https://www.cinemark.com/TicketSeatMap/?cinemarkMovieId=110451&linkedShowtimeId=466453&showtime=2026-09-26T22%3A30%3A00&showtimeId=466458&theaterId=1112,2026-09-27T02:44:17.432637+00:00
2026-09-25,Cinemark North East Mall 18 And Xd,Hurst,America/Chicago,Forgotten Island,2026-09-26 22:15,2026-09-26,https://www.cinemark.com/TicketSeatMap/?cinemarkMovieId=109838&linkedShowtimeId=0&showtime=2026-09-26T22%3A15%3A00&showtimeId=467255&theaterId=1112,2026-09-27T02:44:17.432637+00:00
2026-09-25,Cinemark North East Mall 18 And Xd,Hurst,America/Chicago,Primetime,2026-09-26 23:00,2026-09-26,https://www.cinemark.com/TicketSeatMap/?cinemarkMovieId=111245&linkedShowtimeId=0&showtime=2026-09-26T23%3A00%3A00&showtimeId=466616&theaterId=1112,2026-09-27T02:44:17.432637+00:00
2026-09-25,Cinemark North East Mall 18 And Xd,Hurst,America/Chicago,Primetime,2026-09-27 00:00,2026-09-27,https://www.cinemark.com/TicketSeatMap/?cinemarkMovieId=111245&linkedShowtimeId=0&showtime=2026-09-27T00%3A00%3A00&showtimeId=469141&theaterId=1112,2026-09-27T02:44:17.432637+00:00
2026-09-25,Cinemark Century Huntington Beach And Xd,Huntington Beach,America/Los_Angeles,Heart of the Beast,2026-09-27 19:05,2026-09-27,https://www.cinemark.com/TicketSeatMap/?cinemarkMovieId=110451&linkedShowtimeId=738434&showtime=2026-09-27T19%3A05%3A00&showtimeId=738474&theaterId=482,2026-09-27T02:44:17.432637+00:00
2026-09-25,Cinemark Century Huntington Beach And Xd,Huntington Beach,America/Los_Angeles,Primetime,2026-09-27 19:15,2026-09-27,https://www.cinemark.com/TicketSeatMap/?cinemarkMovieId=111245&linkedShowtimeId=0&showtime=2026-09-27T19%3A15%3A00&showtimeId=738423&theaterId=482,2026-09-27T02:44:17.432637+00:00
2026-09-25,Cinemark Century Huntington Beach And Xd,Huntington Beach,America/Los_Angeles,Heart of the Beast,2026-09-26 20:20,2026-09-26,https://www.cinemark.com/TicketSeatMap/?cinemarkMovieId=110451&linkedShowtimeId=734550&showtime=2026-09-26T20%3A20%3A00&showtimeId=734558&theaterId=482,2026-09-27T02:44:17.432637+00:00
2026-09-25,Cinemark Century Huntington Beach And Xd,Huntington Beach,America/Los_Angeles,Forgotten Island,2026-09-26 20:25,2026-09-26,https://www.cinemark.com/TicketSeatMap/?cinemarkMovieId=109838&linkedShowtimeId=735862&showtime=2026-09-26T20%3A25%3A00&showtimeId=735867&theaterId=482,2026-09-27T02:44:17.432637+00:00
2026-09-25,Cinemark Century Huntington Beach And Xd,Huntington Beach,America/Los_Angeles,Primetime,2026-09-26 20:45,2026-09-26,https://www.cinemark.com/TicketSeatMap/?cinemarkMovieId=111245&linkedShowtimeId=0&showtime=2026-09-26T20%3A45%3A00&showtimeId=734569&theaterId=482,2026-09-27T02:44:17.432637+00:00
2026-09-25,Cinemark Century Huntington Beach And Xd,Huntington Beach,America/Los_Angeles,Primetime,2026-09-26 20:45,2026-09-26,https://www.cinemark.com/TicketSeatMap/?cinemarkMovieId=111245&linkedShowtimeId=0&showtime=2026-09-26T20%3A45%3A00&showtimeId=738989&theaterId=482,2026-09-27T02:44:17.432637+00:00
2026-09-25,Cinemark Century Huntington Beach And Xd,Huntington Beach,America/Los_Angeles,Heart of the Beast,2026-09-27 20:20,2026-09-27,https://www.cinemark.com/TicketSeatMap/?cinemarkMovieId=110451&linkedShowtimeId=734579&showtime=2026-09-27T20%3A20%3A00&showtimeId=734587&theaterId=482,2026-09-27T02:44:17.432637+00:00
2026-09-25,Cinemark Century Huntington Beach And Xd,Huntington Beach,America/Los_Angeles,Forgotten Island,2026-09-27 20:10,2026-09-27,https://www.cinemark.com/TicketSeatMap/?cinemarkMovieId=109838&linkedShowtimeId=735876&showtime=2026-09-27T20%3A10%3A00&showtimeId=735882&theaterId=482,2026-09-27T02:44:17.432637+00:00
2026-09-25,Cinemark Century Huntington Beach And Xd,Huntington Beach,America/Los_Angeles,Primetime,2026-09-27 20:15,2026-09-27,https://www.cinemark.com/TicketSeatMap/?cinemarkMovieId=111245&linkedShowtimeId=0&showtime=2026-09-27T20%3A15%3A00&showtimeId=734599&theaterId=482,2026-09-27T02:44:17.432637+00:00
2026-09-25,Cinemark Century Huntington Beach And Xd,Huntington Beach,America/Los_Angeles,Heart of the Beast,2026-09-26 21:40,2026-09-26,https://www.cinemark.com/TicketSeatMap/?cinemarkMovieId=110451&linkedShowtimeId=0&showtime=2026-09-26T21%3A40%3A00&showtimeId=738335&theaterId=482,2026-09-27T02:44:17.432637+00:00
2026-09-25,Cinemark Century Huntington Beach And Xd,Huntington Beach,America/Los_Angeles,Heart of the Beast,2026-09-27 17:45,2026-09-27,https://www.cinemark.com/TicketSeatMap/?cinemarkMovieId=110451&linkedShowtimeId=734578&showtime=2026-09-27T17%3A45%3A00&showtimeId=734586&theaterId=482,2026-09-27T02:44:17.432637+00:00
2026-09-25,Cinemark Century Huntington Beach And Xd,Huntington Beach,America/Los_Angeles,Heart of the Beast,2026-09-27 21:35,2026-09-27,https://www.cinemark.com/TicketSeatMap/?cinemarkMovieId=110451&linkedShowtimeId=738436&showtime=2026-09-27T21%3A35%3A00&showtimeId=738472&theaterId=482,2026-09-27T02:44:17.432637+00:00
2026-09-25,Cinemark Century Huntington Beach And Xd,Huntington Beach,America/Los_Angeles,Forgotten Island,2026-09-27 17:25,2026-09-27,https://www.cinemark.com/TicketSeatMap/?cinemarkMovieId=109838&linkedShowtimeId=735875&showtime=2026-09-27T17%3A25%3A00&showtimeId=735881&theaterId=482,2026-09-27T02:44:17.432637+00:00
2026-09-25,Cinemark Century Huntington Beach And Xd,Huntington Beach,America/Los_Angeles,Primetime,2026-09-27 17:15,2026-09-27,https://www.cinemark.com/TicketSeatMap/?cinemarkMovieId=111245&linkedShowtimeId=0&showtime=2026-09-27T17%3A15%3A00&showtimeId=734598&theaterId=482,2026-09-27T02:44:17.432637+00:00
2026-09-25,Cinemark Century Huntington Beach And Xd,Huntington Beach,America/Los_Angeles,Heart of the Beast,2026-09-26 22:55,2026-09-26,https://www.cinemark.com/TicketSeatMap/?cinemarkMovieId=110451&linkedShowtimeId=734551&showtime=2026-09-26T22%3A55%3A00&showtimeId=734559&theaterId=482,2026-09-27T02:44:17.432637+00:00
2026-09-25,Cinemark Century Huntington Beach And Xd,Huntington Beach,America/Los_Angeles,Primetime,2026-09-26 22:10,2026-09-26,https://www.cinemark.com/TicketSeatMap/?cinemarkMovieId=111245&linkedShowtimeId=0&showtime=2026-09-26T22%3A10%3A00&showtimeId=738273&theaterId=482,2026-09-27T02:44:17.432637+00:00
2026-09-25,Cinemark Century Huntington Beach And Xd,Huntington Beach,America/Los_Angeles,Heart of the Beast,2026-09-27 16:30,2026-09-27,https://www.cinemark.com/TicketSeatMap/?cinemarkMovieId=110451&linkedShowtimeId=738435&showtime=2026-09-27T16%3A30%3A00&showtimeId=738476&theaterId=482,2026-09-27T02:44:17.432637+00:00
2026-09-25,Cinemark Century Huntington Beach And Xd,Huntington Beach,America/Los_Angeles,Heart of the Beast,2026-09-27 22:55,2026-09-27,https://www.cinemark.com/TicketSeatMap/?cinemarkMovieId=110451&linkedShowtimeId=734580&showtime=2026-09-27T22%3A55%3A00&showtimeId=734588&theaterId=482,2026-09-27T02:44:17.432637+00:00
2026-09-25,Cinemark Century Huntington Beach And Xd,Huntington Beach,America/Los_Angeles,Forgotten Island,2026-09-27 16:00,2026-09-27,https://www.cinemark.com/TicketSeatMap/?cinemarkMovieId=109838&linkedShowtimeId=0&showtime=2026-09-27T16%3A00%3A00&showtimeId=735871&theaterId=482,2026-09-27T02:44:17.432637+00:00
2026-09-25,Cinemark Century Huntington Beach And Xd,Huntington Beach,America/Los_Angeles,Forgotten Island,2026-09-27 22:50,2026-09-27,https://www.cinemark.com/TicketSeatMap/?cinemarkMovieId=109838&linkedShowtimeId=735877&showtime=2026-09-27T22%3A50%3A00&showtimeId=735883&theaterId=482,2026-09-27T02:44:17.432637+00:00
2026-09-25,Cinemark Century Huntington Beach And Xd,Huntington Beach,America/Los_Angeles,Primetime,2026-09-27 16:35,2026-09-27,https://www.cinemark.com/TicketSeatMap/?cinemarkMovieId=111245&linkedShowtimeId=0&showtime=2026-09-27T16%3A35%3A00&showtimeId=738419&theaterId=482,2026-09-27T02:44:17.432637+00:00
2026-09-25,Cinemark Century Huntington Beach And Xd,Huntington Beach,America/Los_Angeles,Primetime,2026-09-27 22:05,2026-09-27,https://www.cinemark.com/TicketSeatMap/?cinemarkMovieId=111245&linkedShowtimeId=0&showtime=2026-09-27T22%3A05%3A00&showtimeId=734600&theaterId=482,2026-09-27T02:44:17.432637+00:00
2026-09-25,Cinemark Century Huntington Beach And Xd,Huntington Beach,America/Los_Angeles,Forgotten Island,2026-09-26 23:10,2026-09-26,https://www.cinemark.com/TicketSeatMap/?cinemarkMovieId=109838&linkedShowtimeId=735861&showtime=2026-09-26T23%3A10%3A00&showtimeId=735868&theaterId=482,2026-09-27T02:44:17.432637+00:00
2026-09-25,Cinemark Century Huntington Beach And Xd,Huntington Beach,America/Los_Angeles,Primetime,2026-09-26 23:30,2026-09-26,https://www.cinemark.com/TicketSeatMap/?cinemarkMovieId=111245&linkedShowtimeId=0&showtime=2026-09-26T23%3A30%3A00&showtimeId=734570&theaterId=482,2026-09-27T02:44:17.432637+00:00
2026-09-25,Cinemark Century Huntington Beach And Xd,Huntington Beach,America/Los_Angeles,Primetime,2026-09-26 23:30,2026-09-26,https://www.cinemark.com/TicketSeatMap/?cinemarkMovieId=111245&linkedShowtimeId=0&showtime=2026-09-26T23%3A30%3A00&showtimeId=738990&theaterId=482,2026-09-27T02:44:17.432637+00:00
2026-09-25,Cinemark Century Huntington Beach And Xd,Huntington Beach,America/Los_Angeles,Heart of the Beast,2026-09-27 15:25,2026-09-27,https://www.cinemark.com/TicketSeatMap/?cinemarkMovieId=110451&linkedShowtimeId=738070&showtime=2026-09-27T15%3A25%3A00&showtimeId=738067&theaterId=482,2026-09-27T02:44:17.432637+00:00
2026-09-25,Cinemark Century Huntington Beach And Xd,Huntington Beach,America/Los_Angeles,Heart of the Beast,2026-09-27 15:10,2026-09-27,https://www.cinemark.com/TicketSeatMap/?cinemarkMovieId=110451&linkedShowtimeId=734577&showtime=2026-09-27T15%3A10%3A00&showtimeId=734585&theaterId=482,2026-09-27T02:44:17.432637+00:00
2026-09-25,Cinemark Century Huntington Beach And Xd,Huntington Beach,America/Los_Angeles,Primetime,2026-09-27 23:00,2026-09-27,https://www.cinemark.com/TicketSeatMap/?cinemarkMovieId=111245&linkedShowtimeId=0&showtime=2026-09-27T23%3A00%3A00&showtimeId=738421&theaterId=482,2026-09-27T02:44:17.432637+00:00
2026-09-25,Cinemark Century Huntington Beach And Xd,Huntington Beach,America/Los_Angeles,Forgotten Island,2026-09-27 14:45,2026-09-27,https://www.cinemark.com/TicketSeatMap/?cinemarkMovieId=109838&linkedShowtimeId=735874&showtime=2026-09-27T14%3A45%3A00&showtimeId=735880&theaterId=482,2026-09-27T02:44:17.432637+00:00
2026-09-25,Cinemark Century Huntington Beach And Xd,Huntington Beach,America/Los_Angeles,Primetime,2026-09-27 14:30,2026-09-27,https://www.cinemark.com/TicketSeatMap/?cinemarkMovieId=111245&linkedShowtimeId=0&showtime=2026-09-27T14%3A30%3A00&showtimeId=734597&theaterId=482,2026-09-27T02:44:17.432637+00:00
2026-09-25,Cinemark Century Huntington Beach And Xd,Huntington Beach,America/Los_Angeles,Heart of the Beast,2026-09-27 13:40,2026-09-27,https://www.cinemark.com/TicketSeatMap/?cinemarkMovieId=110451&linkedShowtimeId=0&showtime=2026-09-27T13%3A40%3A00&showtimeId=738473&theaterId=482,2026-09-27T02:44:17.432637+00:00
2026-09-25,Cinemark Century Huntington Beach And Xd,Huntington Beach,America/Los_Angeles,Forgotten Island,2026-09-27 13:15,2026-09-27,https://www.cinemark.com/TicketSeatMap/?cinemarkMovieId=109838&linkedShowtimeId=0&showtime=2026-09-27T13%3A15%3A00&showtimeId=738471&theaterId=482,2026-09-27T02:44:17.432637+00:00
2026-09-25,Cinemark Century Huntington Beach And Xd,Huntington Beach,America/Los_Angeles,Primetime,2026-09-27 13:55,2026-09-27,https://www.cinemark.com/TicketSeatMap/?cinemarkMovieId=111245&linkedShowtimeId=0&showtime=2026-09-27T13%3A55%3A00&showtimeId=738422&theaterId=482,2026-09-27T02:44:17.432637+00:00
2026-09-25,Cinemark Century Huntington Beach And Xd,Huntington Beach,America/Los_Angeles,Heart of the Beast,2026-09-27 12:35,2026-09-27,https://www.cinemark.com/TicketSeatMap/?cinemarkMovieId=110451&linkedShowtimeId=734576&showtime=2026-09-27T12%3A35%3A00&showtimeId=734584&theaterId=482,2026-09-27T02:44:17.432637+00:00
2026-09-25,Cinemark Century Huntington Beach And Xd,Huntington Beach,America/Los_Angeles,Forgotten Island,2026-09-27 12:45,2026-09-27,https://www.cinemark.com/TicketSeatMap/?cinemarkMovieId=109838&linkedShowtimeId=738073&showtime=2026-09-27T12%3A45%3A00&showtimeId=738062&theaterId=482,2026-09-27T02:44:17.432637+00:00
2026-09-25,Cinemark Century Huntington Beach And Xd,Huntington Beach,America/Los_Angeles,Forgotten Island,2026-09-27 12:05,2026-09-27,https://www.cinemark.com/TicketSeatMap/?cinemarkMovieId=109838&linkedShowtimeId=735873&showtime=2026-09-27T12%3A05%3A00&showtimeId=735879&theaterId=482,2026-09-27T02:44:17.432637+00:00
2026-09-25,Cinemark Century Huntington Beach And Xd,Huntington Beach,America/Los_Angeles,Heart of the Beast,2026-09-27 11:40,2026-09-27,https://www.cinemark.com/TicketSeatMap/?cinemarkMovieId=110451&linkedShowtimeId=738071&showtime=2026-09-27T11%3A40%3A00&showtimeId=738068&theaterId=482,2026-09-27T02:44:17.432637+00:00
2026-09-25,Cinemark Century Huntington Beach And Xd,Huntington Beach,America/Los_Angeles,Heart of the Beast,2026-09-27 11:05,2026-09-27,https://www.cinemark.com/TicketSeatMap/?cinemarkMovieId=110451&linkedShowtimeId=0&showtime=2026-09-27T11%3A05%3A00&showtimeId=738475&theaterId=482,2026-09-27T02:44:17.432637+00:00
2026-09-25,Cinemark Century Huntington Beach And Xd,Huntington Beach,America/Los_Angeles,Primetime,2026-09-27 11:15,2026-09-27,https://www.cinemark.com/TicketSeatMap/?cinemarkMovieId=111245&linkedShowtimeId=0&showtime=2026-09-27T11%3A15%3A00&showtimeId=738420&theaterId=482,2026-09-27T02:44:17.432637+00:00
2026-09-25,Cinemark Century Huntington Beach And Xd,Huntington Beach,America/Los_Angeles,Primetime,2026-09-27 11:45,2026-09-27,https://www.cinemark.com/TicketSeatMap/?cinemarkMovieId=111245&linkedShowtimeId=0&showtime=2026-09-27T11%3A45%3A00&showtimeId=734596&theaterId=482,2026-09-27T02:44:17.432637+00:00
2026-09-25,Cinemark Century Huntington Beach And Xd,Huntington Beach,America/Los_Angeles,Heart of the Beast,2026-09-27 10:00,2026-09-27,https://www.cinemark.com/TicketSeatMap/?cinemarkMovieId=110451&linkedShowtimeId=734575&showtime=2026-09-27T10%3A00%3A00&showtimeId=734583&theaterId=482,2026-09-27T02:44:17.432637+00:00
2026-09-25,Cinemark Century Huntington Beach And Xd,Huntington Beach,America/Los_Angeles,Forgotten Island,2026-09-27 10:05,2026-09-27,https://www.cinemark.com/TicketSeatMap/?cinemarkMovieId=109838&linkedShowtimeId=738074&showtime=2026-09-27T10%3A05%3A00&showtimeId=738061&theaterId=482,2026-09-27T02:44:17.432637+00:00
2026-09-25,Cinemark Century Huntington Beach And Xd,Huntington Beach,America/Los_Angeles,Forgotten Island,2026-09-27 10:20,2026-09-27,https://www.cinemark.com/TicketSeatMap/?cinemarkMovieId=109838&linkedShowtimeId=0&showtime=2026-09-27T10%3A20%3A00&showtimeId=738489&theaterId=482,2026-09-27T02:44:17.432637+00:00
2026-09-25,Cinemark Century Huntington Beach And Xd,Huntington Beach,America/Los_Angeles,Heart of the Beast,2026-09-27 09:10,2026-09-27,https://www.cinemark.com/TicketSeatMap/?cinemarkMovieId=110451&linkedShowtimeId=738072&showtime=2026-09-27T09%3A10%3A00&showtimeId=738069&theaterId=482,2026-09-27T02:44:17.432637+00:00
2026-09-25,Cinemark Century Huntington Beach And Xd,Huntington Beach,America/Los_Angeles,Forgotten Island,2026-09-27 09:25,2026-09-27,https://www.cinemark.com/TicketSeatMap/?cinemarkMovieId=109838&linkedShowtimeId=735872&showtime=2026-09-27T09%3A25%3A00&showtimeId=735878&theaterId=482,2026-09-27T02:44:17.432637+00:00
2026-09-25,Cinemark Century Huntington Beach And Xd,Huntington Beach,America/Los_Angeles,Primetime,2026-09-27 09:25,2026-09-27,https://www.cinemark.com/TicketSeatMap/?cinemarkMovieId=111245&linkedShowtimeId=0&showtime=2026-09-27T09%3A25%3A00&showtimeId=734595&theaterId=482,2026-09-27T02:44:17.432637+00:00
2026-09-25,Cinemark Montage Mountain 20 And Xd,Moosic,America/New_York,Heart of the Beast,2026-09-26 23:05,2026-09-26,https://www.cinemark.com/TicketSeatMap/?cinemarkMovieId=110451&linkedShowtimeId=0&showtime=2026-09-26T23%3A05%3A00&showtimeId=711901&theaterId=279,2026-09-27T02:44:17.432637+00:00
2026-09-25,Cinemark Montage Mountain 20 And Xd,Moosic,America/New_York,Forgotten Island,2026-09-26 23:30,2026-09-26,https://www.cinemark.com/TicketSeatMap/?cinemarkMovieId=109838&linkedShowtimeId=0&showtime=2026-09-26T23%3A30%3A00&showtimeId=711889&theaterId=279,2026-09-27T02:44:17.432637+00:00
2026-09-25,Cinemark Montage Mountain 20 And Xd,Moosic,America/New_York,Primetime,2026-09-26 23:05,2026-09-26,https://www.cinemark.com/TicketSeatMap/?cinemarkMovieId=111245&linkedShowtimeId=0&showtime=2026-09-26T23%3A05%3A00&showtimeId=709465&theaterId=279,2026-09-27T02:44:17.432637+00:00
2026-09-25,Cinemark Montage Mountain 20 And Xd,Moosic,America/New_York,Primetime,2026-09-27 00:00,2026-09-27,https://www.cinemark.com/TicketSeatMap/?cinemarkMovieId=111245&linkedShowtimeId=0&showtime=2026-09-27T00%3A00%3A00&showtimeId=711873&theaterId=279,2026-09-27T02:44:17.432637+00:00
2026-09-25,Cinemark Lakeland Square Mall And Xd,Lakeland,America/New_York,Heart of the Beast,2026-09-27 19:30,2026-09-27,https://www.cinemark.com/TicketSeatMap/?cinemarkMovieId=110451&linkedShowtimeId=291440&showtime=2026-09-27T19%3A30%3A00&showtimeId=291435&theaterId=1078,2026-09-27T02:44:17.432637+00:00
2026-09-25,Cinemark Lakeland Square Mall And Xd,Lakeland,America/New_York,Forgotten Island,2026-09-27 19:00,2026-09-27,https://www.cinemark.com/TicketSeatMap/?cinemarkMovieId=109838&linkedShowtimeId=0&showtime=2026-09-27T19%3A00%3A00&showtimeId=292065&theaterId=1078,2026-09-27T02:44:17.432637+00:00
2026-09-25,Cinemark Lakeland Square Mall And Xd,Lakeland,America/New_York,Primetime,2026-09-27 19:15,2026-09-27,https://www.cinemark.com/TicketSeatMap/?cinemarkMovieId=111245&linkedShowtimeId=0&showtime=2026-09-27T19%3A15%3A00&showtimeId=293404&theaterId=1078,2026-09-27T02:44:17.432637+00:00
2026-09-25,Cinemark Lakeland Square Mall And Xd,Lakeland,America/New_York,Forgotten Island,2026-09-27 21:50,2026-09-27,https://www.cinemark.com/TicketSeatMap/?cinemarkMovieId=109838&linkedShowtimeId=0&showtime=2026-09-27T21%3A50%3A00&showtimeId=292066&theaterId=1078,2026-09-27T02:44:17.432637+00:00
2026-09-25,Cinemark Lakeland Square Mall And Xd,Lakeland,America/New_York,Primetime,2026-09-27 21:15,2026-09-27,https://www.cinemark.com/TicketSeatMap/?cinemarkMovieId=111245&linkedShowtimeId=0&showtime=2026-09-27T21%3A15%3A00&showtimeId=293393&theaterId=1078,2026-09-27T02:44:17.432637+00:00
2026-09-25,Cinemark Lakeland Square Mall And Xd,Lakeland,America/New_York,Heart of the Beast,2026-09-27 16:50,2026-09-27,https://www.cinemark.com/TicketSeatMap/?cinemarkMovieId=110451&linkedShowtimeId=291439&showtime=2026-09-27T16%3A50%3A00&showtimeId=291434&theaterId=1078,2026-09-27T02:44:17.432637+00:00
2026-09-25,Cinemark Lakeland Square Mall And Xd,Lakeland,America/New_York,Heart of the Beast,2026-09-27 22:10,2026-09-27,https://www.cinemark.com/TicketSeatMap/?cinemarkMovieId=110451&linkedShowtimeId=291441&showtime=2026-09-27T22%3A10%3A00&showtimeId=291436&theaterId=1078,2026-09-27T02:44:17.432637+00:00
2026-09-25,Cinemark Lakeland Square Mall And Xd,Lakeland,America/New_York,Heart of the Beast,2026-09-27 22:30,2026-09-27,https://www.cinemark.com/TicketSeatMap/?cinemarkMovieId=110451&linkedShowtimeId=0&showtime=2026-09-27T22%3A30%3A00&showtimeId=293427&theaterId=1078,2026-09-27T02:44:17.432637+00:00
2026-09-25,Cinemark Lakeland Square Mall And Xd,Lakeland,America/New_York,Forgotten Island,2026-09-27 16:10,2026-09-27,https://www.cinemark.com/TicketSeatMap/?cinemarkMovieId=109838&linkedShowtimeId=0&showtime=2026-09-27T16%3A10%3A00&showtimeId=292067&theaterId=1078,2026-09-27T02:44:17.432637+00:00
2026-09-25,Cinemark Lakeland Square Mall And Xd,Lakeland,America/New_York,Primetime,2026-09-27 16:25,2026-09-27,https://www.cinemark.com/TicketSeatMap/?cinemarkMovieId=111245&linkedShowtimeId=0&showtime=2026-09-27T16%3A25%3A00&showtimeId=293405&theaterId=1078,2026-09-27T02:44:17.432637+00:00
2026-09-25,Cinemark Lakeland Square Mall And Xd,Lakeland,America/New_York,Primetime,2026-09-27 22:05,2026-09-27,https://www.cinemark.com/TicketSeatMap/?cinemarkMovieId=111245&linkedShowtimeId=0&showtime=2026-09-27T22%3A05%3A00&showtimeId=293403&theaterId=1078,2026-09-27T02:44:17.432637+00:00
2026-09-25,Cinemark Lakeland Square Mall And Xd,Lakeland,America/New_York,Primetime,2026-09-26 23:20,2026-09-26,https://www.cinemark.com/TicketSeatMap/?cinemarkMovieId=111245&linkedShowtimeId=0&showtime=2026-09-26T23%3A20%3A00&showtimeId=293350&theaterId=1078,2026-09-27T02:44:17.432637+00:00
2026-09-25,Cinemark Lakeland Square Mall And Xd,Lakeland,America/New_York,Primetime,2026-09-26 23:45,2026-09-26,https://www.cinemark.com/TicketSeatMap/?cinemarkMovieId=111245&linkedShowtimeId=0&showtime=2026-09-26T23%3A45%3A00&showtimeId=293361&theaterId=1078,2026-09-27T02:44:17.432637+00:00
2026-09-25,Cinemark Lakeland Square Mall And Xd,Lakeland,America/New_York,Heart of the Beast,2026-09-27 14:10,2026-09-27,https://www.cinemark.com/TicketSeatMap/?cinemarkMovieId=110451&linkedShowtimeId=291438&showtime=2026-09-27T14%3A10%3A00&showtimeId=291433&theaterId=1078,2026-09-27T02:44:17.432637+00:00
2026-09-25,Cinemark Lakeland Square Mall And Xd,Lakeland,America/New_York,Forgotten Island,2026-09-27 14:25,2026-09-27,https://www.cinemark.com/TicketSeatMap/?cinemarkMovieId=109838&linkedShowtimeId=0&showtime=2026-09-27T14%3A25%3A00&showtimeId=293419&theaterId=1078,2026-09-27T02:44:17.432637+00:00
2026-09-25,Cinemark Lakeland Square Mall And Xd,Lakeland,America/New_York,Heart of the Beast,2026-09-27 13:20,2026-09-27,https://www.cinemark.com/TicketSeatMap/?cinemarkMovieId=110451&linkedShowtimeId=0&showtime=2026-09-27T13%3A20%3A00&showtimeId=293425&theaterId=1078,2026-09-27T02:44:17.432637+00:00
2026-09-25,Cinemark Lakeland Square Mall And Xd,Lakeland,America/New_York,Forgotten Island,2026-09-27 13:25,2026-09-27,https://www.cinemark.com/TicketSeatMap/?cinemarkMovieId=109838&linkedShowtimeId=0&showtime=2026-09-27T13%3A25%3A00&showtimeId=292064&theaterId=1078,2026-09-27T02:44:17.432637+00:00
2026-09-25,Cinemark Lakeland Square Mall And Xd,Lakeland,America/New_York,Primetime,2026-09-27 13:35,2026-09-27,https://www.cinemark.com/TicketSeatMap/?cinemarkMovieId=111245&linkedShowtimeId=0&showtime=2026-09-27T13%3A35%3A00&showtimeId=293401&theaterId=1078,2026-09-27T02:44:17.432637+00:00
2026-09-25,Cinemark Lakeland Square Mall And Xd,Lakeland,America/New_York,Heart of the Beast,2026-09-27 12:20,2026-09-27,https://www.cinemark.com/TicketSeatMap/?cinemarkMovieId=110451&linkedShowtimeId=293408&showtime=2026-09-27T12%3A20%3A00&showtimeId=293420&theaterId=1078,2026-09-27T02:44:17.432637+00:00
2026-09-25,Cinemark Lakeland Square Mall And Xd,Lakeland,America/New_York,Heart of the Beast,2026-09-27 11:30,2026-09-27,https://www.cinemark.com/TicketSeatMap/?cinemarkMovieId=110451&linkedShowtimeId=291437&showtime=2026-09-27T11%3A30%3A00&showtimeId=291432&theaterId=1078,2026-09-27T02:44:17.432637+00:00
2026-09-25,Cinemark Lakeland Square Mall And Xd,Lakeland,America/New_York,Heart of the Beast,2026-09-27 10:40,2026-09-27,https://www.cinemark.com/TicketSeatMap/?cinemarkMovieId=110451&linkedShowtimeId=0&showtime=2026-09-27T10%3A40%3A00&showtimeId=293426&theaterId=1078,2026-09-27T02:44:17.432637+00:00
2026-09-25,Cinemark Lakeland Square Mall And Xd,Lakeland,America/New_York,Forgotten Island,2026-09-27 10:30,2026-09-27,https://www.cinemark.com/TicketSeatMap/?cinemarkMovieId=109838&linkedShowtimeId=0&showtime=2026-09-27T10%3A30%3A00&showtimeId=292063&theaterId=1078,2026-09-27T02:44:17.432637+00:00
2026-09-25,Cinemark Lakeland Square Mall And Xd,Lakeland,America/New_York,Primetime,2026-09-27 10:45,2026-09-27,https://www.cinemark.com/TicketSeatMap/?cinemarkMovieId=111245&linkedShowtimeId=0&showtime=2026-09-27T10%3A45%3A00&showtimeId=293402&theaterId=1078,2026-09-27T02:44:17.432637+00:00
2026-09-25,Cinemark Lakeland Square Mall And Xd,Lakeland,America/New_York,Heart of the Beast,2026-09-27 09:40,2026-09-27,https://www.cinemark.com/TicketSeatMap/?cinemarkMovieId=110451&linkedShowtimeId=0&showtime=2026-09-27T09%3A40%3A00&showtimeId=293394&theaterId=1078,2026-09-27T02:44:17.432637+00:00
2026-09-25,Cinemark Lakeland Square Mall And Xd,Lakeland,America/New_York,Forgotten Island,2026-09-27 09:35,2026-09-27,https://www.cinemark.com/TicketSeatMap/?cinemarkMovieId=109838&linkedShowtimeId=293388&showtime=2026-09-27T09%3A35%3A00&showtimeId=293424&theaterId=1078,2026-09-27T02:44:17.432637+00:00
2026-09-25,Cinemark Lakeland Square Mall And Xd,Lakeland,America/New_York,Forgotten Island,2026-09-27 09:30,2026-09-27,https://www.cinemark.com/TicketSeatMap/?cinemarkMovieId=109838&linkedShowtimeId=0&showtime=2026-09-27T09%3A30%3A00&showtimeId=293409&theaterId=1078,2026-09-27T02:44:17.432637+00:00
2026-09-25,Cinemark Pflugerville 20 And Xd,Pflugerville,America/Chicago,Forgotten Island,2026-09-26 22:55,2026-09-26,https://www.cinemark.com/TicketSeatMap/?cinemarkMovieId=109838&linkedShowtimeId=0&showtime=2026-09-26T22%3A55%3A00&showtimeId=744962&theaterId=242,2026-09-27T02:44:17.432637+00:00
2026-09-25,Cinemark Pflugerville 20 And Xd,Pflugerville,America/Chicago,Primetime,2026-09-26 22:45,2026-09-26,https://www.cinemark.com/TicketSeatMap/?cinemarkMovieId=111245&linkedShowtimeId=0&showtime=2026-09-26T22%3A45%3A00&showtimeId=744042&theaterId=242,2026-09-27T02:44:17.432637+00:00
2026-09-25,Cinemark Pflugerville 20 And Xd,Pflugerville,America/Chicago,Heart of the Beast,2026-09-26 23:00,2026-09-26,https://www.cinemark.com/TicketSeatMap/?cinemarkMovieId=110451&linkedShowtimeId=743421&showtime=2026-09-26T23%3A00%3A00&showtimeId=743415&theaterId=242,2026-09-27T02:44:17.432637+00:00
2026-09-25,Cinemark Pflugerville 20 And Xd,Pflugerville,America/Chicago,Heart of the Beast,2026-09-27 00:40,2026-09-27,https://www.cinemark.com/TicketSeatMap/?cinemarkMovieId=110451&linkedShowtimeId=0&showtime=2026-09-27T00%3A40%3A00&showtimeId=747466&theaterId=242,2026-09-27T02:44:17.432637+00:00
2026-09-25,Cinemark Pflugerville 20 And Xd,Pflugerville,America/Chicago,Primetime,2026-09-27 00:25,2026-09-27,https://www.cinemark.com/TicketSeatMap/?cinemarkMovieId=111245&linkedShowtimeId=0&showtime=2026-09-27T00%3A25%3A00&showtimeId=747465&theaterId=242,2026-09-27T02:44:17.432637+00:00
2026-09-25,Cinemark Tinseltown Medford And Screenx,Medford,America/Los_Angeles,Heart of the Beast,2026-09-26 20:10,2026-09-26,https://www.cinemark.com/TicketSeatMap/?cinemarkMovieId=110451&linkedShowtimeId=517092&showtime=2026-09-26T20%3A10%3A00&showtimeId=517086&theaterId=254,2026-09-27T02:44:17.432637+00:00
2026-09-25,Cinemark Tinseltown Medford And Screenx,Medford,America/Los_Angeles,Primetime,2026-09-26 20:50,2026-09-26,https://www.cinemark.com/TicketSeatMap/?cinemarkMovieId=111245&linkedShowtimeId=0&showtime=2026-09-26T20%3A50%3A00&showtimeId=519479&theaterId=254,2026-09-27T02:44:17.432637+00:00
2026-09-25,Cinemark Tinseltown Medford And Screenx,Medford,America/Los_Angeles,Heart of the Beast,2026-09-26 21:20,2026-09-26,https://www.cinemark.com/TicketSeatMap/?cinemarkMovieId=110451&linkedShowtimeId=0&showtime=2026-09-26T21%3A20%3A00&showtimeId=519807&theaterId=254,2026-09-27T02:44:17.432637+00:00
2026-09-25,Cinemark Tinseltown Medford And Screenx,Medford,America/Los_Angeles,Primetime,2026-09-26 21:50,2026-09-26,https://www.cinemark.com/TicketSeatMap/?cinemarkMovieId=111245&linkedShowtimeId=0&showtime=2026-09-26T21%3A50%3A00&showtimeId=519806&theaterId=254,2026-09-27T02:44:17.432637+00:00
2026-09-25,Cinemark Tinseltown Medford And Screenx,Medford,America/Los_Angeles,Heart of the Beast,2026-09-26 22:50,2026-09-26,https://www.cinemark.com/TicketSeatMap/?cinemarkMovieId=110451&linkedShowtimeId=517093&showtime=2026-09-26T22%3A50%3A00&showtimeId=517087&theaterId=254,2026-09-27T02:44:17.432637+00:00
2026-09-25,Cinemark Tinseltown Medford And Screenx,Medford,America/Los_Angeles,Heart of the Beast,2026-09-26 22:20,2026-09-26,https://www.cinemark.com/TicketSeatMap/?cinemarkMovieId=110451&linkedShowtimeId=0&showtime=2026-09-26T22%3A20%3A00&showtimeId=519503&theaterId=254,2026-09-27T02:44:17.432637+00:00
2026-09-25,Cinemark Tinseltown Medford And Screenx,Medford,America/Los_Angeles,Primetime,2026-09-26 22:45,2026-09-26,https://www.cinemark.com/TicketSeatMap/?cinemarkMovieId=111245&linkedShowtimeId=0&showtime=2026-09-26T22%3A45%3A00&showtimeId=517772&theaterId=254,2026-09-27T02:44:17.432637+00:00
2026-09-25,Cinemark Tinseltown Medford And Screenx,Medford,America/Los_Angeles,Forgotten Island,2026-09-26 23:35,2026-09-26,https://www.cinemark.com/TicketSeatMap/?cinemarkMovieId=109838&linkedShowtimeId=519498&showtime=2026-09-26T23%3A35%3A00&showtimeId=519473&theaterId=254,2026-09-27T02:44:17.432637+00:00
2026-09-25,Cinemark Tinseltown Medford And Screenx,Medford,America/Los_Angeles,Primetime,2026-09-26 23:40,2026-09-26,https://www.cinemark.com/TicketSeatMap/?cinemarkMovieId=111245&linkedShowtimeId=0&showtime=2026-09-26T23%3A40%3A00&showtimeId=519474&theaterId=254,2026-09-27T02:44:17.432637+00:00
2026-09-25,Cinemark West El Paso Xd And Screenx,El Paso,America/Denver,Heart of the Beast,2026-09-27 19:15,2026-09-27,https://www.cinemark.com/TicketSeatMap/?cinemarkMovieId=110451&linkedShowtimeId=0&showtime=2026-09-27T19%3A15%3A00&showtimeId=519039&theaterId=241,2026-09-27T02:44:17.432637+00:00
2026-09-25,Cinemark West El Paso Xd And Screenx,El Paso,America/Denver,Heart of the Beast,2026-09-27 18:10,2026-09-27,https://www.cinemark.com/TicketSeatMap/?cinemarkMovieId=110451&linkedShowtimeId=521707&showtime=2026-09-27T18%3A10%3A00&showtimeId=521720&theaterId=241,2026-09-27T02:44:17.432637+00:00
2026-09-25,Cinemark West El Paso Xd And Screenx,El Paso,America/Denver,Heart of the Beast,2026-09-27 20:55,2026-09-27,https://www.cinemark.com/TicketSeatMap/?cinemarkMovieId=110451&linkedShowtimeId=521706&showtime=2026-09-27T20%3A55%3A00&showtimeId=521719&theaterId=241,2026-09-27T02:44:17.432637+00:00
2026-09-25,Cinemark West El Paso Xd And Screenx,El Paso,America/Denver,Forgotten Island,2026-09-27 18:20,2026-09-27,https://www.cinemark.com/TicketSeatMap/?cinemarkMovieId=109838&linkedShowtimeId=0&showtime=2026-09-27T18%3A20%3A00&showtimeId=521735&theaterId=241,2026-09-27T02:44:17.432637+00:00
2026-09-25,Cinemark West El Paso Xd And Screenx,El Paso,America/Denver,Forgotten Island,2026-09-27 18:35,2026-09-27,https://www.cinemark.com/TicketSeatMap/?cinemarkMovieId=109838&linkedShowtimeId=0&showtime=2026-09-27T18%3A35%3A00&showtimeId=520232&theaterId=241,2026-09-27T02:44:17.432637+00:00
2026-09-25,Cinemark West El Paso Xd And Screenx,El Paso,America/Denver,Primetime,2026-09-27 18:05,2026-09-27,https://www.cinemark.com/TicketSeatMap/?cinemarkMovieId=111245&linkedShowtimeId=0&showtime=2026-09-27T18%3A05%3A00&showtimeId=521737&theaterId=241,2026-09-27T02:44:17.432637+00:00
2026-09-25,Cinemark West El Paso Xd And Screenx,El Paso,America/Denver,Primetime,2026-09-27 18:55,2026-09-27,https://www.cinemark.com/TicketSeatMap/?cinemarkMovieId=111245&linkedShowtimeId=0&showtime=2026-09-27T18%3A55%3A00&showtimeId=519591&theaterId=241,2026-09-27T02:44:17.432637+00:00
2026-09-25,Cinemark West El Paso Xd And Screenx,El Paso,America/Denver,Primetime,2026-09-26 21:45,2026-09-26,https://www.cinemark.com/TicketSeatMap/?cinemarkMovieId=111245&linkedShowtimeId=0&showtime=2026-09-26T21%3A45%3A00&showtimeId=519585&theaterId=241,2026-09-27T02:44:17.432637+00:00
2026-09-25,Cinemark West El Paso Xd And Screenx,El Paso,America/Denver,Heart of the Beast,2026-09-27 21:55,2026-09-27,https://www.cinemark.com/TicketSeatMap/?cinemarkMovieId=110451&linkedShowtimeId=0&showtime=2026-09-27T21%3A55%3A00&showtimeId=519040&theaterId=241,2026-09-27T02:44:17.432637+00:00
2026-09-25,Cinemark West El Paso Xd And Screenx,El Paso,America/Denver,Forgotten Island,2026-09-27 21:20,2026-09-27,https://www.cinemark.com/TicketSeatMap/?cinemarkMovieId=109838&linkedShowtimeId=0&showtime=2026-09-27T21%3A20%3A00&showtimeId=520235&theaterId=241,2026-09-27T02:44:17.432637+00:00
2026-09-25,Cinemark West El Paso Xd And Screenx,El Paso,America/Denver,Primetime,2026-09-27 21:45,2026-09-27,https://www.cinemark.com/TicketSeatMap/?cinemarkMovieId=111245&linkedShowtimeId=0&showtime=2026-09-27T21%3A45%3A00&showtimeId=519592&theaterId=241,2026-09-27T02:44:17.432637+00:00
2026-09-25,Cinemark West El Paso Xd And Screenx,El Paso,America/Denver,Heart of the Beast,2026-09-26 22:05,2026-09-26,https://www.cinemark.com/TicketSeatMap/?cinemarkMovieId=110451&linkedShowtimeId=0&showtime=2026-09-26T22%3A05%3A00&showtimeId=519025&theaterId=241,2026-09-27T02:44:17.432637+00:00
2026-09-25,Cinemark West El Paso Xd And Screenx,El Paso,America/Denver,Forgotten Island,2026-09-26 22:10,2026-09-26,https://www.cinemark.com/TicketSeatMap/?cinemarkMovieId=109838&linkedShowtimeId=0&showtime=2026-09-26T22%3A10%3A00&showtimeId=520222&theaterId=241,2026-09-27T02:44:17.432637+00:00
2026-09-25,Cinemark West El Paso Xd And Screenx,El Paso,America/Denver,Heart of the Beast,2026-09-27 16:10,2026-09-27,https://www.cinemark.com/TicketSeatMap/?cinemarkMovieId=110451&linkedShowtimeId=521259&showtime=2026-09-27T16%3A10%3A00&showtimeId=521264&theaterId=241,2026-09-27T02:44:17.432637+00:00
2026-09-25,Cinemark West El Paso Xd And Screenx,El Paso,America/Denver,Heart of the Beast,2026-09-27 16:35,2026-09-27,https://www.cinemark.com/TicketSeatMap/?cinemarkMovieId=110451&linkedShowtimeId=0&showtime=2026-09-27T16%3A35%3A00&showtimeId=519038&theaterId=241,2026-09-27T02:44:17.432637+00:00
2026-09-25,Cinemark West El Paso Xd And Screenx,El Paso,America/Denver,Primetime,2026-09-27 16:05,2026-09-27,https://www.cinemark.com/TicketSeatMap/?cinemarkMovieId=111245&linkedShowtimeId=0&showtime=2026-09-27T16%3A05%3A00&showtimeId=519590&theaterId=241,2026-09-27T02:44:17.432637+00:00
2026-09-25,Cinemark West El Paso Xd And Screenx,El Paso,America/Denver,Primetime,2026-09-27 22:00,2026-09-27,https://www.cinemark.com/TicketSeatMap/?cinemarkMovieId=111245&linkedShowtimeId=0&showtime=2026-09-27T22%3A00%3A00&showtimeId=521739&theaterId=241,2026-09-27T02:44:17.432637+00:00
2026-09-25,Cinemark West El Paso Xd And Screenx,El Paso,America/Denver,Heart of the Beast,2026-09-26 23:05,2026-09-26,https://www.cinemark.com/TicketSeatMap/?cinemarkMovieId=110451&linkedShowtimeId=521849&showtime=2026-09-26T23%3A05%3A00&showtimeId=521862&theaterId=241,2026-09-27T02:44:17.432637+00:00
2026-09-25,Cinemark West El Paso Xd And Screenx,El Paso,America/Denver,Primetime,2026-09-26 23:30,2026-09-26,https://www.cinemark.com/TicketSeatMap/?cinemarkMovieId=111245&linkedShowtimeId=0&showtime=2026-09-26T23%3A30%3A00&showtimeId=521881&theaterId=241,2026-09-27T02:44:17.432637+00:00
2026-09-25,Cinemark West El Paso Xd And Screenx,El Paso,America/Denver,Heart of the Beast,2026-09-27 15:30,2026-09-27,https://www.cinemark.com/TicketSeatMap/?cinemarkMovieId=110451&linkedShowtimeId=521708&showtime=2026-09-27T15%3A30%3A00&showtimeId=521721&theaterId=241,2026-09-27T02:44:17.432637+00:00
2026-09-25,Cinemark West El Paso Xd And Screenx,El Paso,America/Denver,Forgotten Island,2026-09-27 15:00,2026-09-27,https://www.cinemark.com/TicketSeatMap/?cinemarkMovieId=109838&linkedShowtimeId=0&showtime=2026-09-27T15%3A00%3A00&showtimeId=520236&theaterId=241,2026-09-27T02:44:17.432637+00:00
2026-09-25,Cinemark West El Paso Xd And Screenx,El Paso,America/Denver,Forgotten Island,2026-09-27 15:50,2026-09-27,https://www.cinemark.com/TicketSeatMap/?cinemarkMovieId=109838&linkedShowtimeId=0&showtime=2026-09-27T15%3A50%3A00&showtimeId=520226&theaterId=241,2026-09-27T02:44:17.432637+00:00
2026-09-25,Cinemark West El Paso Xd And Screenx,El Paso,America/Denver,Forgotten Island,2026-09-27 15:30,2026-09-27,https://www.cinemark.com/TicketSeatMap/?cinemarkMovieId=109838&linkedShowtimeId=0&showtime=2026-09-27T15%3A30%3A00&showtimeId=521732&theaterId=241,2026-09-27T02:44:17.432637+00:00
2026-09-25,Cinemark West El Paso Xd And Screenx,El Paso,America/Denver,Primetime,2026-09-27 15:15,2026-09-27,https://www.cinemark.com/TicketSeatMap/?cinemarkMovieId=111245&linkedShowtimeId=0&showtime=2026-09-27T15%3A15%3A00&showtimeId=521738&theaterId=241,2026-09-27T02:44:17.432637+00:00
2026-09-25,Cinemark West El Paso Xd And Screenx,El Paso,America/Denver,Heart of the Beast,2026-09-27 13:30,2026-09-27,https://www.cinemark.com/TicketSeatMap/?cinemarkMovieId=110451&linkedShowtimeId=521258&showtime=2026-09-27T13%3A30%3A00&showtimeId=521263&theaterId=241,2026-09-27T02:44:17.432637+00:00
2026-09-25,Cinemark West El Paso Xd And Screenx,El Paso,America/Denver,Heart of the Beast,2026-09-27 13:55,2026-09-27,https://www.cinemark.com/TicketSeatMap/?cinemarkMovieId=110451&linkedShowtimeId=0&showtime=2026-09-27T13%3A55%3A00&showtimeId=519037&theaterId=241,2026-09-27T02:44:17.432637+00:00
2026-09-25,Cinemark West El Paso Xd And Screenx,El Paso,America/Denver,Forgotten Island,2026-09-27 13:05,2026-09-27,https://www.cinemark.com/TicketSeatMap/?cinemarkMovieId=109838&linkedShowtimeId=0&showtime=2026-09-27T13%3A05%3A00&showtimeId=520233&theaterId=241,2026-09-27T02:44:17.432637+00:00
2026-09-25,Cinemark West El Paso Xd And Screenx,El Paso,America/Denver,Primetime,2026-09-27 13:15,2026-09-27,https://www.cinemark.com/TicketSeatMap/?cinemarkMovieId=111245&linkedShowtimeId=0&showtime=2026-09-27T13%3A15%3A00&showtimeId=519589&theaterId=241,2026-09-27T02:44:17.432637+00:00
2026-09-25,Cinemark West El Paso Xd And Screenx,El Paso,America/Denver,Heart of the Beast,2026-09-27 12:50,2026-09-27,https://www.cinemark.com/TicketSeatMap/?cinemarkMovieId=110451&linkedShowtimeId=521709&showtime=2026-09-27T12%3A50%3A00&showtimeId=521722&theaterId=241,2026-09-27T02:44:17.432637+00:00
2026-09-25,Cinemark West El Paso Xd And Screenx,El Paso,America/Denver,Forgotten Island,2026-09-27 12:15,2026-09-27,https://www.cinemark.com/TicketSeatMap/?cinemarkMovieId=109838&linkedShowtimeId=0&showtime=2026-09-27T12%3A15%3A00&showtimeId=520237&theaterId=241,2026-09-27T02:44:17.432637+00:00
2026-09-25,Cinemark West El Paso Xd And Screenx,El Paso,America/Denver,Forgotten Island,2026-09-27 12:45,2026-09-27,https://www.cinemark.com/TicketSeatMap/?cinemarkMovieId=109838&linkedShowtimeId=0&showtime=2026-09-27T12%3A45%3A00&showtimeId=521733&theaterId=241,2026-09-27T02:44:17.432637+00:00
2026-09-25,Cinemark West El Paso Xd And Screenx,El Paso,America/Denver,Primetime,2026-09-27 12:25,2026-09-27,https://www.cinemark.com/TicketSeatMap/?cinemarkMovieId=111245&linkedShowtimeId=0&showtime=2026-09-27T12%3A25%3A00&showtimeId=521740&theaterId=241,2026-09-27T02:44:17.432637+00:00
2026-09-25,Cinemark West El Paso Xd And Screenx,El Paso,America/Denver,Heart of the Beast,2026-09-27 11:15,2026-09-27,https://www.cinemark.com/TicketSeatMap/?cinemarkMovieId=110451&linkedShowtimeId=0&showtime=2026-09-27T11%3A15%3A00&showtimeId=519036&theaterId=241,2026-09-27T02:44:17.432637+00:00
2026-09-25,Cinemark West El Paso Xd And Screenx,El Paso,America/Denver,Heart of the Beast,2026-09-27 10:50,2026-09-27,https://www.cinemark.com/TicketSeatMap/?cinemarkMovieId=110451&linkedShowtimeId=521257&showtime=2026-09-27T10%3A50%3A00&showtimeId=521262&theaterId=241,2026-09-27T02:44:17.432637+00:00
2026-09-25,Cinemark West El Paso Xd And Screenx,El Paso,America/Denver,Heart of the Beast,2026-09-27 10:10,2026-09-27,https://www.cinemark.com/TicketSeatMap/?cinemarkMovieId=110451&linkedShowtimeId=521705&showtime=2026-09-27T10%3A10%3A00&showtimeId=521718&theaterId=241,2026-09-27T02:44:17.432637+00:00
2026-09-25,Cinemark West El Paso Xd And Screenx,El Paso,America/Denver,Forgotten Island,2026-09-27 10:00,2026-09-27,https://www.cinemark.com/TicketSeatMap/?cinemarkMovieId=109838&linkedShowtimeId=0&showtime=2026-09-27T10%3A00%3A00&showtimeId=521734&theaterId=241,2026-09-27T02:44:17.432637+00:00
2026-09-25,Cinemark West El Paso Xd And Screenx,El Paso,America/Denver,Forgotten Island,2026-09-27 10:20,2026-09-27,https://www.cinemark.com/TicketSeatMap/?cinemarkMovieId=109838&linkedShowtimeId=0&showtime=2026-09-27T10%3A20%3A00&showtimeId=520234&theaterId=241,2026-09-27T02:44:17.432637+00:00
2026-09-25,Cinemark West El Paso Xd And Screenx,El Paso,America/Denver,Primetime,2026-09-27 10:25,2026-09-27,https://www.cinemark.com/TicketSeatMap/?cinemarkMovieId=111245&linkedShowtimeId=0&showtime=2026-09-27T10%3A25%3A00&showtimeId=519588&theaterId=241,2026-09-27T02:44:17.432637+00:00
2026-09-25,Cinemark West El Paso Xd And Screenx,El Paso,America/Denver,Forgotten Island,2026-09-27 09:30,2026-09-27,https://www.cinemark.com/TicketSeatMap/?cinemarkMovieId=109838&linkedShowtimeId=521726&showtime=2026-09-27T09%3A30%3A00&showtimeId=521717&theaterId=241,2026-09-27T02:44:17.432637+00:00
2026-09-25,Cinemark West El Paso Xd And Screenx,El Paso,America/Denver,Forgotten Island,2026-09-27 09:30,2026-09-27,https://www.cinemark.com/TicketSeatMap/?cinemarkMovieId=109838&linkedShowtimeId=0&showtime=2026-09-27T09%3A30%3A00&showtimeId=520238&theaterId=241,2026-09-27T02:44:17.432637+00:00
2026-09-25,Cinemark West El Paso Xd And Screenx,El Paso,America/Denver,Primetime,2026-09-27 09:35,2026-09-27,https://www.cinemark.com/TicketSeatMap/?cinemarkMovieId=111245&linkedShowtimeId=0&showtime=2026-09-27T09%3A35%3A00&showtimeId=521736&theaterId=241,2026-09-27T02:44:17.432637+00:00
2026-09-25,Cinemark Roanoke And Xd,Roanoke,America/Chicago,Heart of the Beast,2026-09-27 20:00,2026-09-27,https://www.cinemark.com/TicketSeatMap/?cinemarkMovieId=110451&linkedShowtimeId=305037&showtime=2026-09-27T20%3A00%3A00&showtimeId=305032&theaterId=1122,2026-09-27T02:44:17.432637+00:00
2026-09-25,Cinemark Roanoke And Xd,Roanoke,America/Chicago,Heart of the Beast,2026-09-27 20:50,2026-09-27,https://www.cinemark.com/TicketSeatMap/?cinemarkMovieId=110451&linkedShowtimeId=0&showtime=2026-09-27T20%3A50%3A00&showtimeId=307353&theaterId=1122,2026-09-27T02:44:17.432637+00:00
2026-09-25,Cinemark Roanoke And Xd,Roanoke,America/Chicago,Forgotten Island,2026-09-27 18:15,2026-09-27,https://www.cinemark.com/TicketSeatMap/?cinemarkMovieId=109838&linkedShowtimeId=0&showtime=2026-09-27T18%3A15%3A00&showtimeId=306031&theaterId=1122,2026-09-27T02:44:17.432637+00:00
2026-09-25,Cinemark Roanoke And Xd,Roanoke,America/Chicago,Primetime,2026-09-27 18:30,2026-09-27,https://www.cinemark.com/TicketSeatMap/?cinemarkMovieId=111245&linkedShowtimeId=0&showtime=2026-09-27T18%3A30%3A00&showtimeId=305233&theaterId=1122,2026-09-27T02:44:17.432637+00:00
2026-09-25,Cinemark Roanoke And Xd,Roanoke,America/Chicago,Primetime,2026-09-27 20:25,2026-09-27,https://www.cinemark.com/TicketSeatMap/?cinemarkMovieId=111245&linkedShowtimeId=0&showtime=2026-09-27T20%3A25%3A00&showtimeId=307361&theaterId=1122,2026-09-27T02:44:17.432637+00:00
2026-09-25,Cinemark Roanoke And Xd,Roanoke,America/Chicago,Heart of the Beast,2026-09-27 17:25,2026-09-27,https://www.cinemark.com/TicketSeatMap/?cinemarkMovieId=110451&linkedShowtimeId=305036&showtime=2026-09-27T17%3A25%3A00&showtimeId=305031&theaterId=1122,2026-09-27T02:44:17.432637+00:00
2026-09-25,Cinemark Roanoke And Xd,Roanoke,America/Chicago,Heart of the Beast,2026-09-27 17:50,2026-09-27,https://www.cinemark.com/TicketSeatMap/?cinemarkMovieId=110451&linkedShowtimeId=0&showtime=2026-09-27T17%3A50%3A00&showtimeId=307352&theaterId=1122,2026-09-27T02:44:17.432637+00:00
2026-09-25,Cinemark Roanoke And Xd,Roanoke,America/Chicago,Forgotten Island,2026-09-27 17:45,2026-09-27,https://www.cinemark.com/TicketSeatMap/?cinemarkMovieId=109838&linkedShowtimeId=0&showtime=2026-09-27T17%3A45%3A00&showtimeId=307358&theaterId=1122,2026-09-27T02:44:17.432637+00:00
2026-09-25,Cinemark Roanoke And Xd,Roanoke,America/Chicago,Forgotten Island,2026-09-27 21:00,2026-09-27,https://www.cinemark.com/TicketSeatMap/?cinemarkMovieId=109838&linkedShowtimeId=0&showtime=2026-09-27T21%3A00%3A00&showtimeId=306032&theaterId=1122,2026-09-27T02:44:17.432637+00:00
2026-09-25,Cinemark Roanoke And Xd,Roanoke,America/Chicago,Primetime,2026-09-27 21:15,2026-09-27,https://www.cinemark.com/TicketSeatMap/?cinemarkMovieId=111245&linkedShowtimeId=0&showtime=2026-09-27T21%3A15%3A00&showtimeId=305234&theaterId=1122,2026-09-27T02:44:17.432637+00:00
2026-09-25,Cinemark Roanoke And Xd,Roanoke,America/Chicago,Heart of the Beast,2026-09-26 22:30,2026-09-26,https://www.cinemark.com/TicketSeatMap/?cinemarkMovieId=110451&linkedShowtimeId=305022&showtime=2026-09-26T22%3A30%3A00&showtimeId=305021&theaterId=1122,2026-09-27T02:44:17.432637+00:00
2026-09-25,Cinemark Roanoke And Xd,Roanoke,America/Chicago,Heart of the Beast,2026-09-26 23:00,2026-09-26,https://www.cinemark.com/TicketSeatMap/?cinemarkMovieId=110451&linkedShowtimeId=0&showtime=2026-09-26T23%3A00%3A00&showtimeId=307316&theaterId=1122,2026-09-27T02:44:17.432637+00:00
2026-09-25,Cinemark Roanoke And Xd,Roanoke,America/Chicago,Primetime,2026-09-26 23:30,2026-09-26,https://www.cinemark.com/TicketSeatMap/?cinemarkMovieId=111245&linkedShowtimeId=0&showtime=2026-09-26T23%3A30%3A00&showtimeId=307323&theaterId=1122,2026-09-27T02:44:17.432637+00:00
2026-09-25,Cinemark Roanoke And Xd,Roanoke,America/Chicago,Heart of the Beast,2026-09-27 15:15,2026-09-27,https://www.cinemark.com/TicketSeatMap/?cinemarkMovieId=110451&linkedShowtimeId=0&showtime=2026-09-27T15%3A15%3A00&showtimeId=307351&theaterId=1122,2026-09-27T02:44:17.432637+00:00
2026-09-25,Cinemark Roanoke And Xd,Roanoke,America/Chicago,Forgotten Island,2026-09-27 15:30,2026-09-27,https://www.cinemark.com/TicketSeatMap/?cinemarkMovieId=109838&linkedShowtimeId=0&showtime=2026-09-27T15%3A30%3A00&showtimeId=306033&theaterId=1122,2026-09-27T02:44:17.432637+00:00
2026-09-25,Cinemark Roanoke And Xd,Roanoke,America/Chicago,Forgotten Island,2026-09-27 15:00,2026-09-27,https://www.cinemark.com/TicketSeatMap/?cinemarkMovieId=109838&linkedShowtimeId=0&showtime=2026-09-27T15%3A00%3A00&showtimeId=307357&theaterId=1122,2026-09-27T02:44:17.432637+00:00
2026-09-25,Cinemark Roanoke And Xd,Roanoke,America/Chicago,Primetime,2026-09-27 15:45,2026-09-27,https://www.cinemark.com/TicketSeatMap/?cinemarkMovieId=111245&linkedShowtimeId=0&showtime=2026-09-27T15%3A45%3A00&showtimeId=305232&theaterId=1122,2026-09-27T02:44:17.432637+00:00
2026-09-25,Cinemark Roanoke And Xd,Roanoke,America/Chicago,Heart of the Beast,2026-09-27 14:50,2026-09-27,https://www.cinemark.com/TicketSeatMap/?cinemarkMovieId=110451&linkedShowtimeId=305035&showtime=2026-09-27T14%3A50%3A00&showtimeId=305030&theaterId=1122,2026-09-27T02:44:17.432637+00:00
2026-09-25,Cinemark Roanoke And Xd,Roanoke,America/Chicago,Primetime,2026-09-27 14:45,2026-09-27,https://www.cinemark.com/TicketSeatMap/?cinemarkMovieId=111245&linkedShowtimeId=0&showtime=2026-09-27T14%3A45%3A00&showtimeId=307359&theaterId=1122,2026-09-27T02:44:17.432637+00:00
2026-09-25,Cinemark Roanoke And Xd,Roanoke,America/Chicago,Heart of the Beast,2026-09-27 13:40,2026-09-27,https://www.cinemark.com/TicketSeatMap/?cinemarkMovieId=110451&linkedShowtimeId=0&showtime=2026-09-27T13%3A40%3A00&showtimeId=307548&theaterId=1122,2026-09-27T02:44:17.432637+00:00
2026-09-25,Cinemark Roanoke And Xd,Roanoke,America/Chicago,Primetime,2026-09-27 13:00,2026-09-27,https://www.cinemark.com/TicketSeatMap/?cinemarkMovieId=111245&linkedShowtimeId=0&showtime=2026-09-27T13%3A00%3A00&showtimeId=305231&theaterId=1122,2026-09-27T02:44:17.432637+00:00
2026-09-25,Cinemark Roanoke And Xd,Roanoke,America/Chicago,Heart of the Beast,2026-09-27 12:20,2026-09-27,https://www.cinemark.com/TicketSeatMap/?cinemarkMovieId=110451&linkedShowtimeId=307156&showtime=2026-09-27T12%3A20%3A00&showtimeId=307154&theaterId=1122,2026-09-27T02:44:17.432637+00:00
2026-09-25,Cinemark Roanoke And Xd,Roanoke,America/Chicago,Heart of the Beast,2026-09-27 12:15,2026-09-27,https://www.cinemark.com/TicketSeatMap/?cinemarkMovieId=110451&linkedShowtimeId=305034&showtime=2026-09-27T12%3A15%3A00&showtimeId=305029&theaterId=1122,2026-09-27T02:44:17.432637+00:00
2026-09-25,Cinemark Roanoke And Xd,Roanoke,America/Chicago,Heart of the Beast,2026-09-27 12:40,2026-09-27,https://www.cinemark.com/TicketSeatMap/?cinemarkMovieId=110451&linkedShowtimeId=0&showtime=2026-09-27T12%3A40%3A00&showtimeId=307350&theaterId=1122,2026-09-27T02:44:17.432637+00:00
2026-09-25,Cinemark Roanoke And Xd,Roanoke,America/Chicago,Forgotten Island,2026-09-27 12:15,2026-09-27,https://www.cinemark.com/TicketSeatMap/?cinemarkMovieId=109838&linkedShowtimeId=0&showtime=2026-09-27T12%3A15%3A00&showtimeId=307356&theaterId=1122,2026-09-27T02:44:17.432637+00:00
2026-09-25,Cinemark Roanoke And Xd,Roanoke,America/Chicago,Forgotten Island,2026-09-27 12:40,2026-09-27,https://www.cinemark.com/TicketSeatMap/?cinemarkMovieId=109838&linkedShowtimeId=0&showtime=2026-09-27T12%3A40%3A00&showtimeId=306030&theaterId=1122,2026-09-27T02:44:17.432637+00:00
2026-09-25,Cinemark Roanoke And Xd,Roanoke,America/Chicago,Primetime,2026-09-27 12:35,2026-09-27,https://www.cinemark.com/TicketSeatMap/?cinemarkMovieId=111245&linkedShowtimeId=0&showtime=2026-09-27T12%3A35%3A00&showtimeId=307360&theaterId=1122,2026-09-27T02:44:17.432637+00:00
2026-09-25,Cinemark Roanoke And Xd,Roanoke,America/Chicago,Heart of the Beast,2026-09-27 10:05,2026-09-27,https://www.cinemark.com/TicketSeatMap/?cinemarkMovieId=110451&linkedShowtimeId=0&showtime=2026-09-27T10%3A05%3A00&showtimeId=307349&theaterId=1122,2026-09-27T02:44:17.432637+00:00
2026-09-25,Cinemark Roanoke And Xd,Roanoke,America/Chicago,Primetime,2026-09-27 10:15,2026-09-27,https://www.cinemark.com/TicketSeatMap/?cinemarkMovieId=111245&linkedShowtimeId=0&showtime=2026-09-27T10%3A15%3A00&showtimeId=305230&theaterId=1122,2026-09-27T02:44:17.432637+00:00
2026-09-25,Cinemark Roanoke And Xd,Roanoke,America/Chicago,Heart of the Beast,2026-09-27 09:35,2026-09-27,https://www.cinemark.com/TicketSeatMap/?cinemarkMovieId=110451&linkedShowtimeId=307157&showtime=2026-09-27T09%3A35%3A00&showtimeId=307155&theaterId=1122,2026-09-27T02:44:17.432637+00:00
2026-09-25,Cinemark Roanoke And Xd,Roanoke,America/Chicago,Heart of the Beast,2026-09-27 09:40,2026-09-27,https://www.cinemark.com/TicketSeatMap/?cinemarkMovieId=110451&linkedShowtimeId=305033&showtime=2026-09-27T09%3A40%3A00&showtimeId=305028&theaterId=1122,2026-09-27T02:44:17.432637+00:00
2026-09-25,Cinemark Roanoke And Xd,Roanoke,America/Chicago,Forgotten Island,2026-09-27 09:30,2026-09-27,https://www.cinemark.com/TicketSeatMap/?cinemarkMovieId=109838&linkedShowtimeId=0&showtime=2026-09-27T09%3A30%3A00&showtimeId=307355&theaterId=1122,2026-09-27T02:44:17.432637+00:00
2026-09-25,Cinemark Roanoke And Xd,Roanoke,America/Chicago,Forgotten Island,2026-09-27 09:50,2026-09-27,https://www.cinemark.com/TicketSeatMap/?cinemarkMovieId=109838&linkedShowtimeId=0&showtime=2026-09-27T09%3A50%3A00&showtimeId=306029&theaterId=1122,2026-09-27T02:44:17.432637+00:00
2026-09-25,Cinemark Ada,Ada,America/Chicago,Heart of the Beast,2026-09-27 19:30,2026-09-27,https://www.cinemark.com/TicketSeatMap/?cinemarkMovieId=110451&linkedShowtimeId=0&showtime=2026-09-27T19%3A30%3A00&showtimeId=160471&theaterId=1073,2026-09-27T02:44:17.432637+00:00
2026-09-25,Cinemark Ada,Ada,America/Chicago,Primetime,2026-09-27 19:50,2026-09-27,https://www.cinemark.com/TicketSeatMap/?cinemarkMovieId=111245&linkedShowtimeId=0&showtime=2026-09-27T19%3A50%3A00&showtimeId=161509&theaterId=1073,2026-09-27T02:44:17.432637+00:00
2026-09-25,Cinemark Ada,Ada,America/Chicago,Heart of the Beast,2026-09-27 18:50,2026-09-27,https://www.cinemark.com/TicketSeatMap/?cinemarkMovieId=110451&linkedShowtimeId=0&showtime=2026-09-27T18%3A50%3A00&showtimeId=161555&theaterId=1073,2026-09-27T02:44:17.432637+00:00
2026-09-25,Cinemark Ada,Ada,America/Chicago,Forgotten Island,2026-09-27 18:30,2026-09-27,https://www.cinemark.com/TicketSeatMap/?cinemarkMovieId=109838&linkedShowtimeId=0&showtime=2026-09-27T18%3A30%3A00&showtimeId=161014&theaterId=1073,2026-09-27T02:44:17.432637+00:00
2026-09-25,Cinemark Ada,Ada,America/Chicago,Primetime,2026-09-27 17:00,2026-09-27,https://www.cinemark.com/TicketSeatMap/?cinemarkMovieId=111245&linkedShowtimeId=0&showtime=2026-09-27T17%3A00%3A00&showtimeId=161506&theaterId=1073,2026-09-27T02:44:17.432637+00:00
2026-09-25,Cinemark Ada,Ada,America/Chicago,Heart of the Beast,2026-09-26 22:30,2026-09-26,https://www.cinemark.com/TicketSeatMap/?cinemarkMovieId=110451&linkedShowtimeId=0&showtime=2026-09-26T22%3A30%3A00&showtimeId=161543&theaterId=1073,2026-09-27T02:44:17.432637+00:00
2026-09-25,Cinemark Ada,Ada,America/Chicago,Forgotten Island,2026-09-26 22:15,2026-09-26,https://www.cinemark.com/TicketSeatMap/?cinemarkMovieId=109838&linkedShowtimeId=0&showtime=2026-09-26T22%3A15%3A00&showtimeId=161010&theaterId=1073,2026-09-27T02:44:17.432637+00:00
2026-09-25,Cinemark Ada,Ada,America/Chicago,Heart of the Beast,2026-09-27 16:10,2026-09-27,https://www.cinemark.com/TicketSeatMap/?cinemarkMovieId=110451&linkedShowtimeId=0&showtime=2026-09-27T16%3A10%3A00&showtimeId=161556&theaterId=1073,2026-09-27T02:44:17.432637+00:00
2026-09-25,Cinemark Ada,Ada,America/Chicago,Heart of the Beast,2026-09-27 16:50,2026-09-27,https://www.cinemark.com/TicketSeatMap/?cinemarkMovieId=110451&linkedShowtimeId=0&showtime=2026-09-27T16%3A50%3A00&showtimeId=160470&theaterId=1073,2026-09-27T02:44:17.432637+00:00
2026-09-25,Cinemark Ada,Ada,America/Chicago,Forgotten Island,2026-09-27 15:45,2026-09-27,https://www.cinemark.com/TicketSeatMap/?cinemarkMovieId=109838&linkedShowtimeId=0&showtime=2026-09-27T15%3A45%3A00&showtimeId=161013&theaterId=1073,2026-09-27T02:44:17.432637+00:00
2026-09-25,Cinemark Ada,Ada,America/Chicago,Heart of the Beast,2026-09-27 14:10,2026-09-27,https://www.cinemark.com/TicketSeatMap/?cinemarkMovieId=110451&linkedShowtimeId=0&showtime=2026-09-27T14%3A10%3A00&showtimeId=160469&theaterId=1073,2026-09-27T02:44:17.432637+00:00
2026-09-25,Cinemark Ada,Ada,America/Chicago,Forgotten Island,2026-09-27 13:20,2026-09-27,https://www.cinemark.com/TicketSeatMap/?cinemarkMovieId=109838&linkedShowtimeId=0&showtime=2026-09-27T13%3A20%3A00&showtimeId=161553&theaterId=1073,2026-09-27T02:44:17.432637+00:00
2026-09-25,Cinemark Ada,Ada,America/Chicago,Forgotten Island,2026-09-27 13:00,2026-09-27,https://www.cinemark.com/TicketSeatMap/?cinemarkMovieId=109838&linkedShowtimeId=0&showtime=2026-09-27T13%3A00%3A00&showtimeId=161012&theaterId=1073,2026-09-27T02:44:17.432637+00:00
2026-09-25,Cinemark Ada,Ada,America/Chicago,Primetime,2026-09-27 13:50,2026-09-27,https://www.cinemark.com/TicketSeatMap/?cinemarkMovieId=111245&linkedShowtimeId=0&showtime=2026-09-27T13%3A50%3A00&showtimeId=161507&theaterId=1073,2026-09-27T02:44:17.432637+00:00
2026-09-25,Cinemark Ada,Ada,America/Chicago,Heart of the Beast,2026-09-27 11:30,2026-09-27,https://www.cinemark.com/TicketSeatMap/?cinemarkMovieId=110451&linkedShowtimeId=0&showtime=2026-09-27T11%3A30%3A00&showtimeId=160468&theaterId=1073,2026-09-27T02:44:17.432637+00:00
2026-09-25,Cinemark Ada,Ada,America/Chicago,Primetime,2026-09-27 11:00,2026-09-27,https://www.cinemark.com/TicketSeatMap/?cinemarkMovieId=111245&linkedShowtimeId=0&showtime=2026-09-27T11%3A00%3A00&showtimeId=161508&theaterId=1073,2026-09-27T02:44:17.432637+00:00
2026-09-25,Cinemark Ada,Ada,America/Chicago,Forgotten Island,2026-09-27 10:15,2026-09-27,https://www.cinemark.com/TicketSeatMap/?cinemarkMovieId=109838&linkedShowtimeId=0&showtime=2026-09-27T10%3A15%3A00&showtimeId=161015&theaterId=1073,2026-09-27T02:44:17.432637+00:00
2026-09-25,Cinemark Ada,Ada,America/Chicago,Forgotten Island,2026-09-27 10:30,2026-09-27,https://www.cinemark.com/TicketSeatMap/?cinemarkMovieId=109838&linkedShowtimeId=0&showtime=2026-09-27T10%3A30%3A00&showtimeId=161557&theaterId=1073,2026-09-27T02:44:17.432637+00:00
2026-09-25,Cinemark Sugarhouse,Salt Lake City,America/Denver,Heart of the Beast,2026-09-27 19:35,2026-09-27,https://www.cinemark.com/TicketSeatMap/?cinemarkMovieId=110451&linkedShowtimeId=0&showtime=2026-09-27T19%3A35%3A00&showtimeId=360012&theaterId=54,2026-09-27T02:44:17.432637+00:00
2026-09-25,Cinemark Sugarhouse,Salt Lake City,America/Denver,Forgotten Island,2026-09-27 19:15,2026-09-27,https://www.cinemark.com/TicketSeatMap/?cinemarkMovieId=109838&linkedShowtimeId=0&showtime=2026-09-27T19%3A15%3A00&showtimeId=360425&theaterId=54,2026-09-27T02:44:17.432637+00:00
2026-09-25,Cinemark Sugarhouse,Salt Lake City,America/Denver,Primetime,2026-09-27 19:00,2026-09-27,https://www.cinemark.com/TicketSeatMap/?cinemarkMovieId=111245&linkedShowtimeId=0&showtime=2026-09-27T19%3A00%3A00&showtimeId=361175&theaterId=54,2026-09-27T02:44:17.432637+00:00
2026-09-25,Cinemark Sugarhouse,Salt Lake City,America/Denver,Heart of the Beast,2026-09-27 20:10,2026-09-27,https://www.cinemark.com/TicketSeatMap/?cinemarkMovieId=110451&linkedShowtimeId=0&showtime=2026-09-27T20%3A10%3A00&showtimeId=361380&theaterId=54,2026-09-27T02:44:17.432637+00:00
2026-09-25,Cinemark Sugarhouse,Salt Lake City,America/Denver,Primetime,2026-09-27 18:30,2026-09-27,https://www.cinemark.com/TicketSeatMap/?cinemarkMovieId=111245&linkedShowtimeId=0&showtime=2026-09-27T18%3A30%3A00&showtimeId=361386&theaterId=54,2026-09-27T02:44:17.432637+00:00
2026-09-25,Cinemark Sugarhouse,Salt Lake City,America/Denver,Heart of the Beast,2026-09-27 17:00,2026-09-27,https://www.cinemark.com/TicketSeatMap/?cinemarkMovieId=110451&linkedShowtimeId=0&showtime=2026-09-27T17%3A00%3A00&showtimeId=360013&theaterId=54,2026-09-27T02:44:17.432637+00:00
2026-09-25,Cinemark Sugarhouse,Salt Lake City,America/Denver,Heart of the Beast,2026-09-27 17:30,2026-09-27,https://www.cinemark.com/TicketSeatMap/?cinemarkMovieId=110451&linkedShowtimeId=0&showtime=2026-09-27T17%3A30%3A00&showtimeId=361381&theaterId=54,2026-09-27T02:44:17.432637+00:00
2026-09-25,Cinemark Sugarhouse,Salt Lake City,America/Denver,Primetime,2026-09-27 21:50,2026-09-27,https://www.cinemark.com/TicketSeatMap/?cinemarkMovieId=111245&linkedShowtimeId=0&showtime=2026-09-27T21%3A50%3A00&showtimeId=361176&theaterId=54,2026-09-27T02:44:17.432637+00:00
2026-09-25,Cinemark Sugarhouse,Salt Lake City,America/Denver,Heart of the Beast,2026-09-26 22:35,2026-09-26,https://www.cinemark.com/TicketSeatMap/?cinemarkMovieId=110451&linkedShowtimeId=0&showtime=2026-09-26T22%3A35%3A00&showtimeId=360010&theaterId=54,2026-09-27T02:44:17.432637+00:00
2026-09-25,Cinemark Sugarhouse,Salt Lake City,America/Denver,Heart of the Beast,2026-09-26 22:50,2026-09-26,https://www.cinemark.com/TicketSeatMap/?cinemarkMovieId=110451&linkedShowtimeId=0&showtime=2026-09-26T22%3A50%3A00&showtimeId=361355&theaterId=54,2026-09-27T02:44:17.432637+00:00
2026-09-25,Cinemark Sugarhouse,Salt Lake City,America/Denver,Forgotten Island,2026-09-26 22:00,2026-09-26,https://www.cinemark.com/TicketSeatMap/?cinemarkMovieId=109838&linkedShowtimeId=0&showtime=2026-09-26T22%3A00%3A00&showtimeId=360421&theaterId=54,2026-09-27T02:44:17.432637+00:00
2026-09-25,Cinemark Sugarhouse,Salt Lake City,America/Denver,Primetime,2026-09-26 22:30,2026-09-26,https://www.cinemark.com/TicketSeatMap/?cinemarkMovieId=111245&linkedShowtimeId=0&showtime=2026-09-26T22%3A30%3A00&showtimeId=361171&theaterId=54,2026-09-27T02:44:17.432637+00:00
2026-09-25,Cinemark Sugarhouse,Salt Lake City,America/Denver,Heart of the Beast,2026-09-27 22:10,2026-09-27,https://www.cinemark.com/TicketSeatMap/?cinemarkMovieId=110451&linkedShowtimeId=0&showtime=2026-09-27T22%3A10%3A00&showtimeId=360016&theaterId=54,2026-09-27T02:44:17.432637+00:00
2026-09-25,Cinemark Sugarhouse,Salt Lake City,America/Denver,Forgotten Island,2026-09-27 16:30,2026-09-27,https://www.cinemark.com/TicketSeatMap/?cinemarkMovieId=109838&linkedShowtimeId=0&showtime=2026-09-27T16%3A30%3A00&showtimeId=360428&theaterId=54,2026-09-27T02:44:17.432637+00:00
2026-09-25,Cinemark Sugarhouse,Salt Lake City,America/Denver,Forgotten Island,2026-09-27 16:15,2026-09-27,https://www.cinemark.com/TicketSeatMap/?cinemarkMovieId=109838&linkedShowtimeId=0&showtime=2026-09-27T16%3A15%3A00&showtimeId=361388&theaterId=54,2026-09-27T02:44:17.432637+00:00
2026-09-25,Cinemark Sugarhouse,Salt Lake City,America/Denver,Forgotten Island,2026-09-27 22:00,2026-09-27,https://www.cinemark.com/TicketSeatMap/?cinemarkMovieId=109838&linkedShowtimeId=0&showtime=2026-09-27T22%3A00%3A00&showtimeId=360426&theaterId=54,2026-09-27T02:44:17.432637+00:00
2026-09-25,Cinemark Sugarhouse,Salt Lake City,America/Denver,Primetime,2026-09-27 16:10,2026-09-27,https://www.cinemark.com/TicketSeatMap/?cinemarkMovieId=111245&linkedShowtimeId=0&showtime=2026-09-27T16%3A10%3A00&showtimeId=361174&theaterId=54,2026-09-27T02:44:17.432637+00:00
2026-09-25,Cinemark Sugarhouse,Salt Lake City,America/Denver,Primetime,2026-09-26 23:05,2026-09-26,https://www.cinemark.com/TicketSeatMap/?cinemarkMovieId=111245&linkedShowtimeId=0&showtime=2026-09-26T23%3A05%3A00&showtimeId=361360&theaterId=54,2026-09-27T02:44:17.432637+00:00
2026-09-25,Cinemark Sugarhouse,Salt Lake City,America/Denver,Primetime,2026-09-27 15:40,2026-09-27,https://www.cinemark.com/TicketSeatMap/?cinemarkMovieId=111245&linkedShowtimeId=0&showtime=2026-09-27T15%3A40%3A00&showtimeId=361383&theaterId=54,2026-09-27T02:44:17.432637+00:00
2026-09-25,Cinemark Sugarhouse,Salt Lake City,America/Denver,Heart of the Beast,2026-09-27 14:25,2026-09-27,https://www.cinemark.com/TicketSeatMap/?cinemarkMovieId=110451&linkedShowtimeId=0&showtime=2026-09-27T14%3A25%3A00&showtimeId=360014&theaterId=54,2026-09-27T02:44:17.432637+00:00
2026-09-25,Cinemark Sugarhouse,Salt Lake City,America/Denver,Heart of the Beast,2026-09-27 14:50,2026-09-27,https://www.cinemark.com/TicketSeatMap/?cinemarkMovieId=110451&linkedShowtimeId=0&showtime=2026-09-27T14%3A50%3A00&showtimeId=361382&theaterId=54,2026-09-27T02:44:17.432637+00:00
2026-09-25,Cinemark Sugarhouse,Salt Lake City,America/Denver,Forgotten Island,2026-09-27 13:30,2026-09-27,https://www.cinemark.com/TicketSeatMap/?cinemarkMovieId=109838&linkedShowtimeId=0&showtime=2026-09-27T13%3A30%3A00&showtimeId=361389&theaterId=54,2026-09-27T02:44:17.432637+00:00
2026-09-25,Cinemark Sugarhouse,Salt Lake City,America/Denver,Forgotten Island,2026-09-27 13:45,2026-09-27,https://www.cinemark.com/TicketSeatMap/?cinemarkMovieId=109838&linkedShowtimeId=0&showtime=2026-09-27T13%3A45%3A00&showtimeId=360424&theaterId=54,2026-09-27T02:44:17.432637+00:00
2026-09-25,Cinemark Sugarhouse,Salt Lake City,America/Denver,Primetime,2026-09-27 13:20,2026-09-27,https://www.cinemark.com/TicketSeatMap/?cinemarkMovieId=111245&linkedShowtimeId=0&showtime=2026-09-27T13%3A20%3A00&showtimeId=361178&theaterId=54,2026-09-27T02:44:17.432637+00:00
2026-09-25,Cinemark Sugarhouse,Salt Lake City,America/Denver,Primetime,2026-09-27 12:50,2026-09-27,https://www.cinemark.com/TicketSeatMap/?cinemarkMovieId=111245&linkedShowtimeId=0&showtime=2026-09-27T12%3A50%3A00&showtimeId=361384&theaterId=54,2026-09-27T02:44:17.432637+00:00
2026-09-25,Cinemark Sugarhouse,Salt Lake City,America/Denver,Heart of the Beast,2026-09-27 11:50,2026-09-27,https://www.cinemark.com/TicketSeatMap/?cinemarkMovieId=110451&linkedShowtimeId=0&showtime=2026-09-27T11%3A50%3A00&showtimeId=360015&theaterId=54,2026-09-27T02:44:17.432637+00:00
2026-09-25,Cinemark Sugarhouse,Salt Lake City,America/Denver,Forgotten Island,2026-09-27 11:00,2026-09-27,https://www.cinemark.com/TicketSeatMap/?cinemarkMovieId=109838&linkedShowtimeId=0&showtime=2026-09-27T11%3A00%3A00&showtimeId=360427&theaterId=54,2026-09-27T02:44:17.432637+00:00
2026-09-25,Cinemark Sugarhouse,Salt Lake City,America/Denver,Forgotten Island,2026-09-27 10:45,2026-09-27,https://www.cinemark.com/TicketSeatMap/?cinemarkMovieId=109838&linkedShowtimeId=0&showtime=2026-09-27T10%3A45%3A00&showtimeId=361390&theaterId=54,2026-09-27T02:44:17.432637+00:00
2026-09-25,Cinemark Sugarhouse,Salt Lake City,America/Denver,Primetime,2026-09-27 10:00,2026-09-27,https://www.cinemark.com/TicketSeatMap/?cinemarkMovieId=111245&linkedShowtimeId=0&showtime=2026-09-27T10%3A00%3A00&showtimeId=361385&theaterId=54,2026-09-27T02:44:17.432637+00:00
2026-09-25,Cinemark Sugarhouse,Salt Lake City,America/Denver,Primetime,2026-09-27 10:30,2026-09-27,https://www.cinemark.com/TicketSeatMap/?cinemarkMovieId=111245&linkedShowtimeId=0&showtime=2026-09-27T10%3A30%3A00&showtimeId=361177&theaterId=54,2026-09-27T02:44:17.432637+00:00
2026-09-25,Cinemark Sugarhouse,Salt Lake City,America/Denver,Heart of the Beast,2026-09-27 09:15,2026-09-27,https://www.cinemark.com/TicketSeatMap/?cinemarkMovieId=110451&linkedShowtimeId=0&showtime=2026-09-27T09%3A15%3A00&showtimeId=360017&theaterId=54,2026-09-27T02:44:17.432637+00:00
2026-09-25,Cinemark Myrtle Beach,Myrtle Beach,America/New_York,Heart of the Beast,2026-09-27 19:45,2026-09-27,https://www.cinemark.com/TicketSeatMap/?cinemarkMovieId=110451&linkedShowtimeId=520224&showtime=2026-09-27T19%3A45%3A00&showtimeId=520230&theaterId=345,2026-09-27T02:44:17.432637+00:00
2026-09-25,Cinemark Myrtle Beach,Myrtle Beach,America/New_York,Heart of the Beast,2026-09-27 19:55,2026-09-27,https://www.cinemark.com/TicketSeatMap/?cinemarkMovieId=110451&linkedShowtimeId=0&showtime=2026-09-27T19%3A55%3A00&showtimeId=522968&theaterId=345,2026-09-27T02:44:17.432637+00:00
2026-09-25,Cinemark Myrtle Beach,Myrtle Beach,America/New_York,Forgotten Island,2026-09-27 20:45,2026-09-27,https://www.cinemark.com/TicketSeatMap/?cinemarkMovieId=109838&linkedShowtimeId=521480&showtime=2026-09-27T20%3A45%3A00&showtimeId=521476&theaterId=345,2026-09-27T02:44:17.432637+00:00
2026-09-25,Cinemark Myrtle Beach,Myrtle Beach,America/New_York,Forgotten Island,2026-09-27 18:25,2026-09-27,https://www.cinemark.com/TicketSeatMap/?cinemarkMovieId=109838&linkedShowtimeId=0&showtime=2026-09-27T18%3A25%3A00&showtimeId=522995&theaterId=345,2026-09-27T02:44:17.432637+00:00
2026-09-25,Cinemark Myrtle Beach,Myrtle Beach,America/New_York,Primetime,2026-09-27 18:20,2026-09-27,https://www.cinemark.com/TicketSeatMap/?cinemarkMovieId=111245&linkedShowtimeId=0&showtime=2026-09-27T18%3A20%3A00&showtimeId=523001&theaterId=345,2026-09-27T02:44:17.432637+00:00
2026-09-25,Cinemark Myrtle Beach,Myrtle Beach,America/New_York,Primetime,2026-09-27 20:35,2026-09-27,https://www.cinemark.com/TicketSeatMap/?cinemarkMovieId=111245&linkedShowtimeId=0&showtime=2026-09-27T20%3A35%3A00&showtimeId=520852&theaterId=345,2026-09-27T02:44:17.432637+00:00
2026-09-25,Cinemark Myrtle Beach,Myrtle Beach,America/New_York,Heart of the Beast,2026-09-27 17:05,2026-09-27,https://www.cinemark.com/TicketSeatMap/?cinemarkMovieId=110451&linkedShowtimeId=520223&showtime=2026-09-27T17%3A05%3A00&showtimeId=520229&theaterId=345,2026-09-27T02:44:17.432637+00:00
2026-09-25,Cinemark Myrtle Beach,Myrtle Beach,America/New_York,Heart of the Beast,2026-09-27 17:20,2026-09-27,https://www.cinemark.com/TicketSeatMap/?cinemarkMovieId=110451&linkedShowtimeId=0&showtime=2026-09-27T17%3A20%3A00&showtimeId=522967&theaterId=345,2026-09-27T02:44:17.432637+00:00
2026-09-25,Cinemark Myrtle Beach,Myrtle Beach,America/New_York,Forgotten Island,2026-09-27 17:55,2026-09-27,https://www.cinemark.com/TicketSeatMap/?cinemarkMovieId=109838&linkedShowtimeId=521479&showtime=2026-09-27T17%3A55%3A00&showtimeId=521475&theaterId=345,2026-09-27T02:44:17.432637+00:00
2026-09-25,Cinemark Myrtle Beach,Myrtle Beach,America/New_York,Forgotten Island,2026-09-27 21:15,2026-09-27,https://www.cinemark.com/TicketSeatMap/?cinemarkMovieId=109838&linkedShowtimeId=0&showtime=2026-09-27T21%3A15%3A00&showtimeId=522996&theaterId=345,2026-09-27T02:44:17.432637+00:00
2026-09-25,Cinemark Myrtle Beach,Myrtle Beach,America/New_York,Primetime,2026-09-27 17:45,2026-09-27,https://www.cinemark.com/TicketSeatMap/?cinemarkMovieId=111245&linkedShowtimeId=0&showtime=2026-09-27T17%3A45%3A00&showtimeId=520851&theaterId=345,2026-09-27T02:44:17.432637+00:00
2026-09-25,Cinemark Myrtle Beach,Myrtle Beach,America/New_York,Primetime,2026-09-27 21:10,2026-09-27,https://www.cinemark.com/TicketSeatMap/?cinemarkMovieId=111245&linkedShowtimeId=0&showtime=2026-09-27T21%3A10%3A00&showtimeId=523002&theaterId=345,2026-09-27T02:44:17.432637+00:00
2026-09-25,Cinemark Myrtle Beach,Myrtle Beach,America/New_York,Heart of the Beast,2026-09-27 22:25,2026-09-27,https://www.cinemark.com/TicketSeatMap/?cinemarkMovieId=110451&linkedShowtimeId=520225&showtime=2026-09-27T22%3A25%3A00&showtimeId=520231&theaterId=345,2026-09-27T02:44:17.432637+00:00
2026-09-25,Cinemark Myrtle Beach,Myrtle Beach,America/New_York,Heart of the Beast,2026-09-27 22:30,2026-09-27,https://www.cinemark.com/TicketSeatMap/?cinemarkMovieId=110451&linkedShowtimeId=0&showtime=2026-09-27T22%3A30%3A00&showtimeId=522969&theaterId=345,2026-09-27T02:44:17.432637+00:00
2026-09-25,Cinemark Myrtle Beach,Myrtle Beach,America/New_York,Heart of the Beast,2026-09-26 23:15,2026-09-26,https://www.cinemark.com/TicketSeatMap/?cinemarkMovieId=110451&linkedShowtimeId=0&showtime=2026-09-26T23%3A15%3A00&showtimeId=522920&theaterId=345,2026-09-27T02:44:17.432637+00:00
2026-09-25,Cinemark Myrtle Beach,Myrtle Beach,America/New_York,Forgotten Island,2026-09-26 23:20,2026-09-26,https://www.cinemark.com/TicketSeatMap/?cinemarkMovieId=109838&linkedShowtimeId=0&showtime=2026-09-26T23%3A20%3A00&showtimeId=522951&theaterId=345,2026-09-27T02:44:17.432637+00:00
2026-09-25,Cinemark Myrtle Beach,Myrtle Beach,America/New_York,Primetime,2026-09-26 23:25,2026-09-26,https://www.cinemark.com/TicketSeatMap/?cinemarkMovieId=111245&linkedShowtimeId=0&showtime=2026-09-26T23%3A25%3A00&showtimeId=520847&theaterId=345,2026-09-27T02:44:17.432637+00:00
2026-09-25,Cinemark Myrtle Beach,Myrtle Beach,America/New_York,Primetime,2026-09-26 23:30,2026-09-26,https://www.cinemark.com/TicketSeatMap/?cinemarkMovieId=111245&linkedShowtimeId=0&showtime=2026-09-26T23%3A30%3A00&showtimeId=522957&theaterId=345,2026-09-27T02:44:17.432637+00:00
2026-09-25,Cinemark Myrtle Beach,Myrtle Beach,America/New_York,Forgotten Island,2026-09-27 15:05,2026-09-27,https://www.cinemark.com/TicketSeatMap/?cinemarkMovieId=109838&linkedShowtimeId=521471&showtime=2026-09-27T15%3A05%3A00&showtimeId=521472&theaterId=345,2026-09-27T02:44:17.432637+00:00
2026-09-25,Cinemark Myrtle Beach,Myrtle Beach,America/New_York,Forgotten Island,2026-09-27 15:40,2026-09-27,https://www.cinemark.com/TicketSeatMap/?cinemarkMovieId=109838&linkedShowtimeId=0&showtime=2026-09-27T15%3A40%3A00&showtimeId=522994&theaterId=345,2026-09-27T02:44:17.432637+00:00
2026-09-25,Cinemark Myrtle Beach,Myrtle Beach,America/New_York,Primetime,2026-09-27 15:30,2026-09-27,https://www.cinemark.com/TicketSeatMap/?cinemarkMovieId=111245&linkedShowtimeId=0&showtime=2026-09-27T15%3A30%3A00&showtimeId=523000&theaterId=345,2026-09-27T02:44:17.432637+00:00
2026-09-25,Cinemark Myrtle Beach,Myrtle Beach,America/New_York,Heart of the Beast,2026-09-27 14:25,2026-09-27,https://www.cinemark.com/TicketSeatMap/?cinemarkMovieId=110451&linkedShowtimeId=520222&showtime=2026-09-27T14%3A25%3A00&showtimeId=520228&theaterId=345,2026-09-27T02:44:17.432637+00:00
2026-09-25,Cinemark Myrtle Beach,Myrtle Beach,America/New_York,Heart of the Beast,2026-09-27 14:45,2026-09-27,https://www.cinemark.com/TicketSeatMap/?cinemarkMovieId=110451&linkedShowtimeId=0&showtime=2026-09-27T14%3A45%3A00&showtimeId=522966&theaterId=345,2026-09-27T02:44:17.432637+00:00
2026-09-25,Cinemark Myrtle Beach,Myrtle Beach,America/New_York,Primetime,2026-09-27 14:55,2026-09-27,https://www.cinemark.com/TicketSeatMap/?cinemarkMovieId=111245&linkedShowtimeId=0&showtime=2026-09-27T14%3A55%3A00&showtimeId=520850&theaterId=345,2026-09-27T02:44:17.432637+00:00
2026-09-25,Cinemark Myrtle Beach,Myrtle Beach,America/New_York,Heart of the Beast,2026-09-27 12:10,2026-09-27,https://www.cinemark.com/TicketSeatMap/?cinemarkMovieId=110451&linkedShowtimeId=0&showtime=2026-09-27T12%3A10%3A00&showtimeId=522965&theaterId=345,2026-09-27T02:44:17.432637+00:00
2026-09-25,Cinemark Myrtle Beach,Myrtle Beach,America/New_York,Forgotten Island,2026-09-27 12:20,2026-09-27,https://www.cinemark.com/TicketSeatMap/?cinemarkMovieId=109838&linkedShowtimeId=521478&showtime=2026-09-27T12%3A20%3A00&showtimeId=521474&theaterId=345,2026-09-27T02:44:17.432637+00:00
2026-09-25,Cinemark Myrtle Beach,Myrtle Beach,America/New_York,Forgotten Island,2026-09-27 12:55,2026-09-27,https://www.cinemark.com/TicketSeatMap/?cinemarkMovieId=109838&linkedShowtimeId=0&showtime=2026-09-27T12%3A55%3A00&showtimeId=522998&theaterId=345,2026-09-27T02:44:17.432637+00:00
2026-09-25,Cinemark Myrtle Beach,Myrtle Beach,America/New_York,Primetime,2026-09-27 12:05,2026-09-27,https://www.cinemark.com/TicketSeatMap/?cinemarkMovieId=111245&linkedShowtimeId=0&showtime=2026-09-27T12%3A05%3A00&showtimeId=520849&theaterId=345,2026-09-27T02:44:17.432637+00:00
2026-09-25,Cinemark Myrtle Beach,Myrtle Beach,America/New_York,Primetime,2026-09-27 12:40,2026-09-27,https://www.cinemark.com/TicketSeatMap/?cinemarkMovieId=111245&linkedShowtimeId=0&showtime=2026-09-27T12%3A40%3A00&showtimeId=522999&theaterId=345,2026-09-27T02:44:17.432637+00:00
2026-09-25,Cinemark Myrtle Beach,Myrtle Beach,America/New_York,Heart of the Beast,2026-09-27 11:45,2026-09-27,https://www.cinemark.com/TicketSeatMap/?cinemarkMovieId=110451&linkedShowtimeId=520221&showtime=2026-09-27T11%3A45%3A00&showtimeId=520227&theaterId=345,2026-09-27T02:44:17.432637+00:00
2026-09-25,Cinemark Myrtle Beach,Myrtle Beach,America/New_York,Forgotten Island,2026-09-27 10:10,2026-09-27,https://www.cinemark.com/TicketSeatMap/?cinemarkMovieId=109838&linkedShowtimeId=0&showtime=2026-09-27T10%3A10%3A00&showtimeId=522997&theaterId=345,2026-09-27T02:44:17.432637+00:00
2026-09-25,Cinemark Myrtle Beach,Myrtle Beach,America/New_York,Heart of the Beast,2026-09-27 09:05,2026-09-27,https://www.cinemark.com/TicketSeatMap/?cinemarkMovieId=110451&linkedShowtimeId=520220&showtime=2026-09-27T09%3A05%3A00&showtimeId=520226&theaterId=345,2026-09-27T02:44:17.432637+00:00
2026-09-25,Cinemark Myrtle Beach,Myrtle Beach,America/New_York,Heart of the Beast,2026-09-27 09:35,2026-09-27,https://www.cinemark.com/TicketSeatMap/?cinemarkMovieId=110451&linkedShowtimeId=0&showtime=2026-09-27T09%3A35%3A00&showtimeId=522970&theaterId=345,2026-09-27T02:44:17.432637+00:00
2026-09-25,Cinemark Myrtle Beach,Myrtle Beach,America/New_York,Forgotten Island,2026-09-27 09:30,2026-09-27,https://www.cinemark.com/TicketSeatMap/?cinemarkMovieId=109838&linkedShowtimeId=521477&showtime=2026-09-27T09%3A30%3A00&showtimeId=521473&theaterId=345,2026-09-27T02:44:17.432637+00:00
2026-09-25,Cinemark Myrtle Beach,Myrtle Beach,America/New_York,Primetime,2026-09-27 09:15,2026-09-27,https://www.cinemark.com/TicketSeatMap/?cinemarkMovieId=111245&linkedShowtimeId=0&showtime=2026-09-27T09%3A15%3A00&showtimeId=520848&theaterId=345,2026-09-27T02:44:17.432637+00:00
2026-09-25,Cinemark Myrtle Beach,Myrtle Beach,America/New_York,Primetime,2026-09-27 09:50,2026-09-27,https://www.cinemark.com/TicketSeatMap/?cinemarkMovieId=111245&linkedShowtimeId=0&showtime=2026-09-27T09%3A50%3A00&showtimeId=523003&theaterId=345,2026-09-27T02:44:17.432637+00:00
2026-09-25,Cinemark Mall St Matthews And Xd,Louisville,America/New_York,Heart of the Beast,2026-09-27 19:30,2026-09-27,https://www.cinemark.com/TicketSeatMap/?cinemarkMovieId=110451&linkedShowtimeId=0&showtime=2026-09-27T19%3A30%3A00&showtimeId=247812&theaterId=1071,2026-09-27T02:44:17.432637+00:00
2026-09-25,Cinemark Mall St Matthews And Xd,Louisville,America/New_York,Primetime,2026-09-27 19:10,2026-09-27,https://www.cinemark.com/TicketSeatMap/?cinemarkMovieId=111245&linkedShowtimeId=0&showtime=2026-09-27T19%3A10%3A00&showtimeId=247672&theaterId=1071,2026-09-27T02:44:17.432637+00:00
2026-09-25,Cinemark Mall St Matthews And Xd,Louisville,America/New_York,Heart of the Beast,2026-09-27 18:50,2026-09-27,https://www.cinemark.com/TicketSeatMap/?cinemarkMovieId=110451&linkedShowtimeId=0&showtime=2026-09-27T18%3A50%3A00&showtimeId=245952&theaterId=1071,2026-09-27T02:44:17.432637+00:00
2026-09-25,Cinemark Mall St Matthews And Xd,Louisville,America/New_York,Forgotten Island,2026-09-27 18:15,2026-09-27,https://www.cinemark.com/TicketSeatMap/?cinemarkMovieId=109838&linkedShowtimeId=0&showtime=2026-09-27T18%3A15%3A00&showtimeId=246808&theaterId=1071,2026-09-27T02:44:17.432637+00:00
2026-09-25,Cinemark Mall St Matthews And Xd,Louisville,America/New_York,Forgotten Island,2026-09-27 21:00,2026-09-27,https://www.cinemark.com/TicketSeatMap/?cinemarkMovieId=109838&linkedShowtimeId=0&showtime=2026-09-27T21%3A00%3A00&showtimeId=246807&theaterId=1071,2026-09-27T02:44:17.432637+00:00
2026-09-25,Cinemark Mall St Matthews And Xd,Louisville,America/New_York,Primetime,2026-09-27 21:15,2026-09-27,https://www.cinemark.com/TicketSeatMap/?cinemarkMovieId=111245&linkedShowtimeId=0&showtime=2026-09-27T21%3A15%3A00&showtimeId=247820&theaterId=1071,2026-09-27T02:44:17.432637+00:00
2026-09-25,Cinemark Mall St Matthews And Xd,Louisville,America/New_York,Heart of the Beast,2026-09-27 16:10,2026-09-27,https://www.cinemark.com/TicketSeatMap/?cinemarkMovieId=110451&linkedShowtimeId=0&showtime=2026-09-27T16%3A10%3A00&showtimeId=245951&theaterId=1071,2026-09-27T02:44:17.432637+00:00
2026-09-25,Cinemark Mall St Matthews And Xd,Louisville,America/New_York,Heart of the Beast,2026-09-27 22:35,2026-09-27,https://www.cinemark.com/TicketSeatMap/?cinemarkMovieId=110451&linkedShowtimeId=0&showtime=2026-09-27T22%3A35%3A00&showtimeId=245953&theaterId=1071,2026-09-27T02:44:17.432637+00:00
2026-09-25,Cinemark Mall St Matthews And Xd,Louisville,America/New_York,Primetime,2026-09-27 16:20,2026-09-27,https://www.cinemark.com/TicketSeatMap/?cinemarkMovieId=111245&linkedShowtimeId=0&showtime=2026-09-27T16%3A20%3A00&showtimeId=247671&theaterId=1071,2026-09-27T02:44:17.432637+00:00
2026-09-25,Cinemark Mall St Matthews And Xd,Louisville,America/New_York,Primetime,2026-09-27 22:00,2026-09-27,https://www.cinemark.com/TicketSeatMap/?cinemarkMovieId=111245&linkedShowtimeId=0&showtime=2026-09-27T22%3A00%3A00&showtimeId=247673&theaterId=1071,2026-09-27T02:44:17.432637+00:00
2026-09-25,Cinemark Mall St Matthews And Xd,Louisville,America/New_York,Forgotten Island,2026-09-27 15:30,2026-09-27,https://www.cinemark.com/TicketSeatMap/?cinemarkMovieId=109838&linkedShowtimeId=0&showtime=2026-09-27T15%3A30%3A00&showtimeId=246809&theaterId=1071,2026-09-27T02:44:17.432637+00:00
2026-09-25,Cinemark Mall St Matthews And Xd,Louisville,America/New_York,Heart of the Beast,2026-09-27 14:45,2026-09-27,https://www.cinemark.com/TicketSeatMap/?cinemarkMovieId=110451&linkedShowtimeId=0&showtime=2026-09-27T14%3A45%3A00&showtimeId=247813&theaterId=1071,2026-09-27T02:44:17.432637+00:00
2026-09-25,Cinemark Mall St Matthews And Xd,Louisville,America/New_York,Heart of the Beast,2026-09-27 13:30,2026-09-27,https://www.cinemark.com/TicketSeatMap/?cinemarkMovieId=110451&linkedShowtimeId=0&showtime=2026-09-27T13%3A30%3A00&showtimeId=245950&theaterId=1071,2026-09-27T02:44:17.432637+00:00
2026-09-25,Cinemark Mall St Matthews And Xd,Louisville,America/New_York,Primetime,2026-09-27 13:20,2026-09-27,https://www.cinemark.com/TicketSeatMap/?cinemarkMovieId=111245&linkedShowtimeId=0&showtime=2026-09-27T13%3A20%3A00&showtimeId=247670&theaterId=1071,2026-09-27T02:44:17.432637+00:00
2026-09-25,Cinemark Mall St Matthews And Xd,Louisville,America/New_York,Primetime,2026-09-27 13:50,2026-09-27,https://www.cinemark.com/TicketSeatMap/?cinemarkMovieId=111245&linkedShowtimeId=0&showtime=2026-09-27T13%3A50%3A00&showtimeId=247821&theaterId=1071,2026-09-27T02:44:17.432637+00:00
2026-09-25,Cinemark Mall St Matthews And Xd,Louisville,America/New_York,Heart of the Beast,2026-09-27 12:20,2026-09-27,https://www.cinemark.com/TicketSeatMap/?cinemarkMovieId=110451&linkedShowtimeId=0&showtime=2026-09-27T12%3A20%3A00&showtimeId=247759&theaterId=1071,2026-09-27T02:44:17.432637+00:00
2026-09-25,Cinemark Mall St Matthews And Xd,Louisville,America/New_York,Forgotten Island,2026-09-27 12:45,2026-09-27,https://www.cinemark.com/TicketSeatMap/?cinemarkMovieId=109838&linkedShowtimeId=0&showtime=2026-09-27T12%3A45%3A00&showtimeId=246806&theaterId=1071,2026-09-27T02:44:17.432637+00:00
2026-09-25,Cinemark Mall St Matthews And Xd,Louisville,America/New_York,Heart of the Beast,2026-09-27 11:40,2026-09-27,https://www.cinemark.com/TicketSeatMap/?cinemarkMovieId=110451&linkedShowtimeId=0&showtime=2026-09-27T11%3A40%3A00&showtimeId=245949&theaterId=1071,2026-09-27T02:44:17.432637+00:00
2026-09-25,Cinemark Mall St Matthews And Xd,Louisville,America/New_York,Forgotten Island,2026-09-27 11:50,2026-09-27,https://www.cinemark.com/TicketSeatMap/?cinemarkMovieId=109838&linkedShowtimeId=0&showtime=2026-09-27T11%3A50%3A00&showtimeId=247810&theaterId=1071,2026-09-27T02:44:17.432637+00:00
2026-09-25,Cinemark Mall St Matthews And Xd,Louisville,America/New_York,Forgotten Island,2026-09-27 10:00,2026-09-27,https://www.cinemark.com/TicketSeatMap/?cinemarkMovieId=109838&linkedShowtimeId=0&showtime=2026-09-27T10%3A00%3A00&showtimeId=246805&theaterId=1071,2026-09-27T02:44:17.432637+00:00
2026-09-25,Cinemark Mall St Matthews And Xd,Louisville,America/New_York,Primetime,2026-09-27 10:30,2026-09-27,https://www.cinemark.com/TicketSeatMap/?cinemarkMovieId=111245&linkedShowtimeId=0&showtime=2026-09-27T10%3A30%3A00&showtimeId=247674&theaterId=1071,2026-09-27T02:44:17.432637+00:00
2026-09-25,Cinemark Mall St Matthews And Xd,Louisville,America/New_York,Heart of the Beast,2026-09-27 09:40,2026-09-27,https://www.cinemark.com/TicketSeatMap/?cinemarkMovieId=110451&linkedShowtimeId=0&showtime=2026-09-27T09%3A40%3A00&showtimeId=247760&theaterId=1071,2026-09-27T02:44:17.432637+00:00
2026-09-25,Cinemark Mall St Matthews And Xd,Louisville,America/New_York,Heart of the Beast,2026-09-27 09:00,2026-09-27,https://www.cinemark.com/TicketSeatMap/?cinemarkMovieId=110451&linkedShowtimeId=0&showtime=2026-09-27T09%3A00%3A00&showtimeId=245948&theaterId=1071,2026-09-27T02:44:17.432637+00:00
2026-09-25,Cinemark Mall St Matthews And Xd,Louisville,America/New_York,Forgotten Island,2026-09-27 09:05,2026-09-27,https://www.cinemark.com/TicketSeatMap/?cinemarkMovieId=109838&linkedShowtimeId=0&showtime=2026-09-27T09%3A05%3A00&showtimeId=247811&theaterId=1071,2026-09-27T02:44:17.432637+00:00
2026-09-25,Cinemark Mall St Matthews And Xd,Louisville,America/New_York,Primetime,2026-09-27 09:15,2026-09-27,https://www.cinemark.com/TicketSeatMap/?cinemarkMovieId=111245&linkedShowtimeId=0&showtime=2026-09-27T09%3A15%3A00&showtimeId=247819&theaterId=1071,2026-09-27T02:44:17.432637+00:00
2026-09-25,Cinemark San Antonio 16,San Antonio,America/Chicago,Primetime,2026-09-27 19:05,2026-09-27,https://www.cinemark.com/TicketSeatMap/?cinemarkMovieId=111245&linkedShowtimeId=0&showtime=2026-09-27T19%3A05%3A00&showtimeId=553231&theaterId=31,2026-09-27T02:44:17.432637+00:00
2026-09-25,Cinemark San Antonio 16,San Antonio,America/Chicago,Heart of the Beast,2026-09-27 18:00,2026-09-27,https://www.cinemark.com/TicketSeatMap/?cinemarkMovieId=110451&linkedShowtimeId=0&showtime=2026-09-27T18%3A00%3A00&showtimeId=553219&theaterId=31,2026-09-27T02:44:17.432637+00:00
2026-09-25,Cinemark San Antonio 16,San Antonio,America/Chicago,Heart of the Beast,2026-09-27 20:10,2026-09-27,https://www.cinemark.com/TicketSeatMap/?cinemarkMovieId=110451&linkedShowtimeId=0&showtime=2026-09-27T20%3A10%3A00&showtimeId=551144&theaterId=31,2026-09-27T02:44:17.432637+00:00
2026-09-25,Cinemark San Antonio 16,San Antonio,America/Chicago,Forgotten Island,2026-09-27 18:15,2026-09-27,https://www.cinemark.com/TicketSeatMap/?cinemarkMovieId=109838&linkedShowtimeId=0&showtime=2026-09-27T18%3A15%3A00&showtimeId=551802&theaterId=31,2026-09-27T02:44:17.432637+00:00
2026-09-25,Cinemark San Antonio 16,San Antonio,America/Chicago,Forgotten Island,2026-09-27 20:30,2026-09-27,https://www.cinemark.com/TicketSeatMap/?cinemarkMovieId=109838&linkedShowtimeId=0&showtime=2026-09-27T20%3A30%3A00&showtimeId=551796&theaterId=31,2026-09-27T02:44:17.432637+00:00
2026-09-25,Cinemark San Antonio 16,San Antonio,America/Chicago,Primetime,2026-09-27 18:30,2026-09-27,https://www.cinemark.com/TicketSeatMap/?cinemarkMovieId=111245&linkedShowtimeId=0&showtime=2026-09-27T18%3A30%3A00&showtimeId=551271&theaterId=31,2026-09-27T02:44:17.432637+00:00
2026-09-25,Cinemark San Antonio 16,San Antonio,America/Chicago,Heart of the Beast,2026-09-27 17:30,2026-09-27,https://www.cinemark.com/TicketSeatMap/?cinemarkMovieId=110451&linkedShowtimeId=0&showtime=2026-09-27T17%3A30%3A00&showtimeId=551143&theaterId=31,2026-09-27T02:44:17.432637+00:00
2026-09-25,Cinemark San Antonio 16,San Antonio,America/Chicago,Forgotten Island,2026-09-27 17:45,2026-09-27,https://www.cinemark.com/TicketSeatMap/?cinemarkMovieId=109838&linkedShowtimeId=0&showtime=2026-09-27T17%3A45%3A00&showtimeId=551798&theaterId=31,2026-09-27T02:44:17.432637+00:00
2026-09-25,Cinemark San Antonio 16,San Antonio,America/Chicago,Forgotten Island,2026-09-27 21:55,2026-09-27,https://www.cinemark.com/TicketSeatMap/?cinemarkMovieId=109838&linkedShowtimeId=0&showtime=2026-09-27T21%3A55%3A00&showtimeId=551803&theaterId=31,2026-09-27T02:44:17.432637+00:00
2026-09-25,Cinemark San Antonio 16,San Antonio,America/Chicago,Primetime,2026-09-27 21:20,2026-09-27,https://www.cinemark.com/TicketSeatMap/?cinemarkMovieId=111245&linkedShowtimeId=0&showtime=2026-09-27T21%3A20%3A00&showtimeId=551272&theaterId=31,2026-09-27T02:44:17.432637+00:00
2026-09-25,Cinemark San Antonio 16,San Antonio,America/Chicago,Primetime,2026-09-27 21:55,2026-09-27,https://www.cinemark.com/TicketSeatMap/?cinemarkMovieId=111245&linkedShowtimeId=0&showtime=2026-09-27T21%3A55%3A00&showtimeId=553398&theaterId=31,2026-09-27T02:44:17.432637+00:00
2026-09-25,Cinemark San Antonio 16,San Antonio,America/Chicago,Heart of the Beast,2026-09-26 22:50,2026-09-26,https://www.cinemark.com/TicketSeatMap/?cinemarkMovieId=110451&linkedShowtimeId=0&showtime=2026-09-26T22%3A50%3A00&showtimeId=553168&theaterId=31,2026-09-27T02:44:17.432637+00:00
2026-09-25,Cinemark San Antonio 16,San Antonio,America/Chicago,Heart of the Beast,2026-09-27 22:00,2026-09-27,https://www.cinemark.com/TicketSeatMap/?cinemarkMovieId=110451&linkedShowtimeId=0&showtime=2026-09-27T22%3A00%3A00&showtimeId=553220&theaterId=31,2026-09-27T02:44:17.432637+00:00
2026-09-25,Cinemark San Antonio 16,San Antonio,America/Chicago,Primetime,2026-09-27 16:15,2026-09-27,https://www.cinemark.com/TicketSeatMap/?cinemarkMovieId=111245&linkedShowtimeId=0&showtime=2026-09-27T16%3A15%3A00&showtimeId=553232&theaterId=31,2026-09-27T02:44:17.432637+00:00
2026-09-25,Cinemark San Antonio 16,San Antonio,America/Chicago,Heart of the Beast,2026-09-26 23:30,2026-09-26,https://www.cinemark.com/TicketSeatMap/?cinemarkMovieId=110451&linkedShowtimeId=0&showtime=2026-09-26T23%3A30%3A00&showtimeId=553179&theaterId=31,2026-09-27T02:44:17.432637+00:00
2026-09-25,Cinemark San Antonio 16,San Antonio,America/Chicago,Forgotten Island,2026-09-26 23:15,2026-09-26,https://www.cinemark.com/TicketSeatMap/?cinemarkMovieId=109838&linkedShowtimeId=0&showtime=2026-09-26T23%3A15%3A00&showtimeId=553201&theaterId=31,2026-09-27T02:44:17.432637+00:00
2026-09-25,Cinemark San Antonio 16,San Antonio,America/Chicago,Heart of the Beast,2026-09-27 15:20,2026-09-27,https://www.cinemark.com/TicketSeatMap/?cinemarkMovieId=110451&linkedShowtimeId=0&showtime=2026-09-27T15%3A20%3A00&showtimeId=553222&theaterId=31,2026-09-27T02:44:17.432637+00:00
2026-09-25,Cinemark San Antonio 16,San Antonio,America/Chicago,Forgotten Island,2026-09-27 15:00,2026-09-27,https://www.cinemark.com/TicketSeatMap/?cinemarkMovieId=109838&linkedShowtimeId=0&showtime=2026-09-27T15%3A00%3A00&showtimeId=551795&theaterId=31,2026-09-27T02:44:17.432637+00:00
2026-09-25,Cinemark San Antonio 16,San Antonio,America/Chicago,Forgotten Island,2026-09-27 15:30,2026-09-27,https://www.cinemark.com/TicketSeatMap/?cinemarkMovieId=109838&linkedShowtimeId=0&showtime=2026-09-27T15%3A30%3A00&showtimeId=551801&theaterId=31,2026-09-27T02:44:17.432637+00:00
2026-09-25,Cinemark San Antonio 16,San Antonio,America/Chicago,Primetime,2026-09-27 15:40,2026-09-27,https://www.cinemark.com/TicketSeatMap/?cinemarkMovieId=111245&linkedShowtimeId=0&showtime=2026-09-27T15%3A40%3A00&showtimeId=551270&theaterId=31,2026-09-27T02:44:17.432637+00:00
2026-09-25,Cinemark San Antonio 16,San Antonio,America/Chicago,Heart of the Beast,2026-09-27 14:50,2026-09-27,https://www.cinemark.com/TicketSeatMap/?cinemarkMovieId=110451&linkedShowtimeId=0&showtime=2026-09-27T14%3A50%3A00&showtimeId=551142&theaterId=31,2026-09-27T02:44:17.432637+00:00
2026-09-25,Cinemark San Antonio 16,San Antonio,America/Chicago,Primetime,2026-09-27 13:25,2026-09-27,https://www.cinemark.com/TicketSeatMap/?cinemarkMovieId=111245&linkedShowtimeId=0&showtime=2026-09-27T13%3A25%3A00&showtimeId=553233&theaterId=31,2026-09-27T02:44:17.432637+00:00
2026-09-25,Cinemark San Antonio 16,San Antonio,America/Chicago,Heart of the Beast,2026-09-27 12:10,2026-09-27,https://www.cinemark.com/TicketSeatMap/?cinemarkMovieId=110451&linkedShowtimeId=0&showtime=2026-09-27T12%3A10%3A00&showtimeId=551141&theaterId=31,2026-09-27T02:44:17.432637+00:00
2026-09-25,Cinemark San Antonio 16,San Antonio,America/Chicago,Heart of the Beast,2026-09-27 12:40,2026-09-27,https://www.cinemark.com/TicketSeatMap/?cinemarkMovieId=110451&linkedShowtimeId=0&showtime=2026-09-27T12%3A40%3A00&showtimeId=553223&theaterId=31,2026-09-27T02:44:17.432637+00:00
2026-09-25,Cinemark San Antonio 16,San Antonio,America/Chicago,Forgotten Island,2026-09-27 12:15,2026-09-27,https://www.cinemark.com/TicketSeatMap/?cinemarkMovieId=109838&linkedShowtimeId=0&showtime=2026-09-27T12%3A15%3A00&showtimeId=551797&theaterId=31,2026-09-27T02:44:17.432637+00:00
2026-09-25,Cinemark San Antonio 16,San Antonio,America/Chicago,Forgotten Island,2026-09-27 12:45,2026-09-27,https://www.cinemark.com/TicketSeatMap/?cinemarkMovieId=109838&linkedShowtimeId=0&showtime=2026-09-27T12%3A45%3A00&showtimeId=551800&theaterId=31,2026-09-27T02:44:17.432637+00:00
2026-09-25,Cinemark San Antonio 16,San Antonio,America/Chicago,Primetime,2026-09-27 12:05,2026-09-27,https://www.cinemark.com/TicketSeatMap/?cinemarkMovieId=111245&linkedShowtimeId=0&showtime=2026-09-27T12%3A05%3A00&showtimeId=553399&theaterId=31,2026-09-27T02:44:17.432637+00:00
2026-09-25,Cinemark San Antonio 16,San Antonio,America/Chicago,Primetime,2026-09-27 12:50,2026-09-27,https://www.cinemark.com/TicketSeatMap/?cinemarkMovieId=111245&linkedShowtimeId=0&showtime=2026-09-27T12%3A50%3A00&showtimeId=551269&theaterId=31,2026-09-27T02:44:17.432637+00:00
2026-09-25,Cinemark San Antonio 16,San Antonio,America/Chicago,Heart of the Beast,2026-09-27 10:00,2026-09-27,https://www.cinemark.com/TicketSeatMap/?cinemarkMovieId=110451&linkedShowtimeId=0&showtime=2026-09-27T10%3A00%3A00&showtimeId=553218&theaterId=31,2026-09-27T02:44:17.432637+00:00
2026-09-25,Cinemark San Antonio 16,San Antonio,America/Chicago,Heart of the Beast,2026-09-27 10:40,2026-09-27,https://www.cinemark.com/TicketSeatMap/?cinemarkMovieId=110451&linkedShowtimeId=0&showtime=2026-09-27T10%3A40%3A00&showtimeId=553221&theaterId=31,2026-09-27T02:44:17.432637+00:00
2026-09-25,Cinemark San Antonio 16,San Antonio,America/Chicago,Forgotten Island,2026-09-27 10:00,2026-09-27,https://www.cinemark.com/TicketSeatMap/?cinemarkMovieId=109838&linkedShowtimeId=0&showtime=2026-09-27T10%3A00%3A00&showtimeId=551799&theaterId=31,2026-09-27T02:44:17.432637+00:00
2026-09-25,Cinemark San Antonio 16,San Antonio,America/Chicago,Primetime,2026-09-27 10:00,2026-09-27,https://www.cinemark.com/TicketSeatMap/?cinemarkMovieId=111245&linkedShowtimeId=0&showtime=2026-09-27T10%3A00%3A00&showtimeId=551268&theaterId=31,2026-09-27T02:44:17.432637+00:00
2026-09-25,Cinemark San Antonio 16,San Antonio,America/Chicago,Primetime,2026-09-27 10:35,2026-09-27,https://www.cinemark.com/TicketSeatMap/?cinemarkMovieId=111245&linkedShowtimeId=0&showtime=2026-09-27T10%3A35%3A00&showtimeId=553234&theaterId=31,2026-09-27T02:44:17.432637+00:00
2026-09-25,Cinemark San Antonio 16,San Antonio,America/Chicago,Heart of the Beast,2026-09-27 09:30,2026-09-27,https://www.cinemark.com/TicketSeatMap/?cinemarkMovieId=110451&linkedShowtimeId=0&showtime=2026-09-27T09%3A30%3A00&showtimeId=551140&theaterId=31,2026-09-27T02:44:17.432637+00:00
2026-09-25,Cinemark San Antonio 16,San Antonio,America/Chicago,Forgotten Island,2026-09-27 09:30,2026-09-27,https://www.cinemark.com/TicketSeatMap/?cinemarkMovieId=109838&linkedShowtimeId=0&showtime=2026-09-27T09%3A30%3A00&showtimeId=551794&theaterId=31,2026-09-27T02:44:17.432637+00:00
