weekend_of,run_id,snapshot_time,snapshot_bucket,show_date,day_of_week,theatre_name,theatre_city,timezone,movie_title,showtime,showtime_id,minutes_until_showtime,auditorium_name,auditorium_type,total_seats,reserved_seats,available_seats,occupancy_pct,delta_reserved_since_previous,amc_seat_map_url,notes,chain,discovered_showtimes,unavailable_seats,row_kind
2026-09-25,harkins-2026-09-27T02:40Z,2026-09-27T02:40:55.466919+00:00,2026-09-27T02:00Z,2026-09-26,Saturday,Harkins Arizona Mills 18 w/ IMAX,Tempe,America/Phoenix,Forgotten Island,20:55,16:574589,74,,,46,7,39,15.2,,https://harkins.com/ticketing/theatre/16/movie/HO00015981/session/574589/date/2026-09-26 20:55,harkins-api; sold_out=0,HARK,,,harkins-api
2026-09-25,harkins-2026-09-27T02:40Z,2026-09-27T02:40:55.466919+00:00,2026-09-27T02:00Z,2026-09-26,Saturday,Harkins Arizona Mills 18 w/ IMAX,Tempe,America/Phoenix,Forgotten Island,22:00,16:574590,139,,,101,4,97,4.0,,https://harkins.com/ticketing/theatre/16/movie/HO00015981/session/574590/date/2026-09-26 22:00,harkins-api; sold_out=0,HARK,,,harkins-api
2026-09-25,harkins-2026-09-27T02:40Z,2026-09-27T02:40:55.466919+00:00,2026-09-27T02:00Z,2026-09-26,Saturday,Harkins Arizona Mills 18 w/ IMAX,Tempe,America/Phoenix,Heart of the Beast,21:20,16:576399,99,,,119,10,109,8.4,,https://harkins.com/ticketing/theatre/16/movie/HO00016093/session/576399/date/2026-09-26 21:20,harkins-api; sold_out=0,HARK,,,harkins-api
2026-09-25,harkins-2026-09-27T02:40Z,2026-09-27T02:40:55.466919+00:00,2026-09-27T02:00Z,2026-09-26,Saturday,Harkins Arizona Mills 18 w/ IMAX,Tempe,America/Phoenix,Heart of the Beast,22:10,16:573970,149,,,119,9,110,7.6,,https://harkins.com/ticketing/theatre/16/movie/HO00016093/session/573970/date/2026-09-26 22:10,harkins-api; sold_out=0,HARK,,,harkins-api
2026-09-25,harkins-2026-09-27T02:40Z,2026-09-27T02:40:55.466919+00:00,2026-09-27T02:00Z,2026-09-27,Sunday,Harkins Arizona Mills 18 w/ IMAX,Tempe,America/Phoenix,Forgotten Island,10:35,16:576119,894,,,119,2,117,1.7,,https://harkins.com/ticketing/theatre/16/movie/HO00015981/session/576119/date/2026-09-27 10:35,harkins-api; sold_out=0,HARK,,,harkins-api
2026-09-25,harkins-2026-09-27T02:40Z,2026-09-27T02:40:55.466919+00:00,2026-09-27T02:00Z,2026-09-27,Sunday,Harkins Arizona Mills 18 w/ IMAX,Tempe,America/Phoenix,Forgotten Island,12:20,16:576110,999,,,119,4,115,3.4,,https://harkins.com/ticketing/theatre/16/movie/HO00015981/session/576110/date/2026-09-27 12:20,harkins-api; sold_out=0,HARK,,,harkins-api
2026-09-25,harkins-2026-09-27T02:40Z,2026-09-27T02:40:55.466919+00:00,2026-09-27T02:00Z,2026-09-27,Sunday,Harkins Arizona Mills 18 w/ IMAX,Tempe,America/Phoenix,Forgotten Island,13:20,16:576115,1059,,,119,7,112,5.9,,https://harkins.com/ticketing/theatre/16/movie/HO00015981/session/576115/date/2026-09-27 13:20,harkins-api; sold_out=0,HARK,,,harkins-api
2026-09-25,harkins-2026-09-27T02:40Z,2026-09-27T02:40:55.466919+00:00,2026-09-27T02:00Z,2026-09-27,Sunday,Harkins Arizona Mills 18 w/ IMAX,Tempe,America/Phoenix,Forgotten Island,15:05,16:576111,1164,,,119,9,110,7.6,,https://harkins.com/ticketing/theatre/16/movie/HO00015981/session/576111/date/2026-09-27 15:05,harkins-api; sold_out=0,HARK,,,harkins-api
2026-09-25,harkins-2026-09-27T02:40Z,2026-09-27T02:40:55.466919+00:00,2026-09-27T02:00Z,2026-09-27,Sunday,Harkins Arizona Mills 18 w/ IMAX,Tempe,America/Phoenix,Forgotten Island,16:30,16:574594,1249,,,101,8,93,7.9,,https://harkins.com/ticketing/theatre/16/movie/HO00015981/session/574594/date/2026-09-27 16:30,harkins-api; sold_out=0,HARK,,,harkins-api
2026-09-25,harkins-2026-09-27T02:40Z,2026-09-27T02:40:55.466919+00:00,2026-09-27T02:00Z,2026-09-27,Sunday,Harkins Arizona Mills 18 w/ IMAX,Tempe,America/Phoenix,Forgotten Island,18:45,16:576117,1384,,,119,2,117,1.7,,https://harkins.com/ticketing/theatre/16/movie/HO00015981/session/576117/date/2026-09-27 18:45,harkins-api; sold_out=0,HARK,,,harkins-api
2026-09-25,harkins-2026-09-27T02:40Z,2026-09-27T02:40:55.466919+00:00,2026-09-27T02:00Z,2026-09-27,Sunday,Harkins Arizona Mills 18 w/ IMAX,Tempe,America/Phoenix,Forgotten Island,19:15,16:574595,1414,,,101,2,99,2.0,,https://harkins.com/ticketing/theatre/16/movie/HO00015981/session/574595/date/2026-09-27 19:15,harkins-api; sold_out=0,HARK,,,harkins-api
2026-09-25,harkins-2026-09-27T02:40Z,2026-09-27T02:40:55.466919+00:00,2026-09-27T02:00Z,2026-09-27,Sunday,Harkins Arizona Mills 18 w/ IMAX,Tempe,America/Phoenix,Forgotten Island,22:00,16:574596,1579,,,101,2,99,2.0,,https://harkins.com/ticketing/theatre/16/movie/HO00015981/session/574596/date/2026-09-27 22:00,harkins-api; sold_out=0,HARK,,,harkins-api
2026-09-25,harkins-2026-09-27T02:40Z,2026-09-27T02:40:55.466919+00:00,2026-09-27T02:00Z,2026-09-27,Sunday,Harkins Arizona Mills 18 w/ IMAX,Tempe,America/Phoenix,Forgotten Island,11:20,16:576021,939,,,211,7,204,3.3,,https://harkins.com/ticketing/theatre/16/movie/HO00016111/session/576021/date/2026-09-27 11:20,harkins-api; sold_out=0,HARK,,,harkins-api
2026-09-25,harkins-2026-09-27T02:40Z,2026-09-27T02:40:55.466919+00:00,2026-09-27T02:00Z,2026-09-27,Sunday,Harkins Arizona Mills 18 w/ IMAX,Tempe,America/Phoenix,Forgotten Island,11:45,16:574591,964,,,69,3,66,4.3,,https://harkins.com/ticketing/theatre/16/movie/HO00016105/session/574591/date/2026-09-27 11:45,harkins-api; sold_out=0,HARK,,,harkins-api
2026-09-25,harkins-2026-09-27T02:40Z,2026-09-27T02:40:55.466919+00:00,2026-09-27T02:00Z,2026-09-27,Sunday,Harkins Arizona Mills 18 w/ IMAX,Tempe,America/Phoenix,Forgotten Island,17:15,16:576133,1294,,,145,2,143,1.4,,https://harkins.com/ticketing/theatre/16/movie/HO00016105/session/576133/date/2026-09-27 17:15,harkins-api; sold_out=0,HARK,,,harkins-api
2026-09-25,harkins-2026-09-27T02:40Z,2026-09-27T02:40:55.466919+00:00,2026-09-27T02:00Z,2026-09-27,Sunday,Harkins Arizona Mills 18 w/ IMAX,Tempe,America/Phoenix,Heart of the Beast,11:15,16:576532,934,,,101,2,99,2.0,,https://harkins.com/ticketing/theatre/16/movie/HO00016093/session/576532/date/2026-09-27 11:15,harkins-api; sold_out=0,HARK,,,harkins-api
2026-09-25,harkins-2026-09-27T02:40Z,2026-09-27T02:40:55.466919+00:00,2026-09-27T02:00Z,2026-09-27,Sunday,Harkins Arizona Mills 18 w/ IMAX,Tempe,America/Phoenix,Heart of the Beast,11:50,16:573971,969,,,145,3,142,2.1,,https://harkins.com/ticketing/theatre/16/movie/HO00016093/session/573971/date/2026-09-27 11:50,harkins-api; sold_out=0,HARK,,,harkins-api
2026-09-25,harkins-2026-09-27T02:40Z,2026-09-27T02:40:55.466919+00:00,2026-09-27T02:00Z,2026-09-27,Sunday,Harkins Arizona Mills 18 w/ IMAX,Tempe,America/Phoenix,Heart of the Beast,13:55,16:576533,1094,,,101,2,99,2.0,,https://harkins.com/ticketing/theatre/16/movie/HO00016093/session/576533/date/2026-09-27 13:55,harkins-api; sold_out=0,HARK,,,harkins-api
2026-09-25,harkins-2026-09-27T02:40Z,2026-09-27T02:40:55.466919+00:00,2026-09-27T02:00Z,2026-09-27,Sunday,Harkins Arizona Mills 18 w/ IMAX,Tempe,America/Phoenix,Heart of the Beast,14:25,16:573972,1124,,,145,14,131,9.7,,https://harkins.com/ticketing/theatre/16/movie/HO00016093/session/573972/date/2026-09-27 14:25,harkins-api; sold_out=0,HARK,,,harkins-api
2026-09-25,harkins-2026-09-27T02:40Z,2026-09-27T02:40:55.466919+00:00,2026-09-27T02:00Z,2026-09-27,Sunday,Harkins Arizona Mills 18 w/ IMAX,Tempe,America/Phoenix,Heart of the Beast,17:00,16:573973,1279,,,145,7,138,4.8,,https://harkins.com/ticketing/theatre/16/movie/HO00016093/session/573973/date/2026-09-27 17:00,harkins-api; sold_out=0,HARK,,,harkins-api
2026-09-25,harkins-2026-09-27T02:40Z,2026-09-27T02:40:55.466919+00:00,2026-09-27T02:00Z,2026-09-27,Sunday,Harkins Arizona Mills 18 w/ IMAX,Tempe,America/Phoenix,Heart of the Beast,19:35,16:573974,1434,,,145,2,143,1.4,,https://harkins.com/ticketing/theatre/16/movie/HO00016093/session/573974/date/2026-09-27 19:35,harkins-api; sold_out=0,HARK,,,harkins-api
2026-09-25,harkins-2026-09-27T02:40Z,2026-09-27T02:40:55.466919+00:00,2026-09-27T02:00Z,2026-09-27,Sunday,Harkins Arizona Mills 18 w/ IMAX,Tempe,America/Phoenix,Heart of the Beast,22:10,16:573975,1589,,,145,4,141,2.8,,https://harkins.com/ticketing/theatre/16/movie/HO00016093/session/573975/date/2026-09-27 22:10,harkins-api; sold_out=0,HARK,,,harkins-api
2026-09-25,harkins-2026-09-27T02:40Z,2026-09-27T02:40:55.466919+00:00,2026-09-27T02:00Z,2026-09-26,Saturday,Harkins Arrowhead Fountains 18,Peoria,America/Phoenix,Forgotten Island,21:15,22:494154,94,,,68,2,66,2.9,,https://harkins.com/ticketing/theatre/22/movie/HO00015981/session/494154/date/2026-09-26 21:15,harkins-api; sold_out=0,HARK,,,harkins-api
2026-09-25,harkins-2026-09-27T02:40Z,2026-09-27T02:40:55.466919+00:00,2026-09-27T02:00Z,2026-09-26,Saturday,Harkins Arrowhead Fountains 18,Peoria,America/Phoenix,Heart of the Beast,21:10,22:493250,89,,,153,12,141,7.8,,https://harkins.com/ticketing/theatre/22/movie/HO00016093/session/493250/date/2026-09-26 21:10,harkins-api; sold_out=0,HARK,,,harkins-api
2026-09-25,harkins-2026-09-27T02:40Z,2026-09-27T02:40:55.466919+00:00,2026-09-27T02:00Z,2026-09-26,Saturday,Harkins Arrowhead Fountains 18,Peoria,America/Phoenix,Heart of the Beast,21:50,22:496440,129,,,115,0,115,0.0,,https://harkins.com/ticketing/theatre/22/movie/HO00016093/session/496440/date/2026-09-26 21:50,harkins-api; sold_out=0,HARK,,,harkins-api
2026-09-25,harkins-2026-09-27T02:40Z,2026-09-27T02:40:55.466919+00:00,2026-09-27T02:00Z,2026-09-26,Saturday,Harkins Arrowhead Fountains 18,Peoria,America/Phoenix,Heart of the Beast,22:20,22:495941,159,,,153,2,151,1.3,,https://harkins.com/ticketing/theatre/22/movie/HO00016093/session/495941/date/2026-09-26 22:20,harkins-api; sold_out=0,HARK,,,harkins-api
2026-09-25,harkins-2026-09-27T02:40Z,2026-09-27T02:40:55.466919+00:00,2026-09-27T02:00Z,2026-09-27,Sunday,Harkins Arrowhead Fountains 18,Peoria,America/Phoenix,Forgotten Island,10:30,22:496094,889,,,68,5,63,7.4,,https://harkins.com/ticketing/theatre/22/movie/HO00015981/session/496094/date/2026-09-27 10:30,harkins-api; sold_out=0,HARK,,,harkins-api
2026-09-25,harkins-2026-09-27T02:40Z,2026-09-27T02:40:55.466919+00:00,2026-09-27T02:00Z,2026-09-27,Sunday,Harkins Arrowhead Fountains 18,Peoria,America/Phoenix,Forgotten Island,12:20,22:496095,999,,,115,11,104,9.6,,https://harkins.com/ticketing/theatre/22/movie/HO00015981/session/496095/date/2026-09-27 12:20,harkins-api; sold_out=0,HARK,,,harkins-api
2026-09-25,harkins-2026-09-27T02:40Z,2026-09-27T02:40:55.466919+00:00,2026-09-27T02:00Z,2026-09-27,Sunday,Harkins Arrowhead Fountains 18,Peoria,America/Phoenix,Forgotten Island,13:10,22:494158,1049,,,68,23,45,33.8,,https://harkins.com/ticketing/theatre/22/movie/HO00015981/session/494158/date/2026-09-27 13:10,harkins-api; sold_out=0,HARK,,,harkins-api
2026-09-25,harkins-2026-09-27T02:40Z,2026-09-27T02:40:55.466919+00:00,2026-09-27T02:00Z,2026-09-27,Sunday,Harkins Arrowhead Fountains 18,Peoria,America/Phoenix,Forgotten Island,15:10,22:496096,1169,,,115,0,115,0.0,,https://harkins.com/ticketing/theatre/22/movie/HO00015981/session/496096/date/2026-09-27 15:10,harkins-api; sold_out=0,HARK,,,harkins-api
2026-09-25,harkins-2026-09-27T02:40Z,2026-09-27T02:40:55.466919+00:00,2026-09-27T02:00Z,2026-09-27,Sunday,Harkins Arrowhead Fountains 18,Peoria,America/Phoenix,Forgotten Island,15:50,22:494159,1209,,,68,0,68,0.0,,https://harkins.com/ticketing/theatre/22/movie/HO00015981/session/494159/date/2026-09-27 15:50,harkins-api; sold_out=0,HARK,,,harkins-api
2026-09-25,harkins-2026-09-27T02:40Z,2026-09-27T02:40:55.466919+00:00,2026-09-27T02:00Z,2026-09-27,Sunday,Harkins Arrowhead Fountains 18,Peoria,America/Phoenix,Forgotten Island,18:10,22:496097,1349,,,115,0,115,0.0,,https://harkins.com/ticketing/theatre/22/movie/HO00015981/session/496097/date/2026-09-27 18:10,harkins-api; sold_out=0,HARK,,,harkins-api
2026-09-25,harkins-2026-09-27T02:40Z,2026-09-27T02:40:55.466919+00:00,2026-09-27T02:00Z,2026-09-27,Sunday,Harkins Arrowhead Fountains 18,Peoria,America/Phoenix,Forgotten Island,18:35,22:494160,1374,,,68,0,68,0.0,,https://harkins.com/ticketing/theatre/22/movie/HO00015981/session/494160/date/2026-09-27 18:35,harkins-api; sold_out=0,HARK,,,harkins-api
2026-09-25,harkins-2026-09-27T02:40Z,2026-09-27T02:40:55.466919+00:00,2026-09-27T02:00Z,2026-09-27,Sunday,Harkins Arrowhead Fountains 18,Peoria,America/Phoenix,Forgotten Island,21:15,22:494161,1534,,,68,0,68,0.0,,https://harkins.com/ticketing/theatre/22/movie/HO00015981/session/494161/date/2026-09-27 21:15,harkins-api; sold_out=0,HARK,,,harkins-api
2026-09-25,harkins-2026-09-27T02:40Z,2026-09-27T02:40:55.466919+00:00,2026-09-27T02:00Z,2026-09-27,Sunday,Harkins Arrowhead Fountains 18,Peoria,America/Phoenix,Forgotten Island,11:00,22:496144,919,,,234,10,224,4.3,,https://harkins.com/ticketing/theatre/22/movie/HO00016111/session/496144/date/2026-09-27 11:00,harkins-api; sold_out=0,HARK,,,harkins-api
2026-09-25,harkins-2026-09-27T02:40Z,2026-09-27T02:40:55.466919+00:00,2026-09-27T02:00Z,2026-09-27,Sunday,Harkins Arrowhead Fountains 18,Peoria,America/Phoenix,Forgotten Island,11:40,22:496093,959,,,71,7,64,9.9,,https://harkins.com/ticketing/theatre/22/movie/HO00016105/session/496093/date/2026-09-27 11:40,harkins-api; sold_out=0,HARK,,,harkins-api
2026-09-25,harkins-2026-09-27T02:40Z,2026-09-27T02:40:55.466919+00:00,2026-09-27T02:00Z,2026-09-27,Sunday,Harkins Arrowhead Fountains 18,Peoria,America/Phoenix,Heart of the Beast,10:15,22:496091,874,,,153,28,125,18.3,,https://harkins.com/ticketing/theatre/22/movie/HO00016093/session/496091/date/2026-09-27 10:15,harkins-api; sold_out=0,HARK,,,harkins-api
2026-09-25,harkins-2026-09-27T02:40Z,2026-09-27T02:40:55.466919+00:00,2026-09-27T02:00Z,2026-09-27,Sunday,Harkins Arrowhead Fountains 18,Peoria,America/Phoenix,Heart of the Beast,11:10,22:493241,929,,,153,49,104,32.0,,https://harkins.com/ticketing/theatre/22/movie/HO00016093/session/493241/date/2026-09-27 11:10,harkins-api; sold_out=0,HARK,,,harkins-api
2026-09-25,harkins-2026-09-27T02:40Z,2026-09-27T02:40:55.466919+00:00,2026-09-27T02:00Z,2026-09-27,Sunday,Harkins Arrowhead Fountains 18,Peoria,America/Phoenix,Heart of the Beast,12:50,22:496073,1029,,,153,32,121,20.9,,https://harkins.com/ticketing/theatre/22/movie/HO00016093/session/496073/date/2026-09-27 12:50,harkins-api; sold_out=0,HARK,,,harkins-api
2026-09-25,harkins-2026-09-27T02:40Z,2026-09-27T02:40:55.466919+00:00,2026-09-27T02:00Z,2026-09-27,Sunday,Harkins Arrowhead Fountains 18,Peoria,America/Phoenix,Heart of the Beast,13:40,22:493242,1079,,,153,43,110,28.1,,https://harkins.com/ticketing/theatre/22/movie/HO00016093/session/493242/date/2026-09-27 13:40,harkins-api; sold_out=0,HARK,,,harkins-api
2026-09-25,harkins-2026-09-27T02:40Z,2026-09-27T02:40:55.466919+00:00,2026-09-27T02:00Z,2026-09-27,Sunday,Harkins Arrowhead Fountains 18,Peoria,America/Phoenix,Heart of the Beast,15:20,22:496075,1179,,,153,18,135,11.8,,https://harkins.com/ticketing/theatre/22/movie/HO00016093/session/496075/date/2026-09-27 15:20,harkins-api; sold_out=0,HARK,,,harkins-api
2026-09-25,harkins-2026-09-27T02:40Z,2026-09-27T02:40:55.466919+00:00,2026-09-27T02:00Z,2026-09-27,Sunday,Harkins Arrowhead Fountains 18,Peoria,America/Phoenix,Heart of the Beast,16:10,22:493243,1229,,,153,10,143,6.5,,https://harkins.com/ticketing/theatre/22/movie/HO00016093/session/493243/date/2026-09-27 16:10,harkins-api; sold_out=0,HARK,,,harkins-api
2026-09-25,harkins-2026-09-27T02:40Z,2026-09-27T02:40:55.466919+00:00,2026-09-27T02:00Z,2026-09-27,Sunday,Harkins Arrowhead Fountains 18,Peoria,America/Phoenix,Heart of the Beast,18:05,22:496077,1344,,,153,0,153,0.0,,https://harkins.com/ticketing/theatre/22/movie/HO00016093/session/496077/date/2026-09-27 18:05,harkins-api; sold_out=0,HARK,,,harkins-api
2026-09-25,harkins-2026-09-27T02:40Z,2026-09-27T02:40:55.466919+00:00,2026-09-27T02:00Z,2026-09-27,Sunday,Harkins Arrowhead Fountains 18,Peoria,America/Phoenix,Heart of the Beast,18:40,22:493244,1379,,,153,5,148,3.3,,https://harkins.com/ticketing/theatre/22/movie/HO00016093/session/493244/date/2026-09-27 18:40,harkins-api; sold_out=0,HARK,,,harkins-api
2026-09-25,harkins-2026-09-27T02:40Z,2026-09-27T02:40:55.466919+00:00,2026-09-27T02:00Z,2026-09-27,Sunday,Harkins Arrowhead Fountains 18,Peoria,America/Phoenix,Heart of the Beast,20:30,22:496079,1489,,,153,0,153,0.0,,https://harkins.com/ticketing/theatre/22/movie/HO00016093/session/496079/date/2026-09-27 20:30,harkins-api; sold_out=0,HARK,,,harkins-api
2026-09-25,harkins-2026-09-27T02:40Z,2026-09-27T02:40:55.466919+00:00,2026-09-27T02:00Z,2026-09-27,Sunday,Harkins Arrowhead Fountains 18,Peoria,America/Phoenix,Heart of the Beast,21:10,22:493245,1529,,,153,2,151,1.3,,https://harkins.com/ticketing/theatre/22/movie/HO00016093/session/493245/date/2026-09-27 21:10,harkins-api; sold_out=0,HARK,,,harkins-api
2026-09-25,harkins-2026-09-27T02:40Z,2026-09-27T02:40:55.466919+00:00,2026-09-27T02:00Z,2026-09-27,Sunday,Harkins Arrowhead Fountains 18,Peoria,America/Phoenix,Heart of the Beast,11:45,22:496139,964,,,229,13,216,5.7,,https://harkins.com/ticketing/theatre/22/movie/HO00016149/session/496139/date/2026-09-27 11:45,harkins-api; sold_out=0,HARK,,,harkins-api
2026-09-25,harkins-2026-09-27T02:40Z,2026-09-27T02:40:55.466919+00:00,2026-09-27T02:00Z,2026-09-27,Sunday,Harkins Arrowhead Fountains 18,Peoria,America/Phoenix,Heart of the Beast,14:15,22:496140,1114,,,229,39,190,17.0,,https://harkins.com/ticketing/theatre/22/movie/HO00016149/session/496140/date/2026-09-27 14:15,harkins-api; sold_out=0,HARK,,,harkins-api
2026-09-25,harkins-2026-09-27T02:40Z,2026-09-27T02:40:55.466919+00:00,2026-09-27T02:00Z,2026-09-26,Saturday,Harkins Camelview at Fashion Sq.,Scottsdale,America/Phoenix,Forgotten Island,21:40,61:321163,119,,,174,2,172,1.1,,https://harkins.com/ticketing/theatre/61/movie/HO00015981/session/321163/date/2026-09-26 21:40,harkins-api; sold_out=0,HARK,,,harkins-api
2026-09-25,harkins-2026-09-27T02:40Z,2026-09-27T02:40:55.466919+00:00,2026-09-27T02:00Z,2026-09-26,Saturday,Harkins Camelview at Fashion Sq.,Scottsdale,America/Phoenix,Heart of the Beast,19:50,61:322402,9,,,91,44,47,48.4,,https://harkins.com/ticketing/theatre/61/movie/HO00016093/session/322402/date/2026-09-26 19:50,harkins-api; sold_out=0,HARK,,,harkins-api
2026-09-25,harkins-2026-09-27T02:40Z,2026-09-27T02:40:55.466919+00:00,2026-09-27T02:00Z,2026-09-26,Saturday,Harkins Camelview at Fashion Sq.,Scottsdale,America/Phoenix,Heart of the Beast,21:15,61:320630,94,,,173,11,162,6.4,,https://harkins.com/ticketing/theatre/61/movie/HO00016093/session/320630/date/2026-09-26 21:15,harkins-api; sold_out=0,HARK,,,harkins-api
2026-09-25,harkins-2026-09-27T02:40Z,2026-09-27T02:40:55.466919+00:00,2026-09-27T02:00Z,2026-09-27,Sunday,Harkins Camelview at Fashion Sq.,Scottsdale,America/Phoenix,Forgotten Island,11:30,61:321164,949,,,174,12,162,6.9,,https://harkins.com/ticketing/theatre/61/movie/HO00015981/session/321164/date/2026-09-27 11:30,harkins-api; sold_out=0,HARK,,,harkins-api
2026-09-25,harkins-2026-09-27T02:40Z,2026-09-27T02:40:55.466919+00:00,2026-09-27T02:00Z,2026-09-27,Sunday,Harkins Camelview at Fashion Sq.,Scottsdale,America/Phoenix,Forgotten Island,11:50,61:322446,969,,,91,0,91,0.0,,https://harkins.com/ticketing/theatre/61/movie/HO00015981/session/322446/date/2026-09-27 11:50,harkins-api; sold_out=0,HARK,,,harkins-api
2026-09-25,harkins-2026-09-27T02:40Z,2026-09-27T02:40:55.466919+00:00,2026-09-27T02:00Z,2026-09-27,Sunday,Harkins Camelview at Fashion Sq.,Scottsdale,America/Phoenix,Forgotten Island,14:10,61:321165,1109,,,174,7,167,4.0,,https://harkins.com/ticketing/theatre/61/movie/HO00015981/session/321165/date/2026-09-27 14:10,harkins-api; sold_out=0,HARK,,,harkins-api
2026-09-25,harkins-2026-09-27T02:40Z,2026-09-27T02:40:55.466919+00:00,2026-09-27T02:00Z,2026-09-27,Sunday,Harkins Camelview at Fashion Sq.,Scottsdale,America/Phoenix,Forgotten Island,14:30,61:322447,1129,,,91,0,91,0.0,,https://harkins.com/ticketing/theatre/61/movie/HO00015981/session/322447/date/2026-09-27 14:30,harkins-api; sold_out=0,HARK,,,harkins-api
2026-09-25,harkins-2026-09-27T02:40Z,2026-09-27T02:40:55.466919+00:00,2026-09-27T02:00Z,2026-09-27,Sunday,Harkins Camelview at Fashion Sq.,Scottsdale,America/Phoenix,Forgotten Island,16:50,61:321166,1269,,,174,4,170,2.3,,https://harkins.com/ticketing/theatre/61/movie/HO00015981/session/321166/date/2026-09-27 16:50,harkins-api; sold_out=0,HARK,,,harkins-api
2026-09-25,harkins-2026-09-27T02:40Z,2026-09-27T02:40:55.466919+00:00,2026-09-27T02:00Z,2026-09-27,Sunday,Harkins Camelview at Fashion Sq.,Scottsdale,America/Phoenix,Forgotten Island,19:30,61:321167,1429,,,174,2,172,1.1,,https://harkins.com/ticketing/theatre/61/movie/HO00015981/session/321167/date/2026-09-27 19:30,harkins-api; sold_out=0,HARK,,,harkins-api
2026-09-25,harkins-2026-09-27T02:40Z,2026-09-27T02:40:55.466919+00:00,2026-09-27T02:00Z,2026-09-27,Sunday,Harkins Camelview at Fashion Sq.,Scottsdale,America/Phoenix,Forgotten Island,22:05,61:321168,1584,,,174,2,172,1.1,,https://harkins.com/ticketing/theatre/61/movie/HO00015981/session/321168/date/2026-09-27 22:05,harkins-api; sold_out=0,HARK,,,harkins-api
2026-09-25,harkins-2026-09-27T02:40Z,2026-09-27T02:40:55.466919+00:00,2026-09-27T02:00Z,2026-09-27,Sunday,Harkins Camelview at Fashion Sq.,Scottsdale,America/Phoenix,Forgotten Island,10:30,61:321191,889,,,78,0,78,0.0,,https://harkins.com/ticketing/theatre/61/movie/HO00016105/session/321191/date/2026-09-27 10:30,harkins-api; sold_out=0,HARK,,,harkins-api
2026-09-25,harkins-2026-09-27T02:40Z,2026-09-27T02:40:55.466919+00:00,2026-09-27T02:00Z,2026-09-27,Sunday,Harkins Camelview at Fashion Sq.,Scottsdale,America/Phoenix,Heart of the Beast,11:15,61:320631,934,,,173,8,165,4.6,,https://harkins.com/ticketing/theatre/61/movie/HO00016093/session/320631/date/2026-09-27 11:15,harkins-api; sold_out=0,HARK,,,harkins-api
2026-09-25,harkins-2026-09-27T02:40Z,2026-09-27T02:40:55.466919+00:00,2026-09-27T02:00Z,2026-09-27,Sunday,Harkins Camelview at Fashion Sq.,Scottsdale,America/Phoenix,Heart of the Beast,13:45,61:320632,1084,,,173,8,165,4.6,,https://harkins.com/ticketing/theatre/61/movie/HO00016093/session/320632/date/2026-09-27 13:45,harkins-api; sold_out=0,HARK,,,harkins-api
2026-09-25,harkins-2026-09-27T02:40Z,2026-09-27T02:40:55.466919+00:00,2026-09-27T02:00Z,2026-09-27,Sunday,Harkins Camelview at Fashion Sq.,Scottsdale,America/Phoenix,Heart of the Beast,17:00,61:322477,1279,,,173,2,171,1.2,,https://harkins.com/ticketing/theatre/61/movie/HO00016093/session/322477/date/2026-09-27 17:00,harkins-api; sold_out=0,HARK,,,harkins-api
2026-09-25,harkins-2026-09-27T02:40Z,2026-09-27T02:40:55.466919+00:00,2026-09-27T02:00Z,2026-09-27,Sunday,Harkins Camelview at Fashion Sq.,Scottsdale,America/Phoenix,Heart of the Beast,17:30,61:322448,1309,,,91,2,89,2.2,,https://harkins.com/ticketing/theatre/61/movie/HO00016093/session/322448/date/2026-09-27 17:30,harkins-api; sold_out=0,HARK,,,harkins-api
2026-09-25,harkins-2026-09-27T02:40Z,2026-09-27T02:40:55.466919+00:00,2026-09-27T02:00Z,2026-09-27,Sunday,Harkins Camelview at Fashion Sq.,Scottsdale,America/Phoenix,Heart of the Beast,19:35,61:322478,1434,,,173,2,171,1.2,,https://harkins.com/ticketing/theatre/61/movie/HO00016093/session/322478/date/2026-09-27 19:35,harkins-api; sold_out=0,HARK,,,harkins-api
2026-09-25,harkins-2026-09-27T02:40Z,2026-09-27T02:40:55.466919+00:00,2026-09-27T02:00Z,2026-09-27,Sunday,Harkins Camelview at Fashion Sq.,Scottsdale,America/Phoenix,Heart of the Beast,19:55,61:322479,1454,,,91,0,91,0.0,,https://harkins.com/ticketing/theatre/61/movie/HO00016093/session/322479/date/2026-09-27 19:55,harkins-api; sold_out=0,HARK,,,harkins-api
2026-09-25,harkins-2026-09-27T02:40Z,2026-09-27T02:40:55.466919+00:00,2026-09-27T02:00Z,2026-09-27,Sunday,Harkins Camelview at Fashion Sq.,Scottsdale,America/Phoenix,Heart of the Beast,22:00,61:320635,1579,,,173,2,171,1.2,,https://harkins.com/ticketing/theatre/61/movie/HO00016093/session/320635/date/2026-09-27 22:00,harkins-api; sold_out=0,HARK,,,harkins-api
2026-09-25,harkins-2026-09-27T02:40Z,2026-09-27T02:40:55.466919+00:00,2026-09-27T02:00Z,2026-09-27,Sunday,Harkins Camelview at Fashion Sq.,Scottsdale,America/Phoenix,Heart of the Beast,10:50,61:322441,909,,,245,5,240,2.0,,https://harkins.com/ticketing/theatre/61/movie/HO00016149/session/322441/date/2026-09-27 10:50,harkins-api; sold_out=0,HARK,,,harkins-api
2026-09-25,harkins-2026-09-27T02:40Z,2026-09-27T02:40:55.466919+00:00,2026-09-27T02:00Z,2026-09-27,Sunday,Harkins Camelview at Fashion Sq.,Scottsdale,America/Phoenix,Heart of the Beast,11:45,61:322438,964,,,245,12,233,4.9,,https://harkins.com/ticketing/theatre/61/movie/HO00016149/session/322438/date/2026-09-27 11:45,harkins-api; sold_out=0,HARK,,,harkins-api
2026-09-25,harkins-2026-09-27T02:40Z,2026-09-27T02:40:55.466919+00:00,2026-09-27T02:00Z,2026-09-27,Sunday,Harkins Camelview at Fashion Sq.,Scottsdale,America/Phoenix,Heart of the Beast,13:20,61:322442,1059,,,245,18,227,7.3,,https://harkins.com/ticketing/theatre/61/movie/HO00016149/session/322442/date/2026-09-27 13:20,harkins-api; sold_out=0,HARK,,,harkins-api
2026-09-25,harkins-2026-09-27T02:40Z,2026-09-27T02:40:55.466919+00:00,2026-09-27T02:00Z,2026-09-27,Sunday,Harkins Camelview at Fashion Sq.,Scottsdale,America/Phoenix,Heart of the Beast,16:15,61:320633,1234,,,245,35,210,14.3,,https://harkins.com/ticketing/theatre/61/movie/HO00016149/session/320633/date/2026-09-27 16:15,harkins-api; sold_out=0,HARK,,,harkins-api
2026-09-25,harkins-2026-09-27T02:40Z,2026-09-27T02:40:55.466919+00:00,2026-09-27T02:00Z,2026-09-27,Sunday,Harkins Camelview at Fashion Sq.,Scottsdale,America/Phoenix,Heart of the Beast,18:45,61:320634,1384,,,245,14,231,5.7,,https://harkins.com/ticketing/theatre/61/movie/HO00016149/session/320634/date/2026-09-27 18:45,harkins-api; sold_out=0,HARK,,,harkins-api
2026-09-25,harkins-2026-09-27T02:40Z,2026-09-27T02:40:55.466919+00:00,2026-09-27T02:00Z,2026-09-26,Saturday,Harkins Chandler Crossroads 12,Chandler,America/Phoenix,Heart of the Beast,20:30,34:346676,49,,,206,6,200,2.9,,https://harkins.com/ticketing/theatre/34/movie/HO00016093/session/346676/date/2026-09-26 20:30,harkins-api; sold_out=0,HARK,,,harkins-api
2026-09-25,harkins-2026-09-27T02:40Z,2026-09-27T02:40:55.466919+00:00,2026-09-27T02:00Z,2026-09-27,Sunday,Harkins Chandler Crossroads 12,Chandler,America/Phoenix,Forgotten Island,13:00,34:347103,1039,,,422,3,419,0.7,,https://harkins.com/ticketing/theatre/34/movie/HO00015981/session/347103/date/2026-09-27 13:00,harkins-api; sold_out=0,HARK,,,harkins-api
2026-09-25,harkins-2026-09-27T02:40Z,2026-09-27T02:40:55.466919+00:00,2026-09-27T02:00Z,2026-09-27,Sunday,Harkins Chandler Crossroads 12,Chandler,America/Phoenix,Forgotten Island,14:10,34:347878,1109,,,206,0,206,0.0,,https://harkins.com/ticketing/theatre/34/movie/HO00015981/session/347878/date/2026-09-27 14:10,harkins-api; sold_out=0,HARK,,,harkins-api
2026-09-25,harkins-2026-09-27T02:40Z,2026-09-27T02:40:55.466919+00:00,2026-09-27T02:00Z,2026-09-27,Sunday,Harkins Chandler Crossroads 12,Chandler,America/Phoenix,Forgotten Island,15:30,34:347869,1189,,,206,0,206,0.0,,https://harkins.com/ticketing/theatre/34/movie/HO00015981/session/347869/date/2026-09-27 15:30,harkins-api; sold_out=0,HARK,,,harkins-api
2026-09-25,harkins-2026-09-27T02:40Z,2026-09-27T02:40:55.466919+00:00,2026-09-27T02:00Z,2026-09-27,Sunday,Harkins Chandler Crossroads 12,Chandler,America/Phoenix,Forgotten Island,16:45,34:347105,1264,,,206,0,206,0.0,,https://harkins.com/ticketing/theatre/34/movie/HO00015981/session/347105/date/2026-09-27 16:45,harkins-api; sold_out=0,HARK,,,harkins-api
2026-09-25,harkins-2026-09-27T02:40Z,2026-09-27T02:40:55.466919+00:00,2026-09-27T02:00Z,2026-09-27,Sunday,Harkins Chandler Crossroads 12,Chandler,America/Phoenix,Forgotten Island,19:25,34:347107,1424,,,117,0,117,0.0,,https://harkins.com/ticketing/theatre/34/movie/HO00015981/session/347107/date/2026-09-27 19:25,harkins-api; sold_out=0,HARK,,,harkins-api
2026-09-25,harkins-2026-09-27T02:40Z,2026-09-27T02:40:55.466919+00:00,2026-09-27T02:00Z,2026-09-27,Sunday,Harkins Chandler Crossroads 12,Chandler,America/Phoenix,Forgotten Island,11:55,34:347104,974,,,117,0,117,0.0,,https://harkins.com/ticketing/theatre/34/movie/HO00016105/session/347104/date/2026-09-27 11:55,harkins-api; sold_out=0,HARK,,,harkins-api
2026-09-25,harkins-2026-09-27T02:40Z,2026-09-27T02:40:55.466919+00:00,2026-09-27T02:00Z,2026-09-27,Sunday,Harkins Chandler Crossroads 12,Chandler,America/Phoenix,Heart of the Beast,12:45,34:346677,1024,,,265,9,256,3.4,,https://harkins.com/ticketing/theatre/34/movie/HO00016093/session/346677/date/2026-09-27 12:45,harkins-api; sold_out=0,HARK,,,harkins-api
2026-09-25,harkins-2026-09-27T02:40Z,2026-09-27T02:40:55.466919+00:00,2026-09-27T02:00Z,2026-09-27,Sunday,Harkins Chandler Crossroads 12,Chandler,America/Phoenix,Heart of the Beast,15:15,34:346678,1174,,,265,6,259,2.3,,https://harkins.com/ticketing/theatre/34/movie/HO00016093/session/346678/date/2026-09-27 15:15,harkins-api; sold_out=0,HARK,,,harkins-api
2026-09-25,harkins-2026-09-27T02:40Z,2026-09-27T02:40:55.466919+00:00,2026-09-27T02:00Z,2026-09-27,Sunday,Harkins Chandler Crossroads 12,Chandler,America/Phoenix,Heart of the Beast,17:15,34:346679,1294,,,206,0,206,0.0,,https://harkins.com/ticketing/theatre/34/movie/HO00016093/session/346679/date/2026-09-27 17:15,harkins-api; sold_out=0,HARK,,,harkins-api
2026-09-25,harkins-2026-09-27T02:40Z,2026-09-27T02:40:55.466919+00:00,2026-09-27T02:00Z,2026-09-27,Sunday,Harkins Chandler Crossroads 12,Chandler,America/Phoenix,Heart of the Beast,18:50,34:347794,1389,,,206,0,206,0.0,,https://harkins.com/ticketing/theatre/34/movie/HO00016093/session/347794/date/2026-09-27 18:50,harkins-api; sold_out=0,HARK,,,harkins-api
2026-09-25,harkins-2026-09-27T02:40Z,2026-09-27T02:40:55.466919+00:00,2026-09-27T02:00Z,2026-09-27,Sunday,Harkins Chandler Crossroads 12,Chandler,America/Phoenix,Heart of the Beast,20:05,34:346680,1464,,,265,2,263,0.8,,https://harkins.com/ticketing/theatre/34/movie/HO00016093/session/346680/date/2026-09-27 20:05,harkins-api; sold_out=0,HARK,,,harkins-api
2026-09-25,harkins-2026-09-27T02:40Z,2026-09-27T02:40:55.466919+00:00,2026-09-27T02:00Z,2026-09-26,Saturday,Harkins Chandler Fashion 20,Chandler,America/Phoenix,Forgotten Island,21:00,10:559729,79,,,66,2,64,3.0,,https://harkins.com/ticketing/theatre/10/movie/HO00015981/session/559729/date/2026-09-26 21:00,harkins-api; sold_out=0,HARK,,,harkins-api
2026-09-25,harkins-2026-09-27T02:40Z,2026-09-27T02:40:55.466919+00:00,2026-09-27T02:00Z,2026-09-26,Saturday,Harkins Chandler Fashion 20,Chandler,America/Phoenix,Forgotten Island,21:40,10:557665,119,,,153,2,151,1.3,,https://harkins.com/ticketing/theatre/10/movie/HO00015981/session/557665/date/2026-09-26 21:40,harkins-api; sold_out=0,HARK,,,harkins-api
2026-09-25,harkins-2026-09-27T02:40Z,2026-09-27T02:40:55.466919+00:00,2026-09-27T02:00Z,2026-09-26,Saturday,Harkins Chandler Fashion 20,Chandler,America/Phoenix,Heart of the Beast,21:45,10:556929,124,,,55,16,39,29.1,,https://harkins.com/ticketing/theatre/10/movie/HO00016093/session/556929/date/2026-09-26 21:45,harkins-api; sold_out=0,HARK,,,harkins-api
2026-09-25,harkins-2026-09-27T02:40Z,2026-09-27T02:40:55.466919+00:00,2026-09-27T02:00Z,2026-09-26,Saturday,Harkins Chandler Fashion 20,Chandler,America/Phoenix,Heart of the Beast,22:30,10:559728,169,,,152,6,146,3.9,,https://harkins.com/ticketing/theatre/10/movie/HO00016093/session/559728/date/2026-09-26 22:30,harkins-api; sold_out=0,HARK,,,harkins-api
2026-09-25,harkins-2026-09-27T02:40Z,2026-09-27T02:40:55.466919+00:00,2026-09-27T02:00Z,2026-09-27,Sunday,Harkins Chandler Fashion 20,Chandler,America/Phoenix,Forgotten Island,10:40,10:559790,899,,,153,6,147,3.9,,https://harkins.com/ticketing/theatre/10/movie/HO00015981/session/559790/date/2026-09-27 10:40,harkins-api; sold_out=0,HARK,,,harkins-api
2026-09-25,harkins-2026-09-27T02:40Z,2026-09-27T02:40:55.466919+00:00,2026-09-27T02:00Z,2026-09-27,Sunday,Harkins Chandler Fashion 20,Chandler,America/Phoenix,Forgotten Island,11:00,10:557666,919,,,153,19,134,12.4,,https://harkins.com/ticketing/theatre/10/movie/HO00015981/session/557666/date/2026-09-27 11:00,harkins-api; sold_out=0,HARK,,,harkins-api
2026-09-25,harkins-2026-09-27T02:40Z,2026-09-27T02:40:55.466919+00:00,2026-09-27T02:00Z,2026-09-27,Sunday,Harkins Chandler Fashion 20,Chandler,America/Phoenix,Forgotten Island,13:20,10:559791,1059,,,153,12,141,7.8,,https://harkins.com/ticketing/theatre/10/movie/HO00015981/session/559791/date/2026-09-27 13:20,harkins-api; sold_out=0,HARK,,,harkins-api
2026-09-25,harkins-2026-09-27T02:40Z,2026-09-27T02:40:55.466919+00:00,2026-09-27T02:00Z,2026-09-27,Sunday,Harkins Chandler Fashion 20,Chandler,America/Phoenix,Forgotten Island,14:20,10:559787,1119,,,112,4,108,3.6,,https://harkins.com/ticketing/theatre/10/movie/HO00015981/session/559787/date/2026-09-27 14:20,harkins-api; sold_out=0,HARK,,,harkins-api
2026-09-25,harkins-2026-09-27T02:40Z,2026-09-27T02:40:55.466919+00:00,2026-09-27T02:00Z,2026-09-27,Sunday,Harkins Chandler Fashion 20,Chandler,America/Phoenix,Forgotten Island,16:20,10:557668,1239,,,153,15,138,9.8,,https://harkins.com/ticketing/theatre/10/movie/HO00015981/session/557668/date/2026-09-27 16:20,harkins-api; sold_out=0,HARK,,,harkins-api
2026-09-25,harkins-2026-09-27T02:40Z,2026-09-27T02:40:55.466919+00:00,2026-09-27T02:00Z,2026-09-27,Sunday,Harkins Chandler Fashion 20,Chandler,America/Phoenix,Forgotten Island,17:00,10:559788,1279,,,112,2,110,1.8,,https://harkins.com/ticketing/theatre/10/movie/HO00015981/session/559788/date/2026-09-27 17:00,harkins-api; sold_out=0,HARK,,,harkins-api
2026-09-25,harkins-2026-09-27T02:40Z,2026-09-27T02:40:55.466919+00:00,2026-09-27T02:00Z,2026-09-27,Sunday,Harkins Chandler Fashion 20,Chandler,America/Phoenix,Forgotten Island,18:40,10:559793,1379,,,153,2,151,1.3,,https://harkins.com/ticketing/theatre/10/movie/HO00015981/session/559793/date/2026-09-27 18:40,harkins-api; sold_out=0,HARK,,,harkins-api
2026-09-25,harkins-2026-09-27T02:40Z,2026-09-27T02:40:55.466919+00:00,2026-09-27T02:00Z,2026-09-27,Sunday,Harkins Chandler Fashion 20,Chandler,America/Phoenix,Forgotten Island,19:00,10:557669,1399,,,153,9,144,5.9,,https://harkins.com/ticketing/theatre/10/movie/HO00015981/session/557669/date/2026-09-27 19:00,harkins-api; sold_out=0,HARK,,,harkins-api
2026-09-25,harkins-2026-09-27T02:40Z,2026-09-27T02:40:55.466919+00:00,2026-09-27T02:00Z,2026-09-27,Sunday,Harkins Chandler Fashion 20,Chandler,America/Phoenix,Forgotten Island,19:20,10:559827,1419,,,55,0,55,0.0,,https://harkins.com/ticketing/theatre/10/movie/HO00015981/session/559827/date/2026-09-27 19:20,harkins-api; sold_out=0,HARK,,,harkins-api
2026-09-25,harkins-2026-09-27T02:40Z,2026-09-27T02:40:55.466919+00:00,2026-09-27T02:00Z,2026-09-27,Sunday,Harkins Chandler Fashion 20,Chandler,America/Phoenix,Forgotten Island,19:40,10:559789,1439,,,112,2,110,1.8,,https://harkins.com/ticketing/theatre/10/movie/HO00015981/session/559789/date/2026-09-27 19:40,harkins-api; sold_out=0,HARK,,,harkins-api
2026-09-25,harkins-2026-09-27T02:40Z,2026-09-27T02:40:55.466919+00:00,2026-09-27T02:00Z,2026-09-27,Sunday,Harkins Chandler Fashion 20,Chandler,America/Phoenix,Forgotten Island,21:40,10:557670,1559,,,153,2,151,1.3,,https://harkins.com/ticketing/theatre/10/movie/HO00015981/session/557670/date/2026-09-27 21:40,harkins-api; sold_out=0,HARK,,,harkins-api
2026-09-25,harkins-2026-09-27T02:40Z,2026-09-27T02:40:55.466919+00:00,2026-09-27T02:00Z,2026-09-27,Sunday,Harkins Chandler Fashion 20,Chandler,America/Phoenix,Forgotten Island,13:00,10:559761,1039,,,226,28,198,12.4,,https://harkins.com/ticketing/theatre/10/movie/HO00016111/session/559761/date/2026-09-27 13:00,harkins-api; sold_out=0,HARK,,,harkins-api
2026-09-25,harkins-2026-09-27T02:40Z,2026-09-27T02:40:55.466919+00:00,2026-09-27T02:00Z,2026-09-27,Sunday,Harkins Chandler Fashion 20,Chandler,America/Phoenix,Forgotten Island,10:20,10:559797,879,,,153,2,151,1.3,,https://harkins.com/ticketing/theatre/10/movie/HO00016105/session/559797/date/2026-09-27 10:20,harkins-api; sold_out=0,HARK,,,harkins-api
2026-09-25,harkins-2026-09-27T02:40Z,2026-09-27T02:40:55.466919+00:00,2026-09-27T02:00Z,2026-09-27,Sunday,Harkins Chandler Fashion 20,Chandler,America/Phoenix,Heart of the Beast,10:50,10:559783,909,,,152,11,141,7.2,,https://harkins.com/ticketing/theatre/10/movie/HO00016093/session/559783/date/2026-09-27 10:50,harkins-api; sold_out=0,HARK,,,harkins-api
2026-09-25,harkins-2026-09-27T02:40Z,2026-09-27T02:40:55.466919+00:00,2026-09-27T02:00Z,2026-09-27,Sunday,Harkins Chandler Fashion 20,Chandler,America/Phoenix,Heart of the Beast,11:30,10:560436,949,,,113,2,111,1.8,,https://harkins.com/ticketing/theatre/10/movie/HO00016093/session/560436/date/2026-09-27 11:30,harkins-api; sold_out=0,HARK,,,harkins-api
2026-09-25,harkins-2026-09-27T02:40Z,2026-09-27T02:40:55.466919+00:00,2026-09-27T02:00Z,2026-09-27,Sunday,Harkins Chandler Fashion 20,Chandler,America/Phoenix,Heart of the Beast,12:00,10:556931,979,,,112,12,100,10.7,,https://harkins.com/ticketing/theatre/10/movie/HO00016093/session/556931/date/2026-09-27 12:00,harkins-api; sold_out=0,HARK,,,harkins-api
2026-09-25,harkins-2026-09-27T02:40Z,2026-09-27T02:40:55.466919+00:00,2026-09-27T02:00Z,2026-09-27,Sunday,Harkins Chandler Fashion 20,Chandler,America/Phoenix,Heart of the Beast,12:40,10:559820,1019,,,115,16,99,13.9,,https://harkins.com/ticketing/theatre/10/movie/HO00016093/session/559820/date/2026-09-27 12:40,harkins-api; sold_out=0,HARK,,,harkins-api
2026-09-25,harkins-2026-09-27T02:40Z,2026-09-27T02:40:55.466919+00:00,2026-09-27T02:00Z,2026-09-27,Sunday,Harkins Chandler Fashion 20,Chandler,America/Phoenix,Heart of the Beast,13:20,10:559784,1059,,,152,16,136,10.5,,https://harkins.com/ticketing/theatre/10/movie/HO00016093/session/559784/date/2026-09-27 13:20,harkins-api; sold_out=0,HARK,,,harkins-api
2026-09-25,harkins-2026-09-27T02:40Z,2026-09-27T02:40:55.466919+00:00,2026-09-27T02:00Z,2026-09-27,Sunday,Harkins Chandler Fashion 20,Chandler,America/Phoenix,Heart of the Beast,13:40,10:560430,1079,,,153,4,149,2.6,,https://harkins.com/ticketing/theatre/10/movie/HO00016093/session/560430/date/2026-09-27 13:40,harkins-api; sold_out=0,HARK,,,harkins-api
2026-09-25,harkins-2026-09-27T02:40Z,2026-09-27T02:40:55.466919+00:00,2026-09-27T02:00Z,2026-09-27,Sunday,Harkins Chandler Fashion 20,Chandler,America/Phoenix,Heart of the Beast,14:00,10:560435,1099,,,113,2,111,1.8,,https://harkins.com/ticketing/theatre/10/movie/HO00016093/session/560435/date/2026-09-27 14:00,harkins-api; sold_out=0,HARK,,,harkins-api
2026-09-25,harkins-2026-09-27T02:40Z,2026-09-27T02:40:55.466919+00:00,2026-09-27T02:00Z,2026-09-27,Sunday,Harkins Chandler Fashion 20,Chandler,America/Phoenix,Heart of the Beast,14:45,10:559765,1144,,,153,29,124,19.0,,https://harkins.com/ticketing/theatre/10/movie/HO00016093/session/559765/date/2026-09-27 14:45,harkins-api; sold_out=0,HARK,,,harkins-api
2026-09-25,harkins-2026-09-27T02:40Z,2026-09-27T02:40:55.466919+00:00,2026-09-27T02:00Z,2026-09-27,Sunday,Harkins Chandler Fashion 20,Chandler,America/Phoenix,Heart of the Beast,15:45,10:556933,1204,,,66,15,51,22.7,,https://harkins.com/ticketing/theatre/10/movie/HO00016093/session/556933/date/2026-09-27 15:45,harkins-api; sold_out=0,HARK,,,harkins-api
2026-09-25,harkins-2026-09-27T02:40Z,2026-09-27T02:40:55.466919+00:00,2026-09-27T02:00Z,2026-09-27,Sunday,Harkins Chandler Fashion 20,Chandler,America/Phoenix,Heart of the Beast,16:10,10:560431,1229,,,153,2,151,1.3,,https://harkins.com/ticketing/theatre/10/movie/HO00016093/session/560431/date/2026-09-27 16:10,harkins-api; sold_out=0,HARK,,,harkins-api
2026-09-25,harkins-2026-09-27T02:40Z,2026-09-27T02:40:55.466919+00:00,2026-09-27T02:00Z,2026-09-27,Sunday,Harkins Chandler Fashion 20,Chandler,America/Phoenix,Heart of the Beast,16:30,10:560433,1249,,,113,6,107,5.3,,https://harkins.com/ticketing/theatre/10/movie/HO00016093/session/560433/date/2026-09-27 16:30,harkins-api; sold_out=0,HARK,,,harkins-api
2026-09-25,harkins-2026-09-27T02:40Z,2026-09-27T02:40:55.466919+00:00,2026-09-27T02:00Z,2026-09-27,Sunday,Harkins Chandler Fashion 20,Chandler,America/Phoenix,Heart of the Beast,17:20,10:560136,1299,,,153,7,146,4.6,,https://harkins.com/ticketing/theatre/10/movie/HO00016093/session/560136/date/2026-09-27 17:20,harkins-api; sold_out=0,HARK,,,harkins-api
2026-09-25,harkins-2026-09-27T02:40Z,2026-09-27T02:40:55.466919+00:00,2026-09-27T02:00Z,2026-09-27,Sunday,Harkins Chandler Fashion 20,Chandler,America/Phoenix,Heart of the Beast,18:30,10:556934,1369,,,152,2,150,1.3,,https://harkins.com/ticketing/theatre/10/movie/HO00016093/session/556934/date/2026-09-27 18:30,harkins-api; sold_out=0,HARK,,,harkins-api
2026-09-25,harkins-2026-09-27T02:40Z,2026-09-27T02:40:55.466919+00:00,2026-09-27T02:00Z,2026-09-27,Sunday,Harkins Chandler Fashion 20,Chandler,America/Phoenix,Heart of the Beast,19:40,10:559823,1439,,,115,2,113,1.7,,https://harkins.com/ticketing/theatre/10/movie/HO00016093/session/559823/date/2026-09-27 19:40,harkins-api; sold_out=0,HARK,,,harkins-api
2026-09-25,harkins-2026-09-27T02:40Z,2026-09-27T02:40:55.466919+00:00,2026-09-27T02:00Z,2026-09-27,Sunday,Harkins Chandler Fashion 20,Chandler,America/Phoenix,Heart of the Beast,21:30,10:556935,1549,,,56,0,56,0.0,,https://harkins.com/ticketing/theatre/10/movie/HO00016093/session/556935/date/2026-09-27 21:30,harkins-api; sold_out=0,HARK,,,harkins-api
2026-09-25,harkins-2026-09-27T02:40Z,2026-09-27T02:40:55.466919+00:00,2026-09-27T02:00Z,2026-09-27,Sunday,Harkins Chandler Fashion 20,Chandler,America/Phoenix,Heart of the Beast,10:30,10:559760,889,,,226,28,198,12.4,,https://harkins.com/ticketing/theatre/10/movie/HO00016149/session/559760/date/2026-09-27 10:30,harkins-api; sold_out=0,HARK,,,harkins-api
2026-09-25,harkins-2026-09-27T02:40Z,2026-09-27T02:40:55.466919+00:00,2026-09-27T02:00Z,2026-09-27,Sunday,Harkins Chandler Fashion 20,Chandler,America/Phoenix,Heart of the Beast,12:20,10:560218,999,,,234,15,219,6.4,,https://harkins.com/ticketing/theatre/10/movie/HO00016149/session/560218/date/2026-09-27 12:20,harkins-api; sold_out=0,HARK,,,harkins-api
2026-09-25,harkins-2026-09-27T02:40Z,2026-09-27T02:40:55.466919+00:00,2026-09-27T02:00Z,2026-09-26,Saturday,Harkins Christown 14,Phoenix,America/Phoenix,Forgotten Island,21:10,36:390812,89,,,265,2,263,0.8,,https://harkins.com/ticketing/theatre/36/movie/HO00015981/session/390812/date/2026-09-26 21:10,harkins-api; sold_out=0,HARK,,,harkins-api
2026-09-25,harkins-2026-09-27T02:40Z,2026-09-27T02:40:55.466919+00:00,2026-09-27T02:00Z,2026-09-26,Saturday,Harkins Christown 14,Phoenix,America/Phoenix,Heart of the Beast,20:10,36:391867,29,,,119,21,98,17.6,,https://harkins.com/ticketing/theatre/36/movie/HO00016093/session/391867/date/2026-09-26 20:10,harkins-api; sold_out=0,HARK,,,harkins-api
2026-09-25,harkins-2026-09-27T02:40Z,2026-09-27T02:40:55.466919+00:00,2026-09-27T02:00Z,2026-09-26,Saturday,Harkins Christown 14,Phoenix,America/Phoenix,Heart of the Beast,21:30,36:390365,109,,,267,2,265,0.7,,https://harkins.com/ticketing/theatre/36/movie/HO00016093/session/390365/date/2026-09-26 21:30,harkins-api; sold_out=0,HARK,,,harkins-api
2026-09-25,harkins-2026-09-27T02:40Z,2026-09-27T02:40:55.466919+00:00,2026-09-27T02:00Z,2026-09-27,Sunday,Harkins Christown 14,Phoenix,America/Phoenix,Forgotten Island,11:15,36:391902,934,,,206,2,204,1.0,,https://harkins.com/ticketing/theatre/36/movie/HO00015981/session/391902/date/2026-09-27 11:15,harkins-api; sold_out=0,HARK,,,harkins-api
2026-09-25,harkins-2026-09-27T02:40Z,2026-09-27T02:40:55.466919+00:00,2026-09-27T02:00Z,2026-09-27,Sunday,Harkins Christown 14,Phoenix,America/Phoenix,Forgotten Island,12:50,36:390815,1029,,,265,2,263,0.8,,https://harkins.com/ticketing/theatre/36/movie/HO00015981/session/390815/date/2026-09-27 12:50,harkins-api; sold_out=0,HARK,,,harkins-api
2026-09-25,harkins-2026-09-27T02:40Z,2026-09-27T02:40:55.466919+00:00,2026-09-27T02:00Z,2026-09-27,Sunday,Harkins Christown 14,Phoenix,America/Phoenix,Forgotten Island,14:10,36:391908,1109,,,113,4,109,3.5,,https://harkins.com/ticketing/theatre/36/movie/HO00015981/session/391908/date/2026-09-27 14:10,harkins-api; sold_out=0,HARK,,,harkins-api
2026-09-25,harkins-2026-09-27T02:40Z,2026-09-27T02:40:55.466919+00:00,2026-09-27T02:00Z,2026-09-27,Sunday,Harkins Christown 14,Phoenix,America/Phoenix,Forgotten Island,15:40,36:390816,1199,,,265,2,263,0.8,,https://harkins.com/ticketing/theatre/36/movie/HO00015981/session/390816/date/2026-09-27 15:40,harkins-api; sold_out=0,HARK,,,harkins-api
2026-09-25,harkins-2026-09-27T02:40Z,2026-09-27T02:40:55.466919+00:00,2026-09-27T02:00Z,2026-09-27,Sunday,Harkins Christown 14,Phoenix,America/Phoenix,Forgotten Island,18:20,36:390817,1359,,,265,2,263,0.8,,https://harkins.com/ticketing/theatre/36/movie/HO00015981/session/390817/date/2026-09-27 18:20,harkins-api; sold_out=0,HARK,,,harkins-api
2026-09-25,harkins-2026-09-27T02:40Z,2026-09-27T02:40:55.466919+00:00,2026-09-27T02:00Z,2026-09-27,Sunday,Harkins Christown 14,Phoenix,America/Phoenix,Forgotten Island,21:10,36:390818,1529,,,265,2,263,0.8,,https://harkins.com/ticketing/theatre/36/movie/HO00015981/session/390818/date/2026-09-27 21:10,harkins-api; sold_out=0,HARK,,,harkins-api
2026-09-25,harkins-2026-09-27T02:40Z,2026-09-27T02:40:55.466919+00:00,2026-09-27T02:00Z,2026-09-27,Sunday,Harkins Christown 14,Phoenix,America/Phoenix,Forgotten Island,14:50,36:391913,1149,,,119,0,119,0.0,,https://harkins.com/ticketing/theatre/36/movie/HO00016105/session/391913/date/2026-09-27 14:50,harkins-api; sold_out=0,HARK,,,harkins-api
2026-09-25,harkins-2026-09-27T02:40Z,2026-09-27T02:40:55.466919+00:00,2026-09-27T02:00Z,2026-09-27,Sunday,Harkins Christown 14,Phoenix,America/Phoenix,Heart of the Beast,11:30,36:390370,949,,,267,6,261,2.2,,https://harkins.com/ticketing/theatre/36/movie/HO00016093/session/390370/date/2026-09-27 11:30,harkins-api; sold_out=0,HARK,,,harkins-api
2026-09-25,harkins-2026-09-27T02:40Z,2026-09-27T02:40:55.466919+00:00,2026-09-27T02:00Z,2026-09-27,Sunday,Harkins Christown 14,Phoenix,America/Phoenix,Heart of the Beast,14:00,36:390371,1099,,,267,4,263,1.5,,https://harkins.com/ticketing/theatre/36/movie/HO00016093/session/390371/date/2026-09-27 14:00,harkins-api; sold_out=0,HARK,,,harkins-api
2026-09-25,harkins-2026-09-27T02:40Z,2026-09-27T02:40:55.466919+00:00,2026-09-27T02:00Z,2026-09-27,Sunday,Harkins Christown 14,Phoenix,America/Phoenix,Heart of the Beast,16:30,36:390372,1249,,,267,4,263,1.5,,https://harkins.com/ticketing/theatre/36/movie/HO00016093/session/390372/date/2026-09-27 16:30,harkins-api; sold_out=0,HARK,,,harkins-api
2026-09-25,harkins-2026-09-27T02:40Z,2026-09-27T02:40:55.466919+00:00,2026-09-27T02:00Z,2026-09-27,Sunday,Harkins Christown 14,Phoenix,America/Phoenix,Heart of the Beast,17:30,36:391914,1309,,,119,0,119,0.0,,https://harkins.com/ticketing/theatre/36/movie/HO00016093/session/391914/date/2026-09-27 17:30,harkins-api; sold_out=0,HARK,,,harkins-api
2026-09-25,harkins-2026-09-27T02:40Z,2026-09-27T02:40:55.466919+00:00,2026-09-27T02:00Z,2026-09-27,Sunday,Harkins Christown 14,Phoenix,America/Phoenix,Heart of the Beast,19:00,36:390373,1399,,,267,4,263,1.5,,https://harkins.com/ticketing/theatre/36/movie/HO00016093/session/390373/date/2026-09-27 19:00,harkins-api; sold_out=0,HARK,,,harkins-api
2026-09-25,harkins-2026-09-27T02:40Z,2026-09-27T02:40:55.466919+00:00,2026-09-27T02:00Z,2026-09-27,Sunday,Harkins Christown 14,Phoenix,America/Phoenix,Heart of the Beast,20:10,36:391915,1469,,,119,0,119,0.0,,https://harkins.com/ticketing/theatre/36/movie/HO00016093/session/391915/date/2026-09-27 20:10,harkins-api; sold_out=0,HARK,,,harkins-api
2026-09-25,harkins-2026-09-27T02:40Z,2026-09-27T02:40:55.466919+00:00,2026-09-27T02:00Z,2026-09-27,Sunday,Harkins Christown 14,Phoenix,America/Phoenix,Heart of the Beast,21:30,36:390374,1549,,,267,2,265,0.7,,https://harkins.com/ticketing/theatre/36/movie/HO00016093/session/390374/date/2026-09-27 21:30,harkins-api; sold_out=0,HARK,,,harkins-api
2026-09-25,harkins-2026-09-27T02:40Z,2026-09-27T02:40:55.466919+00:00,2026-09-27T02:00Z,2026-09-26,Saturday,Harkins Estrella Falls 16,Goodyear,America/Phoenix,Forgotten Island,21:10,64:322220,89,,,108,23,85,21.3,,https://harkins.com/ticketing/theatre/64/movie/HO00015981/session/322220/date/2026-09-26 21:10,harkins-api; sold_out=0,HARK,,,harkins-api
2026-09-25,harkins-2026-09-27T02:40Z,2026-09-27T02:40:55.466919+00:00,2026-09-27T02:00Z,2026-09-26,Saturday,Harkins Estrella Falls 16,Goodyear,America/Phoenix,Heart of the Beast,19:50,64:323726,9,,,137,105,32,76.6,,https://harkins.com/ticketing/theatre/64/movie/HO00016093/session/323726/date/2026-09-26 19:50,harkins-api; sold_out=0,HARK,,,harkins-api
2026-09-25,harkins-2026-09-27T02:40Z,2026-09-27T02:40:55.466919+00:00,2026-09-27T02:00Z,2026-09-26,Saturday,Harkins Estrella Falls 16,Goodyear,America/Phoenix,Heart of the Beast,20:20,64:324028,39,,,68,40,28,58.8,,https://harkins.com/ticketing/theatre/64/movie/HO00016093/session/324028/date/2026-09-26 20:20,harkins-api; sold_out=0,HARK,,,harkins-api
2026-09-25,harkins-2026-09-27T02:40Z,2026-09-27T02:40:55.466919+00:00,2026-09-27T02:00Z,2026-09-26,Saturday,Harkins Estrella Falls 16,Goodyear,America/Phoenix,Heart of the Beast,21:20,64:321574,99,,,137,84,53,61.3,,https://harkins.com/ticketing/theatre/64/movie/HO00016093/session/321574/date/2026-09-26 21:20,harkins-api; sold_out=0,HARK,,,harkins-api
2026-09-25,harkins-2026-09-27T02:40Z,2026-09-27T02:40:55.466919+00:00,2026-09-27T02:00Z,2026-09-26,Saturday,Harkins Estrella Falls 16,Goodyear,America/Phoenix,Heart of the Beast,22:20,64:323727,159,,,137,30,107,21.9,,https://harkins.com/ticketing/theatre/64/movie/HO00016093/session/323727/date/2026-09-26 22:20,harkins-api; sold_out=0,HARK,,,harkins-api
2026-09-25,harkins-2026-09-27T02:40Z,2026-09-27T02:40:55.466919+00:00,2026-09-27T02:00Z,2026-09-27,Sunday,Harkins Estrella Falls 16,Goodyear,America/Phoenix,Forgotten Island,10:30,64:323799,889,,,137,28,109,20.4,,https://harkins.com/ticketing/theatre/64/movie/HO00015981/session/323799/date/2026-09-27 10:30,harkins-api; sold_out=0,HARK,,,harkins-api
2026-09-25,harkins-2026-09-27T02:40Z,2026-09-27T02:40:55.466919+00:00,2026-09-27T02:00Z,2026-09-27,Sunday,Harkins Estrella Falls 16,Goodyear,America/Phoenix,Forgotten Island,11:20,64:322221,939,,,137,30,107,21.9,,https://harkins.com/ticketing/theatre/64/movie/HO00015981/session/322221/date/2026-09-27 11:20,harkins-api; sold_out=0,HARK,,,harkins-api
2026-09-25,harkins-2026-09-27T02:40Z,2026-09-27T02:40:55.466919+00:00,2026-09-27T02:00Z,2026-09-27,Sunday,Harkins Estrella Falls 16,Goodyear,America/Phoenix,Forgotten Island,13:10,64:323800,1049,,,108,9,99,8.3,,https://harkins.com/ticketing/theatre/64/movie/HO00015981/session/323800/date/2026-09-27 13:10,harkins-api; sold_out=0,HARK,,,harkins-api
2026-09-25,harkins-2026-09-27T02:40Z,2026-09-27T02:40:55.466919+00:00,2026-09-27T02:00Z,2026-09-27,Sunday,Harkins Estrella Falls 16,Goodyear,America/Phoenix,Forgotten Island,14:00,64:322222,1099,,,137,16,121,11.7,,https://harkins.com/ticketing/theatre/64/movie/HO00015981/session/322222/date/2026-09-27 14:00,harkins-api; sold_out=0,HARK,,,harkins-api
2026-09-25,harkins-2026-09-27T02:40Z,2026-09-27T02:40:55.466919+00:00,2026-09-27T02:00Z,2026-09-27,Sunday,Harkins Estrella Falls 16,Goodyear,America/Phoenix,Forgotten Island,15:50,64:323801,1209,,,108,6,102,5.6,,https://harkins.com/ticketing/theatre/64/movie/HO00015981/session/323801/date/2026-09-27 15:50,harkins-api; sold_out=0,HARK,,,harkins-api
2026-09-25,harkins-2026-09-27T02:40Z,2026-09-27T02:40:55.466919+00:00,2026-09-27T02:00Z,2026-09-27,Sunday,Harkins Estrella Falls 16,Goodyear,America/Phoenix,Forgotten Island,16:40,64:322223,1259,,,137,19,118,13.9,,https://harkins.com/ticketing/theatre/64/movie/HO00015981/session/322223/date/2026-09-27 16:40,harkins-api; sold_out=0,HARK,,,harkins-api
2026-09-25,harkins-2026-09-27T02:40Z,2026-09-27T02:40:55.466919+00:00,2026-09-27T02:00Z,2026-09-27,Sunday,Harkins Estrella Falls 16,Goodyear,America/Phoenix,Forgotten Island,18:30,64:322224,1369,,,108,4,104,3.7,,https://harkins.com/ticketing/theatre/64/movie/HO00015981/session/322224/date/2026-09-27 18:30,harkins-api; sold_out=0,HARK,,,harkins-api
2026-09-25,harkins-2026-09-27T02:40Z,2026-09-27T02:40:55.466919+00:00,2026-09-27T02:00Z,2026-09-27,Sunday,Harkins Estrella Falls 16,Goodyear,America/Phoenix,Forgotten Island,21:10,64:322225,1529,,,108,0,108,0.0,,https://harkins.com/ticketing/theatre/64/movie/HO00015981/session/322225/date/2026-09-27 21:10,harkins-api; sold_out=0,HARK,,,harkins-api
2026-09-25,harkins-2026-09-27T02:40Z,2026-09-27T02:40:55.466919+00:00,2026-09-27T02:00Z,2026-09-27,Sunday,Harkins Estrella Falls 16,Goodyear,America/Phoenix,Forgotten Island,12:30,64:323592,1009,,,228,28,200,12.3,,https://harkins.com/ticketing/theatre/64/movie/HO00016111/session/323592/date/2026-09-27 12:30,harkins-api; sold_out=0,HARK,,,harkins-api
2026-09-25,harkins-2026-09-27T02:40Z,2026-09-27T02:40:55.466919+00:00,2026-09-27T02:00Z,2026-09-27,Sunday,Harkins Estrella Falls 16,Goodyear,America/Phoenix,Forgotten Island,15:00,64:323594,1159,,,228,15,213,6.6,,https://harkins.com/ticketing/theatre/64/movie/HO00016111/session/323594/date/2026-09-27 15:00,harkins-api; sold_out=0,HARK,,,harkins-api
2026-09-25,harkins-2026-09-27T02:40Z,2026-09-27T02:40:55.466919+00:00,2026-09-27T02:00Z,2026-09-27,Sunday,Harkins Estrella Falls 16,Goodyear,America/Phoenix,Forgotten Island,10:00,64:322247,859,,,68,11,57,16.2,,https://harkins.com/ticketing/theatre/64/movie/HO00016105/session/322247/date/2026-09-27 10:00,harkins-api; sold_out=0,HARK,,,harkins-api
2026-09-25,harkins-2026-09-27T02:40Z,2026-09-27T02:40:55.466919+00:00,2026-09-27T02:00Z,2026-09-27,Sunday,Harkins Estrella Falls 16,Goodyear,America/Phoenix,Forgotten Island,13:00,64:323830,1039,,,68,0,68,0.0,,https://harkins.com/ticketing/theatre/64/movie/HO00016105/session/323830/date/2026-09-27 13:00,harkins-api; sold_out=0,HARK,,,harkins-api
2026-09-25,harkins-2026-09-27T02:40Z,2026-09-27T02:40:55.466919+00:00,2026-09-27T02:00Z,2026-09-27,Sunday,Harkins Estrella Falls 16,Goodyear,America/Phoenix,Heart of the Beast,11:10,64:321575,929,,,137,66,71,48.2,,https://harkins.com/ticketing/theatre/64/movie/HO00016093/session/321575/date/2026-09-27 11:10,harkins-api; sold_out=0,HARK,,,harkins-api
2026-09-25,harkins-2026-09-27T02:40Z,2026-09-27T02:40:55.466919+00:00,2026-09-27T02:00Z,2026-09-27,Sunday,Harkins Estrella Falls 16,Goodyear,America/Phoenix,Heart of the Beast,12:10,64:323804,989,,,109,37,72,33.9,,https://harkins.com/ticketing/theatre/64/movie/HO00016093/session/323804/date/2026-09-27 12:10,harkins-api; sold_out=0,HARK,,,harkins-api
2026-09-25,harkins-2026-09-27T02:40Z,2026-09-27T02:40:55.466919+00:00,2026-09-27T02:00Z,2026-09-27,Sunday,Harkins Estrella Falls 16,Goodyear,America/Phoenix,Heart of the Beast,13:00,64:323805,1039,,,137,53,84,38.7,,https://harkins.com/ticketing/theatre/64/movie/HO00016093/session/323805/date/2026-09-27 13:00,harkins-api; sold_out=0,HARK,,,harkins-api
2026-09-25,harkins-2026-09-27T02:40Z,2026-09-27T02:40:55.466919+00:00,2026-09-27T02:00Z,2026-09-27,Sunday,Harkins Estrella Falls 16,Goodyear,America/Phoenix,Heart of the Beast,13:45,64:321576,1084,,,137,82,55,59.9,,https://harkins.com/ticketing/theatre/64/movie/HO00016093/session/321576/date/2026-09-27 13:45,harkins-api; sold_out=0,HARK,,,harkins-api
2026-09-25,harkins-2026-09-27T02:40Z,2026-09-27T02:40:55.466919+00:00,2026-09-27T02:00Z,2026-09-27,Sunday,Harkins Estrella Falls 16,Goodyear,America/Phoenix,Heart of the Beast,15:15,64:323806,1174,,,108,40,68,37.0,,https://harkins.com/ticketing/theatre/64/movie/HO00016093/session/323806/date/2026-09-27 15:15,harkins-api; sold_out=0,HARK,,,harkins-api
2026-09-25,harkins-2026-09-27T02:40Z,2026-09-27T02:40:55.466919+00:00,2026-09-27T02:00Z,2026-09-27,Sunday,Harkins Estrella Falls 16,Goodyear,America/Phoenix,Heart of the Beast,16:20,64:321577,1239,,,137,52,85,38.0,,https://harkins.com/ticketing/theatre/64/movie/HO00016093/session/321577/date/2026-09-27 16:20,harkins-api; sold_out=0,HARK,,,harkins-api
2026-09-25,harkins-2026-09-27T02:40Z,2026-09-27T02:40:55.466919+00:00,2026-09-27T02:00Z,2026-09-27,Sunday,Harkins Estrella Falls 16,Goodyear,America/Phoenix,Heart of the Beast,18:00,64:323807,1339,,,137,8,129,5.8,,https://harkins.com/ticketing/theatre/64/movie/HO00016093/session/323807/date/2026-09-27 18:00,harkins-api; sold_out=0,HARK,,,harkins-api
2026-09-25,harkins-2026-09-27T02:40Z,2026-09-27T02:40:55.466919+00:00,2026-09-27T02:00Z,2026-09-27,Sunday,Harkins Estrella Falls 16,Goodyear,America/Phoenix,Heart of the Beast,18:50,64:321578,1389,,,137,19,118,13.9,,https://harkins.com/ticketing/theatre/64/movie/HO00016093/session/321578/date/2026-09-27 18:50,harkins-api; sold_out=0,HARK,,,harkins-api
2026-09-25,harkins-2026-09-27T02:40Z,2026-09-27T02:40:55.466919+00:00,2026-09-27T02:00Z,2026-09-27,Sunday,Harkins Estrella Falls 16,Goodyear,America/Phoenix,Heart of the Beast,20:30,64:323808,1489,,,137,2,135,1.5,,https://harkins.com/ticketing/theatre/64/movie/HO00016093/session/323808/date/2026-09-27 20:30,harkins-api; sold_out=0,HARK,,,harkins-api
2026-09-25,harkins-2026-09-27T02:40Z,2026-09-27T02:40:55.466919+00:00,2026-09-27T02:00Z,2026-09-27,Sunday,Harkins Estrella Falls 16,Goodyear,America/Phoenix,Heart of the Beast,21:20,64:321579,1539,,,137,0,137,0.0,,https://harkins.com/ticketing/theatre/64/movie/HO00016093/session/321579/date/2026-09-27 21:20,harkins-api; sold_out=0,HARK,,,harkins-api
2026-09-25,harkins-2026-09-27T02:40Z,2026-09-27T02:40:55.466919+00:00,2026-09-27T02:00Z,2026-09-27,Sunday,Harkins Estrella Falls 16,Goodyear,America/Phoenix,Heart of the Beast,10:10,64:323593,869,,,228,56,172,24.6,,https://harkins.com/ticketing/theatre/64/movie/HO00016149/session/323593/date/2026-09-27 10:10,harkins-api; sold_out=0,HARK,,,harkins-api
2026-09-25,harkins-2026-09-27T02:40Z,2026-09-27T02:40:55.466919+00:00,2026-09-27T02:00Z,2026-09-26,Saturday,Harkins Gateway Pavilions 18,Avondale,America/Phoenix,Forgotten Island,21:10,23:505654,89,,,273,0,273,0.0,,https://harkins.com/ticketing/theatre/23/movie/HO00015981/session/505654/date/2026-09-26 21:10,harkins-api; sold_out=0,HARK,,,harkins-api
2026-09-25,harkins-2026-09-27T02:40Z,2026-09-27T02:40:55.466919+00:00,2026-09-27T02:00Z,2026-09-26,Saturday,Harkins Gateway Pavilions 18,Avondale,America/Phoenix,Heart of the Beast,20:35,23:506932,54,,,198,25,173,12.6,,https://harkins.com/ticketing/theatre/23/movie/HO00016093/session/506932/date/2026-09-26 20:35,harkins-api; sold_out=0,HARK,,,harkins-api
2026-09-25,harkins-2026-09-27T02:40Z,2026-09-27T02:40:55.466919+00:00,2026-09-27T02:00Z,2026-09-26,Saturday,Harkins Gateway Pavilions 18,Avondale,America/Phoenix,Heart of the Beast,22:00,23:506965,139,,,418,0,418,0.0,,https://harkins.com/ticketing/theatre/23/movie/HO00016093/session/506965/date/2026-09-26 22:00,harkins-api; sold_out=0,HARK,,,harkins-api
2026-09-25,harkins-2026-09-27T02:40Z,2026-09-27T02:40:55.466919+00:00,2026-09-27T02:00Z,2026-09-27,Sunday,Harkins Gateway Pavilions 18,Avondale,America/Phoenix,Forgotten Island,11:50,23:507005,969,,,273,0,273,0.0,,https://harkins.com/ticketing/theatre/23/movie/HO00015981/session/507005/date/2026-09-27 11:50,harkins-api; sold_out=0,HARK,,,harkins-api
2026-09-25,harkins-2026-09-27T02:40Z,2026-09-27T02:40:55.466919+00:00,2026-09-27T02:00Z,2026-09-27,Sunday,Harkins Gateway Pavilions 18,Avondale,America/Phoenix,Forgotten Island,13:10,23:507038,1049,,,273,0,273,0.0,,https://harkins.com/ticketing/theatre/23/movie/HO00015981/session/507038/date/2026-09-27 13:10,harkins-api; sold_out=0,HARK,,,harkins-api
2026-09-25,harkins-2026-09-27T02:40Z,2026-09-27T02:40:55.466919+00:00,2026-09-27T02:00Z,2026-09-27,Sunday,Harkins Gateway Pavilions 18,Avondale,America/Phoenix,Forgotten Island,14:30,23:507006,1129,,,273,0,273,0.0,,https://harkins.com/ticketing/theatre/23/movie/HO00015981/session/507006/date/2026-09-27 14:30,harkins-api; sold_out=0,HARK,,,harkins-api
2026-09-25,harkins-2026-09-27T02:40Z,2026-09-27T02:40:55.466919+00:00,2026-09-27T02:00Z,2026-09-27,Sunday,Harkins Gateway Pavilions 18,Avondale,America/Phoenix,Forgotten Island,15:50,23:507039,1209,,,273,0,273,0.0,,https://harkins.com/ticketing/theatre/23/movie/HO00015981/session/507039/date/2026-09-27 15:50,harkins-api; sold_out=0,HARK,,,harkins-api
2026-09-25,harkins-2026-09-27T02:40Z,2026-09-27T02:40:55.466919+00:00,2026-09-27T02:00Z,2026-09-27,Sunday,Harkins Gateway Pavilions 18,Avondale,America/Phoenix,Forgotten Island,17:10,23:507007,1289,,,273,0,273,0.0,,https://harkins.com/ticketing/theatre/23/movie/HO00015981/session/507007/date/2026-09-27 17:10,harkins-api; sold_out=0,HARK,,,harkins-api
2026-09-25,harkins-2026-09-27T02:40Z,2026-09-27T02:40:55.466919+00:00,2026-09-27T02:00Z,2026-09-27,Sunday,Harkins Gateway Pavilions 18,Avondale,America/Phoenix,Forgotten Island,18:30,23:507040,1369,,,273,0,273,0.0,,https://harkins.com/ticketing/theatre/23/movie/HO00015981/session/507040/date/2026-09-27 18:30,harkins-api; sold_out=0,HARK,,,harkins-api
2026-09-25,harkins-2026-09-27T02:40Z,2026-09-27T02:40:55.466919+00:00,2026-09-27T02:00Z,2026-09-27,Sunday,Harkins Gateway Pavilions 18,Avondale,America/Phoenix,Forgotten Island,19:50,23:507008,1449,,,273,0,273,0.0,,https://harkins.com/ticketing/theatre/23/movie/HO00015981/session/507008/date/2026-09-27 19:50,harkins-api; sold_out=0,HARK,,,harkins-api
2026-09-25,harkins-2026-09-27T02:40Z,2026-09-27T02:40:55.466919+00:00,2026-09-27T02:00Z,2026-09-27,Sunday,Harkins Gateway Pavilions 18,Avondale,America/Phoenix,Forgotten Island,21:10,23:507041,1529,,,273,0,273,0.0,,https://harkins.com/ticketing/theatre/23/movie/HO00015981/session/507041/date/2026-09-27 21:10,harkins-api; sold_out=0,HARK,,,harkins-api
2026-09-25,harkins-2026-09-27T02:40Z,2026-09-27T02:40:55.466919+00:00,2026-09-27T02:00Z,2026-09-27,Sunday,Harkins Gateway Pavilions 18,Avondale,America/Phoenix,Forgotten Island,11:40,23:507047,959,,,122,0,122,0.0,,https://harkins.com/ticketing/theatre/23/movie/HO00016105/session/507047/date/2026-09-27 11:40,harkins-api; sold_out=0,HARK,,,harkins-api
2026-09-25,harkins-2026-09-27T02:40Z,2026-09-27T02:40:55.466919+00:00,2026-09-27T02:00Z,2026-09-27,Sunday,Harkins Gateway Pavilions 18,Avondale,America/Phoenix,Heart of the Beast,11:45,23:506997,964,,,273,4,269,1.5,,https://harkins.com/ticketing/theatre/23/movie/HO00016093/session/506997/date/2026-09-27 11:45,harkins-api; sold_out=0,HARK,,,harkins-api
2026-09-25,harkins-2026-09-27T02:40Z,2026-09-27T02:40:55.466919+00:00,2026-09-27T02:00Z,2026-09-27,Sunday,Harkins Gateway Pavilions 18,Avondale,America/Phoenix,Heart of the Beast,13:05,23:506993,1044,,,198,0,198,0.0,,https://harkins.com/ticketing/theatre/23/movie/HO00016093/session/506993/date/2026-09-27 13:05,harkins-api; sold_out=0,HARK,,,harkins-api
2026-09-25,harkins-2026-09-27T02:40Z,2026-09-27T02:40:55.466919+00:00,2026-09-27T02:00Z,2026-09-27,Sunday,Harkins Gateway Pavilions 18,Avondale,America/Phoenix,Heart of the Beast,14:20,23:506998,1119,,,273,4,269,1.5,,https://harkins.com/ticketing/theatre/23/movie/HO00016093/session/506998/date/2026-09-27 14:20,harkins-api; sold_out=0,HARK,,,harkins-api
2026-09-25,harkins-2026-09-27T02:40Z,2026-09-27T02:40:55.466919+00:00,2026-09-27T02:00Z,2026-09-27,Sunday,Harkins Gateway Pavilions 18,Avondale,America/Phoenix,Heart of the Beast,15:35,23:506994,1194,,,198,5,193,2.5,,https://harkins.com/ticketing/theatre/23/movie/HO00016093/session/506994/date/2026-09-27 15:35,harkins-api; sold_out=0,HARK,,,harkins-api
2026-09-25,harkins-2026-09-27T02:40Z,2026-09-27T02:40:55.466919+00:00,2026-09-27T02:00Z,2026-09-27,Sunday,Harkins Gateway Pavilions 18,Avondale,America/Phoenix,Heart of the Beast,16:50,23:506999,1269,,,273,0,273,0.0,,https://harkins.com/ticketing/theatre/23/movie/HO00016093/session/506999/date/2026-09-27 16:50,harkins-api; sold_out=0,HARK,,,harkins-api
2026-09-25,harkins-2026-09-27T02:40Z,2026-09-27T02:40:55.466919+00:00,2026-09-27T02:00Z,2026-09-27,Sunday,Harkins Gateway Pavilions 18,Avondale,America/Phoenix,Heart of the Beast,18:05,23:506995,1344,,,198,0,198,0.0,,https://harkins.com/ticketing/theatre/23/movie/HO00016093/session/506995/date/2026-09-27 18:05,harkins-api; sold_out=0,HARK,,,harkins-api
2026-09-25,harkins-2026-09-27T02:40Z,2026-09-27T02:40:55.466919+00:00,2026-09-27T02:00Z,2026-09-27,Sunday,Harkins Gateway Pavilions 18,Avondale,America/Phoenix,Heart of the Beast,19:25,23:507000,1424,,,273,0,273,0.0,,https://harkins.com/ticketing/theatre/23/movie/HO00016093/session/507000/date/2026-09-27 19:25,harkins-api; sold_out=0,HARK,,,harkins-api
2026-09-25,harkins-2026-09-27T02:40Z,2026-09-27T02:40:55.466919+00:00,2026-09-27T02:00Z,2026-09-27,Sunday,Harkins Gateway Pavilions 18,Avondale,America/Phoenix,Heart of the Beast,20:35,23:506996,1494,,,198,0,198,0.0,,https://harkins.com/ticketing/theatre/23/movie/HO00016093/session/506996/date/2026-09-27 20:35,harkins-api; sold_out=0,HARK,,,harkins-api
2026-09-25,harkins-2026-09-27T02:40Z,2026-09-27T02:40:55.466919+00:00,2026-09-27T02:00Z,2026-09-26,Saturday,Harkins Lake Pleasant 9,Peoria,America/Phoenix,Forgotten Island,21:25,67:49218,104,,,86,4,82,4.7,,https://harkins.com/ticketing/theatre/67/movie/HO00015981/session/49218/date/2026-09-26 21:25,harkins-api; sold_out=0,HARK,,,harkins-api
2026-09-25,harkins-2026-09-27T02:40Z,2026-09-27T02:40:55.466919+00:00,2026-09-27T02:00Z,2026-09-26,Saturday,Harkins Lake Pleasant 9,Peoria,America/Phoenix,Heart of the Beast,20:20,67:49222,39,,,110,71,39,64.5,,https://harkins.com/ticketing/theatre/67/movie/HO00016093/session/49222/date/2026-09-26 20:20,harkins-api; sold_out=0,HARK,,,harkins-api
2026-09-25,harkins-2026-09-27T02:40Z,2026-09-27T02:40:55.466919+00:00,2026-09-27T02:00Z,2026-09-26,Saturday,Harkins Lake Pleasant 9,Peoria,America/Phoenix,Heart of the Beast,21:35,67:48047,114,,,111,18,93,16.2,,https://harkins.com/ticketing/theatre/67/movie/HO00016093/session/48047/date/2026-09-26 21:35,harkins-api; sold_out=0,HARK,,,harkins-api
2026-09-25,harkins-2026-09-27T02:40Z,2026-09-27T02:40:55.466919+00:00,2026-09-27T02:00Z,2026-09-26,Saturday,Harkins Lake Pleasant 9,Peoria,America/Phoenix,Heart of the Beast,22:05,67:49397,144,,,110,2,108,1.8,,https://harkins.com/ticketing/theatre/67/movie/HO00016093/session/49397/date/2026-09-26 22:05,harkins-api; sold_out=0,HARK,,,harkins-api
2026-09-25,harkins-2026-09-27T02:40Z,2026-09-27T02:40:55.466919+00:00,2026-09-27T02:00Z,2026-09-27,Sunday,Harkins Lake Pleasant 9,Peoria,America/Phoenix,Forgotten Island,10:10,67:49381,869,,,110,10,100,9.1,,https://harkins.com/ticketing/theatre/67/movie/HO00015981/session/49381/date/2026-09-27 10:10,harkins-api; sold_out=0,HARK,,,harkins-api
2026-09-25,harkins-2026-09-27T02:40Z,2026-09-27T02:40:55.466919+00:00,2026-09-27T02:00Z,2026-09-27,Sunday,Harkins Lake Pleasant 9,Peoria,America/Phoenix,Forgotten Island,11:30,67:49240,949,,,98,15,83,15.3,,https://harkins.com/ticketing/theatre/67/movie/HO00015981/session/49240/date/2026-09-27 11:30,harkins-api; sold_out=0,HARK,,,harkins-api
2026-09-25,harkins-2026-09-27T02:40Z,2026-09-27T02:40:55.466919+00:00,2026-09-27T02:00Z,2026-09-27,Sunday,Harkins Lake Pleasant 9,Peoria,America/Phoenix,Forgotten Island,12:50,67:48548,1029,,,110,10,100,9.1,,https://harkins.com/ticketing/theatre/67/movie/HO00015981/session/48548/date/2026-09-27 12:50,harkins-api; sold_out=0,HARK,,,harkins-api
2026-09-25,harkins-2026-09-27T02:40Z,2026-09-27T02:40:55.466919+00:00,2026-09-27T02:00Z,2026-09-27,Sunday,Harkins Lake Pleasant 9,Peoria,America/Phoenix,Forgotten Island,15:40,67:48547,1199,,,110,10,100,9.1,,https://harkins.com/ticketing/theatre/67/movie/HO00015981/session/48547/date/2026-09-27 15:40,harkins-api; sold_out=0,HARK,,,harkins-api
2026-09-25,harkins-2026-09-27T02:40Z,2026-09-27T02:40:55.466919+00:00,2026-09-27T02:00Z,2026-09-27,Sunday,Harkins Lake Pleasant 9,Peoria,America/Phoenix,Forgotten Island,18:20,67:48545,1359,,,110,2,108,1.8,,https://harkins.com/ticketing/theatre/67/movie/HO00015981/session/48545/date/2026-09-27 18:20,harkins-api; sold_out=0,HARK,,,harkins-api
2026-09-25,harkins-2026-09-27T02:40Z,2026-09-27T02:40:55.466919+00:00,2026-09-27T02:00Z,2026-09-27,Sunday,Harkins Lake Pleasant 9,Peoria,America/Phoenix,Heart of the Beast,09:55,67:49407,854,,,110,7,103,6.4,,https://harkins.com/ticketing/theatre/67/movie/HO00016093/session/49407/date/2026-09-27 09:55,harkins-api; sold_out=0,HARK,,,harkins-api
2026-09-25,harkins-2026-09-27T02:40Z,2026-09-27T02:40:55.466919+00:00,2026-09-27T02:00Z,2026-09-27,Sunday,Harkins Lake Pleasant 9,Peoria,America/Phoenix,Heart of the Beast,10:35,67:49382,894,,,82,4,78,4.9,,https://harkins.com/ticketing/theatre/67/movie/HO00016093/session/49382/date/2026-09-27 10:35,harkins-api; sold_out=0,HARK,,,harkins-api
2026-09-25,harkins-2026-09-27T02:40Z,2026-09-27T02:40:55.466919+00:00,2026-09-27T02:00Z,2026-09-27,Sunday,Harkins Lake Pleasant 9,Peoria,America/Phoenix,Heart of the Beast,11:15,67:48055,934,,,111,14,97,12.6,,https://harkins.com/ticketing/theatre/67/movie/HO00016093/session/48055/date/2026-09-27 11:15,harkins-api; sold_out=0,HARK,,,harkins-api
2026-09-25,harkins-2026-09-27T02:40Z,2026-09-27T02:40:55.466919+00:00,2026-09-27T02:00Z,2026-09-27,Sunday,Harkins Lake Pleasant 9,Peoria,America/Phoenix,Heart of the Beast,12:30,67:49406,1009,,,110,17,93,15.5,,https://harkins.com/ticketing/theatre/67/movie/HO00016093/session/49406/date/2026-09-27 12:30,harkins-api; sold_out=0,HARK,,,harkins-api
2026-09-25,harkins-2026-09-27T02:40Z,2026-09-27T02:40:55.466919+00:00,2026-09-27T02:00Z,2026-09-27,Sunday,Harkins Lake Pleasant 9,Peoria,America/Phoenix,Heart of the Beast,13:50,67:48054,1089,,,111,33,78,29.7,,https://harkins.com/ticketing/theatre/67/movie/HO00016093/session/48054/date/2026-09-27 13:50,harkins-api; sold_out=0,HARK,,,harkins-api
2026-09-25,harkins-2026-09-27T02:40Z,2026-09-27T02:40:55.466919+00:00,2026-09-27T02:00Z,2026-09-27,Sunday,Harkins Lake Pleasant 9,Peoria,America/Phoenix,Heart of the Beast,14:30,67:49410,1129,,,98,6,92,6.1,,https://harkins.com/ticketing/theatre/67/movie/HO00016093/session/49410/date/2026-09-27 14:30,harkins-api; sold_out=0,HARK,,,harkins-api
2026-09-25,harkins-2026-09-27T02:40Z,2026-09-27T02:40:55.466919+00:00,2026-09-27T02:00Z,2026-09-27,Sunday,Harkins Lake Pleasant 9,Peoria,America/Phoenix,Heart of the Beast,15:10,67:49247,1169,,,110,12,98,10.9,,https://harkins.com/ticketing/theatre/67/movie/HO00016093/session/49247/date/2026-09-27 15:10,harkins-api; sold_out=0,HARK,,,harkins-api
2026-09-25,harkins-2026-09-27T02:40Z,2026-09-27T02:40:55.466919+00:00,2026-09-27T02:00Z,2026-09-27,Sunday,Harkins Lake Pleasant 9,Peoria,America/Phoenix,Heart of the Beast,16:25,67:48053,1244,,,111,28,83,25.2,,https://harkins.com/ticketing/theatre/67/movie/HO00016093/session/48053/date/2026-09-27 16:25,harkins-api; sold_out=0,HARK,,,harkins-api
2026-09-25,harkins-2026-09-27T02:40Z,2026-09-27T02:40:55.466919+00:00,2026-09-27T02:00Z,2026-09-27,Sunday,Harkins Lake Pleasant 9,Peoria,America/Phoenix,Heart of the Beast,17:40,67:49248,1319,,,110,22,88,20.0,,https://harkins.com/ticketing/theatre/67/movie/HO00016093/session/49248/date/2026-09-27 17:40,harkins-api; sold_out=0,HARK,,,harkins-api
2026-09-25,harkins-2026-09-27T02:40Z,2026-09-27T02:40:55.466919+00:00,2026-09-27T02:00Z,2026-09-27,Sunday,Harkins Lake Pleasant 9,Peoria,America/Phoenix,Heart of the Beast,19:00,67:48051,1399,,,111,16,95,14.4,,https://harkins.com/ticketing/theatre/67/movie/HO00016093/session/48051/date/2026-09-27 19:00,harkins-api; sold_out=0,HARK,,,harkins-api
2026-09-25,harkins-2026-09-27T02:40Z,2026-09-27T02:40:55.466919+00:00,2026-09-27T02:00Z,2026-09-27,Sunday,Harkins Lake Pleasant 9,Peoria,America/Phoenix,Heart of the Beast,19:50,67:49249,1449,,,110,4,106,3.6,,https://harkins.com/ticketing/theatre/67/movie/HO00016093/session/49249/date/2026-09-27 19:50,harkins-api; sold_out=0,HARK,,,harkins-api
2026-09-25,harkins-2026-09-27T02:40Z,2026-09-27T02:40:55.466919+00:00,2026-09-27T02:00Z,2026-09-26,Saturday,Harkins Norterra 14,Phoenix,America/Phoenix,Forgotten Island,21:30,39:415694,109,,,97,2,95,2.1,,https://harkins.com/ticketing/theatre/39/movie/HO00015981/session/415694/date/2026-09-26 21:30,harkins-api; sold_out=0,HARK,,,harkins-api
2026-09-25,harkins-2026-09-27T02:40Z,2026-09-27T02:40:55.466919+00:00,2026-09-27T02:00Z,2026-09-26,Saturday,Harkins Norterra 14,Phoenix,America/Phoenix,Heart of the Beast,21:00,39:415698,79,,,126,13,113,10.3,,https://harkins.com/ticketing/theatre/39/movie/HO00016093/session/415698/date/2026-09-26 21:00,harkins-api; sold_out=0,HARK,,,harkins-api
2026-09-25,harkins-2026-09-27T02:40Z,2026-09-27T02:40:55.466919+00:00,2026-09-27T02:00Z,2026-09-27,Sunday,Harkins Norterra 14,Phoenix,America/Phoenix,Forgotten Island,11:15,39:415762,934,,,126,2,124,1.6,,https://harkins.com/ticketing/theatre/39/movie/HO00015981/session/415762/date/2026-09-27 11:15,harkins-api; sold_out=0,HARK,,,harkins-api
2026-09-25,harkins-2026-09-27T02:40Z,2026-09-27T02:40:55.466919+00:00,2026-09-27T02:00Z,2026-09-27,Sunday,Harkins Norterra 14,Phoenix,America/Phoenix,Forgotten Island,13:45,39:415750,1084,,,97,3,94,3.1,,https://harkins.com/ticketing/theatre/39/movie/HO00015981/session/415750/date/2026-09-27 13:45,harkins-api; sold_out=0,HARK,,,harkins-api
2026-09-25,harkins-2026-09-27T02:40Z,2026-09-27T02:40:55.466919+00:00,2026-09-27T02:00Z,2026-09-27,Sunday,Harkins Norterra 14,Phoenix,America/Phoenix,Forgotten Island,16:20,39:415751,1239,,,97,1,96,1.0,,https://harkins.com/ticketing/theatre/39/movie/HO00015981/session/415751/date/2026-09-27 16:20,harkins-api; sold_out=0,HARK,,,harkins-api
2026-09-25,harkins-2026-09-27T02:40Z,2026-09-27T02:40:55.466919+00:00,2026-09-27T02:00Z,2026-09-27,Sunday,Harkins Norterra 14,Phoenix,America/Phoenix,Forgotten Island,18:55,39:415752,1394,,,97,0,97,0.0,,https://harkins.com/ticketing/theatre/39/movie/HO00015981/session/415752/date/2026-09-27 18:55,harkins-api; sold_out=0,HARK,,,harkins-api
2026-09-25,harkins-2026-09-27T02:40Z,2026-09-27T02:40:55.466919+00:00,2026-09-27T02:00Z,2026-09-27,Sunday,Harkins Norterra 14,Phoenix,America/Phoenix,Forgotten Island,21:30,39:415753,1549,,,97,0,97,0.0,,https://harkins.com/ticketing/theatre/39/movie/HO00015981/session/415753/date/2026-09-27 21:30,harkins-api; sold_out=0,HARK,,,harkins-api
2026-09-25,harkins-2026-09-27T02:40Z,2026-09-27T02:40:55.466919+00:00,2026-09-27T02:00Z,2026-09-27,Sunday,Harkins Norterra 14,Phoenix,America/Phoenix,Forgotten Island,14:05,39:415722,1104,,,70,48,22,68.6,,https://harkins.com/ticketing/theatre/39/movie/HO00016106/session/415722/date/2026-09-27 14:05,harkins-api; sold_out=0,HARK,,,harkins-api
2026-09-25,harkins-2026-09-27T02:40Z,2026-09-27T02:40:55.466919+00:00,2026-09-27T02:00Z,2026-09-27,Sunday,Harkins Norterra 14,Phoenix,America/Phoenix,Heart of the Beast,12:00,39:415766,979,,,126,11,115,8.7,,https://harkins.com/ticketing/theatre/39/movie/HO00016093/session/415766/date/2026-09-27 12:00,harkins-api; sold_out=0,HARK,,,harkins-api
2026-09-25,harkins-2026-09-27T02:40Z,2026-09-27T02:40:55.466919+00:00,2026-09-27T02:00Z,2026-09-27,Sunday,Harkins Norterra 14,Phoenix,America/Phoenix,Heart of the Beast,14:30,39:415767,1129,,,126,10,116,7.9,,https://harkins.com/ticketing/theatre/39/movie/HO00016093/session/415767/date/2026-09-27 14:30,harkins-api; sold_out=0,HARK,,,harkins-api
2026-09-25,harkins-2026-09-27T02:40Z,2026-09-27T02:40:55.466919+00:00,2026-09-27T02:00Z,2026-09-27,Sunday,Harkins Norterra 14,Phoenix,America/Phoenix,Heart of the Beast,16:00,39:415764,1219,,,126,13,113,10.3,,https://harkins.com/ticketing/theatre/39/movie/HO00016093/session/415764/date/2026-09-27 16:00,harkins-api; sold_out=0,HARK,,,harkins-api
2026-09-25,harkins-2026-09-27T02:40Z,2026-09-27T02:40:55.466919+00:00,2026-09-27T02:00Z,2026-09-27,Sunday,Harkins Norterra 14,Phoenix,America/Phoenix,Heart of the Beast,18:30,39:415765,1369,,,126,2,124,1.6,,https://harkins.com/ticketing/theatre/39/movie/HO00016093/session/415765/date/2026-09-27 18:30,harkins-api; sold_out=0,HARK,,,harkins-api
2026-09-25,harkins-2026-09-27T02:40Z,2026-09-27T02:40:55.466919+00:00,2026-09-27T02:00Z,2026-09-27,Sunday,Harkins Norterra 14,Phoenix,America/Phoenix,Heart of the Beast,19:20,39:415769,1419,,,126,2,124,1.6,,https://harkins.com/ticketing/theatre/39/movie/HO00016093/session/415769/date/2026-09-27 19:20,harkins-api; sold_out=0,HARK,,,harkins-api
2026-09-25,harkins-2026-09-27T02:40Z,2026-09-27T02:40:55.466919+00:00,2026-09-27T02:00Z,2026-09-27,Sunday,Harkins Norterra 14,Phoenix,America/Phoenix,Heart of the Beast,21:45,39:415771,1564,,,126,0,126,0.0,,https://harkins.com/ticketing/theatre/39/movie/HO00016093/session/415771/date/2026-09-27 21:45,harkins-api; sold_out=0,HARK,,,harkins-api
2026-09-25,harkins-2026-09-27T02:40Z,2026-09-27T02:40:55.466919+00:00,2026-09-27T02:00Z,2026-09-27,Sunday,Harkins Norterra 14,Phoenix,America/Phoenix,Heart of the Beast,11:45,39:415720,964,,,232,23,209,9.9,,https://harkins.com/ticketing/theatre/39/movie/HO00016149/session/415720/date/2026-09-27 11:45,harkins-api; sold_out=0,HARK,,,harkins-api
2026-09-25,harkins-2026-09-27T02:40Z,2026-09-27T02:40:55.466919+00:00,2026-09-27T02:00Z,2026-09-26,Saturday,Harkins Park West 14,Peoria,America/Phoenix,Forgotten Island,21:10,37:455361,89,,,62,0,62,0.0,,https://harkins.com/ticketing/theatre/37/movie/HO00015981/session/455361/date/2026-09-26 21:10,harkins-api; sold_out=0,HARK,,,harkins-api
2026-09-25,harkins-2026-09-27T02:40Z,2026-09-27T02:40:55.466919+00:00,2026-09-27T02:00Z,2026-09-26,Saturday,Harkins Park West 14,Peoria,America/Phoenix,Forgotten Island,22:10,37:456578,149,,,134,0,134,0.0,,https://harkins.com/ticketing/theatre/37/movie/HO00015981/session/456578/date/2026-09-26 22:10,harkins-api; sold_out=0,HARK,,,harkins-api
2026-09-25,harkins-2026-09-27T02:40Z,2026-09-27T02:40:55.466919+00:00,2026-09-27T02:00Z,2026-09-26,Saturday,Harkins Park West 14,Peoria,America/Phoenix,Heart of the Beast,20:10,37:456569,29,,,98,49,49,50.0,,https://harkins.com/ticketing/theatre/37/movie/HO00016093/session/456569/date/2026-09-26 20:10,harkins-api; sold_out=0,HARK,,,harkins-api
2026-09-25,harkins-2026-09-27T02:40Z,2026-09-27T02:40:55.466919+00:00,2026-09-27T02:00Z,2026-09-26,Saturday,Harkins Park West 14,Peoria,America/Phoenix,Heart of the Beast,21:00,37:454787,79,,,135,40,95,29.6,,https://harkins.com/ticketing/theatre/37/movie/HO00016093/session/454787/date/2026-09-26 21:00,harkins-api; sold_out=0,HARK,,,harkins-api
2026-09-25,harkins-2026-09-27T02:40Z,2026-09-27T02:40:55.466919+00:00,2026-09-27T02:00Z,2026-09-26,Saturday,Harkins Park West 14,Peoria,America/Phoenix,Heart of the Beast,22:35,37:456570,174,,,98,4,94,4.1,,https://harkins.com/ticketing/theatre/37/movie/HO00016093/session/456570/date/2026-09-26 22:35,harkins-api; sold_out=0,HARK,,,harkins-api
2026-09-25,harkins-2026-09-27T02:40Z,2026-09-27T02:40:55.466919+00:00,2026-09-27T02:00Z,2026-09-27,Sunday,Harkins Park West 14,Peoria,America/Phoenix,Forgotten Island,11:00,37:456614,919,,,62,3,59,4.8,,https://harkins.com/ticketing/theatre/37/movie/HO00015981/session/456614/date/2026-09-27 11:00,harkins-api; sold_out=0,HARK,,,harkins-api
2026-09-25,harkins-2026-09-27T02:40Z,2026-09-27T02:40:55.466919+00:00,2026-09-27T02:00Z,2026-09-27,Sunday,Harkins Park West 14,Peoria,America/Phoenix,Forgotten Island,12:20,37:456649,999,,,135,1,134,0.7,,https://harkins.com/ticketing/theatre/37/movie/HO00015981/session/456649/date/2026-09-27 12:20,harkins-api; sold_out=0,HARK,,,harkins-api
2026-09-25,harkins-2026-09-27T02:40Z,2026-09-27T02:40:55.466919+00:00,2026-09-27T02:00Z,2026-09-27,Sunday,Harkins Park West 14,Peoria,America/Phoenix,Forgotten Island,13:30,37:456615,1069,,,62,7,55,11.3,,https://harkins.com/ticketing/theatre/37/movie/HO00015981/session/456615/date/2026-09-27 13:30,harkins-api; sold_out=0,HARK,,,harkins-api
2026-09-25,harkins-2026-09-27T02:40Z,2026-09-27T02:40:55.466919+00:00,2026-09-27T02:00Z,2026-09-27,Sunday,Harkins Park West 14,Peoria,America/Phoenix,Forgotten Island,15:00,37:456647,1159,,,135,0,135,0.0,,https://harkins.com/ticketing/theatre/37/movie/HO00015981/session/456647/date/2026-09-27 15:00,harkins-api; sold_out=0,HARK,,,harkins-api
2026-09-25,harkins-2026-09-27T02:40Z,2026-09-27T02:40:55.466919+00:00,2026-09-27T02:00Z,2026-09-27,Sunday,Harkins Park West 14,Peoria,America/Phoenix,Forgotten Island,16:30,37:456624,1249,,,65,9,56,13.8,,https://harkins.com/ticketing/theatre/37/movie/HO00015981/session/456624/date/2026-09-27 16:30,harkins-api; sold_out=0,HARK,,,harkins-api
2026-09-25,harkins-2026-09-27T02:40Z,2026-09-27T02:40:55.466919+00:00,2026-09-27T02:00Z,2026-09-27,Sunday,Harkins Park West 14,Peoria,America/Phoenix,Forgotten Island,18:40,37:456618,1379,,,62,11,51,17.7,,https://harkins.com/ticketing/theatre/37/movie/HO00015981/session/456618/date/2026-09-27 18:40,harkins-api; sold_out=0,HARK,,,harkins-api
2026-09-25,harkins-2026-09-27T02:40Z,2026-09-27T02:40:55.466919+00:00,2026-09-27T02:00Z,2026-09-27,Sunday,Harkins Park West 14,Peoria,America/Phoenix,Forgotten Island,21:10,37:456619,1529,,,62,0,62,0.0,,https://harkins.com/ticketing/theatre/37/movie/HO00015981/session/456619/date/2026-09-27 21:10,harkins-api; sold_out=0,HARK,,,harkins-api
2026-09-25,harkins-2026-09-27T02:40Z,2026-09-27T02:40:55.466919+00:00,2026-09-27T02:00Z,2026-09-27,Sunday,Harkins Park West 14,Peoria,America/Phoenix,Forgotten Island,11:50,37:456622,969,,,227,12,215,5.3,,https://harkins.com/ticketing/theatre/37/movie/HO00016111/session/456622/date/2026-09-27 11:50,harkins-api; sold_out=0,HARK,,,harkins-api
2026-09-25,harkins-2026-09-27T02:40Z,2026-09-27T02:40:55.466919+00:00,2026-09-27T02:00Z,2026-09-27,Sunday,Harkins Park West 14,Peoria,America/Phoenix,Forgotten Island,14:20,37:456605,1119,,,231,8,223,3.5,,https://harkins.com/ticketing/theatre/37/movie/HO00016111/session/456605/date/2026-09-27 14:20,harkins-api; sold_out=0,HARK,,,harkins-api
2026-09-25,harkins-2026-09-27T02:40Z,2026-09-27T02:40:55.466919+00:00,2026-09-27T02:00Z,2026-09-27,Sunday,Harkins Park West 14,Peoria,America/Phoenix,Forgotten Island,13:00,37:456640,1039,,,65,0,65,0.0,,https://harkins.com/ticketing/theatre/37/movie/HO00016105/session/456640/date/2026-09-27 13:00,harkins-api; sold_out=0,HARK,,,harkins-api
2026-09-25,harkins-2026-09-27T02:40Z,2026-09-27T02:40:55.466919+00:00,2026-09-27T02:00Z,2026-09-27,Sunday,Harkins Park West 14,Peoria,America/Phoenix,Heart of the Beast,11:20,37:454788,939,,,65,19,46,29.2,,https://harkins.com/ticketing/theatre/37/movie/HO00016093/session/454788/date/2026-09-27 11:20,harkins-api; sold_out=0,HARK,,,harkins-api
2026-09-25,harkins-2026-09-27T02:40Z,2026-09-27T02:40:55.466919+00:00,2026-09-27T02:00Z,2026-09-27,Sunday,Harkins Park West 14,Peoria,America/Phoenix,Heart of the Beast,13:45,37:454789,1084,,,65,5,60,7.7,,https://harkins.com/ticketing/theatre/37/movie/HO00016093/session/454789/date/2026-09-27 13:45,harkins-api; sold_out=0,HARK,,,harkins-api
2026-09-25,harkins-2026-09-27T02:40Z,2026-09-27T02:40:55.466919+00:00,2026-09-27T02:00Z,2026-09-27,Sunday,Harkins Park West 14,Peoria,America/Phoenix,Heart of the Beast,16:00,37:456620,1219,,,62,2,60,3.2,,https://harkins.com/ticketing/theatre/37/movie/HO00016093/session/456620/date/2026-09-27 16:00,harkins-api; sold_out=0,HARK,,,harkins-api
2026-09-25,harkins-2026-09-27T02:40Z,2026-09-27T02:40:55.466919+00:00,2026-09-27T02:00Z,2026-09-27,Sunday,Harkins Park West 14,Peoria,America/Phoenix,Heart of the Beast,17:30,37:456645,1309,,,135,4,131,3.0,,https://harkins.com/ticketing/theatre/37/movie/HO00016093/session/456645/date/2026-09-27 17:30,harkins-api; sold_out=0,HARK,,,harkins-api
2026-09-25,harkins-2026-09-27T02:40Z,2026-09-27T02:40:55.466919+00:00,2026-09-27T02:00Z,2026-09-27,Sunday,Harkins Park West 14,Peoria,America/Phoenix,Heart of the Beast,19:00,37:456628,1399,,,136,0,136,0.0,,https://harkins.com/ticketing/theatre/37/movie/HO00016093/session/456628/date/2026-09-27 19:00,harkins-api; sold_out=0,HARK,,,harkins-api
2026-09-25,harkins-2026-09-27T02:40Z,2026-09-27T02:40:55.466919+00:00,2026-09-27T02:00Z,2026-09-27,Sunday,Harkins Park West 14,Peoria,America/Phoenix,Heart of the Beast,19:50,37:456643,1449,,,135,0,135,0.0,,https://harkins.com/ticketing/theatre/37/movie/HO00016093/session/456643/date/2026-09-27 19:50,harkins-api; sold_out=0,HARK,,,harkins-api
2026-09-25,harkins-2026-09-27T02:40Z,2026-09-27T02:40:55.466919+00:00,2026-09-27T02:00Z,2026-09-27,Sunday,Harkins Park West 14,Peoria,America/Phoenix,Heart of the Beast,21:20,37:456630,1539,,,136,0,136,0.0,,https://harkins.com/ticketing/theatre/37/movie/HO00016093/session/456630/date/2026-09-27 21:20,harkins-api; sold_out=0,HARK,,,harkins-api
2026-09-25,harkins-2026-09-27T02:40Z,2026-09-27T02:40:55.466919+00:00,2026-09-27T02:00Z,2026-09-27,Sunday,Harkins Park West 14,Peoria,America/Phoenix,Heart of the Beast,12:00,37:456621,979,,,231,21,210,9.1,,https://harkins.com/ticketing/theatre/37/movie/HO00016149/session/456621/date/2026-09-27 12:00,harkins-api; sold_out=0,HARK,,,harkins-api
2026-09-25,harkins-2026-09-27T02:40Z,2026-09-27T02:40:55.466919+00:00,2026-09-27T02:00Z,2026-09-27,Sunday,Harkins Park West 14,Peoria,America/Phoenix,Heart of the Beast,16:50,37:456604,1269,,,231,9,222,3.9,,https://harkins.com/ticketing/theatre/37/movie/HO00016149/session/456604/date/2026-09-27 16:50,harkins-api; sold_out=0,HARK,,,harkins-api
2026-09-25,harkins-2026-09-27T02:40Z,2026-09-27T02:40:55.466919+00:00,2026-09-27T02:00Z,2026-09-26,Saturday,Harkins Queen Creek 14,Queen Creek,America/Phoenix,Forgotten Island,20:40,60:341098,59,,,272,4,268,1.5,,https://harkins.com/ticketing/theatre/60/movie/HO00015981/session/341098/date/2026-09-26 20:40,harkins-api; sold_out=0,HARK,,,harkins-api
2026-09-25,harkins-2026-09-27T02:40Z,2026-09-27T02:40:55.466919+00:00,2026-09-27T02:00Z,2026-09-26,Saturday,Harkins Queen Creek 14,Queen Creek,America/Phoenix,Heart of the Beast,19:55,60:341090,14,,,272,65,207,23.9,,https://harkins.com/ticketing/theatre/60/movie/HO00016093/session/341090/date/2026-09-26 19:55,harkins-api; sold_out=0,HARK,,,harkins-api
2026-09-25,harkins-2026-09-27T02:40Z,2026-09-27T02:40:55.466919+00:00,2026-09-27T02:00Z,2026-09-26,Saturday,Harkins Queen Creek 14,Queen Creek,America/Phoenix,Heart of the Beast,21:00,60:341112,79,,,130,5,125,3.8,,https://harkins.com/ticketing/theatre/60/movie/HO00016093/session/341112/date/2026-09-26 21:00,harkins-api; sold_out=0,HARK,,,harkins-api
2026-09-25,harkins-2026-09-27T02:40Z,2026-09-27T02:40:55.466919+00:00,2026-09-27T02:00Z,2026-09-27,Sunday,Harkins Queen Creek 14,Queen Creek,America/Phoenix,Forgotten Island,11:30,60:341207,949,,,272,6,266,2.2,,https://harkins.com/ticketing/theatre/60/movie/HO00015981/session/341207/date/2026-09-27 11:30,harkins-api; sold_out=0,HARK,,,harkins-api
2026-09-25,harkins-2026-09-27T02:40Z,2026-09-27T02:40:55.466919+00:00,2026-09-27T02:00Z,2026-09-27,Sunday,Harkins Queen Creek 14,Queen Creek,America/Phoenix,Forgotten Island,12:30,60:341211,1009,,,130,2,128,1.5,,https://harkins.com/ticketing/theatre/60/movie/HO00015981/session/341211/date/2026-09-27 12:30,harkins-api; sold_out=0,HARK,,,harkins-api
2026-09-25,harkins-2026-09-27T02:40Z,2026-09-27T02:40:55.466919+00:00,2026-09-27T02:00Z,2026-09-27,Sunday,Harkins Queen Creek 14,Queen Creek,America/Phoenix,Forgotten Island,14:25,60:341203,1124,,,272,4,268,1.5,,https://harkins.com/ticketing/theatre/60/movie/HO00015981/session/341203/date/2026-09-27 14:25,harkins-api; sold_out=0,HARK,,,harkins-api
2026-09-25,harkins-2026-09-27T02:40Z,2026-09-27T02:40:55.466919+00:00,2026-09-27T02:00Z,2026-09-27,Sunday,Harkins Queen Creek 14,Queen Creek,America/Phoenix,Forgotten Island,16:15,60:341209,1234,,,207,4,203,1.9,,https://harkins.com/ticketing/theatre/60/movie/HO00015981/session/341209/date/2026-09-27 16:15,harkins-api; sold_out=0,HARK,,,harkins-api
2026-09-25,harkins-2026-09-27T02:40Z,2026-09-27T02:40:55.466919+00:00,2026-09-27T02:00Z,2026-09-27,Sunday,Harkins Queen Creek 14,Queen Creek,America/Phoenix,Forgotten Island,17:10,60:341213,1289,,,272,4,268,1.5,,https://harkins.com/ticketing/theatre/60/movie/HO00015981/session/341213/date/2026-09-27 17:10,harkins-api; sold_out=0,HARK,,,harkins-api
2026-09-25,harkins-2026-09-27T02:40Z,2026-09-27T02:40:55.466919+00:00,2026-09-27T02:00Z,2026-09-27,Sunday,Harkins Queen Creek 14,Queen Creek,America/Phoenix,Forgotten Island,19:30,60:341210,1429,,,130,2,128,1.5,,https://harkins.com/ticketing/theatre/60/movie/HO00015981/session/341210/date/2026-09-27 19:30,harkins-api; sold_out=0,HARK,,,harkins-api
2026-09-25,harkins-2026-09-27T02:40Z,2026-09-27T02:40:55.466919+00:00,2026-09-27T02:00Z,2026-09-27,Sunday,Harkins Queen Creek 14,Queen Creek,America/Phoenix,Forgotten Island,13:20,60:341196,1059,,,130,2,128,1.5,,https://harkins.com/ticketing/theatre/60/movie/HO00016105/session/341196/date/2026-09-27 13:20,harkins-api; sold_out=0,HARK,,,harkins-api
2026-09-25,harkins-2026-09-27T02:40Z,2026-09-27T02:40:55.466919+00:00,2026-09-27T02:00Z,2026-09-27,Sunday,Harkins Queen Creek 14,Queen Creek,America/Phoenix,Heart of the Beast,11:25,60:339390,944,,,426,16,410,3.8,,https://harkins.com/ticketing/theatre/60/movie/HO00016093/session/339390/date/2026-09-27 11:25,harkins-api; sold_out=0,HARK,,,harkins-api
2026-09-25,harkins-2026-09-27T02:40Z,2026-09-27T02:40:55.466919+00:00,2026-09-27T02:00Z,2026-09-27,Sunday,Harkins Queen Creek 14,Queen Creek,America/Phoenix,Heart of the Beast,12:05,60:341206,984,,,272,11,261,4.0,,https://harkins.com/ticketing/theatre/60/movie/HO00016093/session/341206/date/2026-09-27 12:05,harkins-api; sold_out=0,HARK,,,harkins-api
2026-09-25,harkins-2026-09-27T02:40Z,2026-09-27T02:40:55.466919+00:00,2026-09-27T02:00Z,2026-09-27,Sunday,Harkins Queen Creek 14,Queen Creek,America/Phoenix,Heart of the Beast,13:50,60:341184,1089,,,426,18,408,4.2,,https://harkins.com/ticketing/theatre/60/movie/HO00016093/session/341184/date/2026-09-27 13:50,harkins-api; sold_out=0,HARK,,,harkins-api
2026-09-25,harkins-2026-09-27T02:40Z,2026-09-27T02:40:55.466919+00:00,2026-09-27T02:00Z,2026-09-27,Sunday,Harkins Queen Creek 14,Queen Creek,America/Phoenix,Heart of the Beast,14:50,60:341212,1149,,,272,18,254,6.6,,https://harkins.com/ticketing/theatre/60/movie/HO00016093/session/341212/date/2026-09-27 14:50,harkins-api; sold_out=0,HARK,,,harkins-api
2026-09-25,harkins-2026-09-27T02:40Z,2026-09-27T02:40:55.466919+00:00,2026-09-27T02:00Z,2026-09-27,Sunday,Harkins Queen Creek 14,Queen Creek,America/Phoenix,Heart of the Beast,16:25,60:341185,1244,,,426,8,418,1.9,,https://harkins.com/ticketing/theatre/60/movie/HO00016093/session/341185/date/2026-09-27 16:25,harkins-api; sold_out=0,HARK,,,harkins-api
2026-09-25,harkins-2026-09-27T02:40Z,2026-09-27T02:40:55.466919+00:00,2026-09-27T02:00Z,2026-09-27,Sunday,Harkins Queen Creek 14,Queen Creek,America/Phoenix,Heart of the Beast,17:05,60:341204,1284,,,130,6,124,4.6,,https://harkins.com/ticketing/theatre/60/movie/HO00016093/session/341204/date/2026-09-27 17:05,harkins-api; sold_out=0,HARK,,,harkins-api
2026-09-25,harkins-2026-09-27T02:40Z,2026-09-27T02:40:55.466919+00:00,2026-09-27T02:00Z,2026-09-27,Sunday,Harkins Queen Creek 14,Queen Creek,America/Phoenix,Heart of the Beast,18:50,60:341186,1389,,,426,8,418,1.9,,https://harkins.com/ticketing/theatre/60/movie/HO00016093/session/341186/date/2026-09-27 18:50,harkins-api; sold_out=0,HARK,,,harkins-api
2026-09-25,harkins-2026-09-27T02:40Z,2026-09-27T02:40:55.466919+00:00,2026-09-27T02:00Z,2026-09-27,Sunday,Harkins Queen Creek 14,Queen Creek,America/Phoenix,Heart of the Beast,19:35,60:341205,1434,,,272,4,268,1.5,,https://harkins.com/ticketing/theatre/60/movie/HO00016093/session/341205/date/2026-09-27 19:35,harkins-api; sold_out=0,HARK,,,harkins-api
2026-09-25,harkins-2026-09-27T02:40Z,2026-09-27T02:40:55.466919+00:00,2026-09-27T02:00Z,2026-09-26,Saturday,Harkins SanTan Village 16,Gilbert,America/Phoenix,Forgotten Island,20:50,33:474719,69,,,65,9,56,13.8,,https://harkins.com/ticketing/theatre/33/movie/HO00015981/session/474719/date/2026-09-26 20:50,harkins-api; sold_out=0,HARK,,,harkins-api
2026-09-25,harkins-2026-09-27T02:40Z,2026-09-27T02:40:55.466919+00:00,2026-09-27T02:00Z,2026-09-26,Saturday,Harkins SanTan Village 16,Gilbert,America/Phoenix,Heart of the Beast,20:30,33:476076,49,,,153,88,65,57.5,,https://harkins.com/ticketing/theatre/33/movie/HO00016093/session/476076/date/2026-09-26 20:30,harkins-api; sold_out=0,HARK,,,harkins-api
2026-09-25,harkins-2026-09-27T02:40Z,2026-09-27T02:40:55.466919+00:00,2026-09-27T02:00Z,2026-09-26,Saturday,Harkins SanTan Village 16,Gilbert,America/Phoenix,Heart of the Beast,21:00,33:476391,79,,,154,19,135,12.3,,https://harkins.com/ticketing/theatre/33/movie/HO00016093/session/476391/date/2026-09-26 21:00,harkins-api; sold_out=0,HARK,,,harkins-api
2026-09-25,harkins-2026-09-27T02:40Z,2026-09-27T02:40:55.466919+00:00,2026-09-27T02:00Z,2026-09-26,Saturday,Harkins SanTan Village 16,Gilbert,America/Phoenix,Heart of the Beast,21:45,33:473875,124,,,115,10,105,8.7,,https://harkins.com/ticketing/theatre/33/movie/HO00016093/session/473875/date/2026-09-26 21:45,harkins-api; sold_out=0,HARK,,,harkins-api
2026-09-25,harkins-2026-09-27T02:40Z,2026-09-27T02:40:55.466919+00:00,2026-09-27T02:00Z,2026-09-27,Sunday,Harkins SanTan Village 16,Gilbert,America/Phoenix,Forgotten Island,11:00,33:474722,919,,,114,13,101,11.4,,https://harkins.com/ticketing/theatre/33/movie/HO00015981/session/474722/date/2026-09-27 11:00,harkins-api; sold_out=0,HARK,,,harkins-api
2026-09-25,harkins-2026-09-27T02:40Z,2026-09-27T02:40:55.466919+00:00,2026-09-27T02:00Z,2026-09-27,Sunday,Harkins SanTan Village 16,Gilbert,America/Phoenix,Forgotten Island,12:40,33:476110,1019,,,153,7,146,4.6,,https://harkins.com/ticketing/theatre/33/movie/HO00015981/session/476110/date/2026-09-27 12:40,harkins-api; sold_out=0,HARK,,,harkins-api
2026-09-25,harkins-2026-09-27T02:40Z,2026-09-27T02:40:55.466919+00:00,2026-09-27T02:00Z,2026-09-27,Sunday,Harkins SanTan Village 16,Gilbert,America/Phoenix,Forgotten Island,13:40,33:474723,1079,,,114,7,107,6.1,,https://harkins.com/ticketing/theatre/33/movie/HO00015981/session/474723/date/2026-09-27 13:40,harkins-api; sold_out=0,HARK,,,harkins-api
2026-09-25,harkins-2026-09-27T02:40Z,2026-09-27T02:40:55.466919+00:00,2026-09-27T02:00Z,2026-09-27,Sunday,Harkins SanTan Village 16,Gilbert,America/Phoenix,Forgotten Island,15:15,33:476111,1174,,,153,9,144,5.9,,https://harkins.com/ticketing/theatre/33/movie/HO00015981/session/476111/date/2026-09-27 15:15,harkins-api; sold_out=0,HARK,,,harkins-api
2026-09-25,harkins-2026-09-27T02:40Z,2026-09-27T02:40:55.466919+00:00,2026-09-27T02:00Z,2026-09-27,Sunday,Harkins SanTan Village 16,Gilbert,America/Phoenix,Forgotten Island,16:20,33:474724,1239,,,114,8,106,7.0,,https://harkins.com/ticketing/theatre/33/movie/HO00015981/session/474724/date/2026-09-27 16:20,harkins-api; sold_out=0,HARK,,,harkins-api
2026-09-25,harkins-2026-09-27T02:40Z,2026-09-27T02:40:55.466919+00:00,2026-09-27T02:00Z,2026-09-27,Sunday,Harkins SanTan Village 16,Gilbert,America/Phoenix,Forgotten Island,19:00,33:474725,1399,,,114,5,109,4.4,,https://harkins.com/ticketing/theatre/33/movie/HO00015981/session/474725/date/2026-09-27 19:00,harkins-api; sold_out=0,HARK,,,harkins-api
2026-09-25,harkins-2026-09-27T02:40Z,2026-09-27T02:40:55.466919+00:00,2026-09-27T02:00Z,2026-09-27,Sunday,Harkins SanTan Village 16,Gilbert,America/Phoenix,Forgotten Island,10:40,33:476095,899,,,233,19,214,8.2,,https://harkins.com/ticketing/theatre/33/movie/HO00016111/session/476095/date/2026-09-27 10:40,harkins-api; sold_out=0,HARK,,,harkins-api
2026-09-25,harkins-2026-09-27T02:40Z,2026-09-27T02:40:55.466919+00:00,2026-09-27T02:00Z,2026-09-27,Sunday,Harkins SanTan Village 16,Gilbert,America/Phoenix,Forgotten Island,13:15,33:476096,1054,,,233,12,221,5.2,,https://harkins.com/ticketing/theatre/33/movie/HO00016111/session/476096/date/2026-09-27 13:15,harkins-api; sold_out=0,HARK,,,harkins-api
2026-09-25,harkins-2026-09-27T02:40Z,2026-09-27T02:40:55.466919+00:00,2026-09-27T02:00Z,2026-09-27,Sunday,Harkins SanTan Village 16,Gilbert,America/Phoenix,Forgotten Island,10:00,33:474721,859,,,63,5,58,7.9,,https://harkins.com/ticketing/theatre/33/movie/HO00016105/session/474721/date/2026-09-27 10:00,harkins-api; sold_out=0,HARK,,,harkins-api
2026-09-25,harkins-2026-09-27T02:40Z,2026-09-27T02:40:55.466919+00:00,2026-09-27T02:00Z,2026-09-27,Sunday,Harkins SanTan Village 16,Gilbert,America/Phoenix,Heart of the Beast,10:05,33:476114,864,,,153,14,139,9.2,,https://harkins.com/ticketing/theatre/33/movie/HO00016093/session/476114/date/2026-09-27 10:05,harkins-api; sold_out=0,HARK,,,harkins-api
2026-09-25,harkins-2026-09-27T02:40Z,2026-09-27T02:40:55.466919+00:00,2026-09-27T02:00Z,2026-09-27,Sunday,Harkins SanTan Village 16,Gilbert,America/Phoenix,Heart of the Beast,11:25,33:474004,944,,,154,17,137,11.0,,https://harkins.com/ticketing/theatre/33/movie/HO00016093/session/474004/date/2026-09-27 11:25,harkins-api; sold_out=0,HARK,,,harkins-api
2026-09-25,harkins-2026-09-27T02:40Z,2026-09-27T02:40:55.466919+00:00,2026-09-27T02:00Z,2026-09-27,Sunday,Harkins SanTan Village 16,Gilbert,America/Phoenix,Heart of the Beast,12:35,33:476115,1014,,,153,15,138,9.8,,https://harkins.com/ticketing/theatre/33/movie/HO00016093/session/476115/date/2026-09-27 12:35,harkins-api; sold_out=0,HARK,,,harkins-api
2026-09-25,harkins-2026-09-27T02:40Z,2026-09-27T02:40:55.466919+00:00,2026-09-27T02:00Z,2026-09-27,Sunday,Harkins SanTan Village 16,Gilbert,America/Phoenix,Heart of the Beast,14:00,33:474005,1099,,,154,30,124,19.5,,https://harkins.com/ticketing/theatre/33/movie/HO00016093/session/474005/date/2026-09-27 14:00,harkins-api; sold_out=0,HARK,,,harkins-api
2026-09-25,harkins-2026-09-27T02:40Z,2026-09-27T02:40:55.466919+00:00,2026-09-27T02:00Z,2026-09-27,Sunday,Harkins SanTan Village 16,Gilbert,America/Phoenix,Heart of the Beast,15:40,33:476489,1199,,,115,9,106,7.8,,https://harkins.com/ticketing/theatre/33/movie/HO00016093/session/476489/date/2026-09-27 15:40,harkins-api; sold_out=0,HARK,,,harkins-api
2026-09-25,harkins-2026-09-27T02:40Z,2026-09-27T02:40:55.466919+00:00,2026-09-27T02:00Z,2026-09-27,Sunday,Harkins SanTan Village 16,Gilbert,America/Phoenix,Heart of the Beast,16:35,33:474006,1254,,,154,33,121,21.4,,https://harkins.com/ticketing/theatre/33/movie/HO00016093/session/474006/date/2026-09-27 16:35,harkins-api; sold_out=0,HARK,,,harkins-api
2026-09-25,harkins-2026-09-27T02:40Z,2026-09-27T02:40:55.466919+00:00,2026-09-27T02:00Z,2026-09-27,Sunday,Harkins SanTan Village 16,Gilbert,America/Phoenix,Heart of the Beast,17:55,33:476112,1334,,,153,6,147,3.9,,https://harkins.com/ticketing/theatre/33/movie/HO00016093/session/476112/date/2026-09-27 17:55,harkins-api; sold_out=0,HARK,,,harkins-api
2026-09-25,harkins-2026-09-27T02:40Z,2026-09-27T02:40:55.466919+00:00,2026-09-27T02:00Z,2026-09-27,Sunday,Harkins SanTan Village 16,Gilbert,America/Phoenix,Heart of the Beast,19:10,33:474007,1409,,,154,2,152,1.3,,https://harkins.com/ticketing/theatre/33/movie/HO00016093/session/474007/date/2026-09-27 19:10,harkins-api; sold_out=0,HARK,,,harkins-api
2026-09-25,harkins-2026-09-27T02:40Z,2026-09-27T02:40:55.466919+00:00,2026-09-27T02:00Z,2026-09-27,Sunday,Harkins SanTan Village 16,Gilbert,America/Phoenix,Heart of the Beast,20:30,33:476113,1489,,,153,2,151,1.3,,https://harkins.com/ticketing/theatre/33/movie/HO00016093/session/476113/date/2026-09-27 20:30,harkins-api; sold_out=0,HARK,,,harkins-api
2026-09-25,harkins-2026-09-27T02:40Z,2026-09-27T02:40:55.466919+00:00,2026-09-27T02:00Z,2026-09-27,Sunday,Harkins SanTan Village 16,Gilbert,America/Phoenix,Heart of the Beast,10:30,33:476131,889,,,230,20,210,8.7,,https://harkins.com/ticketing/theatre/33/movie/HO00016149/session/476131/date/2026-09-27 10:30,harkins-api; sold_out=0,HARK,,,harkins-api
2026-09-25,harkins-2026-09-27T02:40Z,2026-09-27T02:40:55.466919+00:00,2026-09-27T02:00Z,2026-09-27,Sunday,Harkins SanTan Village 16,Gilbert,America/Phoenix,Heart of the Beast,16:00,33:476097,1219,,,233,31,202,13.3,,https://harkins.com/ticketing/theatre/33/movie/HO00016149/session/476097/date/2026-09-27 16:00,harkins-api; sold_out=0,HARK,,,harkins-api
2026-09-25,harkins-2026-09-27T02:40Z,2026-09-27T02:40:55.466919+00:00,2026-09-27T02:00Z,2026-09-26,Saturday,Harkins Scottsdale 101 14,Phoenix,America/Phoenix,Forgotten Island,21:25,26:398307,104,,,148,2,146,1.4,,https://harkins.com/ticketing/theatre/26/movie/HO00015981/session/398307/date/2026-09-26 21:25,harkins-api; sold_out=0,HARK,,,harkins-api
2026-09-25,harkins-2026-09-27T02:40Z,2026-09-27T02:40:55.466919+00:00,2026-09-27T02:00Z,2026-09-26,Saturday,Harkins Scottsdale 101 14,Phoenix,America/Phoenix,Heart of the Beast,20:00,26:399736,19,,,153,92,61,60.1,,https://harkins.com/ticketing/theatre/26/movie/HO00016093/session/399736/date/2026-09-26 20:00,harkins-api; sold_out=0,HARK,,,harkins-api
2026-09-25,harkins-2026-09-27T02:40Z,2026-09-27T02:40:55.466919+00:00,2026-09-27T02:00Z,2026-09-26,Saturday,Harkins Scottsdale 101 14,Phoenix,America/Phoenix,Heart of the Beast,21:00,26:397708,79,,,153,11,142,7.2,,https://harkins.com/ticketing/theatre/26/movie/HO00016093/session/397708/date/2026-09-26 21:00,harkins-api; sold_out=0,HARK,,,harkins-api
2026-09-25,harkins-2026-09-27T02:40Z,2026-09-27T02:40:55.466919+00:00,2026-09-27T02:00Z,2026-09-26,Saturday,Harkins Scottsdale 101 14,Phoenix,America/Phoenix,Heart of the Beast,22:30,26:399737,169,,,153,2,151,1.3,,https://harkins.com/ticketing/theatre/26/movie/HO00016093/session/399737/date/2026-09-26 22:30,harkins-api; sold_out=0,HARK,,,harkins-api
2026-09-25,harkins-2026-09-27T02:40Z,2026-09-27T02:40:55.466919+00:00,2026-09-27T02:00Z,2026-09-27,Sunday,Harkins Scottsdale 101 14,Phoenix,America/Phoenix,Forgotten Island,09:55,26:399800,854,,,69,2,67,2.9,,https://harkins.com/ticketing/theatre/26/movie/HO00015981/session/399800/date/2026-09-27 09:55,harkins-api; sold_out=0,HARK,,,harkins-api
2026-09-25,harkins-2026-09-27T02:40Z,2026-09-27T02:40:55.466919+00:00,2026-09-27T02:00Z,2026-09-27,Sunday,Harkins Scottsdale 101 14,Phoenix,America/Phoenix,Forgotten Island,10:45,26:398308,904,,,148,4,144,2.7,,https://harkins.com/ticketing/theatre/26/movie/HO00015981/session/398308/date/2026-09-27 10:45,harkins-api; sold_out=0,HARK,,,harkins-api
2026-09-25,harkins-2026-09-27T02:40Z,2026-09-27T02:40:55.466919+00:00,2026-09-27T02:00Z,2026-09-27,Sunday,Harkins Scottsdale 101 14,Phoenix,America/Phoenix,Forgotten Island,13:25,26:398309,1064,,,148,9,139,6.1,,https://harkins.com/ticketing/theatre/26/movie/HO00015981/session/398309/date/2026-09-27 13:25,harkins-api; sold_out=0,HARK,,,harkins-api
2026-09-25,harkins-2026-09-27T02:40Z,2026-09-27T02:40:55.466919+00:00,2026-09-27T02:00Z,2026-09-27,Sunday,Harkins Scottsdale 101 14,Phoenix,America/Phoenix,Forgotten Island,14:25,26:399825,1124,,,69,5,64,7.2,,https://harkins.com/ticketing/theatre/26/movie/HO00015981/session/399825/date/2026-09-27 14:25,harkins-api; sold_out=0,HARK,,,harkins-api
2026-09-25,harkins-2026-09-27T02:40Z,2026-09-27T02:40:55.466919+00:00,2026-09-27T02:00Z,2026-09-27,Sunday,Harkins Scottsdale 101 14,Phoenix,America/Phoenix,Forgotten Island,16:05,26:398310,1224,,,148,8,140,5.4,,https://harkins.com/ticketing/theatre/26/movie/HO00015981/session/398310/date/2026-09-27 16:05,harkins-api; sold_out=0,HARK,,,harkins-api
2026-09-25,harkins-2026-09-27T02:40Z,2026-09-27T02:40:55.466919+00:00,2026-09-27T02:00Z,2026-09-27,Sunday,Harkins Scottsdale 101 14,Phoenix,America/Phoenix,Forgotten Island,17:20,26:399826,1299,,,69,2,67,2.9,,https://harkins.com/ticketing/theatre/26/movie/HO00015981/session/399826/date/2026-09-27 17:20,harkins-api; sold_out=0,HARK,,,harkins-api
2026-09-25,harkins-2026-09-27T02:40Z,2026-09-27T02:40:55.466919+00:00,2026-09-27T02:00Z,2026-09-27,Sunday,Harkins Scottsdale 101 14,Phoenix,America/Phoenix,Forgotten Island,18:45,26:398311,1384,,,148,2,146,1.4,,https://harkins.com/ticketing/theatre/26/movie/HO00015981/session/398311/date/2026-09-27 18:45,harkins-api; sold_out=0,HARK,,,harkins-api
2026-09-25,harkins-2026-09-27T02:40Z,2026-09-27T02:40:55.466919+00:00,2026-09-27T02:00Z,2026-09-27,Sunday,Harkins Scottsdale 101 14,Phoenix,America/Phoenix,Forgotten Island,21:25,26:398312,1544,,,148,2,146,1.4,,https://harkins.com/ticketing/theatre/26/movie/HO00015981/session/398312/date/2026-09-27 21:25,harkins-api; sold_out=0,HARK,,,harkins-api
2026-09-25,harkins-2026-09-27T02:40Z,2026-09-27T02:40:55.466919+00:00,2026-09-27T02:00Z,2026-09-27,Sunday,Harkins Scottsdale 101 14,Phoenix,America/Phoenix,Forgotten Island,12:45,26:399801,1024,,,229,25,204,10.9,,https://harkins.com/ticketing/theatre/26/movie/HO00016111/session/399801/date/2026-09-27 12:45,harkins-api; sold_out=0,HARK,,,harkins-api
2026-09-25,harkins-2026-09-27T02:40Z,2026-09-27T02:40:55.466919+00:00,2026-09-27T02:00Z,2026-09-27,Sunday,Harkins Scottsdale 101 14,Phoenix,America/Phoenix,Forgotten Island,10:25,26:398288,884,,,100,6,94,6.0,,https://harkins.com/ticketing/theatre/26/movie/HO00016105/session/398288/date/2026-09-27 10:25,harkins-api; sold_out=0,HARK,,,harkins-api
2026-09-25,harkins-2026-09-27T02:40Z,2026-09-27T02:40:55.466919+00:00,2026-09-27T02:00Z,2026-09-27,Sunday,Harkins Scottsdale 101 14,Phoenix,America/Phoenix,Heart of the Beast,11:00,26:397709,919,,,153,17,136,11.1,,https://harkins.com/ticketing/theatre/26/movie/HO00016093/session/397709/date/2026-09-27 11:00,harkins-api; sold_out=0,HARK,,,harkins-api
2026-09-25,harkins-2026-09-27T02:40Z,2026-09-27T02:40:55.466919+00:00,2026-09-27T02:00Z,2026-09-27,Sunday,Harkins Scottsdale 101 14,Phoenix,America/Phoenix,Heart of the Beast,12:30,26:399843,1009,,,69,13,56,18.8,,https://harkins.com/ticketing/theatre/26/movie/HO00016093/session/399843/date/2026-09-27 12:30,harkins-api; sold_out=0,HARK,,,harkins-api
2026-09-25,harkins-2026-09-27T02:40Z,2026-09-27T02:40:55.466919+00:00,2026-09-27T02:00Z,2026-09-27,Sunday,Harkins Scottsdale 101 14,Phoenix,America/Phoenix,Heart of the Beast,13:30,26:397710,1069,,,153,44,109,28.8,,https://harkins.com/ticketing/theatre/26/movie/HO00016093/session/397710/date/2026-09-27 13:30,harkins-api; sold_out=0,HARK,,,harkins-api
2026-09-25,harkins-2026-09-27T02:40Z,2026-09-27T02:40:55.466919+00:00,2026-09-27T02:00Z,2026-09-27,Sunday,Harkins Scottsdale 101 14,Phoenix,America/Phoenix,Heart of the Beast,16:00,26:397711,1219,,,153,38,115,24.8,,https://harkins.com/ticketing/theatre/26/movie/HO00016093/session/397711/date/2026-09-27 16:00,harkins-api; sold_out=0,HARK,,,harkins-api
2026-09-25,harkins-2026-09-27T02:40Z,2026-09-27T02:40:55.466919+00:00,2026-09-27T02:00Z,2026-09-27,Sunday,Harkins Scottsdale 101 14,Phoenix,America/Phoenix,Heart of the Beast,17:00,26:399955,1279,,,100,7,93,7.0,,https://harkins.com/ticketing/theatre/26/movie/HO00016093/session/399955/date/2026-09-27 17:00,harkins-api; sold_out=0,HARK,,,harkins-api
2026-09-25,harkins-2026-09-27T02:40Z,2026-09-27T02:40:55.466919+00:00,2026-09-27T02:00Z,2026-09-27,Sunday,Harkins Scottsdale 101 14,Phoenix,America/Phoenix,Heart of the Beast,18:00,26:399817,1339,,,65,15,50,23.1,,https://harkins.com/ticketing/theatre/26/movie/HO00016093/session/399817/date/2026-09-27 18:00,harkins-api; sold_out=0,HARK,,,harkins-api
2026-09-25,harkins-2026-09-27T02:40Z,2026-09-27T02:40:55.466919+00:00,2026-09-27T02:00Z,2026-09-27,Sunday,Harkins Scottsdale 101 14,Phoenix,America/Phoenix,Heart of the Beast,18:30,26:397712,1369,,,153,5,148,3.3,,https://harkins.com/ticketing/theatre/26/movie/HO00016093/session/397712/date/2026-09-27 18:30,harkins-api; sold_out=0,HARK,,,harkins-api
2026-09-25,harkins-2026-09-27T02:40Z,2026-09-27T02:40:55.466919+00:00,2026-09-27T02:00Z,2026-09-27,Sunday,Harkins Scottsdale 101 14,Phoenix,America/Phoenix,Heart of the Beast,19:40,26:399876,1439,,,100,13,87,13.0,,https://harkins.com/ticketing/theatre/26/movie/HO00016093/session/399876/date/2026-09-27 19:40,harkins-api; sold_out=0,HARK,,,harkins-api
2026-09-25,harkins-2026-09-27T02:40Z,2026-09-27T02:40:55.466919+00:00,2026-09-27T02:00Z,2026-09-27,Sunday,Harkins Scottsdale 101 14,Phoenix,America/Phoenix,Heart of the Beast,20:00,26:399839,1459,,,69,2,67,2.9,,https://harkins.com/ticketing/theatre/26/movie/HO00016093/session/399839/date/2026-09-27 20:00,harkins-api; sold_out=0,HARK,,,harkins-api
2026-09-25,harkins-2026-09-27T02:40Z,2026-09-27T02:40:55.466919+00:00,2026-09-27T02:00Z,2026-09-27,Sunday,Harkins Scottsdale 101 14,Phoenix,America/Phoenix,Heart of the Beast,21:00,26:397713,1519,,,153,2,151,1.3,,https://harkins.com/ticketing/theatre/26/movie/HO00016093/session/397713/date/2026-09-27 21:00,harkins-api; sold_out=0,HARK,,,harkins-api
2026-09-25,harkins-2026-09-27T02:40Z,2026-09-27T02:40:55.466919+00:00,2026-09-27T02:00Z,2026-09-27,Sunday,Harkins Scottsdale 101 14,Phoenix,America/Phoenix,Heart of the Beast,22:30,26:399840,1609,,,69,2,67,2.9,,https://harkins.com/ticketing/theatre/26/movie/HO00016093/session/399840/date/2026-09-27 22:30,harkins-api; sold_out=0,HARK,,,harkins-api
2026-09-25,harkins-2026-09-27T02:40Z,2026-09-27T02:40:55.466919+00:00,2026-09-27T02:00Z,2026-09-27,Sunday,Harkins Scottsdale 101 14,Phoenix,America/Phoenix,Heart of the Beast,10:00,26:399845,859,,,229,12,217,5.2,,https://harkins.com/ticketing/theatre/26/movie/HO00016149/session/399845/date/2026-09-27 10:00,harkins-api; sold_out=0,HARK,,,harkins-api
2026-09-25,harkins-2026-09-27T02:40Z,2026-09-27T02:40:55.466919+00:00,2026-09-27T02:00Z,2026-09-27,Sunday,Harkins Scottsdale 101 14,Phoenix,America/Phoenix,Heart of the Beast,11:30,26:399559,949,,,300,71,229,23.7,,https://harkins.com/ticketing/theatre/26/movie/HO00016149/session/399559/date/2026-09-27 11:30,harkins-api; sold_out=0,HARK,,,harkins-api
2026-09-25,harkins-2026-09-27T02:40Z,2026-09-27T02:40:55.466919+00:00,2026-09-27T02:00Z,2026-09-27,Sunday,Harkins Scottsdale 101 14,Phoenix,America/Phoenix,Heart of the Beast,15:35,26:399802,1194,,,229,82,147,35.8,,https://harkins.com/ticketing/theatre/26/movie/HO00016149/session/399802/date/2026-09-27 15:35,harkins-api; sold_out=0,HARK,,,harkins-api
2026-09-25,harkins-2026-09-27T02:40Z,2026-09-27T02:40:55.466919+00:00,2026-09-27T02:00Z,2026-09-26,Saturday,Harkins Shea 14,Scottsdale,America/Phoenix,Heart of the Beast,20:30,12:374720,49,,,280,0,280,0.0,,https://harkins.com/ticketing/theatre/12/movie/HO00016093/session/374720/date/2026-09-26 20:30,harkins-api; sold_out=0,HARK,,,harkins-api
2026-09-25,harkins-2026-09-27T02:40Z,2026-09-27T02:40:55.466919+00:00,2026-09-27T02:00Z,2026-09-27,Sunday,Harkins Shea 14,Scottsdale,America/Phoenix,Forgotten Island,11:15,12:373759,934,,,130,0,130,0.0,,https://harkins.com/ticketing/theatre/12/movie/HO00015981/session/373759/date/2026-09-27 11:15,harkins-api; sold_out=0,HARK,,,harkins-api
2026-09-25,harkins-2026-09-27T02:40Z,2026-09-27T02:40:55.466919+00:00,2026-09-27T02:00Z,2026-09-27,Sunday,Harkins Shea 14,Scottsdale,America/Phoenix,Forgotten Island,14:00,12:373760,1099,,,130,0,130,0.0,,https://harkins.com/ticketing/theatre/12/movie/HO00015981/session/373760/date/2026-09-27 14:00,harkins-api; sold_out=0,HARK,,,harkins-api
2026-09-25,harkins-2026-09-27T02:40Z,2026-09-27T02:40:55.466919+00:00,2026-09-27T02:00Z,2026-09-27,Sunday,Harkins Shea 14,Scottsdale,America/Phoenix,Forgotten Island,16:45,12:373761,1264,,,130,0,130,0.0,,https://harkins.com/ticketing/theatre/12/movie/HO00015981/session/373761/date/2026-09-27 16:45,harkins-api; sold_out=0,HARK,,,harkins-api
2026-09-25,harkins-2026-09-27T02:40Z,2026-09-27T02:40:55.466919+00:00,2026-09-27T02:00Z,2026-09-27,Sunday,Harkins Shea 14,Scottsdale,America/Phoenix,Forgotten Island,18:45,12:373762,1384,,,71,0,71,0.0,,https://harkins.com/ticketing/theatre/12/movie/HO00015981/session/373762/date/2026-09-27 18:45,harkins-api; sold_out=0,HARK,,,harkins-api
2026-09-25,harkins-2026-09-27T02:40Z,2026-09-27T02:40:55.466919+00:00,2026-09-27T02:00Z,2026-09-27,Sunday,Harkins Shea 14,Scottsdale,America/Phoenix,Heart of the Beast,11:45,12:374815,964,,,280,7,273,2.5,,https://harkins.com/ticketing/theatre/12/movie/HO00016093/session/374815/date/2026-09-27 11:45,harkins-api; sold_out=0,HARK,,,harkins-api
2026-09-25,harkins-2026-09-27T02:40Z,2026-09-27T02:40:55.466919+00:00,2026-09-27T02:00Z,2026-09-27,Sunday,Harkins Shea 14,Scottsdale,America/Phoenix,Heart of the Beast,13:00,12:374812,1039,,,408,4,404,1.0,,https://harkins.com/ticketing/theatre/12/movie/HO00016093/session/374812/date/2026-09-27 13:00,harkins-api; sold_out=0,HARK,,,harkins-api
2026-09-25,harkins-2026-09-27T02:40Z,2026-09-27T02:40:55.466919+00:00,2026-09-27T02:00Z,2026-09-27,Sunday,Harkins Shea 14,Scottsdale,America/Phoenix,Heart of the Beast,14:10,12:374816,1109,,,280,0,280,0.0,,https://harkins.com/ticketing/theatre/12/movie/HO00016093/session/374816/date/2026-09-27 14:10,harkins-api; sold_out=0,HARK,,,harkins-api
2026-09-25,harkins-2026-09-27T02:40Z,2026-09-27T02:40:55.466919+00:00,2026-09-27T02:00Z,2026-09-27,Sunday,Harkins Shea 14,Scottsdale,America/Phoenix,Heart of the Beast,15:30,12:374813,1189,,,408,2,406,0.5,,https://harkins.com/ticketing/theatre/12/movie/HO00016093/session/374813/date/2026-09-27 15:30,harkins-api; sold_out=0,HARK,,,harkins-api
2026-09-25,harkins-2026-09-27T02:40Z,2026-09-27T02:40:55.466919+00:00,2026-09-27T02:00Z,2026-09-27,Sunday,Harkins Shea 14,Scottsdale,America/Phoenix,Heart of the Beast,16:40,12:374817,1259,,,280,0,280,0.0,,https://harkins.com/ticketing/theatre/12/movie/HO00016093/session/374817/date/2026-09-27 16:40,harkins-api; sold_out=0,HARK,,,harkins-api
2026-09-25,harkins-2026-09-27T02:40Z,2026-09-27T02:40:55.466919+00:00,2026-09-27T02:00Z,2026-09-27,Sunday,Harkins Shea 14,Scottsdale,America/Phoenix,Heart of the Beast,18:00,12:374814,1339,,,408,0,408,0.0,,https://harkins.com/ticketing/theatre/12/movie/HO00016093/session/374814/date/2026-09-27 18:00,harkins-api; sold_out=0,HARK,,,harkins-api
2026-09-25,harkins-2026-09-27T02:40Z,2026-09-27T02:40:55.466919+00:00,2026-09-27T02:00Z,2026-09-27,Sunday,Harkins Shea 14,Scottsdale,America/Phoenix,Heart of the Beast,19:10,12:374818,1409,,,280,6,274,2.1,,https://harkins.com/ticketing/theatre/12/movie/HO00016093/session/374818/date/2026-09-27 19:10,harkins-api; sold_out=0,HARK,,,harkins-api
2026-09-25,harkins-2026-09-27T02:40Z,2026-09-27T02:40:55.466919+00:00,2026-09-27T02:00Z,2026-09-26,Saturday,Harkins Superstition Springs 25,Mesa,America/Phoenix,Forgotten Island,19:50,15:597051,9,,,226,2,224,0.9,,https://harkins.com/ticketing/theatre/15/movie/HO00015981/session/597051/date/2026-09-26 19:50,harkins-api; sold_out=0,HARK,,,harkins-api
2026-09-25,harkins-2026-09-27T02:40Z,2026-09-27T02:40:55.466919+00:00,2026-09-27T02:00Z,2026-09-26,Saturday,Harkins Superstition Springs 25,Mesa,America/Phoenix,Forgotten Island,20:50,15:597032,69,,,226,2,224,0.9,,https://harkins.com/ticketing/theatre/15/movie/HO00015981/session/597032/date/2026-09-26 20:50,harkins-api; sold_out=0,HARK,,,harkins-api
2026-09-25,harkins-2026-09-27T02:40Z,2026-09-27T02:40:55.466919+00:00,2026-09-27T02:00Z,2026-09-26,Saturday,Harkins Superstition Springs 25,Mesa,America/Phoenix,Heart of the Beast,20:10,15:597043,29,,,288,33,255,11.5,,https://harkins.com/ticketing/theatre/15/movie/HO00016093/session/597043/date/2026-09-26 20:10,harkins-api; sold_out=0,HARK,,,harkins-api
2026-09-25,harkins-2026-09-27T02:40Z,2026-09-27T02:40:55.466919+00:00,2026-09-27T02:00Z,2026-09-26,Saturday,Harkins Superstition Springs 25,Mesa,America/Phoenix,Heart of the Beast,21:15,15:595282,94,,,442,8,434,1.8,,https://harkins.com/ticketing/theatre/15/movie/HO00016093/session/595282/date/2026-09-26 21:15,harkins-api; sold_out=0,HARK,,,harkins-api
2026-09-25,harkins-2026-09-27T02:40Z,2026-09-27T02:40:55.466919+00:00,2026-09-27T02:00Z,2026-09-27,Sunday,Harkins Superstition Springs 25,Mesa,America/Phoenix,Forgotten Island,11:00,15:595781,919,,,288,10,278,3.5,,https://harkins.com/ticketing/theatre/15/movie/HO00015981/session/595781/date/2026-09-27 11:00,harkins-api; sold_out=0,HARK,,,harkins-api
2026-09-25,harkins-2026-09-27T02:40Z,2026-09-27T02:40:55.466919+00:00,2026-09-27T02:00Z,2026-09-27,Sunday,Harkins Superstition Springs 25,Mesa,America/Phoenix,Forgotten Island,14:30,15:595782,1129,,,226,10,216,4.4,,https://harkins.com/ticketing/theatre/15/movie/HO00015981/session/595782/date/2026-09-27 14:30,harkins-api; sold_out=0,HARK,,,harkins-api
2026-09-25,harkins-2026-09-27T02:40Z,2026-09-27T02:40:55.466919+00:00,2026-09-27T02:00Z,2026-09-27,Sunday,Harkins Superstition Springs 25,Mesa,America/Phoenix,Forgotten Island,16:00,15:597091,1219,,,288,2,286,0.7,,https://harkins.com/ticketing/theatre/15/movie/HO00015981/session/597091/date/2026-09-27 16:00,harkins-api; sold_out=0,HARK,,,harkins-api
2026-09-25,harkins-2026-09-27T02:40Z,2026-09-27T02:40:55.466919+00:00,2026-09-27T02:00Z,2026-09-27,Sunday,Harkins Superstition Springs 25,Mesa,America/Phoenix,Forgotten Island,17:10,15:595783,1289,,,226,2,224,0.9,,https://harkins.com/ticketing/theatre/15/movie/HO00015981/session/595783/date/2026-09-27 17:10,harkins-api; sold_out=0,HARK,,,harkins-api
2026-09-25,harkins-2026-09-27T02:40Z,2026-09-27T02:40:55.466919+00:00,2026-09-27T02:00Z,2026-09-27,Sunday,Harkins Superstition Springs 25,Mesa,America/Phoenix,Forgotten Island,18:40,15:597092,1379,,,288,2,286,0.7,,https://harkins.com/ticketing/theatre/15/movie/HO00015981/session/597092/date/2026-09-27 18:40,harkins-api; sold_out=0,HARK,,,harkins-api
2026-09-25,harkins-2026-09-27T02:40Z,2026-09-27T02:40:55.466919+00:00,2026-09-27T02:00Z,2026-09-27,Sunday,Harkins Superstition Springs 25,Mesa,America/Phoenix,Forgotten Island,19:50,15:595784,1449,,,226,2,224,0.9,,https://harkins.com/ticketing/theatre/15/movie/HO00015981/session/595784/date/2026-09-27 19:50,harkins-api; sold_out=0,HARK,,,harkins-api
2026-09-25,harkins-2026-09-27T02:40Z,2026-09-27T02:40:55.466919+00:00,2026-09-27T02:00Z,2026-09-27,Sunday,Harkins Superstition Springs 25,Mesa,America/Phoenix,Forgotten Island,11:40,15:595795,959,,,131,2,129,1.5,,https://harkins.com/ticketing/theatre/15/movie/HO00016105/session/595795/date/2026-09-27 11:40,harkins-api; sold_out=0,HARK,,,harkins-api
2026-09-25,harkins-2026-09-27T02:40Z,2026-09-27T02:40:55.466919+00:00,2026-09-27T02:00Z,2026-09-27,Sunday,Harkins Superstition Springs 25,Mesa,America/Phoenix,Heart of the Beast,11:15,15:595284,934,,,442,17,425,3.8,,https://harkins.com/ticketing/theatre/15/movie/HO00016093/session/595284/date/2026-09-27 11:15,harkins-api; sold_out=0,HARK,,,harkins-api
2026-09-25,harkins-2026-09-27T02:40Z,2026-09-27T02:40:55.466919+00:00,2026-09-27T02:00Z,2026-09-27,Sunday,Harkins Superstition Springs 25,Mesa,America/Phoenix,Heart of the Beast,12:30,15:597086,1009,,,226,5,221,2.2,,https://harkins.com/ticketing/theatre/15/movie/HO00016093/session/597086/date/2026-09-27 12:30,harkins-api; sold_out=0,HARK,,,harkins-api
2026-09-25,harkins-2026-09-27T02:40Z,2026-09-27T02:40:55.466919+00:00,2026-09-27T02:00Z,2026-09-27,Sunday,Harkins Superstition Springs 25,Mesa,America/Phoenix,Heart of the Beast,13:45,15:595285,1084,,,442,6,436,1.4,,https://harkins.com/ticketing/theatre/15/movie/HO00016093/session/595285/date/2026-09-27 13:45,harkins-api; sold_out=0,HARK,,,harkins-api
2026-09-25,harkins-2026-09-27T02:40Z,2026-09-27T02:40:55.466919+00:00,2026-09-27T02:00Z,2026-09-27,Sunday,Harkins Superstition Springs 25,Mesa,America/Phoenix,Heart of the Beast,15:00,15:597087,1159,,,226,8,218,3.5,,https://harkins.com/ticketing/theatre/15/movie/HO00016093/session/597087/date/2026-09-27 15:00,harkins-api; sold_out=0,HARK,,,harkins-api
2026-09-25,harkins-2026-09-27T02:40Z,2026-09-27T02:40:55.466919+00:00,2026-09-27T02:00Z,2026-09-27,Sunday,Harkins Superstition Springs 25,Mesa,America/Phoenix,Heart of the Beast,16:15,15:595286,1234,,,442,2,440,0.5,,https://harkins.com/ticketing/theatre/15/movie/HO00016093/session/595286/date/2026-09-27 16:15,harkins-api; sold_out=0,HARK,,,harkins-api
2026-09-25,harkins-2026-09-27T02:40Z,2026-09-27T02:40:55.466919+00:00,2026-09-27T02:00Z,2026-09-27,Sunday,Harkins Superstition Springs 25,Mesa,America/Phoenix,Heart of the Beast,17:30,15:597088,1309,,,226,2,224,0.9,,https://harkins.com/ticketing/theatre/15/movie/HO00016093/session/597088/date/2026-09-27 17:30,harkins-api; sold_out=0,HARK,,,harkins-api
2026-09-25,harkins-2026-09-27T02:40Z,2026-09-27T02:40:55.466919+00:00,2026-09-27T02:00Z,2026-09-27,Sunday,Harkins Superstition Springs 25,Mesa,America/Phoenix,Heart of the Beast,18:45,15:595287,1384,,,442,2,440,0.5,,https://harkins.com/ticketing/theatre/15/movie/HO00016093/session/595287/date/2026-09-27 18:45,harkins-api; sold_out=0,HARK,,,harkins-api
2026-09-25,harkins-2026-09-27T02:40Z,2026-09-27T02:40:55.466919+00:00,2026-09-27T02:00Z,2026-09-27,Sunday,Harkins Superstition Springs 25,Mesa,America/Phoenix,Heart of the Beast,20:10,15:597089,1469,,,226,2,224,0.9,,https://harkins.com/ticketing/theatre/15/movie/HO00016093/session/597089/date/2026-09-27 20:10,harkins-api; sold_out=0,HARK,,,harkins-api
2026-09-25,harkins-2026-09-27T02:40Z,2026-09-27T02:40:55.466919+00:00,2026-09-27T02:00Z,2026-09-26,Saturday,Harkins Tempe Marketplace 16,Tempe,America/Phoenix,Forgotten Island,20:00,35:487885,19,,,99,19,80,19.2,,https://harkins.com/ticketing/theatre/35/movie/HO00015981/session/487885/date/2026-09-26 20:00,harkins-api; sold_out=0,HARK,,,harkins-api
2026-09-25,harkins-2026-09-27T02:40Z,2026-09-27T02:40:55.466919+00:00,2026-09-27T02:00Z,2026-09-26,Saturday,Harkins Tempe Marketplace 16,Tempe,America/Phoenix,Heart of the Beast,21:45,35:485839,124,,,129,31,98,24.0,,https://harkins.com/ticketing/theatre/35/movie/HO00016093/session/485839/date/2026-09-26 21:45,harkins-api; sold_out=0,HARK,,,harkins-api
2026-09-25,harkins-2026-09-27T02:40Z,2026-09-27T02:40:55.466919+00:00,2026-09-27T02:00Z,2026-09-26,Saturday,Harkins Tempe Marketplace 16,Tempe,America/Phoenix,Heart of the Beast,22:45,35:487912,184,,,98,2,96,2.0,,https://harkins.com/ticketing/theatre/35/movie/HO00016093/session/487912/date/2026-09-26 22:45,harkins-api; sold_out=0,HARK,,,harkins-api
2026-09-25,harkins-2026-09-27T02:40Z,2026-09-27T02:40:55.466919+00:00,2026-09-27T02:00Z,2026-09-27,Sunday,Harkins Tempe Marketplace 16,Tempe,America/Phoenix,Forgotten Island,10:45,35:487983,904,,,66,2,64,3.0,,https://harkins.com/ticketing/theatre/35/movie/HO00015981/session/487983/date/2026-09-27 10:45,harkins-api; sold_out=0,HARK,,,harkins-api
2026-09-25,harkins-2026-09-27T02:40Z,2026-09-27T02:40:55.466919+00:00,2026-09-27T02:00Z,2026-09-27,Sunday,Harkins Tempe Marketplace 16,Tempe,America/Phoenix,Forgotten Island,12:00,35:486443,979,,,131,7,124,5.3,,https://harkins.com/ticketing/theatre/35/movie/HO00015981/session/486443/date/2026-09-27 12:00,harkins-api; sold_out=0,HARK,,,harkins-api
2026-09-25,harkins-2026-09-27T02:40Z,2026-09-27T02:40:55.466919+00:00,2026-09-27T02:00Z,2026-09-27,Sunday,Harkins Tempe Marketplace 16,Tempe,America/Phoenix,Forgotten Island,13:10,35:487989,1049,,,66,2,64,3.0,,https://harkins.com/ticketing/theatre/35/movie/HO00015981/session/487989/date/2026-09-27 13:10,harkins-api; sold_out=0,HARK,,,harkins-api
2026-09-25,harkins-2026-09-27T02:40Z,2026-09-27T02:40:55.466919+00:00,2026-09-27T02:00Z,2026-09-27,Sunday,Harkins Tempe Marketplace 16,Tempe,America/Phoenix,Forgotten Island,14:40,35:486444,1139,,,131,12,119,9.2,,https://harkins.com/ticketing/theatre/35/movie/HO00015981/session/486444/date/2026-09-27 14:40,harkins-api; sold_out=0,HARK,,,harkins-api
2026-09-25,harkins-2026-09-27T02:40Z,2026-09-27T02:40:55.466919+00:00,2026-09-27T02:00Z,2026-09-27,Sunday,Harkins Tempe Marketplace 16,Tempe,America/Phoenix,Forgotten Island,15:50,35:487990,1209,,,66,2,64,3.0,,https://harkins.com/ticketing/theatre/35/movie/HO00015981/session/487990/date/2026-09-27 15:50,harkins-api; sold_out=0,HARK,,,harkins-api
2026-09-25,harkins-2026-09-27T02:40Z,2026-09-27T02:40:55.466919+00:00,2026-09-27T02:00Z,2026-09-27,Sunday,Harkins Tempe Marketplace 16,Tempe,America/Phoenix,Forgotten Island,17:15,35:486445,1294,,,131,5,126,3.8,,https://harkins.com/ticketing/theatre/35/movie/HO00015981/session/486445/date/2026-09-27 17:15,harkins-api; sold_out=0,HARK,,,harkins-api
2026-09-25,harkins-2026-09-27T02:40Z,2026-09-27T02:40:55.466919+00:00,2026-09-27T02:00Z,2026-09-27,Sunday,Harkins Tempe Marketplace 16,Tempe,America/Phoenix,Forgotten Island,18:45,35:487977,1384,,,66,2,64,3.0,,https://harkins.com/ticketing/theatre/35/movie/HO00015981/session/487977/date/2026-09-27 18:45,harkins-api; sold_out=0,HARK,,,harkins-api
2026-09-25,harkins-2026-09-27T02:40Z,2026-09-27T02:40:55.466919+00:00,2026-09-27T02:00Z,2026-09-27,Sunday,Harkins Tempe Marketplace 16,Tempe,America/Phoenix,Forgotten Island,19:50,35:487943,1449,,,99,2,97,2.0,,https://harkins.com/ticketing/theatre/35/movie/HO00015981/session/487943/date/2026-09-27 19:50,harkins-api; sold_out=0,HARK,,,harkins-api
2026-09-25,harkins-2026-09-27T02:40Z,2026-09-27T02:40:55.466919+00:00,2026-09-27T02:00Z,2026-09-27,Sunday,Harkins Tempe Marketplace 16,Tempe,America/Phoenix,Forgotten Island,10:55,35:487961,914,,,130,2,128,1.5,,https://harkins.com/ticketing/theatre/35/movie/HO00016105/session/487961/date/2026-09-27 10:55,harkins-api; sold_out=0,HARK,,,harkins-api
2026-09-25,harkins-2026-09-27T02:40Z,2026-09-27T02:40:55.466919+00:00,2026-09-27T02:00Z,2026-09-27,Sunday,Harkins Tempe Marketplace 16,Tempe,America/Phoenix,Forgotten Island,12:50,35:487958,1029,,,98,6,92,6.1,,https://harkins.com/ticketing/theatre/35/movie/HO00016105/session/487958/date/2026-09-27 12:50,harkins-api; sold_out=0,HARK,,,harkins-api
2026-09-25,harkins-2026-09-27T02:40Z,2026-09-27T02:40:55.466919+00:00,2026-09-27T02:00Z,2026-09-27,Sunday,Harkins Tempe Marketplace 16,Tempe,America/Phoenix,Heart of the Beast,11:20,35:487953,939,,,66,4,62,6.1,,https://harkins.com/ticketing/theatre/35/movie/HO00016093/session/487953/date/2026-09-27 11:20,harkins-api; sold_out=0,HARK,,,harkins-api
2026-09-25,harkins-2026-09-27T02:40Z,2026-09-27T02:40:55.466919+00:00,2026-09-27T02:00Z,2026-09-27,Sunday,Harkins Tempe Marketplace 16,Tempe,America/Phoenix,Heart of the Beast,11:45,35:485845,964,,,129,2,127,1.6,,https://harkins.com/ticketing/theatre/35/movie/HO00016093/session/485845/date/2026-09-27 11:45,harkins-api; sold_out=0,HARK,,,harkins-api
2026-09-25,harkins-2026-09-27T02:40Z,2026-09-27T02:40:55.466919+00:00,2026-09-27T02:00Z,2026-09-27,Sunday,Harkins Tempe Marketplace 16,Tempe,America/Phoenix,Heart of the Beast,13:35,35:487984,1074,,,98,3,95,3.1,,https://harkins.com/ticketing/theatre/35/movie/HO00016093/session/487984/date/2026-09-27 13:35,harkins-api; sold_out=0,HARK,,,harkins-api
2026-09-25,harkins-2026-09-27T02:40Z,2026-09-27T02:40:55.466919+00:00,2026-09-27T02:00Z,2026-09-27,Sunday,Harkins Tempe Marketplace 16,Tempe,America/Phoenix,Heart of the Beast,14:15,35:485841,1114,,,129,11,118,8.5,,https://harkins.com/ticketing/theatre/35/movie/HO00016093/session/485841/date/2026-09-27 14:15,harkins-api; sold_out=0,HARK,,,harkins-api
2026-09-25,harkins-2026-09-27T02:40Z,2026-09-27T02:40:55.466919+00:00,2026-09-27T02:00Z,2026-09-27,Sunday,Harkins Tempe Marketplace 16,Tempe,America/Phoenix,Heart of the Beast,16:10,35:487985,1229,,,98,2,96,2.0,,https://harkins.com/ticketing/theatre/35/movie/HO00016093/session/487985/date/2026-09-27 16:10,harkins-api; sold_out=0,HARK,,,harkins-api
2026-09-25,harkins-2026-09-27T02:40Z,2026-09-27T02:40:55.466919+00:00,2026-09-27T02:00Z,2026-09-27,Sunday,Harkins Tempe Marketplace 16,Tempe,America/Phoenix,Heart of the Beast,16:45,35:485842,1264,,,129,6,123,4.7,,https://harkins.com/ticketing/theatre/35/movie/HO00016093/session/485842/date/2026-09-27 16:45,harkins-api; sold_out=0,HARK,,,harkins-api
2026-09-25,harkins-2026-09-27T02:40Z,2026-09-27T02:40:55.466919+00:00,2026-09-27T02:00Z,2026-09-27,Sunday,Harkins Tempe Marketplace 16,Tempe,America/Phoenix,Heart of the Beast,18:35,35:487991,1374,,,98,4,94,4.1,,https://harkins.com/ticketing/theatre/35/movie/HO00016093/session/487991/date/2026-09-27 18:35,harkins-api; sold_out=0,HARK,,,harkins-api
2026-09-25,harkins-2026-09-27T02:40Z,2026-09-27T02:40:55.466919+00:00,2026-09-27T02:00Z,2026-09-27,Sunday,Harkins Tempe Marketplace 16,Tempe,America/Phoenix,Heart of the Beast,19:15,35:485843,1414,,,129,2,127,1.6,,https://harkins.com/ticketing/theatre/35/movie/HO00016093/session/485843/date/2026-09-27 19:15,harkins-api; sold_out=0,HARK,,,harkins-api
2026-09-25,harkins-2026-09-27T02:40Z,2026-09-27T02:40:55.466919+00:00,2026-09-27T02:00Z,2026-09-27,Sunday,Harkins Tempe Marketplace 16,Tempe,America/Phoenix,Heart of the Beast,21:45,35:485844,1564,,,129,2,127,1.6,,https://harkins.com/ticketing/theatre/35/movie/HO00016093/session/485844/date/2026-09-27 21:45,harkins-api; sold_out=0,HARK,,,harkins-api
2026-09-25,harkins-2026-09-27T02:40Z,2026-09-27T02:40:55.466919+00:00,2026-09-27T02:00Z,2026-09-27,Sunday,Harkins Tempe Marketplace 16,Tempe,America/Phoenix,Heart of the Beast,11:00,35:488236,919,,,233,7,226,3.0,,https://harkins.com/ticketing/theatre/35/movie/HO00016149/session/488236/date/2026-09-27 11:00,harkins-api; sold_out=0,HARK,,,harkins-api
2026-09-25,harkins-2026-09-27T02:40Z,2026-09-27T02:40:55.466919+00:00,2026-09-27T02:00Z,2026-09-27,Sunday,Harkins Tempe Marketplace 16,Tempe,America/Phoenix,Heart of the Beast,12:00,35:487938,979,,,297,11,286,3.7,,https://harkins.com/ticketing/theatre/35/movie/HO00016149/session/487938/date/2026-09-27 12:00,harkins-api; sold_out=0,HARK,,,harkins-api
2026-09-25,harkins-2026-09-27T02:40Z,2026-09-27T02:40:55.466919+00:00,2026-09-27T02:00Z,2026-09-27,Sunday,Harkins Tempe Marketplace 16,Tempe,America/Phoenix,Heart of the Beast,14:00,35:487994,1099,,,233,21,212,9.0,,https://harkins.com/ticketing/theatre/35/movie/HO00016149/session/487994/date/2026-09-27 14:00,harkins-api; sold_out=0,HARK,,,harkins-api
2026-09-25,harkins-2026-09-27T02:40Z,2026-09-27T02:40:55.466919+00:00,2026-09-27T02:00Z,2026-09-26,Saturday,Harkins Flagstaff 16,Flagstaff,America/Phoenix,Forgotten Island,20:00,65:282722,19,,,94,10,84,10.6,,https://harkins.com/ticketing/theatre/65/movie/HO00015981/session/282722/date/2026-09-26 20:00,harkins-api; sold_out=0,HARK,,,harkins-api
2026-09-25,harkins-2026-09-27T02:40Z,2026-09-27T02:40:55.466919+00:00,2026-09-27T02:00Z,2026-09-26,Saturday,Harkins Flagstaff 16,Flagstaff,America/Phoenix,Forgotten Island,21:20,65:281495,99,,,227,2,225,0.9,,https://harkins.com/ticketing/theatre/65/movie/HO00015981/session/281495/date/2026-09-26 21:20,harkins-api; sold_out=0,HARK,,,harkins-api
2026-09-25,harkins-2026-09-27T02:40Z,2026-09-27T02:40:55.466919+00:00,2026-09-27T02:00Z,2026-09-26,Saturday,Harkins Flagstaff 16,Flagstaff,America/Phoenix,Heart of the Beast,21:00,65:281052,79,,,229,15,214,6.6,,https://harkins.com/ticketing/theatre/65/movie/HO00016093/session/281052/date/2026-09-26 21:00,harkins-api; sold_out=0,HARK,,,harkins-api
2026-09-25,harkins-2026-09-27T02:40Z,2026-09-27T02:40:55.466919+00:00,2026-09-27T02:00Z,2026-09-26,Saturday,Harkins Flagstaff 16,Flagstaff,America/Phoenix,Heart of the Beast,22:15,65:282727,154,,,169,0,169,0.0,,https://harkins.com/ticketing/theatre/65/movie/HO00016093/session/282727/date/2026-09-26 22:15,harkins-api; sold_out=0,HARK,,,harkins-api
2026-09-25,harkins-2026-09-27T02:40Z,2026-09-27T02:40:55.466919+00:00,2026-09-27T02:00Z,2026-09-27,Sunday,Harkins Flagstaff 16,Flagstaff,America/Phoenix,Forgotten Island,10:40,65:281497,899,,,227,0,227,0.0,,https://harkins.com/ticketing/theatre/65/movie/HO00015981/session/281497/date/2026-09-27 10:40,harkins-api; sold_out=0,HARK,,,harkins-api
2026-09-25,harkins-2026-09-27T02:40Z,2026-09-27T02:40:55.466919+00:00,2026-09-27T02:00Z,2026-09-27,Sunday,Harkins Flagstaff 16,Flagstaff,America/Phoenix,Forgotten Island,13:20,65:281498,1059,,,227,0,227,0.0,,https://harkins.com/ticketing/theatre/65/movie/HO00015981/session/281498/date/2026-09-27 13:20,harkins-api; sold_out=0,HARK,,,harkins-api
2026-09-25,harkins-2026-09-27T02:40Z,2026-09-27T02:40:55.466919+00:00,2026-09-27T02:00Z,2026-09-27,Sunday,Harkins Flagstaff 16,Flagstaff,America/Phoenix,Forgotten Island,14:40,65:282775,1139,,,94,0,94,0.0,,https://harkins.com/ticketing/theatre/65/movie/HO00015981/session/282775/date/2026-09-27 14:40,harkins-api; sold_out=0,HARK,,,harkins-api
2026-09-25,harkins-2026-09-27T02:40Z,2026-09-27T02:40:55.466919+00:00,2026-09-27T02:00Z,2026-09-27,Sunday,Harkins Flagstaff 16,Flagstaff,America/Phoenix,Forgotten Island,16:00,65:281499,1219,,,227,0,227,0.0,,https://harkins.com/ticketing/theatre/65/movie/HO00015981/session/281499/date/2026-09-27 16:00,harkins-api; sold_out=0,HARK,,,harkins-api
2026-09-25,harkins-2026-09-27T02:40Z,2026-09-27T02:40:55.466919+00:00,2026-09-27T02:00Z,2026-09-27,Sunday,Harkins Flagstaff 16,Flagstaff,America/Phoenix,Forgotten Island,17:20,65:282776,1299,,,94,5,89,5.3,,https://harkins.com/ticketing/theatre/65/movie/HO00015981/session/282776/date/2026-09-27 17:20,harkins-api; sold_out=0,HARK,,,harkins-api
2026-09-25,harkins-2026-09-27T02:40Z,2026-09-27T02:40:55.466919+00:00,2026-09-27T02:00Z,2026-09-27,Sunday,Harkins Flagstaff 16,Flagstaff,America/Phoenix,Forgotten Island,18:40,65:281500,1379,,,227,0,227,0.0,,https://harkins.com/ticketing/theatre/65/movie/HO00015981/session/281500/date/2026-09-27 18:40,harkins-api; sold_out=0,HARK,,,harkins-api
2026-09-25,harkins-2026-09-27T02:40Z,2026-09-27T02:40:55.466919+00:00,2026-09-27T02:00Z,2026-09-27,Sunday,Harkins Flagstaff 16,Flagstaff,America/Phoenix,Forgotten Island,20:00,65:282777,1459,,,94,0,94,0.0,,https://harkins.com/ticketing/theatre/65/movie/HO00015981/session/282777/date/2026-09-27 20:00,harkins-api; sold_out=0,HARK,,,harkins-api
2026-09-25,harkins-2026-09-27T02:40Z,2026-09-27T02:40:55.466919+00:00,2026-09-27T02:00Z,2026-09-27,Sunday,Harkins Flagstaff 16,Flagstaff,America/Phoenix,Forgotten Island,21:20,65:281501,1539,,,227,0,227,0.0,,https://harkins.com/ticketing/theatre/65/movie/HO00015981/session/281501/date/2026-09-27 21:20,harkins-api; sold_out=0,HARK,,,harkins-api
2026-09-25,harkins-2026-09-27T02:40Z,2026-09-27T02:40:55.466919+00:00,2026-09-27T02:00Z,2026-09-27,Sunday,Harkins Flagstaff 16,Flagstaff,America/Phoenix,Forgotten Island,11:30,65:282759,949,,,225,13,212,5.8,,https://harkins.com/ticketing/theatre/65/movie/HO00016111/session/282759/date/2026-09-27 11:30,harkins-api; sold_out=0,HARK,,,harkins-api
2026-09-25,harkins-2026-09-27T02:40Z,2026-09-27T02:40:55.466919+00:00,2026-09-27T02:00Z,2026-09-27,Sunday,Harkins Flagstaff 16,Flagstaff,America/Phoenix,Forgotten Island,12:00,65:281521,979,,,94,2,92,2.1,,https://harkins.com/ticketing/theatre/65/movie/HO00016105/session/281521/date/2026-09-27 12:00,harkins-api; sold_out=0,HARK,,,harkins-api
2026-09-25,harkins-2026-09-27T02:40Z,2026-09-27T02:40:55.466919+00:00,2026-09-27T02:00Z,2026-09-27,Sunday,Harkins Flagstaff 16,Flagstaff,America/Phoenix,Heart of the Beast,11:00,65:281058,919,,,229,11,218,4.8,,https://harkins.com/ticketing/theatre/65/movie/HO00016093/session/281058/date/2026-09-27 11:00,harkins-api; sold_out=0,HARK,,,harkins-api
2026-09-25,harkins-2026-09-27T02:40Z,2026-09-27T02:40:55.466919+00:00,2026-09-27T02:00Z,2026-09-27,Sunday,Harkins Flagstaff 16,Flagstaff,America/Phoenix,Heart of the Beast,12:15,65:282778,994,,,169,0,169,0.0,,https://harkins.com/ticketing/theatre/65/movie/HO00016093/session/282778/date/2026-09-27 12:15,harkins-api; sold_out=0,HARK,,,harkins-api
2026-09-25,harkins-2026-09-27T02:40Z,2026-09-27T02:40:55.466919+00:00,2026-09-27T02:00Z,2026-09-27,Sunday,Harkins Flagstaff 16,Flagstaff,America/Phoenix,Heart of the Beast,13:30,65:281054,1069,,,229,25,204,10.9,,https://harkins.com/ticketing/theatre/65/movie/HO00016093/session/281054/date/2026-09-27 13:30,harkins-api; sold_out=0,HARK,,,harkins-api
2026-09-25,harkins-2026-09-27T02:40Z,2026-09-27T02:40:55.466919+00:00,2026-09-27T02:00Z,2026-09-27,Sunday,Harkins Flagstaff 16,Flagstaff,America/Phoenix,Heart of the Beast,14:45,65:282779,1144,,,169,0,169,0.0,,https://harkins.com/ticketing/theatre/65/movie/HO00016093/session/282779/date/2026-09-27 14:45,harkins-api; sold_out=0,HARK,,,harkins-api
2026-09-25,harkins-2026-09-27T02:40Z,2026-09-27T02:40:55.466919+00:00,2026-09-27T02:00Z,2026-09-27,Sunday,Harkins Flagstaff 16,Flagstaff,America/Phoenix,Heart of the Beast,16:00,65:281055,1219,,,229,5,224,2.2,,https://harkins.com/ticketing/theatre/65/movie/HO00016093/session/281055/date/2026-09-27 16:00,harkins-api; sold_out=0,HARK,,,harkins-api
2026-09-25,harkins-2026-09-27T02:40Z,2026-09-27T02:40:55.466919+00:00,2026-09-27T02:00Z,2026-09-27,Sunday,Harkins Flagstaff 16,Flagstaff,America/Phoenix,Heart of the Beast,17:15,65:282780,1294,,,169,2,167,1.2,,https://harkins.com/ticketing/theatre/65/movie/HO00016093/session/282780/date/2026-09-27 17:15,harkins-api; sold_out=0,HARK,,,harkins-api
2026-09-25,harkins-2026-09-27T02:40Z,2026-09-27T02:40:55.466919+00:00,2026-09-27T02:00Z,2026-09-27,Sunday,Harkins Flagstaff 16,Flagstaff,America/Phoenix,Heart of the Beast,18:30,65:281056,1369,,,229,0,229,0.0,,https://harkins.com/ticketing/theatre/65/movie/HO00016093/session/281056/date/2026-09-27 18:30,harkins-api; sold_out=0,HARK,,,harkins-api
2026-09-25,harkins-2026-09-27T02:40Z,2026-09-27T02:40:55.466919+00:00,2026-09-27T02:00Z,2026-09-27,Sunday,Harkins Flagstaff 16,Flagstaff,America/Phoenix,Heart of the Beast,19:45,65:282781,1444,,,169,0,169,0.0,,https://harkins.com/ticketing/theatre/65/movie/HO00016093/session/282781/date/2026-09-27 19:45,harkins-api; sold_out=0,HARK,,,harkins-api
2026-09-25,harkins-2026-09-27T02:40Z,2026-09-27T02:40:55.466919+00:00,2026-09-27T02:00Z,2026-09-27,Sunday,Harkins Flagstaff 16,Flagstaff,America/Phoenix,Heart of the Beast,21:00,65:281057,1519,,,229,0,229,0.0,,https://harkins.com/ticketing/theatre/65/movie/HO00016093/session/281057/date/2026-09-27 21:00,harkins-api; sold_out=0,HARK,,,harkins-api
2026-09-25,harkins-2026-09-27T02:40Z,2026-09-27T02:40:55.466919+00:00,2026-09-27T02:00Z,2026-09-27,Sunday,Harkins Flagstaff 16,Flagstaff,America/Phoenix,Heart of the Beast,22:15,65:282782,1594,,,169,0,169,0.0,,https://harkins.com/ticketing/theatre/65/movie/HO00016093/session/282782/date/2026-09-27 22:15,harkins-api; sold_out=0,HARK,,,harkins-api
2026-09-25,harkins-2026-09-27T02:40Z,2026-09-27T02:40:55.466919+00:00,2026-09-27T02:00Z,2026-09-26,Saturday,Harkins Prescott Valley 14,Prescott Valley,America/Phoenix,Forgotten Island,21:00,19:384471,79,,,111,0,111,0.0,,https://harkins.com/ticketing/theatre/19/movie/HO00015981/session/384471/date/2026-09-26 21:00,harkins-api; sold_out=0,HARK,,,harkins-api
2026-09-25,harkins-2026-09-27T02:40Z,2026-09-27T02:40:55.466919+00:00,2026-09-27T02:00Z,2026-09-26,Saturday,Harkins Prescott Valley 14,Prescott Valley,America/Phoenix,Heart of the Beast,20:30,19:385259,49,,,221,15,206,6.8,,https://harkins.com/ticketing/theatre/19/movie/HO00016093/session/385259/date/2026-09-26 20:30,harkins-api; sold_out=0,HARK,,,harkins-api
2026-09-25,harkins-2026-09-27T02:40Z,2026-09-27T02:40:55.466919+00:00,2026-09-27T02:00Z,2026-09-26,Saturday,Harkins Prescott Valley 14,Prescott Valley,America/Phoenix,Heart of the Beast,21:25,19:383787,104,,,303,0,303,0.0,,https://harkins.com/ticketing/theatre/19/movie/HO00016093/session/383787/date/2026-09-26 21:25,harkins-api; sold_out=0,HARK,,,harkins-api
2026-09-25,harkins-2026-09-27T02:40Z,2026-09-27T02:40:55.466919+00:00,2026-09-27T02:00Z,2026-09-27,Sunday,Harkins Prescott Valley 14,Prescott Valley,America/Phoenix,Forgotten Island,11:40,19:384473,959,,,303,2,301,0.7,,https://harkins.com/ticketing/theatre/19/movie/HO00015981/session/384473/date/2026-09-27 11:40,harkins-api; sold_out=0,HARK,,,harkins-api
2026-09-25,harkins-2026-09-27T02:40Z,2026-09-27T02:40:55.466919+00:00,2026-09-27T02:00Z,2026-09-27,Sunday,Harkins Prescott Valley 14,Prescott Valley,America/Phoenix,Forgotten Island,14:15,19:384474,1114,,,303,0,303,0.0,,https://harkins.com/ticketing/theatre/19/movie/HO00015981/session/384474/date/2026-09-27 14:15,harkins-api; sold_out=0,HARK,,,harkins-api
2026-09-25,harkins-2026-09-27T02:40Z,2026-09-27T02:40:55.466919+00:00,2026-09-27T02:00Z,2026-09-27,Sunday,Harkins Prescott Valley 14,Prescott Valley,America/Phoenix,Forgotten Island,15:40,19:385295,1199,,,111,0,111,0.0,,https://harkins.com/ticketing/theatre/19/movie/HO00015981/session/385295/date/2026-09-27 15:40,harkins-api; sold_out=0,HARK,,,harkins-api
2026-09-25,harkins-2026-09-27T02:40Z,2026-09-27T02:40:55.466919+00:00,2026-09-27T02:00Z,2026-09-27,Sunday,Harkins Prescott Valley 14,Prescott Valley,America/Phoenix,Forgotten Island,16:50,19:384475,1269,,,303,0,303,0.0,,https://harkins.com/ticketing/theatre/19/movie/HO00015981/session/384475/date/2026-09-27 16:50,harkins-api; sold_out=0,HARK,,,harkins-api
2026-09-25,harkins-2026-09-27T02:40Z,2026-09-27T02:40:55.466919+00:00,2026-09-27T02:00Z,2026-09-27,Sunday,Harkins Prescott Valley 14,Prescott Valley,America/Phoenix,Forgotten Island,19:20,19:384476,1419,,,303,0,303,0.0,,https://harkins.com/ticketing/theatre/19/movie/HO00015981/session/384476/date/2026-09-27 19:20,harkins-api; sold_out=0,HARK,,,harkins-api
2026-09-25,harkins-2026-09-27T02:40Z,2026-09-27T02:40:55.466919+00:00,2026-09-27T02:00Z,2026-09-27,Sunday,Harkins Prescott Valley 14,Prescott Valley,America/Phoenix,Forgotten Island,13:00,19:384477,1039,,,111,0,111,0.0,,https://harkins.com/ticketing/theatre/19/movie/HO00016105/session/384477/date/2026-09-27 13:00,harkins-api; sold_out=0,HARK,,,harkins-api
2026-09-25,harkins-2026-09-27T02:40Z,2026-09-27T02:40:55.466919+00:00,2026-09-27T02:00Z,2026-09-27,Sunday,Harkins Prescott Valley 14,Prescott Valley,America/Phoenix,Heart of the Beast,11:30,19:383792,949,,,303,5,298,1.7,,https://harkins.com/ticketing/theatre/19/movie/HO00016093/session/383792/date/2026-09-27 11:30,harkins-api; sold_out=0,HARK,,,harkins-api
2026-09-25,harkins-2026-09-27T02:40Z,2026-09-27T02:40:55.466919+00:00,2026-09-27T02:00Z,2026-09-27,Sunday,Harkins Prescott Valley 14,Prescott Valley,America/Phoenix,Heart of the Beast,12:50,19:385297,1029,,,221,4,217,1.8,,https://harkins.com/ticketing/theatre/19/movie/HO00016093/session/385297/date/2026-09-27 12:50,harkins-api; sold_out=0,HARK,,,harkins-api
2026-09-25,harkins-2026-09-27T02:40Z,2026-09-27T02:40:55.466919+00:00,2026-09-27T02:00Z,2026-09-27,Sunday,Harkins Prescott Valley 14,Prescott Valley,America/Phoenix,Heart of the Beast,14:00,19:383793,1099,,,303,4,299,1.3,,https://harkins.com/ticketing/theatre/19/movie/HO00016093/session/383793/date/2026-09-27 14:00,harkins-api; sold_out=0,HARK,,,harkins-api
2026-09-25,harkins-2026-09-27T02:40Z,2026-09-27T02:40:55.466919+00:00,2026-09-27T02:00Z,2026-09-27,Sunday,Harkins Prescott Valley 14,Prescott Valley,America/Phoenix,Heart of the Beast,15:20,19:385298,1179,,,221,13,208,5.9,,https://harkins.com/ticketing/theatre/19/movie/HO00016093/session/385298/date/2026-09-27 15:20,harkins-api; sold_out=0,HARK,,,harkins-api
2026-09-25,harkins-2026-09-27T02:40Z,2026-09-27T02:40:55.466919+00:00,2026-09-27T02:00Z,2026-09-27,Sunday,Harkins Prescott Valley 14,Prescott Valley,America/Phoenix,Heart of the Beast,16:30,19:383794,1249,,,303,0,303,0.0,,https://harkins.com/ticketing/theatre/19/movie/HO00016093/session/383794/date/2026-09-27 16:30,harkins-api; sold_out=0,HARK,,,harkins-api
2026-09-25,harkins-2026-09-27T02:40Z,2026-09-27T02:40:55.466919+00:00,2026-09-27T02:00Z,2026-09-27,Sunday,Harkins Prescott Valley 14,Prescott Valley,America/Phoenix,Heart of the Beast,18:00,19:385299,1339,,,221,0,221,0.0,,https://harkins.com/ticketing/theatre/19/movie/HO00016093/session/385299/date/2026-09-27 18:00,harkins-api; sold_out=0,HARK,,,harkins-api
2026-09-25,harkins-2026-09-27T02:40Z,2026-09-27T02:40:55.466919+00:00,2026-09-27T02:00Z,2026-09-27,Sunday,Harkins Prescott Valley 14,Prescott Valley,America/Phoenix,Heart of the Beast,19:00,19:383795,1399,,,303,0,303,0.0,,https://harkins.com/ticketing/theatre/19/movie/HO00016093/session/383795/date/2026-09-27 19:00,harkins-api; sold_out=0,HARK,,,harkins-api
2026-09-25,harkins-2026-09-27T02:40Z,2026-09-27T02:40:55.466919+00:00,2026-09-27T02:00Z,2026-09-27,Sunday,Harkins Sedona 6,Sedona,America/Phoenix,Forgotten Island,13:45,13:123502,1084,,,76,6,70,7.9,,https://harkins.com/ticketing/theatre/13/movie/HO00015981/session/123502/date/2026-09-27 13:45,harkins-api; sold_out=0,HARK,,,harkins-api
2026-09-25,harkins-2026-09-27T02:40Z,2026-09-27T02:40:55.466919+00:00,2026-09-27T02:00Z,2026-09-27,Sunday,Harkins Sedona 6,Sedona,America/Phoenix,Forgotten Island,16:30,13:123503,1249,,,76,0,76,0.0,,https://harkins.com/ticketing/theatre/13/movie/HO00015981/session/123503/date/2026-09-27 16:30,harkins-api; sold_out=0,HARK,,,harkins-api
2026-09-25,harkins-2026-09-27T02:40Z,2026-09-27T02:40:55.466919+00:00,2026-09-27T02:00Z,2026-09-27,Sunday,Harkins Sedona 6,Sedona,America/Phoenix,Forgotten Island,19:20,13:123504,1419,,,75,0,75,0.0,,https://harkins.com/ticketing/theatre/13/movie/HO00015981/session/123504/date/2026-09-27 19:20,harkins-api; sold_out=0,HARK,,,harkins-api
2026-09-25,harkins-2026-09-27T02:40Z,2026-09-27T02:40:55.466919+00:00,2026-09-27T02:00Z,2026-09-27,Sunday,Harkins Sedona 6,Sedona,America/Phoenix,Heart of the Beast,13:05,13:123752,1044,,,147,22,125,15.0,,https://harkins.com/ticketing/theatre/13/movie/HO00016093/session/123752/date/2026-09-27 13:05,harkins-api; sold_out=0,HARK,,,harkins-api
2026-09-25,harkins-2026-09-27T02:40Z,2026-09-27T02:40:55.466919+00:00,2026-09-27T02:00Z,2026-09-27,Sunday,Harkins Sedona 6,Sedona,America/Phoenix,Heart of the Beast,15:30,13:123750,1189,,,147,14,133,9.5,,https://harkins.com/ticketing/theatre/13/movie/HO00016093/session/123750/date/2026-09-27 15:30,harkins-api; sold_out=0,HARK,,,harkins-api
2026-09-25,harkins-2026-09-27T02:40Z,2026-09-27T02:40:55.466919+00:00,2026-09-27T02:00Z,2026-09-27,Sunday,Harkins Sedona 6,Sedona,America/Phoenix,Heart of the Beast,19:10,13:123751,1409,,,76,0,76,0.0,,https://harkins.com/ticketing/theatre/13/movie/HO00016093/session/123751/date/2026-09-27 19:10,harkins-api; sold_out=0,HARK,,,harkins-api
2026-09-25,harkins-2026-09-27T02:40Z,2026-09-27T02:40:55.466919+00:00,2026-09-27T02:00Z,2026-09-26,Saturday,Harkins Arizona Pavilions 12,Tucson,America/Phoenix,Forgotten Island,21:20,59:311001,99,,,217,0,217,0.0,,https://harkins.com/ticketing/theatre/59/movie/HO00015981/session/311001/date/2026-09-26 21:20,harkins-api; sold_out=0,HARK,,,harkins-api
2026-09-25,harkins-2026-09-27T02:40Z,2026-09-27T02:40:55.466919+00:00,2026-09-27T02:00Z,2026-09-26,Saturday,Harkins Arizona Pavilions 12,Tucson,America/Phoenix,Heart of the Beast,20:15,59:311623,34,,,141,33,108,23.4,,https://harkins.com/ticketing/theatre/59/movie/HO00016093/session/311623/date/2026-09-26 20:15,harkins-api; sold_out=0,HARK,,,harkins-api
2026-09-25,harkins-2026-09-27T02:40Z,2026-09-27T02:40:55.466919+00:00,2026-09-27T02:00Z,2026-09-26,Saturday,Harkins Arizona Pavilions 12,Tucson,America/Phoenix,Heart of the Beast,21:30,59:310632,109,,,218,13,205,6.0,,https://harkins.com/ticketing/theatre/59/movie/HO00016093/session/310632/date/2026-09-26 21:30,harkins-api; sold_out=0,HARK,,,harkins-api
2026-09-25,harkins-2026-09-27T02:40Z,2026-09-27T02:40:55.466919+00:00,2026-09-27T02:00Z,2026-09-27,Sunday,Harkins Arizona Pavilions 12,Tucson,America/Phoenix,Forgotten Island,11:50,59:311646,969,,,128,0,128,0.0,,https://harkins.com/ticketing/theatre/59/movie/HO00015981/session/311646/date/2026-09-27 11:50,harkins-api; sold_out=0,HARK,,,harkins-api
2026-09-25,harkins-2026-09-27T02:40Z,2026-09-27T02:40:55.466919+00:00,2026-09-27T02:00Z,2026-09-27,Sunday,Harkins Arizona Pavilions 12,Tucson,America/Phoenix,Forgotten Island,13:10,59:311677,1049,,,143,0,143,0.0,,https://harkins.com/ticketing/theatre/59/movie/HO00015981/session/311677/date/2026-09-27 13:10,harkins-api; sold_out=0,HARK,,,harkins-api
2026-09-25,harkins-2026-09-27T02:40Z,2026-09-27T02:40:55.466919+00:00,2026-09-27T02:00Z,2026-09-27,Sunday,Harkins Arizona Pavilions 12,Tucson,America/Phoenix,Forgotten Island,15:50,59:311678,1209,,,143,0,143,0.0,,https://harkins.com/ticketing/theatre/59/movie/HO00015981/session/311678/date/2026-09-27 15:50,harkins-api; sold_out=0,HARK,,,harkins-api
2026-09-25,harkins-2026-09-27T02:40Z,2026-09-27T02:40:55.466919+00:00,2026-09-27T02:00Z,2026-09-27,Sunday,Harkins Arizona Pavilions 12,Tucson,America/Phoenix,Forgotten Island,17:10,59:311648,1289,,,128,0,128,0.0,,https://harkins.com/ticketing/theatre/59/movie/HO00015981/session/311648/date/2026-09-27 17:10,harkins-api; sold_out=0,HARK,,,harkins-api
2026-09-25,harkins-2026-09-27T02:40Z,2026-09-27T02:40:55.466919+00:00,2026-09-27T02:00Z,2026-09-27,Sunday,Harkins Arizona Pavilions 12,Tucson,America/Phoenix,Forgotten Island,18:30,59:311679,1369,,,143,0,143,0.0,,https://harkins.com/ticketing/theatre/59/movie/HO00015981/session/311679/date/2026-09-27 18:30,harkins-api; sold_out=0,HARK,,,harkins-api
2026-09-25,harkins-2026-09-27T02:40Z,2026-09-27T02:40:55.466919+00:00,2026-09-27T02:00Z,2026-09-27,Sunday,Harkins Arizona Pavilions 12,Tucson,America/Phoenix,Forgotten Island,19:45,59:311649,1444,,,128,0,128,0.0,,https://harkins.com/ticketing/theatre/59/movie/HO00015981/session/311649/date/2026-09-27 19:45,harkins-api; sold_out=0,HARK,,,harkins-api
2026-09-25,harkins-2026-09-27T02:40Z,2026-09-27T02:40:55.466919+00:00,2026-09-27T02:00Z,2026-09-27,Sunday,Harkins Arizona Pavilions 12,Tucson,America/Phoenix,Forgotten Island,14:20,59:311647,1119,,,87,2,85,2.3,,https://harkins.com/ticketing/theatre/59/movie/HO00016105/session/311647/date/2026-09-27 14:20,harkins-api; sold_out=0,HARK,,,harkins-api
2026-09-25,harkins-2026-09-27T02:40Z,2026-09-27T02:40:55.466919+00:00,2026-09-27T02:00Z,2026-09-27,Sunday,Harkins Arizona Pavilions 12,Tucson,America/Phoenix,Heart of the Beast,11:30,59:310637,949,,,218,8,210,3.7,,https://harkins.com/ticketing/theatre/59/movie/HO00016093/session/310637/date/2026-09-27 11:30,harkins-api; sold_out=0,HARK,,,harkins-api
2026-09-25,harkins-2026-09-27T02:40Z,2026-09-27T02:40:55.466919+00:00,2026-09-27T02:00Z,2026-09-27,Sunday,Harkins Arizona Pavilions 12,Tucson,America/Phoenix,Heart of the Beast,12:45,59:311656,1024,,,141,0,141,0.0,,https://harkins.com/ticketing/theatre/59/movie/HO00016093/session/311656/date/2026-09-27 12:45,harkins-api; sold_out=0,HARK,,,harkins-api
2026-09-25,harkins-2026-09-27T02:40Z,2026-09-27T02:40:55.466919+00:00,2026-09-27T02:00Z,2026-09-27,Sunday,Harkins Arizona Pavilions 12,Tucson,America/Phoenix,Heart of the Beast,14:00,59:310638,1099,,,218,3,215,1.4,,https://harkins.com/ticketing/theatre/59/movie/HO00016093/session/310638/date/2026-09-27 14:00,harkins-api; sold_out=0,HARK,,,harkins-api
2026-09-25,harkins-2026-09-27T02:40Z,2026-09-27T02:40:55.466919+00:00,2026-09-27T02:00Z,2026-09-27,Sunday,Harkins Arizona Pavilions 12,Tucson,America/Phoenix,Heart of the Beast,15:15,59:311657,1174,,,141,0,141,0.0,,https://harkins.com/ticketing/theatre/59/movie/HO00016093/session/311657/date/2026-09-27 15:15,harkins-api; sold_out=0,HARK,,,harkins-api
2026-09-25,harkins-2026-09-27T02:40Z,2026-09-27T02:40:55.466919+00:00,2026-09-27T02:00Z,2026-09-27,Sunday,Harkins Arizona Pavilions 12,Tucson,America/Phoenix,Heart of the Beast,16:30,59:310639,1249,,,218,19,199,8.7,,https://harkins.com/ticketing/theatre/59/movie/HO00016093/session/310639/date/2026-09-27 16:30,harkins-api; sold_out=0,HARK,,,harkins-api
2026-09-25,harkins-2026-09-27T02:40Z,2026-09-27T02:40:55.466919+00:00,2026-09-27T02:00Z,2026-09-27,Sunday,Harkins Arizona Pavilions 12,Tucson,America/Phoenix,Heart of the Beast,17:40,59:311658,1319,,,141,2,139,1.4,,https://harkins.com/ticketing/theatre/59/movie/HO00016093/session/311658/date/2026-09-27 17:40,harkins-api; sold_out=0,HARK,,,harkins-api
2026-09-25,harkins-2026-09-27T02:40Z,2026-09-27T02:40:55.466919+00:00,2026-09-27T02:00Z,2026-09-27,Sunday,Harkins Arizona Pavilions 12,Tucson,America/Phoenix,Heart of the Beast,19:50,59:310640,1449,,,277,0,277,0.0,,https://harkins.com/ticketing/theatre/59/movie/HO00016093/session/310640/date/2026-09-27 19:50,harkins-api; sold_out=0,HARK,,,harkins-api
2026-09-25,harkins-2026-09-27T02:40Z,2026-09-27T02:40:55.466919+00:00,2026-09-27T02:00Z,2026-09-27,Sunday,Harkins Arizona Pavilions 12,Tucson,America/Phoenix,Heart of the Beast,20:05,59:311659,1464,,,141,0,141,0.0,,https://harkins.com/ticketing/theatre/59/movie/HO00016093/session/311659/date/2026-09-27 20:05,harkins-api; sold_out=0,HARK,,,harkins-api
2026-09-25,harkins-2026-09-27T02:40Z,2026-09-27T02:40:55.466919+00:00,2026-09-27T02:00Z,2026-09-26,Saturday,Harkins Casa Grande 14,Casa Grande,America/Phoenix,Heart of the Beast,20:20,38:384339,39,,,264,5,259,1.9,,https://harkins.com/ticketing/theatre/38/movie/HO00016093/session/384339/date/2026-09-26 20:20,harkins-api; sold_out=0,HARK,,,harkins-api
2026-09-25,harkins-2026-09-27T02:40Z,2026-09-27T02:40:55.466919+00:00,2026-09-27T02:00Z,2026-09-26,Saturday,Harkins Casa Grande 14,Casa Grande,America/Phoenix,Heart of the Beast,21:00,38:382929,79,,,264,5,259,1.9,,https://harkins.com/ticketing/theatre/38/movie/HO00016093/session/382929/date/2026-09-26 21:00,harkins-api; sold_out=0,HARK,,,harkins-api
2026-09-25,harkins-2026-09-27T02:40Z,2026-09-27T02:40:55.466919+00:00,2026-09-27T02:00Z,2026-09-27,Sunday,Harkins Casa Grande 14,Casa Grande,America/Phoenix,Forgotten Island,11:30,38:384380,949,,,424,2,422,0.5,,https://harkins.com/ticketing/theatre/38/movie/HO00015981/session/384380/date/2026-09-27 11:30,harkins-api; sold_out=0,HARK,,,harkins-api
2026-09-25,harkins-2026-09-27T02:40Z,2026-09-27T02:40:55.466919+00:00,2026-09-27T02:00Z,2026-09-27,Sunday,Harkins Casa Grande 14,Casa Grande,America/Phoenix,Forgotten Island,14:10,38:384381,1109,,,424,2,422,0.5,,https://harkins.com/ticketing/theatre/38/movie/HO00015981/session/384381/date/2026-09-27 14:10,harkins-api; sold_out=0,HARK,,,harkins-api
2026-09-25,harkins-2026-09-27T02:40Z,2026-09-27T02:40:55.466919+00:00,2026-09-27T02:00Z,2026-09-27,Sunday,Harkins Casa Grande 14,Casa Grande,America/Phoenix,Forgotten Island,15:00,38:384398,1159,,,264,0,264,0.0,,https://harkins.com/ticketing/theatre/38/movie/HO00015981/session/384398/date/2026-09-27 15:00,harkins-api; sold_out=0,HARK,,,harkins-api
2026-09-25,harkins-2026-09-27T02:40Z,2026-09-27T02:40:55.466919+00:00,2026-09-27T02:00Z,2026-09-27,Sunday,Harkins Casa Grande 14,Casa Grande,America/Phoenix,Forgotten Island,16:45,38:384382,1264,,,424,2,422,0.5,,https://harkins.com/ticketing/theatre/38/movie/HO00015981/session/384382/date/2026-09-27 16:45,harkins-api; sold_out=0,HARK,,,harkins-api
2026-09-25,harkins-2026-09-27T02:40Z,2026-09-27T02:40:55.466919+00:00,2026-09-27T02:00Z,2026-09-27,Sunday,Harkins Casa Grande 14,Casa Grande,America/Phoenix,Forgotten Island,17:35,38:384399,1314,,,264,0,264,0.0,,https://harkins.com/ticketing/theatre/38/movie/HO00015981/session/384399/date/2026-09-27 17:35,harkins-api; sold_out=0,HARK,,,harkins-api
2026-09-25,harkins-2026-09-27T02:40Z,2026-09-27T02:40:55.466919+00:00,2026-09-27T02:00Z,2026-09-27,Sunday,Harkins Casa Grande 14,Casa Grande,America/Phoenix,Forgotten Island,19:20,38:384383,1419,,,424,2,422,0.5,,https://harkins.com/ticketing/theatre/38/movie/HO00015981/session/384383/date/2026-09-27 19:20,harkins-api; sold_out=0,HARK,,,harkins-api
2026-09-25,harkins-2026-09-27T02:40Z,2026-09-27T02:40:55.466919+00:00,2026-09-27T02:00Z,2026-09-27,Sunday,Harkins Casa Grande 14,Casa Grande,America/Phoenix,Forgotten Island,12:30,38:384400,1009,,,264,4,260,1.5,,https://harkins.com/ticketing/theatre/38/movie/HO00016105/session/384400/date/2026-09-27 12:30,harkins-api; sold_out=0,HARK,,,harkins-api
2026-09-25,harkins-2026-09-27T02:40Z,2026-09-27T02:40:55.466919+00:00,2026-09-27T02:00Z,2026-09-27,Sunday,Harkins Casa Grande 14,Casa Grande,America/Phoenix,Heart of the Beast,12:00,38:382931,979,,,264,14,250,5.3,,https://harkins.com/ticketing/theatre/38/movie/HO00016093/session/382931/date/2026-09-27 12:00,harkins-api; sold_out=0,HARK,,,harkins-api
2026-09-25,harkins-2026-09-27T02:40Z,2026-09-27T02:40:55.466919+00:00,2026-09-27T02:00Z,2026-09-27,Sunday,Harkins Casa Grande 14,Casa Grande,America/Phoenix,Heart of the Beast,13:25,38:384403,1064,,,425,8,417,1.9,,https://harkins.com/ticketing/theatre/38/movie/HO00016093/session/384403/date/2026-09-27 13:25,harkins-api; sold_out=0,HARK,,,harkins-api
2026-09-25,harkins-2026-09-27T02:40Z,2026-09-27T02:40:55.466919+00:00,2026-09-27T02:00Z,2026-09-27,Sunday,Harkins Casa Grande 14,Casa Grande,America/Phoenix,Heart of the Beast,14:30,38:382932,1129,,,264,9,255,3.4,,https://harkins.com/ticketing/theatre/38/movie/HO00016093/session/382932/date/2026-09-27 14:30,harkins-api; sold_out=0,HARK,,,harkins-api
2026-09-25,harkins-2026-09-27T02:40Z,2026-09-27T02:40:55.466919+00:00,2026-09-27T02:00Z,2026-09-27,Sunday,Harkins Casa Grande 14,Casa Grande,America/Phoenix,Heart of the Beast,16:00,38:384404,1219,,,425,9,416,2.1,,https://harkins.com/ticketing/theatre/38/movie/HO00016093/session/384404/date/2026-09-27 16:00,harkins-api; sold_out=0,HARK,,,harkins-api
2026-09-25,harkins-2026-09-27T02:40Z,2026-09-27T02:40:55.466919+00:00,2026-09-27T02:00Z,2026-09-27,Sunday,Harkins Casa Grande 14,Casa Grande,America/Phoenix,Heart of the Beast,17:00,38:382933,1279,,,264,0,264,0.0,,https://harkins.com/ticketing/theatre/38/movie/HO00016093/session/382933/date/2026-09-27 17:00,harkins-api; sold_out=0,HARK,,,harkins-api
2026-09-25,harkins-2026-09-27T02:40Z,2026-09-27T02:40:55.466919+00:00,2026-09-27T02:00Z,2026-09-27,Sunday,Harkins Casa Grande 14,Casa Grande,America/Phoenix,Heart of the Beast,18:30,38:384405,1369,,,425,2,423,0.5,,https://harkins.com/ticketing/theatre/38/movie/HO00016093/session/384405/date/2026-09-27 18:30,harkins-api; sold_out=0,HARK,,,harkins-api
2026-09-25,harkins-2026-09-27T02:40Z,2026-09-27T02:40:55.466919+00:00,2026-09-27T02:00Z,2026-09-27,Sunday,Harkins Casa Grande 14,Casa Grande,America/Phoenix,Heart of the Beast,20:10,38:384406,1469,,,264,0,264,0.0,,https://harkins.com/ticketing/theatre/38/movie/HO00016093/session/384406/date/2026-09-27 20:10,harkins-api; sold_out=0,HARK,,,harkins-api
2026-09-25,harkins-2026-09-27T02:40Z,2026-09-27T02:40:55.466919+00:00,2026-09-27T02:00Z,2026-09-26,Saturday,Harkins Tucson Spectrum 18,Tucson,America/Phoenix,Forgotten Island,20:20,40:473199,39,,,195,5,190,2.6,,https://harkins.com/ticketing/theatre/40/movie/HO00015981/session/473199/date/2026-09-26 20:20,harkins-api; sold_out=0,HARK,,,harkins-api
2026-09-25,harkins-2026-09-27T02:40Z,2026-09-27T02:40:55.466919+00:00,2026-09-27T02:00Z,2026-09-26,Saturday,Harkins Tucson Spectrum 18,Tucson,America/Phoenix,Forgotten Island,21:40,40:471923,119,,,196,0,196,0.0,,https://harkins.com/ticketing/theatre/40/movie/HO00015981/session/471923/date/2026-09-26 21:40,harkins-api; sold_out=0,HARK,,,harkins-api
2026-09-25,harkins-2026-09-27T02:40Z,2026-09-27T02:40:55.466919+00:00,2026-09-27T02:00Z,2026-09-26,Saturday,Harkins Tucson Spectrum 18,Tucson,America/Phoenix,Heart of the Beast,20:00,40:473208,19,,,196,65,131,33.2,,https://harkins.com/ticketing/theatre/40/movie/HO00016093/session/473208/date/2026-09-26 20:00,harkins-api; sold_out=0,HARK,,,harkins-api
2026-09-25,harkins-2026-09-27T02:40Z,2026-09-27T02:40:55.466919+00:00,2026-09-27T02:00Z,2026-09-26,Saturday,Harkins Tucson Spectrum 18,Tucson,America/Phoenix,Heart of the Beast,21:15,40:471388,94,,,151,7,144,4.6,,https://harkins.com/ticketing/theatre/40/movie/HO00016093/session/471388/date/2026-09-26 21:15,harkins-api; sold_out=0,HARK,,,harkins-api
2026-09-25,harkins-2026-09-27T02:40Z,2026-09-27T02:40:55.466919+00:00,2026-09-27T02:00Z,2026-09-26,Saturday,Harkins Tucson Spectrum 18,Tucson,America/Phoenix,Heart of the Beast,22:30,40:473209,169,,,196,1,195,0.5,,https://harkins.com/ticketing/theatre/40/movie/HO00016093/session/473209/date/2026-09-26 22:30,harkins-api; sold_out=0,HARK,,,harkins-api
2026-09-25,harkins-2026-09-27T02:40Z,2026-09-27T02:40:55.466919+00:00,2026-09-27T02:00Z,2026-09-27,Sunday,Harkins Tucson Spectrum 18,Tucson,America/Phoenix,Forgotten Island,11:00,40:471924,919,,,196,2,194,1.0,,https://harkins.com/ticketing/theatre/40/movie/HO00015981/session/471924/date/2026-09-27 11:00,harkins-api; sold_out=0,HARK,,,harkins-api
2026-09-25,harkins-2026-09-27T02:40Z,2026-09-27T02:40:55.466919+00:00,2026-09-27T02:00Z,2026-09-27,Sunday,Harkins Tucson Spectrum 18,Tucson,America/Phoenix,Forgotten Island,13:40,40:471925,1079,,,196,4,192,2.0,,https://harkins.com/ticketing/theatre/40/movie/HO00015981/session/471925/date/2026-09-27 13:40,harkins-api; sold_out=0,HARK,,,harkins-api
2026-09-25,harkins-2026-09-27T02:40Z,2026-09-27T02:40:55.466919+00:00,2026-09-27T02:00Z,2026-09-27,Sunday,Harkins Tucson Spectrum 18,Tucson,America/Phoenix,Forgotten Island,15:00,40:473262,1159,,,195,0,195,0.0,,https://harkins.com/ticketing/theatre/40/movie/HO00015981/session/473262/date/2026-09-27 15:00,harkins-api; sold_out=0,HARK,,,harkins-api
2026-09-25,harkins-2026-09-27T02:40Z,2026-09-27T02:40:55.466919+00:00,2026-09-27T02:00Z,2026-09-27,Sunday,Harkins Tucson Spectrum 18,Tucson,America/Phoenix,Forgotten Island,16:20,40:471926,1239,,,196,0,196,0.0,,https://harkins.com/ticketing/theatre/40/movie/HO00015981/session/471926/date/2026-09-27 16:20,harkins-api; sold_out=0,HARK,,,harkins-api
2026-09-25,harkins-2026-09-27T02:40Z,2026-09-27T02:40:55.466919+00:00,2026-09-27T02:00Z,2026-09-27,Sunday,Harkins Tucson Spectrum 18,Tucson,America/Phoenix,Forgotten Island,17:40,40:473263,1319,,,195,2,193,1.0,,https://harkins.com/ticketing/theatre/40/movie/HO00015981/session/473263/date/2026-09-27 17:40,harkins-api; sold_out=0,HARK,,,harkins-api
2026-09-25,harkins-2026-09-27T02:40Z,2026-09-27T02:40:55.466919+00:00,2026-09-27T02:00Z,2026-09-27,Sunday,Harkins Tucson Spectrum 18,Tucson,America/Phoenix,Forgotten Island,19:00,40:471927,1399,,,196,0,196,0.0,,https://harkins.com/ticketing/theatre/40/movie/HO00015981/session/471927/date/2026-09-27 19:00,harkins-api; sold_out=0,HARK,,,harkins-api
2026-09-25,harkins-2026-09-27T02:40Z,2026-09-27T02:40:55.466919+00:00,2026-09-27T02:00Z,2026-09-27,Sunday,Harkins Tucson Spectrum 18,Tucson,America/Phoenix,Forgotten Island,20:20,40:473264,1479,,,195,0,195,0.0,,https://harkins.com/ticketing/theatre/40/movie/HO00015981/session/473264/date/2026-09-27 20:20,harkins-api; sold_out=0,HARK,,,harkins-api
2026-09-25,harkins-2026-09-27T02:40Z,2026-09-27T02:40:55.466919+00:00,2026-09-27T02:00Z,2026-09-27,Sunday,Harkins Tucson Spectrum 18,Tucson,America/Phoenix,Forgotten Island,21:40,40:471928,1559,,,196,0,196,0.0,,https://harkins.com/ticketing/theatre/40/movie/HO00015981/session/471928/date/2026-09-27 21:40,harkins-api; sold_out=0,HARK,,,harkins-api
2026-09-25,harkins-2026-09-27T02:40Z,2026-09-27T02:40:55.466919+00:00,2026-09-27T02:00Z,2026-09-27,Sunday,Harkins Tucson Spectrum 18,Tucson,America/Phoenix,Forgotten Island,11:30,40:473235,949,,,230,12,218,5.2,,https://harkins.com/ticketing/theatre/40/movie/HO00016111/session/473235/date/2026-09-27 11:30,harkins-api; sold_out=0,HARK,,,harkins-api
2026-09-25,harkins-2026-09-27T02:40Z,2026-09-27T02:40:55.466919+00:00,2026-09-27T02:00Z,2026-09-27,Sunday,Harkins Tucson Spectrum 18,Tucson,America/Phoenix,Forgotten Island,12:00,40:473275,979,,,144,2,142,1.4,,https://harkins.com/ticketing/theatre/40/movie/HO00016105/session/473275/date/2026-09-27 12:00,harkins-api; sold_out=0,HARK,,,harkins-api
2026-09-25,harkins-2026-09-27T02:40Z,2026-09-27T02:40:55.466919+00:00,2026-09-27T02:00Z,2026-09-27,Sunday,Harkins Tucson Spectrum 18,Tucson,America/Phoenix,Heart of the Beast,11:15,40:471389,934,,,318,8,310,2.5,,https://harkins.com/ticketing/theatre/40/movie/HO00016093/session/471389/date/2026-09-27 11:15,harkins-api; sold_out=0,HARK,,,harkins-api
2026-09-25,harkins-2026-09-27T02:40Z,2026-09-27T02:40:55.466919+00:00,2026-09-27T02:00Z,2026-09-27,Sunday,Harkins Tucson Spectrum 18,Tucson,America/Phoenix,Heart of the Beast,12:30,40:473270,1009,,,196,6,190,3.1,,https://harkins.com/ticketing/theatre/40/movie/HO00016093/session/473270/date/2026-09-27 12:30,harkins-api; sold_out=0,HARK,,,harkins-api
2026-09-25,harkins-2026-09-27T02:40Z,2026-09-27T02:40:55.466919+00:00,2026-09-27T02:00Z,2026-09-27,Sunday,Harkins Tucson Spectrum 18,Tucson,America/Phoenix,Heart of the Beast,13:45,40:471390,1084,,,318,4,314,1.3,,https://harkins.com/ticketing/theatre/40/movie/HO00016093/session/471390/date/2026-09-27 13:45,harkins-api; sold_out=0,HARK,,,harkins-api
2026-09-25,harkins-2026-09-27T02:40Z,2026-09-27T02:40:55.466919+00:00,2026-09-27T02:00Z,2026-09-27,Sunday,Harkins Tucson Spectrum 18,Tucson,America/Phoenix,Heart of the Beast,15:00,40:473271,1159,,,196,0,196,0.0,,https://harkins.com/ticketing/theatre/40/movie/HO00016093/session/473271/date/2026-09-27 15:00,harkins-api; sold_out=0,HARK,,,harkins-api
2026-09-25,harkins-2026-09-27T02:40Z,2026-09-27T02:40:55.466919+00:00,2026-09-27T02:00Z,2026-09-27,Sunday,Harkins Tucson Spectrum 18,Tucson,America/Phoenix,Heart of the Beast,16:15,40:471391,1234,,,318,8,310,2.5,,https://harkins.com/ticketing/theatre/40/movie/HO00016093/session/471391/date/2026-09-27 16:15,harkins-api; sold_out=0,HARK,,,harkins-api
2026-09-25,harkins-2026-09-27T02:40Z,2026-09-27T02:40:55.466919+00:00,2026-09-27T02:00Z,2026-09-27,Sunday,Harkins Tucson Spectrum 18,Tucson,America/Phoenix,Heart of the Beast,17:30,40:473272,1309,,,196,0,196,0.0,,https://harkins.com/ticketing/theatre/40/movie/HO00016093/session/473272/date/2026-09-27 17:30,harkins-api; sold_out=0,HARK,,,harkins-api
2026-09-25,harkins-2026-09-27T02:40Z,2026-09-27T02:40:55.466919+00:00,2026-09-27T02:00Z,2026-09-27,Sunday,Harkins Tucson Spectrum 18,Tucson,America/Phoenix,Heart of the Beast,18:45,40:471392,1384,,,318,2,316,0.6,,https://harkins.com/ticketing/theatre/40/movie/HO00016093/session/471392/date/2026-09-27 18:45,harkins-api; sold_out=0,HARK,,,harkins-api
2026-09-25,harkins-2026-09-27T02:40Z,2026-09-27T02:40:55.466919+00:00,2026-09-27T02:00Z,2026-09-27,Sunday,Harkins Tucson Spectrum 18,Tucson,America/Phoenix,Heart of the Beast,20:00,40:473273,1459,,,196,0,196,0.0,,https://harkins.com/ticketing/theatre/40/movie/HO00016093/session/473273/date/2026-09-27 20:00,harkins-api; sold_out=0,HARK,,,harkins-api
2026-09-25,harkins-2026-09-27T02:40Z,2026-09-27T02:40:55.466919+00:00,2026-09-27T02:00Z,2026-09-27,Sunday,Harkins Tucson Spectrum 18,Tucson,America/Phoenix,Heart of the Beast,21:15,40:471393,1534,,,318,0,318,0.0,,https://harkins.com/ticketing/theatre/40/movie/HO00016093/session/471393/date/2026-09-27 21:15,harkins-api; sold_out=0,HARK,,,harkins-api
2026-09-25,harkins-2026-09-27T02:40Z,2026-09-27T02:40:55.466919+00:00,2026-09-27T02:00Z,2026-09-26,Saturday,Harkins Yuma Palms 14,Yuma,America/Phoenix,Forgotten Island,21:10,28:374641,89,,,270,3,267,1.1,,https://harkins.com/ticketing/theatre/28/movie/HO00015981/session/374641/date/2026-09-26 21:10,harkins-api; sold_out=0,HARK,,,harkins-api
2026-09-25,harkins-2026-09-27T02:40Z,2026-09-27T02:40:55.466919+00:00,2026-09-27T02:00Z,2026-09-26,Saturday,Harkins Yuma Palms 14,Yuma,America/Phoenix,Heart of the Beast,20:10,28:375791,29,,,203,20,183,9.9,,https://harkins.com/ticketing/theatre/28/movie/HO00016093/session/375791/date/2026-09-26 20:10,harkins-api; sold_out=0,HARK,,,harkins-api
2026-09-25,harkins-2026-09-27T02:40Z,2026-09-27T02:40:55.466919+00:00,2026-09-27T02:00Z,2026-09-26,Saturday,Harkins Yuma Palms 14,Yuma,America/Phoenix,Heart of the Beast,21:45,28:374176,124,,,270,0,270,0.0,,https://harkins.com/ticketing/theatre/28/movie/HO00016093/session/374176/date/2026-09-26 21:45,harkins-api; sold_out=0,HARK,,,harkins-api
2026-09-25,harkins-2026-09-27T02:40Z,2026-09-27T02:40:55.466919+00:00,2026-09-27T02:00Z,2026-09-27,Sunday,Harkins Yuma Palms 14,Yuma,America/Phoenix,Forgotten Island,11:00,28:374642,919,,,270,3,267,1.1,,https://harkins.com/ticketing/theatre/28/movie/HO00015981/session/374642/date/2026-09-27 11:00,harkins-api; sold_out=0,HARK,,,harkins-api
2026-09-25,harkins-2026-09-27T02:40Z,2026-09-27T02:40:55.466919+00:00,2026-09-27T02:00Z,2026-09-27,Sunday,Harkins Yuma Palms 14,Yuma,America/Phoenix,Forgotten Island,13:30,28:374643,1069,,,270,0,270,0.0,,https://harkins.com/ticketing/theatre/28/movie/HO00015981/session/374643/date/2026-09-27 13:30,harkins-api; sold_out=0,HARK,,,harkins-api
2026-09-25,harkins-2026-09-27T02:40Z,2026-09-27T02:40:55.466919+00:00,2026-09-27T02:00Z,2026-09-27,Sunday,Harkins Yuma Palms 14,Yuma,America/Phoenix,Forgotten Island,16:00,28:374644,1219,,,270,0,270,0.0,,https://harkins.com/ticketing/theatre/28/movie/HO00015981/session/374644/date/2026-09-27 16:00,harkins-api; sold_out=0,HARK,,,harkins-api
2026-09-25,harkins-2026-09-27T02:40Z,2026-09-27T02:40:55.466919+00:00,2026-09-27T02:00Z,2026-09-27,Sunday,Harkins Yuma Palms 14,Yuma,America/Phoenix,Forgotten Island,18:30,28:374645,1369,,,270,0,270,0.0,,https://harkins.com/ticketing/theatre/28/movie/HO00015981/session/374645/date/2026-09-27 18:30,harkins-api; sold_out=0,HARK,,,harkins-api
2026-09-25,harkins-2026-09-27T02:40Z,2026-09-27T02:40:55.466919+00:00,2026-09-27T02:00Z,2026-09-27,Sunday,Harkins Yuma Palms 14,Yuma,America/Phoenix,Forgotten Island,21:00,28:374646,1519,,,270,0,270,0.0,,https://harkins.com/ticketing/theatre/28/movie/HO00015981/session/374646/date/2026-09-27 21:00,harkins-api; sold_out=0,HARK,,,harkins-api
2026-09-25,harkins-2026-09-27T02:40Z,2026-09-27T02:40:55.466919+00:00,2026-09-27T02:00Z,2026-09-27,Sunday,Harkins Yuma Palms 14,Yuma,America/Phoenix,Forgotten Island,11:40,28:374666,959,,,121,0,121,0.0,,https://harkins.com/ticketing/theatre/28/movie/HO00016105/session/374666/date/2026-09-27 11:40,harkins-api; sold_out=0,HARK,,,harkins-api
2026-09-25,harkins-2026-09-27T02:40Z,2026-09-27T02:40:55.466919+00:00,2026-09-27T02:00Z,2026-09-27,Sunday,Harkins Yuma Palms 14,Yuma,America/Phoenix,Heart of the Beast,11:30,28:374198,949,,,418,16,402,3.8,,https://harkins.com/ticketing/theatre/28/movie/HO00016093/session/374198/date/2026-09-27 11:30,harkins-api; sold_out=0,HARK,,,harkins-api
2026-09-25,harkins-2026-09-27T02:40Z,2026-09-27T02:40:55.466919+00:00,2026-09-27T02:00Z,2026-09-27,Sunday,Harkins Yuma Palms 14,Yuma,America/Phoenix,Heart of the Beast,12:10,28:376048,989,,,203,0,203,0.0,,https://harkins.com/ticketing/theatre/28/movie/HO00016093/session/376048/date/2026-09-27 12:10,harkins-api; sold_out=0,HARK,,,harkins-api
2026-09-25,harkins-2026-09-27T02:40Z,2026-09-27T02:40:55.466919+00:00,2026-09-27T02:00Z,2026-09-27,Sunday,Harkins Yuma Palms 14,Yuma,America/Phoenix,Heart of the Beast,13:00,28:376047,1039,,,270,6,264,2.2,,https://harkins.com/ticketing/theatre/28/movie/HO00016093/session/376047/date/2026-09-27 13:00,harkins-api; sold_out=0,HARK,,,harkins-api
2026-09-25,harkins-2026-09-27T02:40Z,2026-09-27T02:40:55.466919+00:00,2026-09-27T02:00Z,2026-09-27,Sunday,Harkins Yuma Palms 14,Yuma,America/Phoenix,Heart of the Beast,14:00,28:374178,1099,,,418,8,410,1.9,,https://harkins.com/ticketing/theatre/28/movie/HO00016093/session/374178/date/2026-09-27 14:00,harkins-api; sold_out=0,HARK,,,harkins-api
2026-09-25,harkins-2026-09-27T02:40Z,2026-09-27T02:40:55.466919+00:00,2026-09-27T02:00Z,2026-09-27,Sunday,Harkins Yuma Palms 14,Yuma,America/Phoenix,Heart of the Beast,15:20,28:376046,1179,,,270,3,267,1.1,,https://harkins.com/ticketing/theatre/28/movie/HO00016093/session/376046/date/2026-09-27 15:20,harkins-api; sold_out=0,HARK,,,harkins-api
2026-09-25,harkins-2026-09-27T02:40Z,2026-09-27T02:40:55.466919+00:00,2026-09-27T02:00Z,2026-09-27,Sunday,Harkins Yuma Palms 14,Yuma,America/Phoenix,Heart of the Beast,16:20,28:374179,1239,,,418,4,414,1.0,,https://harkins.com/ticketing/theatre/28/movie/HO00016093/session/374179/date/2026-09-27 16:20,harkins-api; sold_out=0,HARK,,,harkins-api
2026-09-25,harkins-2026-09-27T02:40Z,2026-09-27T02:40:55.466919+00:00,2026-09-27T02:00Z,2026-09-27,Sunday,Harkins Yuma Palms 14,Yuma,America/Phoenix,Heart of the Beast,17:40,28:375831,1319,,,270,2,268,0.7,,https://harkins.com/ticketing/theatre/28/movie/HO00016093/session/375831/date/2026-09-27 17:40,harkins-api; sold_out=0,HARK,,,harkins-api
2026-09-25,harkins-2026-09-27T02:40Z,2026-09-27T02:40:55.466919+00:00,2026-09-27T02:00Z,2026-09-27,Sunday,Harkins Yuma Palms 14,Yuma,America/Phoenix,Heart of the Beast,18:40,28:374180,1379,,,418,1,417,0.2,,https://harkins.com/ticketing/theatre/28/movie/HO00016093/session/374180/date/2026-09-27 18:40,harkins-api; sold_out=0,HARK,,,harkins-api
2026-09-25,harkins-2026-09-27T02:40Z,2026-09-27T02:40:55.466919+00:00,2026-09-27T02:00Z,2026-09-27,Sunday,Harkins Yuma Palms 14,Yuma,America/Phoenix,Heart of the Beast,20:00,28:375832,1459,,,270,0,270,0.0,,https://harkins.com/ticketing/theatre/28/movie/HO00016093/session/375832/date/2026-09-27 20:00,harkins-api; sold_out=0,HARK,,,harkins-api
2026-09-25,harkins-2026-09-27T02:40Z,2026-09-27T02:40:55.466919+00:00,2026-09-27T02:00Z,2026-09-27,Sunday,Harkins Yuma Palms 14,Yuma,America/Phoenix,Heart of the Beast,21:10,28:374181,1529,,,418,0,418,0.0,,https://harkins.com/ticketing/theatre/28/movie/HO00016093/session/374181/date/2026-09-27 21:10,harkins-api; sold_out=0,HARK,,,harkins-api
2026-09-25,harkins-2026-09-27T02:40Z,2026-09-27T02:40:55.466919+00:00,2026-09-27T02:00Z,2026-09-26,Saturday,Harkins Cerritos 16,Cerritos,America/Los_Angeles,Forgotten Island,21:40,63:302114,119,,,108,57,51,52.8,,https://harkins.com/ticketing/theatre/63/movie/HO00015981/session/302114/date/2026-09-26 21:40,harkins-api; sold_out=0,HARK,,,harkins-api
2026-09-25,harkins-2026-09-27T02:40Z,2026-09-27T02:40:55.466919+00:00,2026-09-27T02:00Z,2026-09-26,Saturday,Harkins Cerritos 16,Cerritos,America/Los_Angeles,Heart of the Beast,21:50,63:300866,129,,,136,77,59,56.6,,https://harkins.com/ticketing/theatre/63/movie/HO00016093/session/300866/date/2026-09-26 21:50,harkins-api; sold_out=0,HARK,,,harkins-api
2026-09-25,harkins-2026-09-27T02:40Z,2026-09-27T02:40:55.466919+00:00,2026-09-27T02:00Z,2026-09-26,Saturday,Harkins Cerritos 16,Cerritos,America/Los_Angeles,Heart of the Beast,22:35,63:302115,174,,,108,7,101,6.5,,https://harkins.com/ticketing/theatre/63/movie/HO00016093/session/302115/date/2026-09-26 22:35,harkins-api; sold_out=0,HARK,,,harkins-api
2026-09-25,harkins-2026-09-27T02:40Z,2026-09-27T02:40:55.466919+00:00,2026-09-27T02:00Z,2026-09-27,Sunday,Harkins Cerritos 16,Cerritos,America/Los_Angeles,Forgotten Island,10:30,63:302145,889,,,109,38,71,34.9,,https://harkins.com/ticketing/theatre/63/movie/HO00015981/session/302145/date/2026-09-27 10:30,harkins-api; sold_out=0,HARK,,,harkins-api
2026-09-25,harkins-2026-09-27T02:40Z,2026-09-27T02:40:55.466919+00:00,2026-09-27T02:00Z,2026-09-27,Sunday,Harkins Cerritos 16,Cerritos,America/Los_Angeles,Forgotten Island,11:10,63:300872,929,,,136,75,61,55.1,,https://harkins.com/ticketing/theatre/63/movie/HO00015981/session/300872/date/2026-09-27 11:10,harkins-api; sold_out=0,HARK,,,harkins-api
2026-09-25,harkins-2026-09-27T02:40Z,2026-09-27T02:40:55.466919+00:00,2026-09-27T02:00Z,2026-09-27,Sunday,Harkins Cerritos 16,Cerritos,America/Los_Angeles,Forgotten Island,11:55,63:302173,974,,,108,17,91,15.7,,https://harkins.com/ticketing/theatre/63/movie/HO00015981/session/302173/date/2026-09-27 11:55,harkins-api; sold_out=0,HARK,,,harkins-api
2026-09-25,harkins-2026-09-27T02:40Z,2026-09-27T02:40:55.466919+00:00,2026-09-27T02:00Z,2026-09-27,Sunday,Harkins Cerritos 16,Cerritos,America/Los_Angeles,Forgotten Island,13:15,63:302146,1054,,,109,54,55,49.5,,https://harkins.com/ticketing/theatre/63/movie/HO00015981/session/302146/date/2026-09-27 13:15,harkins-api; sold_out=0,HARK,,,harkins-api
2026-09-25,harkins-2026-09-27T02:40Z,2026-09-27T02:40:55.466919+00:00,2026-09-27T02:00Z,2026-09-27,Sunday,Harkins Cerritos 16,Cerritos,America/Los_Angeles,Forgotten Island,13:55,63:300873,1094,,,136,81,55,59.6,,https://harkins.com/ticketing/theatre/63/movie/HO00015981/session/300873/date/2026-09-27 13:55,harkins-api; sold_out=0,HARK,,,harkins-api
2026-09-25,harkins-2026-09-27T02:40Z,2026-09-27T02:40:55.466919+00:00,2026-09-27T02:00Z,2026-09-27,Sunday,Harkins Cerritos 16,Cerritos,America/Los_Angeles,Forgotten Island,15:50,63:302147,1209,,,109,28,81,25.7,,https://harkins.com/ticketing/theatre/63/movie/HO00015981/session/302147/date/2026-09-27 15:50,harkins-api; sold_out=0,HARK,,,harkins-api
2026-09-25,harkins-2026-09-27T02:40Z,2026-09-27T02:40:55.466919+00:00,2026-09-27T02:00Z,2026-09-27,Sunday,Harkins Cerritos 16,Cerritos,America/Los_Angeles,Forgotten Island,16:00,63:302151,1219,,,137,40,97,29.2,,https://harkins.com/ticketing/theatre/63/movie/HO00015981/session/302151/date/2026-09-27 16:00,harkins-api; sold_out=0,HARK,,,harkins-api
2026-09-25,harkins-2026-09-27T02:40Z,2026-09-27T02:40:55.466919+00:00,2026-09-27T02:00Z,2026-09-27,Sunday,Harkins Cerritos 16,Cerritos,America/Los_Angeles,Forgotten Island,16:35,63:300874,1254,,,136,64,72,47.1,,https://harkins.com/ticketing/theatre/63/movie/HO00015981/session/300874/date/2026-09-27 16:35,harkins-api; sold_out=0,HARK,,,harkins-api
2026-09-25,harkins-2026-09-27T02:40Z,2026-09-27T02:40:55.466919+00:00,2026-09-27T02:00Z,2026-09-27,Sunday,Harkins Cerritos 16,Cerritos,America/Los_Angeles,Forgotten Island,18:40,63:302148,1379,,,109,55,54,50.5,,https://harkins.com/ticketing/theatre/63/movie/HO00015981/session/302148/date/2026-09-27 18:40,harkins-api; sold_out=0,HARK,,,harkins-api
2026-09-25,harkins-2026-09-27T02:40Z,2026-09-27T02:40:55.466919+00:00,2026-09-27T02:00Z,2026-09-27,Sunday,Harkins Cerritos 16,Cerritos,America/Los_Angeles,Forgotten Island,19:20,63:300875,1419,,,136,10,126,7.4,,https://harkins.com/ticketing/theatre/63/movie/HO00015981/session/300875/date/2026-09-27 19:20,harkins-api; sold_out=0,HARK,,,harkins-api
2026-09-25,harkins-2026-09-27T02:40Z,2026-09-27T02:40:55.466919+00:00,2026-09-27T02:00Z,2026-09-27,Sunday,Harkins Cerritos 16,Cerritos,America/Los_Angeles,Forgotten Island,20:45,63:302167,1504,,,68,2,66,2.9,,https://harkins.com/ticketing/theatre/63/movie/HO00015981/session/302167/date/2026-09-27 20:45,harkins-api; sold_out=0,HARK,,,harkins-api
2026-09-25,harkins-2026-09-27T02:40Z,2026-09-27T02:40:55.466919+00:00,2026-09-27T02:00Z,2026-09-27,Sunday,Harkins Cerritos 16,Cerritos,America/Los_Angeles,Forgotten Island,11:15,63:302119,934,,,409,76,333,18.6,,https://harkins.com/ticketing/theatre/63/movie/HO00016111/session/302119/date/2026-09-27 11:15,harkins-api; sold_out=0,HARK,,,harkins-api
2026-09-25,harkins-2026-09-27T02:40Z,2026-09-27T02:40:55.466919+00:00,2026-09-27T02:00Z,2026-09-27,Sunday,Harkins Cerritos 16,Cerritos,America/Los_Angeles,Forgotten Island,15:00,63:302122,1159,,,226,66,160,29.2,,https://harkins.com/ticketing/theatre/63/movie/HO00016111/session/302122/date/2026-09-27 15:00,harkins-api; sold_out=0,HARK,,,harkins-api
2026-09-25,harkins-2026-09-27T02:40Z,2026-09-27T02:40:55.466919+00:00,2026-09-27T02:00Z,2026-09-27,Sunday,Harkins Cerritos 16,Cerritos,America/Los_Angeles,Forgotten Island,10:50,63:300870,909,,,68,8,60,11.8,,https://harkins.com/ticketing/theatre/63/movie/HO00016105/session/300870/date/2026-09-27 10:50,harkins-api; sold_out=0,HARK,,,harkins-api
2026-09-25,harkins-2026-09-27T02:40Z,2026-09-27T02:40:55.466919+00:00,2026-09-27T02:00Z,2026-09-27,Sunday,Harkins Cerritos 16,Cerritos,America/Los_Angeles,Heart of the Beast,10:55,63:300712,914,,,137,14,123,10.2,,https://harkins.com/ticketing/theatre/63/movie/HO00016093/session/300712/date/2026-09-27 10:55,harkins-api; sold_out=0,HARK,,,harkins-api
2026-09-25,harkins-2026-09-27T02:40Z,2026-09-27T02:40:55.466919+00:00,2026-09-27T02:00Z,2026-09-27,Sunday,Harkins Cerritos 16,Cerritos,America/Los_Angeles,Heart of the Beast,13:25,63:300713,1064,,,137,19,118,13.9,,https://harkins.com/ticketing/theatre/63/movie/HO00016093/session/300713/date/2026-09-27 13:25,harkins-api; sold_out=0,HARK,,,harkins-api
2026-09-25,harkins-2026-09-27T02:40Z,2026-09-27T02:40:55.466919+00:00,2026-09-27T02:00Z,2026-09-27,Sunday,Harkins Cerritos 16,Cerritos,America/Los_Angeles,Heart of the Beast,14:25,63:302174,1124,,,108,27,81,25.0,,https://harkins.com/ticketing/theatre/63/movie/HO00016093/session/302174/date/2026-09-27 14:25,harkins-api; sold_out=0,HARK,,,harkins-api
2026-09-25,harkins-2026-09-27T02:40Z,2026-09-27T02:40:55.466919+00:00,2026-09-27T02:00Z,2026-09-27,Sunday,Harkins Cerritos 16,Cerritos,America/Los_Angeles,Heart of the Beast,15:50,63:300714,1209,,,137,44,93,32.1,,https://harkins.com/ticketing/theatre/63/movie/HO00016093/session/300714/date/2026-09-27 15:50,harkins-api; sold_out=0,HARK,,,harkins-api
2026-09-25,harkins-2026-09-27T02:40Z,2026-09-27T02:40:55.466919+00:00,2026-09-27T02:00Z,2026-09-27,Sunday,Harkins Cerritos 16,Cerritos,America/Los_Angeles,Heart of the Beast,18:15,63:300715,1354,,,137,21,116,15.3,,https://harkins.com/ticketing/theatre/63/movie/HO00016093/session/300715/date/2026-09-27 18:15,harkins-api; sold_out=0,HARK,,,harkins-api
2026-09-25,harkins-2026-09-27T02:40Z,2026-09-27T02:40:55.466919+00:00,2026-09-27T02:00Z,2026-09-27,Sunday,Harkins Cerritos 16,Cerritos,America/Los_Angeles,Heart of the Beast,19:05,63:302176,1404,,,108,19,89,17.6,,https://harkins.com/ticketing/theatre/63/movie/HO00016093/session/302176/date/2026-09-27 19:05,harkins-api; sold_out=0,HARK,,,harkins-api
2026-09-25,harkins-2026-09-27T02:40Z,2026-09-27T02:40:55.466919+00:00,2026-09-27T02:00Z,2026-09-27,Sunday,Harkins Cerritos 16,Cerritos,America/Los_Angeles,Heart of the Beast,21:50,63:300876,1569,,,136,2,134,1.5,,https://harkins.com/ticketing/theatre/63/movie/HO00016093/session/300876/date/2026-09-27 21:50,harkins-api; sold_out=0,HARK,,,harkins-api
2026-09-25,harkins-2026-09-27T02:40Z,2026-09-27T02:40:55.466919+00:00,2026-09-27T02:00Z,2026-09-27,Sunday,Harkins Cerritos 16,Cerritos,America/Los_Angeles,Heart of the Beast,12:20,63:302121,999,,,226,27,199,11.9,,https://harkins.com/ticketing/theatre/63/movie/HO00016149/session/302121/date/2026-09-27 12:20,harkins-api; sold_out=0,HARK,,,harkins-api
2026-09-25,harkins-2026-09-27T02:40Z,2026-09-27T02:40:55.466919+00:00,2026-09-27T02:00Z,2026-09-26,Saturday,Harkins Chino Hills 18,Chino Hills,America/Los_Angeles,Forgotten Island,20:40,32:458896,59,,,270,16,254,5.9,,https://harkins.com/ticketing/theatre/32/movie/HO00015981/session/458896/date/2026-09-26 20:40,harkins-api; sold_out=0,HARK,,,harkins-api
2026-09-25,harkins-2026-09-27T02:40Z,2026-09-27T02:40:55.466919+00:00,2026-09-27T02:00Z,2026-09-26,Saturday,Harkins Chino Hills 18,Chino Hills,America/Los_Angeles,Forgotten Island,21:40,32:458020,119,,,267,10,257,3.7,,https://harkins.com/ticketing/theatre/32/movie/HO00015981/session/458020/date/2026-09-26 21:40,harkins-api; sold_out=0,HARK,,,harkins-api
2026-09-25,harkins-2026-09-27T02:40Z,2026-09-27T02:40:55.466919+00:00,2026-09-27T02:00Z,2026-09-26,Saturday,Harkins Chino Hills 18,Chino Hills,America/Los_Angeles,Heart of the Beast,20:15,32:458927,34,,,203,59,144,29.1,,https://harkins.com/ticketing/theatre/32/movie/HO00016093/session/458927/date/2026-09-26 20:15,harkins-api; sold_out=0,HARK,,,harkins-api
2026-09-25,harkins-2026-09-27T02:40Z,2026-09-27T02:40:55.466919+00:00,2026-09-27T02:00Z,2026-09-26,Saturday,Harkins Chino Hills 18,Chino Hills,America/Los_Angeles,Heart of the Beast,21:45,32:457114,124,,,269,25,244,9.3,,https://harkins.com/ticketing/theatre/32/movie/HO00016093/session/457114/date/2026-09-26 21:45,harkins-api; sold_out=0,HARK,,,harkins-api
2026-09-25,harkins-2026-09-27T02:40Z,2026-09-27T02:40:55.466919+00:00,2026-09-27T02:00Z,2026-09-27,Sunday,Harkins Chino Hills 18,Chino Hills,America/Los_Angeles,Forgotten Island,11:15,32:458021,934,,,267,31,236,11.6,,https://harkins.com/ticketing/theatre/32/movie/HO00015981/session/458021/date/2026-09-27 11:15,harkins-api; sold_out=0,HARK,,,harkins-api
2026-09-25,harkins-2026-09-27T02:40Z,2026-09-27T02:40:55.466919+00:00,2026-09-27T02:00Z,2026-09-27,Sunday,Harkins Chino Hills 18,Chino Hills,America/Los_Angeles,Forgotten Island,12:45,32:458966,1024,,,422,29,393,6.9,,https://harkins.com/ticketing/theatre/32/movie/HO00015981/session/458966/date/2026-09-27 12:45,harkins-api; sold_out=0,HARK,,,harkins-api
2026-09-25,harkins-2026-09-27T02:40Z,2026-09-27T02:40:55.466919+00:00,2026-09-27T02:00Z,2026-09-27,Sunday,Harkins Chino Hills 18,Chino Hills,America/Los_Angeles,Forgotten Island,13:50,32:458022,1089,,,267,22,245,8.2,,https://harkins.com/ticketing/theatre/32/movie/HO00015981/session/458022/date/2026-09-27 13:50,harkins-api; sold_out=0,HARK,,,harkins-api
2026-09-25,harkins-2026-09-27T02:40Z,2026-09-27T02:40:55.466919+00:00,2026-09-27T02:00Z,2026-09-27,Sunday,Harkins Chino Hills 18,Chino Hills,America/Los_Angeles,Forgotten Island,15:30,32:458967,1189,,,422,25,397,5.9,,https://harkins.com/ticketing/theatre/32/movie/HO00015981/session/458967/date/2026-09-27 15:30,harkins-api; sold_out=0,HARK,,,harkins-api
2026-09-25,harkins-2026-09-27T02:40Z,2026-09-27T02:40:55.466919+00:00,2026-09-27T02:00Z,2026-09-27,Sunday,Harkins Chino Hills 18,Chino Hills,America/Los_Angeles,Forgotten Island,16:30,32:458023,1249,,,267,46,221,17.2,,https://harkins.com/ticketing/theatre/32/movie/HO00015981/session/458023/date/2026-09-27 16:30,harkins-api; sold_out=0,HARK,,,harkins-api
2026-09-25,harkins-2026-09-27T02:40Z,2026-09-27T02:40:55.466919+00:00,2026-09-27T02:00Z,2026-09-27,Sunday,Harkins Chino Hills 18,Chino Hills,America/Los_Angeles,Forgotten Island,18:15,32:458968,1354,,,422,28,394,6.6,,https://harkins.com/ticketing/theatre/32/movie/HO00015981/session/458968/date/2026-09-27 18:15,harkins-api; sold_out=0,HARK,,,harkins-api
2026-09-25,harkins-2026-09-27T02:40Z,2026-09-27T02:40:55.466919+00:00,2026-09-27T02:00Z,2026-09-27,Sunday,Harkins Chino Hills 18,Chino Hills,America/Los_Angeles,Forgotten Island,19:05,32:458024,1404,,,267,10,257,3.7,,https://harkins.com/ticketing/theatre/32/movie/HO00015981/session/458024/date/2026-09-27 19:05,harkins-api; sold_out=0,HARK,,,harkins-api
2026-09-25,harkins-2026-09-27T02:40Z,2026-09-27T02:40:55.466919+00:00,2026-09-27T02:00Z,2026-09-27,Sunday,Harkins Chino Hills 18,Chino Hills,America/Los_Angeles,Forgotten Island,20:40,32:459397,1499,,,117,6,111,5.1,,https://harkins.com/ticketing/theatre/32/movie/HO00015981/session/459397/date/2026-09-27 20:40,harkins-api; sold_out=0,HARK,,,harkins-api
2026-09-25,harkins-2026-09-27T02:40Z,2026-09-27T02:40:55.466919+00:00,2026-09-27T02:00Z,2026-09-27,Sunday,Harkins Chino Hills 18,Chino Hills,America/Los_Angeles,Forgotten Island,21:40,32:458025,1559,,,267,10,257,3.7,,https://harkins.com/ticketing/theatre/32/movie/HO00015981/session/458025/date/2026-09-27 21:40,harkins-api; sold_out=0,HARK,,,harkins-api
2026-09-25,harkins-2026-09-27T02:40Z,2026-09-27T02:40:55.466919+00:00,2026-09-27T02:00Z,2026-09-27,Sunday,Harkins Chino Hills 18,Chino Hills,America/Los_Angeles,Forgotten Island,12:00,32:458045,979,,,117,20,97,17.1,,https://harkins.com/ticketing/theatre/32/movie/HO00016105/session/458045/date/2026-09-27 12:00,harkins-api; sold_out=0,HARK,,,harkins-api
2026-09-25,harkins-2026-09-27T02:40Z,2026-09-27T02:40:55.466919+00:00,2026-09-27T02:00Z,2026-09-27,Sunday,Harkins Chino Hills 18,Chino Hills,America/Los_Angeles,Heart of the Beast,11:45,32:457115,964,,,269,13,256,4.8,,https://harkins.com/ticketing/theatre/32/movie/HO00016093/session/457115/date/2026-09-27 11:45,harkins-api; sold_out=0,HARK,,,harkins-api
2026-09-25,harkins-2026-09-27T02:40Z,2026-09-27T02:40:55.466919+00:00,2026-09-27T02:00Z,2026-09-27,Sunday,Harkins Chino Hills 18,Chino Hills,America/Los_Angeles,Heart of the Beast,13:05,32:458961,1044,,,203,14,189,6.9,,https://harkins.com/ticketing/theatre/32/movie/HO00016093/session/458961/date/2026-09-27 13:05,harkins-api; sold_out=0,HARK,,,harkins-api
2026-09-25,harkins-2026-09-27T02:40Z,2026-09-27T02:40:55.466919+00:00,2026-09-27T02:00Z,2026-09-27,Sunday,Harkins Chino Hills 18,Chino Hills,America/Los_Angeles,Heart of the Beast,13:40,32:459395,1079,,,270,10,260,3.7,,https://harkins.com/ticketing/theatre/32/movie/HO00016093/session/459395/date/2026-09-27 13:40,harkins-api; sold_out=0,HARK,,,harkins-api
2026-09-25,harkins-2026-09-27T02:40Z,2026-09-27T02:40:55.466919+00:00,2026-09-27T02:00Z,2026-09-27,Sunday,Harkins Chino Hills 18,Chino Hills,America/Los_Angeles,Heart of the Beast,14:15,32:457116,1114,,,269,10,259,3.7,,https://harkins.com/ticketing/theatre/32/movie/HO00016093/session/457116/date/2026-09-27 14:15,harkins-api; sold_out=0,HARK,,,harkins-api
2026-09-25,harkins-2026-09-27T02:40Z,2026-09-27T02:40:55.466919+00:00,2026-09-27T02:00Z,2026-09-27,Sunday,Harkins Chino Hills 18,Chino Hills,America/Los_Angeles,Heart of the Beast,15:30,32:458962,1189,,,203,14,189,6.9,,https://harkins.com/ticketing/theatre/32/movie/HO00016093/session/458962/date/2026-09-27 15:30,harkins-api; sold_out=0,HARK,,,harkins-api
2026-09-25,harkins-2026-09-27T02:40Z,2026-09-27T02:40:55.466919+00:00,2026-09-27T02:00Z,2026-09-27,Sunday,Harkins Chino Hills 18,Chino Hills,America/Los_Angeles,Heart of the Beast,16:15,32:459396,1234,,,117,6,111,5.1,,https://harkins.com/ticketing/theatre/32/movie/HO00016093/session/459396/date/2026-09-27 16:15,harkins-api; sold_out=0,HARK,,,harkins-api
2026-09-25,harkins-2026-09-27T02:40Z,2026-09-27T02:40:55.466919+00:00,2026-09-27T02:00Z,2026-09-27,Sunday,Harkins Chino Hills 18,Chino Hills,America/Los_Angeles,Heart of the Beast,16:45,32:457117,1264,,,269,10,259,3.7,,https://harkins.com/ticketing/theatre/32/movie/HO00016093/session/457117/date/2026-09-27 16:45,harkins-api; sold_out=0,HARK,,,harkins-api
2026-09-25,harkins-2026-09-27T02:40Z,2026-09-27T02:40:55.466919+00:00,2026-09-27T02:00Z,2026-09-27,Sunday,Harkins Chino Hills 18,Chino Hills,America/Los_Angeles,Heart of the Beast,18:00,32:458963,1339,,,203,14,189,6.9,,https://harkins.com/ticketing/theatre/32/movie/HO00016093/session/458963/date/2026-09-27 18:00,harkins-api; sold_out=0,HARK,,,harkins-api
2026-09-25,harkins-2026-09-27T02:40Z,2026-09-27T02:40:55.466919+00:00,2026-09-27T02:00Z,2026-09-27,Sunday,Harkins Chino Hills 18,Chino Hills,America/Los_Angeles,Heart of the Beast,19:15,32:457118,1414,,,269,10,259,3.7,,https://harkins.com/ticketing/theatre/32/movie/HO00016093/session/457118/date/2026-09-27 19:15,harkins-api; sold_out=0,HARK,,,harkins-api
2026-09-25,harkins-2026-09-27T02:40Z,2026-09-27T02:40:55.466919+00:00,2026-09-27T02:00Z,2026-09-27,Sunday,Harkins Chino Hills 18,Chino Hills,America/Los_Angeles,Heart of the Beast,20:30,32:458964,1489,,,203,8,195,3.9,,https://harkins.com/ticketing/theatre/32/movie/HO00016093/session/458964/date/2026-09-27 20:30,harkins-api; sold_out=0,HARK,,,harkins-api
2026-09-25,harkins-2026-09-27T02:40Z,2026-09-27T02:40:55.466919+00:00,2026-09-27T02:00Z,2026-09-27,Sunday,Harkins Chino Hills 18,Chino Hills,America/Los_Angeles,Heart of the Beast,21:45,32:457119,1564,,,269,13,256,4.8,,https://harkins.com/ticketing/theatre/32/movie/HO00016093/session/457119/date/2026-09-27 21:45,harkins-api; sold_out=0,HARK,,,harkins-api
2026-09-25,harkins-2026-09-27T02:40Z,2026-09-27T02:40:55.466919+00:00,2026-09-27T02:00Z,2026-09-26,Saturday,Harkins Moreno Valley 16,Moreno Valley,America/Los_Angeles,Forgotten Island,21:15,31:413805,94,,,202,2,200,1.0,,https://harkins.com/ticketing/theatre/31/movie/HO00015981/session/413805/date/2026-09-26 21:15,harkins-api; sold_out=0,HARK,,,harkins-api
2026-09-25,harkins-2026-09-27T02:40Z,2026-09-27T02:40:55.466919+00:00,2026-09-27T02:00Z,2026-09-26,Saturday,Harkins Moreno Valley 16,Moreno Valley,America/Los_Angeles,Heart of the Beast,19:50,31:415063,9,,,201,31,170,15.4,,https://harkins.com/ticketing/theatre/31/movie/HO00016093/session/415063/date/2026-09-26 19:50,harkins-api; sold_out=0,HARK,,,harkins-api
2026-09-25,harkins-2026-09-27T02:40Z,2026-09-27T02:40:55.466919+00:00,2026-09-27T02:00Z,2026-09-26,Saturday,Harkins Moreno Valley 16,Moreno Valley,America/Los_Angeles,Heart of the Beast,20:30,31:413200,49,,,201,12,189,6.0,,https://harkins.com/ticketing/theatre/31/movie/HO00016093/session/413200/date/2026-09-26 20:30,harkins-api; sold_out=0,HARK,,,harkins-api
2026-09-25,harkins-2026-09-27T02:40Z,2026-09-27T02:40:55.466919+00:00,2026-09-27T02:00Z,2026-09-26,Saturday,Harkins Moreno Valley 16,Moreno Valley,America/Los_Angeles,Heart of the Beast,21:50,31:415101,129,,,269,0,269,0.0,,https://harkins.com/ticketing/theatre/31/movie/HO00016093/session/415101/date/2026-09-26 21:50,harkins-api; sold_out=0,HARK,,,harkins-api
2026-09-25,harkins-2026-09-27T02:40Z,2026-09-27T02:40:55.466919+00:00,2026-09-27T02:00Z,2026-09-27,Sunday,Harkins Moreno Valley 16,Moreno Valley,America/Los_Angeles,Forgotten Island,12:00,31:415145,979,,,270,0,270,0.0,,https://harkins.com/ticketing/theatre/31/movie/HO00015981/session/415145/date/2026-09-27 12:00,harkins-api; sold_out=0,HARK,,,harkins-api
2026-09-25,harkins-2026-09-27T02:40Z,2026-09-27T02:40:55.466919+00:00,2026-09-27T02:00Z,2026-09-27,Sunday,Harkins Moreno Valley 16,Moreno Valley,America/Los_Angeles,Forgotten Island,13:30,31:413806,1069,,,202,5,197,2.5,,https://harkins.com/ticketing/theatre/31/movie/HO00015981/session/413806/date/2026-09-27 13:30,harkins-api; sold_out=0,HARK,,,harkins-api
2026-09-25,harkins-2026-09-27T02:40Z,2026-09-27T02:40:55.466919+00:00,2026-09-27T02:00Z,2026-09-27,Sunday,Harkins Moreno Valley 16,Moreno Valley,America/Los_Angeles,Forgotten Island,15:25,31:415152,1184,,,270,6,264,2.2,,https://harkins.com/ticketing/theatre/31/movie/HO00015981/session/415152/date/2026-09-27 15:25,harkins-api; sold_out=0,HARK,,,harkins-api
2026-09-25,harkins-2026-09-27T02:40Z,2026-09-27T02:40:55.466919+00:00,2026-09-27T02:00Z,2026-09-27,Sunday,Harkins Moreno Valley 16,Moreno Valley,America/Los_Angeles,Forgotten Island,16:05,31:413807,1224,,,202,0,202,0.0,,https://harkins.com/ticketing/theatre/31/movie/HO00015981/session/413807/date/2026-09-27 16:05,harkins-api; sold_out=0,HARK,,,harkins-api
2026-09-25,harkins-2026-09-27T02:40Z,2026-09-27T02:40:55.466919+00:00,2026-09-27T02:00Z,2026-09-27,Sunday,Harkins Moreno Valley 16,Moreno Valley,America/Los_Angeles,Forgotten Island,18:40,31:413808,1379,,,202,0,202,0.0,,https://harkins.com/ticketing/theatre/31/movie/HO00015981/session/413808/date/2026-09-27 18:40,harkins-api; sold_out=0,HARK,,,harkins-api
2026-09-25,harkins-2026-09-27T02:40Z,2026-09-27T02:40:55.466919+00:00,2026-09-27T02:00Z,2026-09-27,Sunday,Harkins Moreno Valley 16,Moreno Valley,America/Los_Angeles,Forgotten Island,21:15,31:413809,1534,,,202,0,202,0.0,,https://harkins.com/ticketing/theatre/31/movie/HO00015981/session/413809/date/2026-09-27 21:15,harkins-api; sold_out=0,HARK,,,harkins-api
2026-09-25,harkins-2026-09-27T02:40Z,2026-09-27T02:40:55.466919+00:00,2026-09-27T02:00Z,2026-09-27,Sunday,Harkins Moreno Valley 16,Moreno Valley,America/Los_Angeles,Forgotten Island,12:30,31:413829,1009,,,116,0,116,0.0,,https://harkins.com/ticketing/theatre/31/movie/HO00016105/session/413829/date/2026-09-27 12:30,harkins-api; sold_out=0,HARK,,,harkins-api
2026-09-25,harkins-2026-09-27T02:40Z,2026-09-27T02:40:55.466919+00:00,2026-09-27T02:00Z,2026-09-27,Sunday,Harkins Moreno Valley 16,Moreno Valley,America/Los_Angeles,Forgotten Island,15:00,31:415135,1159,,,116,2,114,1.7,,https://harkins.com/ticketing/theatre/31/movie/HO00016105/session/415135/date/2026-09-27 15:00,harkins-api; sold_out=0,HARK,,,harkins-api
2026-09-25,harkins-2026-09-27T02:40Z,2026-09-27T02:40:55.466919+00:00,2026-09-27T02:00Z,2026-09-27,Sunday,Harkins Moreno Valley 16,Moreno Valley,America/Los_Angeles,Forgotten Island,19:15,31:415143,1414,,,269,0,269,0.0,,https://harkins.com/ticketing/theatre/31/movie/HO00016105/session/415143/date/2026-09-27 19:15,harkins-api; sold_out=0,HARK,,,harkins-api
2026-09-25,harkins-2026-09-27T02:40Z,2026-09-27T02:40:55.466919+00:00,2026-09-27T02:00Z,2026-09-27,Sunday,Harkins Moreno Valley 16,Moreno Valley,America/Los_Angeles,Heart of the Beast,13:00,31:413201,1039,,,201,5,196,2.5,,https://harkins.com/ticketing/theatre/31/movie/HO00016093/session/413201/date/2026-09-27 13:00,harkins-api; sold_out=0,HARK,,,harkins-api
2026-09-25,harkins-2026-09-27T02:40Z,2026-09-27T02:40:55.466919+00:00,2026-09-27T02:00Z,2026-09-27,Sunday,Harkins Moreno Valley 16,Moreno Valley,America/Los_Angeles,Heart of the Beast,13:40,31:415122,1079,,,201,0,201,0.0,,https://harkins.com/ticketing/theatre/31/movie/HO00016093/session/415122/date/2026-09-27 13:40,harkins-api; sold_out=0,HARK,,,harkins-api
2026-09-25,harkins-2026-09-27T02:40Z,2026-09-27T02:40:55.466919+00:00,2026-09-27T02:00Z,2026-09-27,Sunday,Harkins Moreno Valley 16,Moreno Valley,America/Los_Angeles,Heart of the Beast,15:30,31:413202,1189,,,201,0,201,0.0,,https://harkins.com/ticketing/theatre/31/movie/HO00016093/session/413202/date/2026-09-27 15:30,harkins-api; sold_out=0,HARK,,,harkins-api
2026-09-25,harkins-2026-09-27T02:40Z,2026-09-27T02:40:55.466919+00:00,2026-09-27T02:00Z,2026-09-27,Sunday,Harkins Moreno Valley 16,Moreno Valley,America/Los_Angeles,Heart of the Beast,18:00,31:413203,1339,,,201,0,201,0.0,,https://harkins.com/ticketing/theatre/31/movie/HO00016093/session/413203/date/2026-09-27 18:00,harkins-api; sold_out=0,HARK,,,harkins-api
2026-09-25,harkins-2026-09-27T02:40Z,2026-09-27T02:40:55.466919+00:00,2026-09-27T02:00Z,2026-09-27,Sunday,Harkins Moreno Valley 16,Moreno Valley,America/Los_Angeles,Heart of the Beast,18:45,31:415119,1384,,,201,0,201,0.0,,https://harkins.com/ticketing/theatre/31/movie/HO00016093/session/415119/date/2026-09-27 18:45,harkins-api; sold_out=0,HARK,,,harkins-api
2026-09-25,harkins-2026-09-27T02:40Z,2026-09-27T02:40:55.466919+00:00,2026-09-27T02:00Z,2026-09-27,Sunday,Harkins Moreno Valley 16,Moreno Valley,America/Los_Angeles,Heart of the Beast,20:30,31:413204,1489,,,201,0,201,0.0,,https://harkins.com/ticketing/theatre/31/movie/HO00016093/session/413204/date/2026-09-27 20:30,harkins-api; sold_out=0,HARK,,,harkins-api
2026-09-25,harkins-2026-09-27T02:40Z,2026-09-27T02:40:55.466919+00:00,2026-09-27T02:00Z,2026-09-27,Sunday,Harkins Moreno Valley 16,Moreno Valley,America/Los_Angeles,Heart of the Beast,21:45,31:415144,1564,,,269,0,269,0.0,,https://harkins.com/ticketing/theatre/31/movie/HO00016093/session/415144/date/2026-09-27 21:45,harkins-api; sold_out=0,HARK,,,harkins-api
2026-09-25,harkins-2026-09-27T02:40Z,2026-09-27T02:40:55.466919+00:00,2026-09-27T02:00Z,2026-09-26,Saturday,Harkins Mountain Grove 16,Redlands,America/Los_Angeles,Forgotten Island,20:10,62:329316,29,,,68,47,21,69.1,,https://harkins.com/ticketing/theatre/62/movie/HO00015981/session/329316/date/2026-09-26 20:10,harkins-api; sold_out=0,HARK,,,harkins-api
2026-09-25,harkins-2026-09-27T02:40Z,2026-09-27T02:40:55.466919+00:00,2026-09-27T02:00Z,2026-09-26,Saturday,Harkins Mountain Grove 16,Redlands,America/Los_Angeles,Forgotten Island,21:20,62:327800,99,,,68,15,53,22.1,,https://harkins.com/ticketing/theatre/62/movie/HO00015981/session/327800/date/2026-09-26 21:20,harkins-api; sold_out=0,HARK,,,harkins-api
2026-09-25,harkins-2026-09-27T02:40Z,2026-09-27T02:40:55.466919+00:00,2026-09-27T02:00Z,2026-09-26,Saturday,Harkins Mountain Grove 16,Redlands,America/Los_Angeles,Heart of the Beast,20:20,62:329318,39,,,66,52,14,78.8,,https://harkins.com/ticketing/theatre/62/movie/HO00016093/session/329318/date/2026-09-26 20:20,harkins-api; sold_out=0,HARK,,,harkins-api
2026-09-25,harkins-2026-09-27T02:40Z,2026-09-27T02:40:55.466919+00:00,2026-09-27T02:00Z,2026-09-26,Saturday,Harkins Mountain Grove 16,Redlands,America/Los_Angeles,Heart of the Beast,21:20,62:329393,99,,,107,49,58,45.8,,https://harkins.com/ticketing/theatre/62/movie/HO00016093/session/329393/date/2026-09-26 21:20,harkins-api; sold_out=0,HARK,,,harkins-api
2026-09-25,harkins-2026-09-27T02:40Z,2026-09-27T02:40:55.466919+00:00,2026-09-27T02:00Z,2026-09-26,Saturday,Harkins Mountain Grove 16,Redlands,America/Los_Angeles,Heart of the Beast,21:30,62:329634,109,,,137,16,121,11.7,,https://harkins.com/ticketing/theatre/62/movie/HO00016093/session/329634/date/2026-09-26 21:30,harkins-api; sold_out=0,HARK,,,harkins-api
2026-09-25,harkins-2026-09-27T02:40Z,2026-09-27T02:40:55.466919+00:00,2026-09-27T02:00Z,2026-09-26,Saturday,Harkins Mountain Grove 16,Redlands,America/Los_Angeles,Heart of the Beast,21:45,62:327201,124,,,134,20,114,14.9,,https://harkins.com/ticketing/theatre/62/movie/HO00016093/session/327201/date/2026-09-26 21:45,harkins-api; sold_out=0,HARK,,,harkins-api
2026-09-25,harkins-2026-09-27T02:40Z,2026-09-27T02:40:55.466919+00:00,2026-09-27T02:00Z,2026-09-27,Sunday,Harkins Mountain Grove 16,Redlands,America/Los_Angeles,Forgotten Island,10:00,62:329370,859,,,107,6,101,5.6,,https://harkins.com/ticketing/theatre/62/movie/HO00015981/session/329370/date/2026-09-27 10:00,harkins-api; sold_out=0,HARK,,,harkins-api
2026-09-25,harkins-2026-09-27T02:40Z,2026-09-27T02:40:55.466919+00:00,2026-09-27T02:00Z,2026-09-27,Sunday,Harkins Mountain Grove 16,Redlands,America/Los_Angeles,Forgotten Island,11:00,62:327801,919,,,137,16,121,11.7,,https://harkins.com/ticketing/theatre/62/movie/HO00015981/session/327801/date/2026-09-27 11:00,harkins-api; sold_out=0,HARK,,,harkins-api
2026-09-25,harkins-2026-09-27T02:40Z,2026-09-27T02:40:55.466919+00:00,2026-09-27T02:00Z,2026-09-27,Sunday,Harkins Mountain Grove 16,Redlands,America/Los_Angeles,Forgotten Island,12:30,62:329371,1009,,,107,25,82,23.4,,https://harkins.com/ticketing/theatre/62/movie/HO00015981/session/329371/date/2026-09-27 12:30,harkins-api; sold_out=0,HARK,,,harkins-api
2026-09-25,harkins-2026-09-27T02:40Z,2026-09-27T02:40:55.466919+00:00,2026-09-27T02:00Z,2026-09-27,Sunday,Harkins Mountain Grove 16,Redlands,America/Los_Angeles,Forgotten Island,13:30,62:327802,1069,,,137,20,117,14.6,,https://harkins.com/ticketing/theatre/62/movie/HO00015981/session/327802/date/2026-09-27 13:30,harkins-api; sold_out=0,HARK,,,harkins-api
2026-09-25,harkins-2026-09-27T02:40Z,2026-09-27T02:40:55.466919+00:00,2026-09-27T02:00Z,2026-09-27,Sunday,Harkins Mountain Grove 16,Redlands,America/Los_Angeles,Forgotten Island,15:10,62:329372,1169,,,107,11,96,10.3,,https://harkins.com/ticketing/theatre/62/movie/HO00015981/session/329372/date/2026-09-27 15:10,harkins-api; sold_out=0,HARK,,,harkins-api
2026-09-25,harkins-2026-09-27T02:40Z,2026-09-27T02:40:55.466919+00:00,2026-09-27T02:00Z,2026-09-27,Sunday,Harkins Mountain Grove 16,Redlands,America/Los_Angeles,Forgotten Island,16:10,62:327803,1229,,,137,20,117,14.6,,https://harkins.com/ticketing/theatre/62/movie/HO00015981/session/327803/date/2026-09-27 16:10,harkins-api; sold_out=0,HARK,,,harkins-api
2026-09-25,harkins-2026-09-27T02:40Z,2026-09-27T02:40:55.466919+00:00,2026-09-27T02:00Z,2026-09-27,Sunday,Harkins Mountain Grove 16,Redlands,America/Los_Angeles,Forgotten Island,18:50,62:327804,1389,,,67,2,65,3.0,,https://harkins.com/ticketing/theatre/62/movie/HO00015981/session/327804/date/2026-09-27 18:50,harkins-api; sold_out=0,HARK,,,harkins-api
2026-09-25,harkins-2026-09-27T02:40Z,2026-09-27T02:40:55.466919+00:00,2026-09-27T02:00Z,2026-09-27,Sunday,Harkins Mountain Grove 16,Redlands,America/Los_Angeles,Forgotten Island,19:50,62:329353,1449,,,68,2,66,2.9,,https://harkins.com/ticketing/theatre/62/movie/HO00015981/session/329353/date/2026-09-27 19:50,harkins-api; sold_out=0,HARK,,,harkins-api
2026-09-25,harkins-2026-09-27T02:40Z,2026-09-27T02:40:55.466919+00:00,2026-09-27T02:00Z,2026-09-27,Sunday,Harkins Mountain Grove 16,Redlands,America/Los_Angeles,Forgotten Island,21:20,62:327805,1539,,,106,2,104,1.9,,https://harkins.com/ticketing/theatre/62/movie/HO00015981/session/327805/date/2026-09-27 21:20,harkins-api; sold_out=0,HARK,,,harkins-api
2026-09-25,harkins-2026-09-27T02:40Z,2026-09-27T02:40:55.466919+00:00,2026-09-27T02:00Z,2026-09-27,Sunday,Harkins Mountain Grove 16,Redlands,America/Los_Angeles,Forgotten Island,11:20,62:327828,939,,,106,14,92,13.2,,https://harkins.com/ticketing/theatre/62/movie/HO00016105/session/327828/date/2026-09-27 11:20,harkins-api; sold_out=0,HARK,,,harkins-api
2026-09-25,harkins-2026-09-27T02:40Z,2026-09-27T02:40:55.466919+00:00,2026-09-27T02:00Z,2026-09-27,Sunday,Harkins Mountain Grove 16,Redlands,America/Los_Angeles,Heart of the Beast,10:35,62:329365,894,,,108,31,77,28.7,,https://harkins.com/ticketing/theatre/62/movie/HO00016093/session/329365/date/2026-09-27 10:35,harkins-api; sold_out=0,HARK,,,harkins-api
2026-09-25,harkins-2026-09-27T02:40Z,2026-09-27T02:40:55.466919+00:00,2026-09-27T02:00Z,2026-09-27,Sunday,Harkins Mountain Grove 16,Redlands,America/Los_Angeles,Heart of the Beast,11:45,62:327202,964,,,134,28,106,20.9,,https://harkins.com/ticketing/theatre/62/movie/HO00016093/session/327202/date/2026-09-27 11:45,harkins-api; sold_out=0,HARK,,,harkins-api
2026-09-25,harkins-2026-09-27T02:40Z,2026-09-27T02:40:55.466919+00:00,2026-09-27T02:00Z,2026-09-27,Sunday,Harkins Mountain Grove 16,Redlands,America/Los_Angeles,Heart of the Beast,13:15,62:329366,1054,,,108,19,89,17.6,,https://harkins.com/ticketing/theatre/62/movie/HO00016093/session/329366/date/2026-09-27 13:15,harkins-api; sold_out=0,HARK,,,harkins-api
2026-09-25,harkins-2026-09-27T02:40Z,2026-09-27T02:40:55.466919+00:00,2026-09-27T02:00Z,2026-09-27,Sunday,Harkins Mountain Grove 16,Redlands,America/Los_Angeles,Heart of the Beast,14:15,62:327203,1114,,,134,43,91,32.1,,https://harkins.com/ticketing/theatre/62/movie/HO00016093/session/327203/date/2026-09-27 14:15,harkins-api; sold_out=0,HARK,,,harkins-api
2026-09-25,harkins-2026-09-27T02:40Z,2026-09-27T02:40:55.466919+00:00,2026-09-27T02:00Z,2026-09-27,Sunday,Harkins Mountain Grove 16,Redlands,America/Los_Angeles,Heart of the Beast,16:45,62:327204,1264,,,134,39,95,29.1,,https://harkins.com/ticketing/theatre/62/movie/HO00016093/session/327204/date/2026-09-27 16:45,harkins-api; sold_out=0,HARK,,,harkins-api
2026-09-25,harkins-2026-09-27T02:40Z,2026-09-27T02:40:55.466919+00:00,2026-09-27T02:00Z,2026-09-27,Sunday,Harkins Mountain Grove 16,Redlands,America/Los_Angeles,Heart of the Beast,17:50,62:329382,1329,,,107,5,102,4.7,,https://harkins.com/ticketing/theatre/62/movie/HO00016093/session/329382/date/2026-09-27 17:50,harkins-api; sold_out=0,HARK,,,harkins-api
2026-09-25,harkins-2026-09-27T02:40Z,2026-09-27T02:40:55.466919+00:00,2026-09-27T02:00Z,2026-09-27,Sunday,Harkins Mountain Grove 16,Redlands,America/Los_Angeles,Heart of the Beast,19:15,62:327205,1414,,,134,8,126,6.0,,https://harkins.com/ticketing/theatre/62/movie/HO00016093/session/327205/date/2026-09-27 19:15,harkins-api; sold_out=0,HARK,,,harkins-api
2026-09-25,harkins-2026-09-27T02:40Z,2026-09-27T02:40:55.466919+00:00,2026-09-27T02:00Z,2026-09-27,Sunday,Harkins Mountain Grove 16,Redlands,America/Los_Angeles,Heart of the Beast,20:25,62:329377,1484,,,107,4,103,3.7,,https://harkins.com/ticketing/theatre/62/movie/HO00016093/session/329377/date/2026-09-27 20:25,harkins-api; sold_out=0,HARK,,,harkins-api
2026-09-25,harkins-2026-09-27T02:40Z,2026-09-27T02:40:55.466919+00:00,2026-09-27T02:00Z,2026-09-27,Sunday,Harkins Mountain Grove 16,Redlands,America/Los_Angeles,Heart of the Beast,21:45,62:327206,1564,,,134,2,132,1.5,,https://harkins.com/ticketing/theatre/62/movie/HO00016093/session/327206/date/2026-09-27 21:45,harkins-api; sold_out=0,HARK,,,harkins-api
2026-09-25,harkins-2026-09-27T02:40Z,2026-09-27T02:40:55.466919+00:00,2026-09-27T02:00Z,2026-09-27,Sunday,Harkins Mountain Grove 16,Redlands,America/Los_Angeles,Heart of the Beast,22:35,62:329541,1614,,,68,2,66,2.9,,https://harkins.com/ticketing/theatre/62/movie/HO00016093/session/329541/date/2026-09-27 22:35,harkins-api; sold_out=0,HARK,,,harkins-api
2026-09-25,harkins-2026-09-27T02:40Z,2026-09-27T02:40:55.466919+00:00,2026-09-27T02:00Z,2026-09-27,Sunday,Harkins Mountain Grove 16,Redlands,America/Los_Angeles,Heart of the Beast,11:15,62:329332,934,,,426,21,405,4.9,,https://harkins.com/ticketing/theatre/62/movie/HO00016149/session/329332/date/2026-09-27 11:15,harkins-api; sold_out=0,HARK,,,harkins-api
2026-09-25,harkins-2026-09-27T02:40Z,2026-09-27T02:40:55.466919+00:00,2026-09-27T02:00Z,2026-09-27,Sunday,Harkins Mountain Grove 16,Redlands,America/Los_Angeles,Heart of the Beast,12:00,62:329729,979,,,225,17,208,7.6,,https://harkins.com/ticketing/theatre/62/movie/HO00016149/session/329729/date/2026-09-27 12:00,harkins-api; sold_out=0,HARK,,,harkins-api
2026-09-25,harkins-2026-09-27T02:40Z,2026-09-27T02:40:55.466919+00:00,2026-09-27T02:00Z,2026-09-27,Sunday,Harkins Mountain Grove 16,Redlands,America/Los_Angeles,Heart of the Beast,14:40,62:329734,1139,,,225,6,219,2.7,,https://harkins.com/ticketing/theatre/62/movie/HO00016149/session/329734/date/2026-09-27 14:40,harkins-api; sold_out=0,HARK,,,harkins-api
2026-09-25,harkins-2026-09-27T02:40Z,2026-09-27T02:40:55.466919+00:00,2026-09-27T02:00Z,2026-09-27,Sunday,Harkins Mountain Grove 16,Redlands,America/Los_Angeles,Heart of the Beast,17:15,62:329336,1294,,,225,37,188,16.4,,https://harkins.com/ticketing/theatre/62/movie/HO00016149/session/329336/date/2026-09-27 17:15,harkins-api; sold_out=0,HARK,,,harkins-api
2026-09-25,harkins-2026-09-27T02:40Z,2026-09-27T02:40:55.466919+00:00,2026-09-27T02:00Z,2026-09-26,Saturday,Harkins Arvada 14,Arvada,America/Denver,Forgotten Island,21:15,66:177018,34,,,164,11,153,6.7,,https://harkins.com/ticketing/theatre/66/movie/HO00015981/session/177018/date/2026-09-26 21:15,harkins-api; sold_out=0,HARK,,,harkins-api
2026-09-25,harkins-2026-09-27T02:40Z,2026-09-27T02:40:55.466919+00:00,2026-09-27T02:00Z,2026-09-26,Saturday,Harkins Arvada 14,Arvada,America/Denver,Heart of the Beast,21:30,66:176575,49,,,174,19,155,10.9,,https://harkins.com/ticketing/theatre/66/movie/HO00016093/session/176575/date/2026-09-26 21:30,harkins-api; sold_out=0,HARK,,,harkins-api
2026-09-25,harkins-2026-09-27T02:40Z,2026-09-27T02:40:55.466919+00:00,2026-09-27T02:00Z,2026-09-27,Sunday,Harkins Arvada 14,Arvada,America/Denver,Forgotten Island,11:00,66:177020,859,,,134,6,128,4.5,,https://harkins.com/ticketing/theatre/66/movie/HO00015981/session/177020/date/2026-09-27 11:00,harkins-api; sold_out=0,HARK,,,harkins-api
2026-09-25,harkins-2026-09-27T02:40Z,2026-09-27T02:40:55.466919+00:00,2026-09-27T02:00Z,2026-09-27,Sunday,Harkins Arvada 14,Arvada,America/Denver,Forgotten Island,12:00,66:177930,919,,,174,4,170,2.3,,https://harkins.com/ticketing/theatre/66/movie/HO00015981/session/177930/date/2026-09-27 12:00,harkins-api; sold_out=0,HARK,,,harkins-api
2026-09-25,harkins-2026-09-27T02:40Z,2026-09-27T02:40:55.466919+00:00,2026-09-27T02:00Z,2026-09-27,Sunday,Harkins Arvada 14,Arvada,America/Denver,Forgotten Island,13:45,66:177021,1024,,,134,30,104,22.4,,https://harkins.com/ticketing/theatre/66/movie/HO00015981/session/177021/date/2026-09-27 13:45,harkins-api; sold_out=0,HARK,,,harkins-api
2026-09-25,harkins-2026-09-27T02:40Z,2026-09-27T02:40:55.466919+00:00,2026-09-27T02:00Z,2026-09-27,Sunday,Harkins Arvada 14,Arvada,America/Denver,Forgotten Island,16:30,66:177023,1189,,,134,4,130,3.0,,https://harkins.com/ticketing/theatre/66/movie/HO00015981/session/177023/date/2026-09-27 16:30,harkins-api; sold_out=0,HARK,,,harkins-api
2026-09-25,harkins-2026-09-27T02:40Z,2026-09-27T02:40:55.466919+00:00,2026-09-27T02:00Z,2026-09-27,Sunday,Harkins Arvada 14,Arvada,America/Denver,Forgotten Island,19:15,66:177022,1354,,,134,4,130,3.0,,https://harkins.com/ticketing/theatre/66/movie/HO00015981/session/177022/date/2026-09-27 19:15,harkins-api; sold_out=0,HARK,,,harkins-api
2026-09-25,harkins-2026-09-27T02:40Z,2026-09-27T02:40:55.466919+00:00,2026-09-27T02:00Z,2026-09-27,Sunday,Harkins Arvada 14,Arvada,America/Denver,Forgotten Island,11:15,66:177019,874,,,134,4,130,3.0,,https://harkins.com/ticketing/theatre/66/movie/HO00016105/session/177019/date/2026-09-27 11:15,harkins-api; sold_out=0,HARK,,,harkins-api
2026-09-25,harkins-2026-09-27T02:40Z,2026-09-27T02:40:55.466919+00:00,2026-09-27T02:00Z,2026-09-27,Sunday,Harkins Arvada 14,Arvada,America/Denver,Heart of the Beast,12:30,66:176586,949,,,174,30,144,17.2,,https://harkins.com/ticketing/theatre/66/movie/HO00016093/session/176586/date/2026-09-27 12:30,harkins-api; sold_out=0,HARK,,,harkins-api
2026-09-25,harkins-2026-09-27T02:40Z,2026-09-27T02:40:55.466919+00:00,2026-09-27T02:00Z,2026-09-27,Sunday,Harkins Arvada 14,Arvada,America/Denver,Heart of the Beast,15:00,66:176587,1099,,,174,26,148,14.9,,https://harkins.com/ticketing/theatre/66/movie/HO00016093/session/176587/date/2026-09-27 15:00,harkins-api; sold_out=0,HARK,,,harkins-api
2026-09-25,harkins-2026-09-27T02:40Z,2026-09-27T02:40:55.466919+00:00,2026-09-27T02:00Z,2026-09-27,Sunday,Harkins Arvada 14,Arvada,America/Denver,Heart of the Beast,16:15,66:177909,1174,,,70,2,68,2.9,,https://harkins.com/ticketing/theatre/66/movie/HO00016093/session/177909/date/2026-09-27 16:15,harkins-api; sold_out=0,HARK,,,harkins-api
2026-09-25,harkins-2026-09-27T02:40Z,2026-09-27T02:40:55.466919+00:00,2026-09-27T02:00Z,2026-09-27,Sunday,Harkins Arvada 14,Arvada,America/Denver,Heart of the Beast,17:30,66:176590,1249,,,174,10,164,5.7,,https://harkins.com/ticketing/theatre/66/movie/HO00016093/session/176590/date/2026-09-27 17:30,harkins-api; sold_out=0,HARK,,,harkins-api
2026-09-25,harkins-2026-09-27T02:40Z,2026-09-27T02:40:55.466919+00:00,2026-09-27T02:00Z,2026-09-27,Sunday,Harkins Arvada 14,Arvada,America/Denver,Heart of the Beast,18:50,66:177910,1329,,,70,0,70,0.0,,https://harkins.com/ticketing/theatre/66/movie/HO00016093/session/177910/date/2026-09-27 18:50,harkins-api; sold_out=0,HARK,,,harkins-api
2026-09-25,harkins-2026-09-27T02:40Z,2026-09-27T02:40:55.466919+00:00,2026-09-27T02:00Z,2026-09-27,Sunday,Harkins Arvada 14,Arvada,America/Denver,Heart of the Beast,20:00,66:176589,1399,,,174,6,168,3.4,,https://harkins.com/ticketing/theatre/66/movie/HO00016093/session/176589/date/2026-09-27 20:00,harkins-api; sold_out=0,HARK,,,harkins-api
2026-09-25,harkins-2026-09-27T02:40Z,2026-09-27T02:40:55.466919+00:00,2026-09-27T02:00Z,2026-09-26,Saturday,Harkins Northfield 18,Denver,America/Denver,Heart of the Beast,21:30,29:453203,49,,,115,17,98,14.8,,https://harkins.com/ticketing/theatre/29/movie/HO00016093/session/453203/date/2026-09-26 21:30,harkins-api; sold_out=0,HARK,,,harkins-api
2026-09-25,harkins-2026-09-27T02:40Z,2026-09-27T02:40:55.466919+00:00,2026-09-27T02:00Z,2026-09-27,Sunday,Harkins Northfield 18,Denver,America/Denver,Forgotten Island,14:30,29:453855,1069,,,115,9,106,7.8,,https://harkins.com/ticketing/theatre/29/movie/HO00015981/session/453855/date/2026-09-27 14:30,harkins-api; sold_out=0,HARK,,,harkins-api
2026-09-25,harkins-2026-09-27T02:40Z,2026-09-27T02:40:55.466919+00:00,2026-09-27T02:00Z,2026-09-27,Sunday,Harkins Northfield 18,Denver,America/Denver,Forgotten Island,16:35,29:455103,1194,,,154,10,144,6.5,,https://harkins.com/ticketing/theatre/29/movie/HO00015981/session/455103/date/2026-09-27 16:35,harkins-api; sold_out=0,HARK,,,harkins-api
2026-09-25,harkins-2026-09-27T02:40Z,2026-09-27T02:40:55.466919+00:00,2026-09-27T02:00Z,2026-09-27,Sunday,Harkins Northfield 18,Denver,America/Denver,Forgotten Island,17:15,29:453856,1234,,,115,2,113,1.7,,https://harkins.com/ticketing/theatre/29/movie/HO00015981/session/453856/date/2026-09-27 17:15,harkins-api; sold_out=0,HARK,,,harkins-api
2026-09-25,harkins-2026-09-27T02:40Z,2026-09-27T02:40:55.466919+00:00,2026-09-27T02:00Z,2026-09-27,Sunday,Harkins Northfield 18,Denver,America/Denver,Forgotten Island,20:00,29:453857,1399,,,115,2,113,1.7,,https://harkins.com/ticketing/theatre/29/movie/HO00015981/session/453857/date/2026-09-27 20:00,harkins-api; sold_out=0,HARK,,,harkins-api
2026-09-25,harkins-2026-09-27T02:40Z,2026-09-27T02:40:55.466919+00:00,2026-09-27T02:00Z,2026-09-27,Sunday,Harkins Northfield 18,Denver,America/Denver,Forgotten Island,11:15,29:455083,874,,,234,13,221,5.6,,https://harkins.com/ticketing/theatre/29/movie/HO00016111/session/455083/date/2026-09-27 11:15,harkins-api; sold_out=0,HARK,,,harkins-api
2026-09-25,harkins-2026-09-27T02:40Z,2026-09-27T02:40:55.466919+00:00,2026-09-27T02:00Z,2026-09-27,Sunday,Harkins Northfield 18,Denver,America/Denver,Forgotten Island,14:05,29:455084,1044,,,234,15,219,6.4,,https://harkins.com/ticketing/theatre/29/movie/HO00016111/session/455084/date/2026-09-27 14:05,harkins-api; sold_out=0,HARK,,,harkins-api
2026-09-25,harkins-2026-09-27T02:40Z,2026-09-27T02:40:55.466919+00:00,2026-09-27T02:00Z,2026-09-27,Sunday,Harkins Northfield 18,Denver,America/Denver,Forgotten Island,11:30,29:453876,889,,,154,6,148,3.9,,https://harkins.com/ticketing/theatre/29/movie/HO00016105/session/453876/date/2026-09-27 11:30,harkins-api; sold_out=0,HARK,,,harkins-api
2026-09-25,harkins-2026-09-27T02:40Z,2026-09-27T02:40:55.466919+00:00,2026-09-27T02:00Z,2026-09-27,Sunday,Harkins Northfield 18,Denver,America/Denver,Heart of the Beast,11:30,29:453204,889,,,115,15,100,13.0,,https://harkins.com/ticketing/theatre/29/movie/HO00016093/session/453204/date/2026-09-27 11:30,harkins-api; sold_out=0,HARK,,,harkins-api
2026-09-25,harkins-2026-09-27T02:40Z,2026-09-27T02:40:55.466919+00:00,2026-09-27T02:00Z,2026-09-27,Sunday,Harkins Northfield 18,Denver,America/Denver,Heart of the Beast,12:45,29:455126,964,,,154,5,149,3.2,,https://harkins.com/ticketing/theatre/29/movie/HO00016093/session/455126/date/2026-09-27 12:45,harkins-api; sold_out=0,HARK,,,harkins-api
2026-09-25,harkins-2026-09-27T02:40Z,2026-09-27T02:40:55.466919+00:00,2026-09-27T02:00Z,2026-09-27,Sunday,Harkins Northfield 18,Denver,America/Denver,Heart of the Beast,14:00,29:453205,1039,,,115,6,109,5.2,,https://harkins.com/ticketing/theatre/29/movie/HO00016093/session/453205/date/2026-09-27 14:00,harkins-api; sold_out=0,HARK,,,harkins-api
2026-09-25,harkins-2026-09-27T02:40Z,2026-09-27T02:40:55.466919+00:00,2026-09-27T02:00Z,2026-09-27,Sunday,Harkins Northfield 18,Denver,America/Denver,Heart of the Beast,15:15,29:455127,1114,,,154,7,147,4.5,,https://harkins.com/ticketing/theatre/29/movie/HO00016093/session/455127/date/2026-09-27 15:15,harkins-api; sold_out=0,HARK,,,harkins-api
2026-09-25,harkins-2026-09-27T02:40Z,2026-09-27T02:40:55.466919+00:00,2026-09-27T02:00Z,2026-09-27,Sunday,Harkins Northfield 18,Denver,America/Denver,Heart of the Beast,16:30,29:453206,1189,,,115,2,113,1.7,,https://harkins.com/ticketing/theatre/29/movie/HO00016093/session/453206/date/2026-09-27 16:30,harkins-api; sold_out=0,HARK,,,harkins-api
2026-09-25,harkins-2026-09-27T02:40Z,2026-09-27T02:40:55.466919+00:00,2026-09-27T02:00Z,2026-09-27,Sunday,Harkins Northfield 18,Denver,America/Denver,Heart of the Beast,17:45,29:455128,1264,,,154,2,152,1.3,,https://harkins.com/ticketing/theatre/29/movie/HO00016093/session/455128/date/2026-09-27 17:45,harkins-api; sold_out=0,HARK,,,harkins-api
2026-09-25,harkins-2026-09-27T02:40Z,2026-09-27T02:40:55.466919+00:00,2026-09-27T02:00Z,2026-09-27,Sunday,Harkins Northfield 18,Denver,America/Denver,Heart of the Beast,19:00,29:453207,1339,,,115,4,111,3.5,,https://harkins.com/ticketing/theatre/29/movie/HO00016093/session/453207/date/2026-09-27 19:00,harkins-api; sold_out=0,HARK,,,harkins-api
2026-09-25,harkins-2026-09-27T02:40Z,2026-09-27T02:40:55.466919+00:00,2026-09-27T02:00Z,2026-09-27,Sunday,Harkins Northfield 18,Denver,America/Denver,Heart of the Beast,20:15,29:455129,1414,,,154,2,152,1.3,,https://harkins.com/ticketing/theatre/29/movie/HO00016093/session/455129/date/2026-09-27 20:15,harkins-api; sold_out=0,HARK,,,harkins-api
2026-09-25,harkins-2026-09-27T02:40Z,2026-09-27T02:40:55.466919+00:00,2026-09-27T02:00Z,2026-09-27,Sunday,Harkins Northfield 18,Denver,America/Denver,Heart of the Beast,21:30,29:453208,1489,,,115,2,113,1.7,,https://harkins.com/ticketing/theatre/29/movie/HO00016093/session/453208/date/2026-09-27 21:30,harkins-api; sold_out=0,HARK,,,harkins-api
2026-09-25,harkins-2026-09-27T02:40Z,2026-09-27T02:40:55.466919+00:00,2026-09-27T02:00Z,2026-09-27,Sunday,Harkins Northfield 18,Denver,America/Denver,Heart of the Beast,11:00,29:455065,859,,,297,14,283,4.7,,https://harkins.com/ticketing/theatre/29/movie/HO00016149/session/455065/date/2026-09-27 11:00,harkins-api; sold_out=0,HARK,,,harkins-api
2026-09-25,harkins-2026-09-27T02:40Z,2026-09-27T02:40:55.466919+00:00,2026-09-27T02:00Z,2026-09-27,Sunday,Harkins Northfield 18,Denver,America/Denver,Heart of the Beast,16:45,29:455085,1204,,,234,4,230,1.7,,https://harkins.com/ticketing/theatre/29/movie/HO00016149/session/455085/date/2026-09-27 16:45,harkins-api; sold_out=0,HARK,,,harkins-api
2026-09-25,harkins-2026-09-27T02:40Z,2026-09-27T02:40:55.466919+00:00,2026-09-27T02:00Z,2026-09-26,Saturday,Harkins Bricktown 16,Oklahoma City,America/Chicago,Heart of the Beast,22:10,27:393811,29,,,201,4,197,2.0,,https://harkins.com/ticketing/theatre/27/movie/HO00016093/session/393811/date/2026-09-26 22:10,harkins-api; sold_out=0,HARK,,,harkins-api
2026-09-25,harkins-2026-09-27T02:40Z,2026-09-27T02:40:55.466919+00:00,2026-09-27T02:00Z,2026-09-27,Sunday,Harkins Bricktown 16,Oklahoma City,America/Chicago,Forgotten Island,12:20,27:393876,879,,,121,6,115,5.0,,https://harkins.com/ticketing/theatre/27/movie/HO00015981/session/393876/date/2026-09-27 12:20,harkins-api; sold_out=0,HARK,,,harkins-api
2026-09-25,harkins-2026-09-27T02:40Z,2026-09-27T02:40:55.466919+00:00,2026-09-27T02:00Z,2026-09-27,Sunday,Harkins Bricktown 16,Oklahoma City,America/Chicago,Forgotten Island,12:40,27:393868,899,,,270,2,268,0.7,,https://harkins.com/ticketing/theatre/27/movie/HO00015981/session/393868/date/2026-09-27 12:40,harkins-api; sold_out=0,HARK,,,harkins-api
2026-09-25,harkins-2026-09-27T02:40Z,2026-09-27T02:40:55.466919+00:00,2026-09-27T02:00Z,2026-09-27,Sunday,Harkins Bricktown 16,Oklahoma City,America/Chicago,Forgotten Island,14:00,27:392563,979,,,201,2,199,1.0,,https://harkins.com/ticketing/theatre/27/movie/HO00015981/session/392563/date/2026-09-27 14:00,harkins-api; sold_out=0,HARK,,,harkins-api
2026-09-25,harkins-2026-09-27T02:40Z,2026-09-27T02:40:55.466919+00:00,2026-09-27T02:00Z,2026-09-27,Sunday,Harkins Bricktown 16,Oklahoma City,America/Chicago,Forgotten Island,16:35,27:392564,1134,,,201,2,199,1.0,,https://harkins.com/ticketing/theatre/27/movie/HO00015981/session/392564/date/2026-09-27 16:35,harkins-api; sold_out=0,HARK,,,harkins-api
2026-09-25,harkins-2026-09-27T02:40Z,2026-09-27T02:40:55.466919+00:00,2026-09-27T02:00Z,2026-09-27,Sunday,Harkins Bricktown 16,Oklahoma City,America/Chicago,Forgotten Island,19:10,27:392565,1289,,,201,2,199,1.0,,https://harkins.com/ticketing/theatre/27/movie/HO00015981/session/392565/date/2026-09-27 19:10,harkins-api; sold_out=0,HARK,,,harkins-api
2026-09-25,harkins-2026-09-27T02:40Z,2026-09-27T02:40:55.466919+00:00,2026-09-27T02:00Z,2026-09-27,Sunday,Harkins Bricktown 16,Oklahoma City,America/Chicago,Forgotten Island,20:15,27:393839,1354,,,121,2,119,1.7,,https://harkins.com/ticketing/theatre/27/movie/HO00015981/session/393839/date/2026-09-27 20:15,harkins-api; sold_out=0,HARK,,,harkins-api
2026-09-25,harkins-2026-09-27T02:40Z,2026-09-27T02:40:55.466919+00:00,2026-09-27T02:00Z,2026-09-27,Sunday,Harkins Bricktown 16,Oklahoma City,America/Chicago,Forgotten Island,11:30,27:393879,829,,,591,4,587,0.7,,https://harkins.com/ticketing/theatre/27/movie/HO00016111/session/393879/date/2026-09-27 11:30,harkins-api; sold_out=0,HARK,,,harkins-api
2026-09-25,harkins-2026-09-27T02:40Z,2026-09-27T02:40:55.466919+00:00,2026-09-27T02:00Z,2026-09-27,Sunday,Harkins Bricktown 16,Oklahoma City,America/Chicago,Forgotten Island,15:00,27:392567,1039,,,121,4,117,3.3,,https://harkins.com/ticketing/theatre/27/movie/HO00016105/session/392567/date/2026-09-27 15:00,harkins-api; sold_out=0,HARK,,,harkins-api
2026-09-25,harkins-2026-09-27T02:40Z,2026-09-27T02:40:55.466919+00:00,2026-09-27T02:00Z,2026-09-27,Sunday,Harkins Bricktown 16,Oklahoma City,America/Chicago,Heart of the Beast,11:40,27:393871,839,,,270,6,264,2.2,,https://harkins.com/ticketing/theatre/27/movie/HO00016093/session/393871/date/2026-09-27 11:40,harkins-api; sold_out=0,HARK,,,harkins-api
2026-09-25,harkins-2026-09-27T02:40Z,2026-09-27T02:40:55.466919+00:00,2026-09-27T02:00Z,2026-09-27,Sunday,Harkins Bricktown 16,Oklahoma City,America/Chicago,Heart of the Beast,14:05,27:392011,984,,,270,8,262,3.0,,https://harkins.com/ticketing/theatre/27/movie/HO00016093/session/392011/date/2026-09-27 14:05,harkins-api; sold_out=0,HARK,,,harkins-api
2026-09-25,harkins-2026-09-27T02:40Z,2026-09-27T02:40:55.466919+00:00,2026-09-27T02:00Z,2026-09-27,Sunday,Harkins Bricktown 16,Oklahoma City,America/Chicago,Heart of the Beast,14:55,27:393833,1034,,,201,2,199,1.0,,https://harkins.com/ticketing/theatre/27/movie/HO00016093/session/393833/date/2026-09-27 14:55,harkins-api; sold_out=0,HARK,,,harkins-api
2026-09-25,harkins-2026-09-27T02:40Z,2026-09-27T02:40:55.466919+00:00,2026-09-27T02:00Z,2026-09-27,Sunday,Harkins Bricktown 16,Oklahoma City,America/Chicago,Heart of the Beast,16:30,27:392013,1129,,,270,2,268,0.7,,https://harkins.com/ticketing/theatre/27/movie/HO00016093/session/392013/date/2026-09-27 16:30,harkins-api; sold_out=0,HARK,,,harkins-api
2026-09-25,harkins-2026-09-27T02:40Z,2026-09-27T02:40:55.466919+00:00,2026-09-27T02:00Z,2026-09-27,Sunday,Harkins Bricktown 16,Oklahoma City,America/Chicago,Heart of the Beast,17:20,27:393842,1179,,,270,2,268,0.7,,https://harkins.com/ticketing/theatre/27/movie/HO00016093/session/393842/date/2026-09-27 17:20,harkins-api; sold_out=0,HARK,,,harkins-api
2026-09-25,harkins-2026-09-27T02:40Z,2026-09-27T02:40:55.466919+00:00,2026-09-27T02:00Z,2026-09-27,Sunday,Harkins Bricktown 16,Oklahoma City,America/Chicago,Heart of the Beast,19:00,27:392012,1279,,,270,2,268,0.7,,https://harkins.com/ticketing/theatre/27/movie/HO00016093/session/392012/date/2026-09-27 19:00,harkins-api; sold_out=0,HARK,,,harkins-api
2026-09-25,harkins-2026-09-27T02:40Z,2026-09-27T02:40:55.466919+00:00,2026-09-27T02:00Z,2026-09-27,Sunday,Harkins Bricktown 16,Oklahoma City,America/Chicago,Heart of the Beast,19:45,27:393838,1324,,,270,2,268,0.7,,https://harkins.com/ticketing/theatre/27/movie/HO00016093/session/393838/date/2026-09-27 19:45,harkins-api; sold_out=0,HARK,,,harkins-api
2026-09-25,harkins-2026-09-27T02:40Z,2026-09-27T02:40:55.466919+00:00,2026-09-27T02:00Z,2026-09-27,Sunday,Harkins Bricktown 16,Oklahoma City,America/Chicago,Heart of the Beast,21:30,27:392014,1429,,,270,2,268,0.7,,https://harkins.com/ticketing/theatre/27/movie/HO00016093/session/392014/date/2026-09-27 21:30,harkins-api; sold_out=0,HARK,,,harkins-api
2026-09-25,harkins-2026-09-27T02:40Z,2026-09-27T02:40:55.466919+00:00,2026-09-27T02:00Z,2026-09-27,Sunday,Harkins Bricktown 16,Oklahoma City,America/Chicago,Heart of the Beast,22:10,27:393997,1469,,,270,2,268,0.7,,https://harkins.com/ticketing/theatre/27/movie/HO00016093/session/393997/date/2026-09-27 22:10,harkins-api; sold_out=0,HARK,,,harkins-api
2026-09-25,harkins-2026-09-27T03:41Z,2026-09-27T03:41:10.542627+00:00,2026-09-27T03:00Z,2026-09-27,Sunday,Harkins Arizona Mills 18 w/ IMAX,Tempe,America/Phoenix,Forgotten Island,19:15,16:574595,0,,,101,2,99,2.0,0,https://harkins.com/ticketing/theatre/16/movie/HO00015981/session/574595/date/2026-09-27 19:15,harkins-api; post-show-census; sold_out=0,HARK,,,post-show-census
2026-09-25,harkins-2026-09-27T03:41Z,2026-09-27T03:41:10.542627+00:00,2026-09-27T03:00Z,2026-09-27,Sunday,Harkins Arizona Mills 18 w/ IMAX,Tempe,America/Phoenix,Heart of the Beast,19:35,16:573974,0,,,145,2,143,1.4,0,https://harkins.com/ticketing/theatre/16/movie/HO00016093/session/573974/date/2026-09-27 19:35,harkins-api; post-show-census; sold_out=0,HARK,,,post-show-census
2026-09-25,harkins-2026-09-27T03:41Z,2026-09-27T03:41:10.542627+00:00,2026-09-27T03:00Z,2026-09-27,Sunday,Harkins Arrowhead Fountains 18,Peoria,America/Phoenix,Heart of the Beast,20:30,22:496079,0,,,153,0,153,0.0,0,https://harkins.com/ticketing/theatre/22/movie/HO00016093/session/496079/date/2026-09-27 20:30,harkins-api; post-show-census; sold_out=0,HARK,,,post-show-census
2026-09-25,harkins-2026-09-27T03:41Z,2026-09-27T03:41:10.542627+00:00,2026-09-27T03:00Z,2026-09-27,Sunday,Harkins Camelview at Fashion Sq.,Scottsdale,America/Phoenix,Forgotten Island,19:30,61:321167,0,,,174,2,172,1.1,0,https://harkins.com/ticketing/theatre/61/movie/HO00015981/session/321167/date/2026-09-27 19:30,harkins-api; post-show-census; sold_out=0,HARK,,,post-show-census
2026-09-25,harkins-2026-09-27T03:41Z,2026-09-27T03:41:10.542627+00:00,2026-09-27T03:00Z,2026-09-27,Sunday,Harkins Camelview at Fashion Sq.,Scottsdale,America/Phoenix,Heart of the Beast,19:35,61:322478,0,,,173,2,171,1.2,0,https://harkins.com/ticketing/theatre/61/movie/HO00016093/session/322478/date/2026-09-27 19:35,harkins-api; post-show-census; sold_out=0,HARK,,,post-show-census
2026-09-25,harkins-2026-09-27T03:41Z,2026-09-27T03:41:10.542627+00:00,2026-09-27T03:00Z,2026-09-27,Sunday,Harkins Camelview at Fashion Sq.,Scottsdale,America/Phoenix,Heart of the Beast,19:55,61:322479,0,,,91,0,91,0.0,0,https://harkins.com/ticketing/theatre/61/movie/HO00016093/session/322479/date/2026-09-27 19:55,harkins-api; post-show-census; sold_out=0,HARK,,,post-show-census
2026-09-25,harkins-2026-09-27T03:41Z,2026-09-27T03:41:10.542627+00:00,2026-09-27T03:00Z,2026-09-26,Saturday,Harkins Chandler Crossroads 12,Chandler,America/Phoenix,Heart of the Beast,20:30,34:346676,0,,,206,20,186,9.7,14,https://harkins.com/ticketing/theatre/34/movie/HO00016093/session/346676/date/2026-09-26 20:30,harkins-api; post-show-census; sold_out=0,HARK,,,post-show-census
2026-09-25,harkins-2026-09-27T03:41Z,2026-09-27T03:41:10.542627+00:00,2026-09-27T03:00Z,2026-09-27,Sunday,Harkins Chandler Crossroads 12,Chandler,America/Phoenix,Forgotten Island,19:25,34:347107,0,,,117,0,117,0.0,0,https://harkins.com/ticketing/theatre/34/movie/HO00015981/session/347107/date/2026-09-27 19:25,harkins-api; post-show-census; sold_out=0,HARK,,,post-show-census
2026-09-25,harkins-2026-09-27T03:41Z,2026-09-27T03:41:10.542627+00:00,2026-09-27T03:00Z,2026-09-27,Sunday,Harkins Chandler Crossroads 12,Chandler,America/Phoenix,Heart of the Beast,20:05,34:346680,0,,,265,2,263,0.8,0,https://harkins.com/ticketing/theatre/34/movie/HO00016093/session/346680/date/2026-09-27 20:05,harkins-api; post-show-census; sold_out=0,HARK,,,post-show-census
2026-09-25,harkins-2026-09-27T03:41Z,2026-09-27T03:41:10.542627+00:00,2026-09-27T03:00Z,2026-09-27,Sunday,Harkins Chandler Fashion 20,Chandler,America/Phoenix,Forgotten Island,19:20,10:559827,0,,,55,0,55,0.0,0,https://harkins.com/ticketing/theatre/10/movie/HO00015981/session/559827/date/2026-09-27 19:20,harkins-api; post-show-census; sold_out=0,HARK,,,post-show-census
2026-09-25,harkins-2026-09-27T03:41Z,2026-09-27T03:41:10.542627+00:00,2026-09-27T03:00Z,2026-09-27,Sunday,Harkins Chandler Fashion 20,Chandler,America/Phoenix,Forgotten Island,19:40,10:559789,0,,,112,2,110,1.8,0,https://harkins.com/ticketing/theatre/10/movie/HO00015981/session/559789/date/2026-09-27 19:40,harkins-api; post-show-census; sold_out=0,HARK,,,post-show-census
2026-09-25,harkins-2026-09-27T03:41Z,2026-09-27T03:41:10.542627+00:00,2026-09-27T03:00Z,2026-09-27,Sunday,Harkins Chandler Fashion 20,Chandler,America/Phoenix,Heart of the Beast,19:40,10:559823,0,,,115,2,113,1.7,0,https://harkins.com/ticketing/theatre/10/movie/HO00016093/session/559823/date/2026-09-27 19:40,harkins-api; post-show-census; sold_out=0,HARK,,,post-show-census
2026-09-25,harkins-2026-09-27T03:41Z,2026-09-27T03:41:10.542627+00:00,2026-09-27T03:00Z,2026-09-27,Sunday,Harkins Christown 14,Phoenix,America/Phoenix,Heart of the Beast,20:10,36:391915,0,,,119,0,119,0.0,0,https://harkins.com/ticketing/theatre/36/movie/HO00016093/session/391915/date/2026-09-27 20:10,harkins-api; post-show-census; sold_out=0,HARK,,,post-show-census
2026-09-25,harkins-2026-09-27T03:41Z,2026-09-27T03:41:10.542627+00:00,2026-09-27T03:00Z,2026-09-26,Saturday,Harkins Estrella Falls 16,Goodyear,America/Phoenix,Heart of the Beast,20:20,64:324028,0,,,68,36,32,52.9,-4,https://harkins.com/ticketing/theatre/64/movie/HO00016093/session/324028/date/2026-09-26 20:20,harkins-api; post-show-census; sold_out=0,HARK,,,post-show-census
2026-09-25,harkins-2026-09-27T03:41Z,2026-09-27T03:41:10.542627+00:00,2026-09-27T03:00Z,2026-09-27,Sunday,Harkins Estrella Falls 16,Goodyear,America/Phoenix,Heart of the Beast,20:30,64:323808,0,,,137,2,135,1.5,0,https://harkins.com/ticketing/theatre/64/movie/HO00016093/session/323808/date/2026-09-27 20:30,harkins-api; post-show-census; sold_out=0,HARK,,,post-show-census
2026-09-25,harkins-2026-09-27T03:41Z,2026-09-27T03:41:10.542627+00:00,2026-09-27T03:00Z,2026-09-26,Saturday,Harkins Gateway Pavilions 18,Avondale,America/Phoenix,Heart of the Beast,20:35,23:506932,0,,,198,50,148,25.3,25,https://harkins.com/ticketing/theatre/23/movie/HO00016093/session/506932/date/2026-09-26 20:35,harkins-api; post-show-census; sold_out=0,HARK,,,post-show-census
2026-09-25,harkins-2026-09-27T03:41Z,2026-09-27T03:41:10.542627+00:00,2026-09-27T03:00Z,2026-09-27,Sunday,Harkins Gateway Pavilions 18,Avondale,America/Phoenix,Forgotten Island,19:50,23:507008,0,,,273,0,273,0.0,0,https://harkins.com/ticketing/theatre/23/movie/HO00015981/session/507008/date/2026-09-27 19:50,harkins-api; post-show-census; sold_out=0,HARK,,,post-show-census
2026-09-25,harkins-2026-09-27T03:41Z,2026-09-27T03:41:10.542627+00:00,2026-09-27T03:00Z,2026-09-27,Sunday,Harkins Gateway Pavilions 18,Avondale,America/Phoenix,Heart of the Beast,19:25,23:507000,0,,,273,0,273,0.0,0,https://harkins.com/ticketing/theatre/23/movie/HO00016093/session/507000/date/2026-09-27 19:25,harkins-api; post-show-census; sold_out=0,HARK,,,post-show-census
2026-09-25,harkins-2026-09-27T03:41Z,2026-09-27T03:41:10.542627+00:00,2026-09-27T03:00Z,2026-09-27,Sunday,Harkins Gateway Pavilions 18,Avondale,America/Phoenix,Heart of the Beast,20:35,23:506996,0,,,198,0,198,0.0,0,https://harkins.com/ticketing/theatre/23/movie/HO00016093/session/506996/date/2026-09-27 20:35,harkins-api; post-show-census; sold_out=0,HARK,,,post-show-census
2026-09-25,harkins-2026-09-27T03:41Z,2026-09-27T03:41:10.542627+00:00,2026-09-27T03:00Z,2026-09-26,Saturday,Harkins Lake Pleasant 9,Peoria,America/Phoenix,Heart of the Beast,20:20,67:49222,0,,,110,71,39,64.5,0,https://harkins.com/ticketing/theatre/67/movie/HO00016093/session/49222/date/2026-09-26 20:20,harkins-api; post-show-census; sold_out=0,HARK,,,post-show-census
2026-09-25,harkins-2026-09-27T03:41Z,2026-09-27T03:41:10.542627+00:00,2026-09-27T03:00Z,2026-09-27,Sunday,Harkins Lake Pleasant 9,Peoria,America/Phoenix,Heart of the Beast,19:50,67:49249,0,,,110,4,106,3.6,0,https://harkins.com/ticketing/theatre/67/movie/HO00016093/session/49249/date/2026-09-27 19:50,harkins-api; post-show-census; sold_out=0,HARK,,,post-show-census
2026-09-25,harkins-2026-09-27T03:41Z,2026-09-27T03:41:10.542627+00:00,2026-09-27T03:00Z,2026-09-27,Sunday,Harkins Norterra 14,Phoenix,America/Phoenix,Heart of the Beast,19:20,39:415769,0,,,126,2,124,1.6,0,https://harkins.com/ticketing/theatre/39/movie/HO00016093/session/415769/date/2026-09-27 19:20,harkins-api; post-show-census; sold_out=0,HARK,,,post-show-census
2026-09-25,harkins-2026-09-27T03:41Z,2026-09-27T03:41:10.542627+00:00,2026-09-27T03:00Z,2026-09-27,Sunday,Harkins Park West 14,Peoria,America/Phoenix,Heart of the Beast,19:50,37:456643,0,,,135,0,135,0.0,0,https://harkins.com/ticketing/theatre/37/movie/HO00016093/session/456643/date/2026-09-27 19:50,harkins-api; post-show-census; sold_out=0,HARK,,,post-show-census
2026-09-25,harkins-2026-09-27T03:41Z,2026-09-27T03:41:10.542627+00:00,2026-09-27T03:00Z,2026-09-26,Saturday,Harkins Queen Creek 14,Queen Creek,America/Phoenix,Forgotten Island,20:40,60:341098,0,,,272,4,268,1.5,0,https://harkins.com/ticketing/theatre/60/movie/HO00015981/session/341098/date/2026-09-26 20:40,harkins-api; post-show-census; sold_out=0,HARK,,,post-show-census
2026-09-25,harkins-2026-09-27T03:41Z,2026-09-27T03:41:10.542627+00:00,2026-09-27T03:00Z,2026-09-26,Saturday,Harkins Queen Creek 14,Queen Creek,America/Phoenix,Heart of the Beast,19:55,60:341090,0,,,272,67,205,24.6,2,https://harkins.com/ticketing/theatre/60/movie/HO00016093/session/341090/date/2026-09-26 19:55,harkins-api; post-show-census; sold_out=0,HARK,,,post-show-census
2026-09-25,harkins-2026-09-27T03:41Z,2026-09-27T03:41:10.542627+00:00,2026-09-27T03:00Z,2026-09-27,Sunday,Harkins Queen Creek 14,Queen Creek,America/Phoenix,Forgotten Island,19:30,60:341210,0,,,130,2,128,1.5,0,https://harkins.com/ticketing/theatre/60/movie/HO00015981/session/341210/date/2026-09-27 19:30,harkins-api; post-show-census; sold_out=0,HARK,,,post-show-census
2026-09-25,harkins-2026-09-27T03:41Z,2026-09-27T03:41:10.542627+00:00,2026-09-27T03:00Z,2026-09-27,Sunday,Harkins Queen Creek 14,Queen Creek,America/Phoenix,Heart of the Beast,19:35,60:341205,0,,,272,4,268,1.5,0,https://harkins.com/ticketing/theatre/60/movie/HO00016093/session/341205/date/2026-09-27 19:35,harkins-api; post-show-census; sold_out=0,HARK,,,post-show-census
2026-09-25,harkins-2026-09-27T03:41Z,2026-09-27T03:41:10.542627+00:00,2026-09-27T03:00Z,2026-09-26,Saturday,Harkins SanTan Village 16,Gilbert,America/Phoenix,Heart of the Beast,20:30,33:476076,0,,,153,97,56,63.4,9,https://harkins.com/ticketing/theatre/33/movie/HO00016093/session/476076/date/2026-09-26 20:30,harkins-api; post-show-census; sold_out=0,HARK,,,post-show-census
2026-09-25,harkins-2026-09-27T03:41Z,2026-09-27T03:41:10.542627+00:00,2026-09-27T03:00Z,2026-09-27,Sunday,Harkins SanTan Village 16,Gilbert,America/Phoenix,Heart of the Beast,20:30,33:476113,0,,,153,2,151,1.3,0,https://harkins.com/ticketing/theatre/33/movie/HO00016093/session/476113/date/2026-09-27 20:30,harkins-api; post-show-census; sold_out=0,HARK,,,post-show-census
2026-09-25,harkins-2026-09-27T03:41Z,2026-09-27T03:41:10.542627+00:00,2026-09-27T03:00Z,2026-09-27,Sunday,Harkins Scottsdale 101 14,Phoenix,America/Phoenix,Heart of the Beast,19:40,26:399876,0,,,100,13,87,13.0,0,https://harkins.com/ticketing/theatre/26/movie/HO00016093/session/399876/date/2026-09-27 19:40,harkins-api; post-show-census; sold_out=0,HARK,,,post-show-census
2026-09-25,harkins-2026-09-27T03:41Z,2026-09-27T03:41:10.542627+00:00,2026-09-27T03:00Z,2026-09-27,Sunday,Harkins Scottsdale 101 14,Phoenix,America/Phoenix,Heart of the Beast,20:00,26:399839,0,,,69,2,67,2.9,0,https://harkins.com/ticketing/theatre/26/movie/HO00016093/session/399839/date/2026-09-27 20:00,harkins-api; post-show-census; sold_out=0,HARK,,,post-show-census
2026-09-25,harkins-2026-09-27T03:41Z,2026-09-27T03:41:10.542627+00:00,2026-09-27T03:00Z,2026-09-26,Saturday,Harkins Shea 14,Scottsdale,America/Phoenix,Heart of the Beast,20:30,12:374720,0,,,280,14,266,5.0,14,https://harkins.com/ticketing/theatre/12/movie/HO00016093/session/374720/date/2026-09-26 20:30,harkins-api; post-show-census; sold_out=0,HARK,,,post-show-census
2026-09-25,harkins-2026-09-27T03:41Z,2026-09-27T03:41:10.542627+00:00,2026-09-27T03:00Z,2026-09-27,Sunday,Harkins Superstition Springs 25,Mesa,America/Phoenix,Forgotten Island,19:50,15:595784,0,,,226,2,224,0.9,0,https://harkins.com/ticketing/theatre/15/movie/HO00015981/session/595784/date/2026-09-27 19:50,harkins-api; post-show-census; sold_out=0,HARK,,,post-show-census
2026-09-25,harkins-2026-09-27T03:41Z,2026-09-27T03:41:10.542627+00:00,2026-09-27T03:00Z,2026-09-27,Sunday,Harkins Superstition Springs 25,Mesa,America/Phoenix,Heart of the Beast,20:10,15:597089,0,,,226,2,224,0.9,0,https://harkins.com/ticketing/theatre/15/movie/HO00016093/session/597089/date/2026-09-27 20:10,harkins-api; post-show-census; sold_out=0,HARK,,,post-show-census
2026-09-25,harkins-2026-09-27T03:41Z,2026-09-27T03:41:10.542627+00:00,2026-09-27T03:00Z,2026-09-27,Sunday,Harkins Tempe Marketplace 16,Tempe,America/Phoenix,Forgotten Island,19:50,35:487943,0,,,99,2,97,2.0,0,https://harkins.com/ticketing/theatre/35/movie/HO00015981/session/487943/date/2026-09-27 19:50,harkins-api; post-show-census; sold_out=0,HARK,,,post-show-census
2026-09-25,harkins-2026-09-27T03:41Z,2026-09-27T03:41:10.542627+00:00,2026-09-27T03:00Z,2026-09-27,Sunday,Harkins Tempe Marketplace 16,Tempe,America/Phoenix,Heart of the Beast,19:15,35:485843,0,,,129,2,127,1.6,0,https://harkins.com/ticketing/theatre/35/movie/HO00016093/session/485843/date/2026-09-27 19:15,harkins-api; post-show-census; sold_out=0,HARK,,,post-show-census
2026-09-25,harkins-2026-09-27T03:41Z,2026-09-27T03:41:10.542627+00:00,2026-09-27T03:00Z,2026-09-27,Sunday,Harkins Flagstaff 16,Flagstaff,America/Phoenix,Forgotten Island,20:00,65:282777,0,,,94,0,94,0.0,0,https://harkins.com/ticketing/theatre/65/movie/HO00015981/session/282777/date/2026-09-27 20:00,harkins-api; post-show-census; sold_out=0,HARK,,,post-show-census
2026-09-25,harkins-2026-09-27T03:41Z,2026-09-27T03:41:10.542627+00:00,2026-09-27T03:00Z,2026-09-27,Sunday,Harkins Flagstaff 16,Flagstaff,America/Phoenix,Heart of the Beast,19:45,65:282781,0,,,169,0,169,0.0,0,https://harkins.com/ticketing/theatre/65/movie/HO00016093/session/282781/date/2026-09-27 19:45,harkins-api; post-show-census; sold_out=0,HARK,,,post-show-census
2026-09-25,harkins-2026-09-27T03:41Z,2026-09-27T03:41:10.542627+00:00,2026-09-27T03:00Z,2026-09-26,Saturday,Harkins Prescott Valley 14,Prescott Valley,America/Phoenix,Heart of the Beast,20:30,19:385259,0,,,221,29,192,13.1,14,https://harkins.com/ticketing/theatre/19/movie/HO00016093/session/385259/date/2026-09-26 20:30,harkins-api; post-show-census; sold_out=0,HARK,,,post-show-census
2026-09-25,harkins-2026-09-27T03:41Z,2026-09-27T03:41:10.542627+00:00,2026-09-27T03:00Z,2026-09-27,Sunday,Harkins Prescott Valley 14,Prescott Valley,America/Phoenix,Forgotten Island,19:20,19:384476,0,,,303,0,303,0.0,0,https://harkins.com/ticketing/theatre/19/movie/HO00015981/session/384476/date/2026-09-27 19:20,harkins-api; post-show-census; sold_out=0,HARK,,,post-show-census
2026-09-25,harkins-2026-09-27T03:41Z,2026-09-27T03:41:10.542627+00:00,2026-09-27T03:00Z,2026-09-27,Sunday,Harkins Sedona 6,Sedona,America/Phoenix,Forgotten Island,19:20,13:123504,0,,,75,0,75,0.0,0,https://harkins.com/ticketing/theatre/13/movie/HO00015981/session/123504/date/2026-09-27 19:20,harkins-api; post-show-census; sold_out=0,HARK,,,post-show-census
2026-09-25,harkins-2026-09-27T03:41Z,2026-09-27T03:41:10.542627+00:00,2026-09-27T03:00Z,2026-09-27,Sunday,Harkins Arizona Pavilions 12,Tucson,America/Phoenix,Forgotten Island,19:45,59:311649,0,,,128,0,128,0.0,0,https://harkins.com/ticketing/theatre/59/movie/HO00015981/session/311649/date/2026-09-27 19:45,harkins-api; post-show-census; sold_out=0,HARK,,,post-show-census
2026-09-25,harkins-2026-09-27T03:41Z,2026-09-27T03:41:10.542627+00:00,2026-09-27T03:00Z,2026-09-27,Sunday,Harkins Arizona Pavilions 12,Tucson,America/Phoenix,Heart of the Beast,19:50,59:310640,0,,,277,0,277,0.0,0,https://harkins.com/ticketing/theatre/59/movie/HO00016093/session/310640/date/2026-09-27 19:50,harkins-api; post-show-census; sold_out=0,HARK,,,post-show-census
2026-09-25,harkins-2026-09-27T03:41Z,2026-09-27T03:41:10.542627+00:00,2026-09-27T03:00Z,2026-09-27,Sunday,Harkins Arizona Pavilions 12,Tucson,America/Phoenix,Heart of the Beast,20:05,59:311659,0,,,141,0,141,0.0,0,https://harkins.com/ticketing/theatre/59/movie/HO00016093/session/311659/date/2026-09-27 20:05,harkins-api; post-show-census; sold_out=0,HARK,,,post-show-census
2026-09-25,harkins-2026-09-27T03:41Z,2026-09-27T03:41:10.542627+00:00,2026-09-27T03:00Z,2026-09-26,Saturday,Harkins Casa Grande 14,Casa Grande,America/Phoenix,Heart of the Beast,20:20,38:384339,0,,,264,29,235,11.0,24,https://harkins.com/ticketing/theatre/38/movie/HO00016093/session/384339/date/2026-09-26 20:20,harkins-api; post-show-census; sold_out=0,HARK,,,post-show-census
2026-09-25,harkins-2026-09-27T03:41Z,2026-09-27T03:41:10.542627+00:00,2026-09-27T03:00Z,2026-09-27,Sunday,Harkins Casa Grande 14,Casa Grande,America/Phoenix,Forgotten Island,19:20,38:384383,0,,,424,2,422,0.5,0,https://harkins.com/ticketing/theatre/38/movie/HO00015981/session/384383/date/2026-09-27 19:20,harkins-api; post-show-census; sold_out=0,HARK,,,post-show-census
2026-09-25,harkins-2026-09-27T03:41Z,2026-09-27T03:41:10.542627+00:00,2026-09-27T03:00Z,2026-09-27,Sunday,Harkins Casa Grande 14,Casa Grande,America/Phoenix,Heart of the Beast,20:10,38:384406,0,,,264,0,264,0.0,0,https://harkins.com/ticketing/theatre/38/movie/HO00016093/session/384406/date/2026-09-27 20:10,harkins-api; post-show-census; sold_out=0,HARK,,,post-show-census
2026-09-25,harkins-2026-09-27T03:41Z,2026-09-27T03:41:10.542627+00:00,2026-09-27T03:00Z,2026-09-26,Saturday,Harkins Tucson Spectrum 18,Tucson,America/Phoenix,Forgotten Island,20:20,40:473199,0,,,195,14,181,7.2,9,https://harkins.com/ticketing/theatre/40/movie/HO00015981/session/473199/date/2026-09-26 20:20,harkins-api; post-show-census; sold_out=0,HARK,,,post-show-census
2026-09-25,harkins-2026-09-27T03:41Z,2026-09-27T03:41:10.542627+00:00,2026-09-27T03:00Z,2026-09-26,Saturday,Harkins Tucson Spectrum 18,Tucson,America/Phoenix,Heart of the Beast,20:00,40:473208,0,,,196,78,118,39.8,13,https://harkins.com/ticketing/theatre/40/movie/HO00016093/session/473208/date/2026-09-26 20:00,harkins-api; post-show-census; sold_out=0,HARK,,,post-show-census
2026-09-25,harkins-2026-09-27T03:41Z,2026-09-27T03:41:10.542627+00:00,2026-09-27T03:00Z,2026-09-27,Sunday,Harkins Tucson Spectrum 18,Tucson,America/Phoenix,Forgotten Island,20:20,40:473264,0,,,195,0,195,0.0,0,https://harkins.com/ticketing/theatre/40/movie/HO00015981/session/473264/date/2026-09-27 20:20,harkins-api; post-show-census; sold_out=0,HARK,,,post-show-census
2026-09-25,harkins-2026-09-27T03:41Z,2026-09-27T03:41:10.542627+00:00,2026-09-27T03:00Z,2026-09-27,Sunday,Harkins Tucson Spectrum 18,Tucson,America/Phoenix,Heart of the Beast,20:00,40:473273,0,,,196,0,196,0.0,0,https://harkins.com/ticketing/theatre/40/movie/HO00016093/session/473273/date/2026-09-27 20:00,harkins-api; post-show-census; sold_out=0,HARK,,,post-show-census
2026-09-25,harkins-2026-09-27T03:41Z,2026-09-27T03:41:10.542627+00:00,2026-09-27T03:00Z,2026-09-27,Sunday,Harkins Yuma Palms 14,Yuma,America/Phoenix,Heart of the Beast,20:00,28:375832,0,,,270,0,270,0.0,0,https://harkins.com/ticketing/theatre/28/movie/HO00016093/session/375832/date/2026-09-27 20:00,harkins-api; post-show-census; sold_out=0,HARK,,,post-show-census
2026-09-25,harkins-2026-09-27T03:41Z,2026-09-27T03:41:10.542627+00:00,2026-09-27T03:00Z,2026-09-27,Sunday,Harkins Cerritos 16,Cerritos,America/Los_Angeles,Forgotten Island,19:20,63:300875,0,,,136,10,126,7.4,0,https://harkins.com/ticketing/theatre/63/movie/HO00015981/session/300875/date/2026-09-27 19:20,harkins-api; post-show-census; sold_out=0,HARK,,,post-show-census
2026-09-25,harkins-2026-09-27T03:41Z,2026-09-27T03:41:10.542627+00:00,2026-09-27T03:00Z,2026-09-26,Saturday,Harkins Chino Hills 18,Chino Hills,America/Los_Angeles,Forgotten Island,20:40,32:458896,0,,,270,41,229,15.2,25,https://harkins.com/ticketing/theatre/32/movie/HO00015981/session/458896/date/2026-09-26 20:40,harkins-api; post-show-census; sold_out=0,HARK,,,post-show-census
2026-09-25,harkins-2026-09-27T03:41Z,2026-09-27T03:41:10.542627+00:00,2026-09-27T03:00Z,2026-09-26,Saturday,Harkins Chino Hills 18,Chino Hills,America/Los_Angeles,Heart of the Beast,20:15,32:458927,0,,,203,97,106,47.8,38,https://harkins.com/ticketing/theatre/32/movie/HO00016093/session/458927/date/2026-09-26 20:15,harkins-api; post-show-census; sold_out=0,HARK,,,post-show-census
2026-09-25,harkins-2026-09-27T03:41Z,2026-09-27T03:41:10.542627+00:00,2026-09-27T03:00Z,2026-09-27,Sunday,Harkins Chino Hills 18,Chino Hills,America/Los_Angeles,Forgotten Island,20:40,32:459397,0,,,117,6,111,5.1,0,https://harkins.com/ticketing/theatre/32/movie/HO00015981/session/459397/date/2026-09-27 20:40,harkins-api; post-show-census; sold_out=0,HARK,,,post-show-census
2026-09-25,harkins-2026-09-27T03:41Z,2026-09-27T03:41:10.542627+00:00,2026-09-27T03:00Z,2026-09-27,Sunday,Harkins Chino Hills 18,Chino Hills,America/Los_Angeles,Heart of the Beast,19:15,32:457118,0,,,269,10,259,3.7,0,https://harkins.com/ticketing/theatre/32/movie/HO00016093/session/457118/date/2026-09-27 19:15,harkins-api; post-show-census; sold_out=0,HARK,,,post-show-census
2026-09-25,harkins-2026-09-27T03:41Z,2026-09-27T03:41:10.542627+00:00,2026-09-27T03:00Z,2026-09-27,Sunday,Harkins Chino Hills 18,Chino Hills,America/Los_Angeles,Heart of the Beast,20:30,32:458964,0,,,203,8,195,3.9,0,https://harkins.com/ticketing/theatre/32/movie/HO00016093/session/458964/date/2026-09-27 20:30,harkins-api; post-show-census; sold_out=0,HARK,,,post-show-census
2026-09-25,harkins-2026-09-27T03:41Z,2026-09-27T03:41:10.542627+00:00,2026-09-27T03:00Z,2026-09-26,Saturday,Harkins Moreno Valley 16,Moreno Valley,America/Los_Angeles,Heart of the Beast,20:30,31:413200,0,,,201,24,177,11.9,12,https://harkins.com/ticketing/theatre/31/movie/HO00016093/session/413200/date/2026-09-26 20:30,harkins-api; post-show-census; sold_out=0,HARK,,,post-show-census
2026-09-25,harkins-2026-09-27T03:41Z,2026-09-27T03:41:10.542627+00:00,2026-09-27T03:00Z,2026-09-27,Sunday,Harkins Moreno Valley 16,Moreno Valley,America/Los_Angeles,Forgotten Island,19:15,31:415143,0,,,269,0,269,0.0,0,https://harkins.com/ticketing/theatre/31/movie/HO00016105/session/415143/date/2026-09-27 19:15,harkins-api; post-show-census; sold_out=0,HARK,,,post-show-census
2026-09-25,harkins-2026-09-27T03:41Z,2026-09-27T03:41:10.542627+00:00,2026-09-27T03:00Z,2026-09-27,Sunday,Harkins Moreno Valley 16,Moreno Valley,America/Los_Angeles,Heart of the Beast,20:30,31:413204,0,,,201,0,201,0.0,0,https://harkins.com/ticketing/theatre/31/movie/HO00016093/session/413204/date/2026-09-27 20:30,harkins-api; post-show-census; sold_out=0,HARK,,,post-show-census
2026-09-25,harkins-2026-09-27T03:41Z,2026-09-27T03:41:10.542627+00:00,2026-09-27T03:00Z,2026-09-26,Saturday,Harkins Mountain Grove 16,Redlands,America/Los_Angeles,Heart of the Beast,20:20,62:329318,0,,,66,53,13,80.3,1,https://harkins.com/ticketing/theatre/62/movie/HO00016093/session/329318/date/2026-09-26 20:20,harkins-api; post-show-census; sold_out=0,HARK,,,post-show-census
2026-09-25,harkins-2026-09-27T03:41Z,2026-09-27T03:41:10.542627+00:00,2026-09-27T03:00Z,2026-09-27,Sunday,Harkins Mountain Grove 16,Redlands,America/Los_Angeles,Forgotten Island,19:50,62:329353,0,,,68,2,66,2.9,0,https://harkins.com/ticketing/theatre/62/movie/HO00015981/session/329353/date/2026-09-27 19:50,harkins-api; post-show-census; sold_out=0,HARK,,,post-show-census
2026-09-25,harkins-2026-09-27T03:41Z,2026-09-27T03:41:10.542627+00:00,2026-09-27T03:00Z,2026-09-27,Sunday,Harkins Mountain Grove 16,Redlands,America/Los_Angeles,Heart of the Beast,19:15,62:327205,0,,,134,8,126,6.0,0,https://harkins.com/ticketing/theatre/62/movie/HO00016093/session/327205/date/2026-09-27 19:15,harkins-api; post-show-census; sold_out=0,HARK,,,post-show-census
2026-09-25,harkins-2026-09-27T03:41Z,2026-09-27T03:41:10.542627+00:00,2026-09-27T03:00Z,2026-09-27,Sunday,Harkins Mountain Grove 16,Redlands,America/Los_Angeles,Heart of the Beast,20:25,62:329377,0,,,107,4,103,3.7,0,https://harkins.com/ticketing/theatre/62/movie/HO00016093/session/329377/date/2026-09-27 20:25,harkins-api; post-show-census; sold_out=0,HARK,,,post-show-census
2026-09-25,harkins-2026-09-27T03:41Z,2026-09-27T03:41:10.542627+00:00,2026-09-27T03:00Z,2026-09-26,Saturday,Harkins Arvada 14,Arvada,America/Denver,Heart of the Beast,21:30,66:176575,0,,,174,36,138,20.7,17,https://harkins.com/ticketing/theatre/66/movie/HO00016093/session/176575/date/2026-09-26 21:30,harkins-api; post-show-census; sold_out=0,HARK,,,post-show-census
2026-09-25,harkins-2026-09-27T03:41Z,2026-09-27T03:41:10.542627+00:00,2026-09-27T03:00Z,2026-09-26,Saturday,Harkins Northfield 18,Denver,America/Denver,Heart of the Beast,21:30,29:453203,0,,,115,45,70,39.1,28,https://harkins.com/ticketing/theatre/29/movie/HO00016093/session/453203/date/2026-09-26 21:30,harkins-api; post-show-census; sold_out=0,HARK,,,post-show-census
2026-09-25,harkins-2026-09-27T03:41Z,2026-09-27T03:41:10.542627+00:00,2026-09-27T03:00Z,2026-09-27,Sunday,Harkins Northfield 18,Denver,America/Denver,Heart of the Beast,20:15,29:455129,0,,,154,2,152,1.3,0,https://harkins.com/ticketing/theatre/29/movie/HO00016093/session/455129/date/2026-09-27 20:15,harkins-api; post-show-census; sold_out=0,HARK,,,post-show-census
2026-09-25,harkins-2026-09-27T03:41Z,2026-09-27T03:41:10.542627+00:00,2026-09-27T03:00Z,2026-09-27,Sunday,Harkins Northfield 18,Denver,America/Denver,Heart of the Beast,21:30,29:453208,0,,,115,2,113,1.7,0,https://harkins.com/ticketing/theatre/29/movie/HO00016093/session/453208/date/2026-09-27 21:30,harkins-api; post-show-census; sold_out=0,HARK,,,post-show-census
2026-09-25,harkins-2026-09-27T03:41Z,2026-09-27T03:41:10.542627+00:00,2026-09-27T03:00Z,2026-09-27,Sunday,Harkins Bricktown 16,Oklahoma City,America/Chicago,Heart of the Beast,21:30,27:392014,0,,,270,2,268,0.7,0,https://harkins.com/ticketing/theatre/27/movie/HO00016093/session/392014/date/2026-09-27 21:30,harkins-api; post-show-census; sold_out=0,HARK,,,post-show-census
2026-09-25,harkins-2026-09-27T03:41Z,2026-09-27T03:41:10.542627+00:00,2026-09-27T03:00Z,2026-09-27,Sunday,Harkins Bricktown 16,Oklahoma City,America/Chicago,Heart of the Beast,22:10,27:393997,0,,,270,2,268,0.7,0,https://harkins.com/ticketing/theatre/27/movie/HO00016093/session/393997/date/2026-09-27 22:10,harkins-api; post-show-census; sold_out=0,HARK,,,post-show-census
2026-09-25,harkins-2026-09-27T04:41Z,2026-09-27T04:41:16.085646+00:00,2026-09-27T04:00Z,2026-09-26,Saturday,Harkins Arizona Mills 18 w/ IMAX,Tempe,America/Phoenix,Heart of the Beast,21:20,16:576399,0,,,119,25,94,21.0,15,https://harkins.com/ticketing/theatre/16/movie/HO00016093/session/576399/date/2026-09-26 21:20,harkins-api; post-show-census; sold_out=0,HARK,,,post-show-census
2026-09-25,harkins-2026-09-27T04:41Z,2026-09-27T04:41:16.085646+00:00,2026-09-27T04:00Z,2026-09-27,Sunday,Harkins Arrowhead Fountains 18,Peoria,America/Phoenix,Forgotten Island,21:15,22:494161,0,,,68,0,68,0.0,0,https://harkins.com/ticketing/theatre/22/movie/HO00015981/session/494161/date/2026-09-27 21:15,harkins-api; post-show-census; sold_out=0,HARK,,,post-show-census
2026-09-25,harkins-2026-09-27T04:41Z,2026-09-27T04:41:16.085646+00:00,2026-09-27T04:00Z,2026-09-27,Sunday,Harkins Arrowhead Fountains 18,Peoria,America/Phoenix,Heart of the Beast,20:30,22:496079,0,,,153,0,153,0.0,0,https://harkins.com/ticketing/theatre/22/movie/HO00016093/session/496079/date/2026-09-27 20:30,harkins-api; post-show-census; sold_out=0,HARK,,,post-show-census
2026-09-25,harkins-2026-09-27T04:41Z,2026-09-27T04:41:16.085646+00:00,2026-09-27T04:00Z,2026-09-27,Sunday,Harkins Arrowhead Fountains 18,Peoria,America/Phoenix,Heart of the Beast,21:10,22:493245,0,,,153,2,151,1.3,0,https://harkins.com/ticketing/theatre/22/movie/HO00016093/session/493245/date/2026-09-27 21:10,harkins-api; post-show-census; sold_out=0,HARK,,,post-show-census
2026-09-25,harkins-2026-09-27T04:41Z,2026-09-27T04:41:16.085646+00:00,2026-09-27T04:00Z,2026-09-26,Saturday,Harkins Camelview at Fashion Sq.,Scottsdale,America/Phoenix,Forgotten Island,21:40,61:321163,0,,,174,3,171,1.7,1,https://harkins.com/ticketing/theatre/61/movie/HO00015981/session/321163/date/2026-09-26 21:40,harkins-api; post-show-census; sold_out=0,HARK,,,post-show-census
2026-09-25,harkins-2026-09-27T04:41Z,2026-09-27T04:41:16.085646+00:00,2026-09-27T04:00Z,2026-09-26,Saturday,Harkins Camelview at Fashion Sq.,Scottsdale,America/Phoenix,Heart of the Beast,21:15,61:320630,0,,,173,31,142,17.9,20,https://harkins.com/ticketing/theatre/61/movie/HO00016093/session/320630/date/2026-09-26 21:15,harkins-api; post-show-census; sold_out=0,HARK,,,post-show-census
2026-09-25,harkins-2026-09-27T04:41Z,2026-09-27T04:41:16.085646+00:00,2026-09-27T04:00Z,2026-09-26,Saturday,Harkins Chandler Fashion 20,Chandler,America/Phoenix,Forgotten Island,21:40,10:557665,0,,,153,8,145,5.2,6,https://harkins.com/ticketing/theatre/10/movie/HO00015981/session/557665/date/2026-09-26 21:40,harkins-api; post-show-census; sold_out=0,HARK,,,post-show-census
2026-09-25,harkins-2026-09-27T04:41Z,2026-09-27T04:41:16.085646+00:00,2026-09-27T04:00Z,2026-09-27,Sunday,Harkins Chandler Fashion 20,Chandler,America/Phoenix,Forgotten Island,21:40,10:557670,0,,,153,2,151,1.3,0,https://harkins.com/ticketing/theatre/10/movie/HO00015981/session/557670/date/2026-09-27 21:40,harkins-api; post-show-census; sold_out=0,HARK,,,post-show-census
2026-09-25,harkins-2026-09-27T04:41Z,2026-09-27T04:41:16.085646+00:00,2026-09-27T04:00Z,2026-09-27,Sunday,Harkins Chandler Fashion 20,Chandler,America/Phoenix,Heart of the Beast,21:30,10:556935,0,,,56,0,56,0.0,0,https://harkins.com/ticketing/theatre/10/movie/HO00016093/session/556935/date/2026-09-27 21:30,harkins-api; post-show-census; sold_out=0,HARK,,,post-show-census
2026-09-25,harkins-2026-09-27T04:41Z,2026-09-27T04:41:16.085646+00:00,2026-09-27T04:00Z,2026-09-26,Saturday,Harkins Christown 14,Phoenix,America/Phoenix,Heart of the Beast,21:30,36:390365,0,,,267,15,252,5.6,13,https://harkins.com/ticketing/theatre/36/movie/HO00016093/session/390365/date/2026-09-26 21:30,harkins-api; post-show-census; sold_out=0,HARK,,,post-show-census
2026-09-25,harkins-2026-09-27T04:41Z,2026-09-27T04:41:16.085646+00:00,2026-09-27T04:00Z,2026-09-27,Sunday,Harkins Christown 14,Phoenix,America/Phoenix,Forgotten Island,21:10,36:390818,0,,,265,2,263,0.8,0,https://harkins.com/ticketing/theatre/36/movie/HO00015981/session/390818/date/2026-09-27 21:10,harkins-api; post-show-census; sold_out=0,HARK,,,post-show-census
2026-09-25,harkins-2026-09-27T04:41Z,2026-09-27T04:41:16.085646+00:00,2026-09-27T04:00Z,2026-09-27,Sunday,Harkins Christown 14,Phoenix,America/Phoenix,Heart of the Beast,21:30,36:390374,0,,,267,2,265,0.7,0,https://harkins.com/ticketing/theatre/36/movie/HO00016093/session/390374/date/2026-09-27 21:30,harkins-api; post-show-census; sold_out=0,HARK,,,post-show-census
2026-09-25,harkins-2026-09-27T04:41Z,2026-09-27T04:41:16.085646+00:00,2026-09-27T04:00Z,2026-09-26,Saturday,Harkins Estrella Falls 16,Goodyear,America/Phoenix,Heart of the Beast,21:20,64:321574,0,,,137,106,31,77.4,22,https://harkins.com/ticketing/theatre/64/movie/HO00016093/session/321574/date/2026-09-26 21:20,harkins-api; post-show-census; sold_out=0,HARK,,,post-show-census
2026-09-25,harkins-2026-09-27T04:41Z,2026-09-27T04:41:16.085646+00:00,2026-09-27T04:00Z,2026-09-27,Sunday,Harkins Estrella Falls 16,Goodyear,America/Phoenix,Forgotten Island,21:10,64:322225,0,,,108,0,108,0.0,0,https://harkins.com/ticketing/theatre/64/movie/HO00015981/session/322225/date/2026-09-27 21:10,harkins-api; post-show-census; sold_out=0,HARK,,,post-show-census
2026-09-25,harkins-2026-09-27T04:41Z,2026-09-27T04:41:16.085646+00:00,2026-09-27T04:00Z,2026-09-27,Sunday,Harkins Estrella Falls 16,Goodyear,America/Phoenix,Heart of the Beast,20:30,64:323808,0,,,137,2,135,1.5,0,https://harkins.com/ticketing/theatre/64/movie/HO00016093/session/323808/date/2026-09-27 20:30,harkins-api; post-show-census; sold_out=0,HARK,,,post-show-census
2026-09-25,harkins-2026-09-27T04:41Z,2026-09-27T04:41:16.085646+00:00,2026-09-27T04:00Z,2026-09-27,Sunday,Harkins Estrella Falls 16,Goodyear,America/Phoenix,Heart of the Beast,21:20,64:321579,0,,,137,0,137,0.0,0,https://harkins.com/ticketing/theatre/64/movie/HO00016093/session/321579/date/2026-09-27 21:20,harkins-api; post-show-census; sold_out=0,HARK,,,post-show-census
2026-09-25,harkins-2026-09-27T04:41Z,2026-09-27T04:41:16.085646+00:00,2026-09-27T04:00Z,2026-09-27,Sunday,Harkins Gateway Pavilions 18,Avondale,America/Phoenix,Forgotten Island,21:10,23:507041,0,,,273,0,273,0.0,0,https://harkins.com/ticketing/theatre/23/movie/HO00015981/session/507041/date/2026-09-27 21:10,harkins-api; post-show-census; sold_out=0,HARK,,,post-show-census
2026-09-25,harkins-2026-09-27T04:41Z,2026-09-27T04:41:16.085646+00:00,2026-09-27T04:00Z,2026-09-27,Sunday,Harkins Gateway Pavilions 18,Avondale,America/Phoenix,Heart of the Beast,20:35,23:506996,0,,,198,0,198,0.0,0,https://harkins.com/ticketing/theatre/23/movie/HO00016093/session/506996/date/2026-09-27 20:35,harkins-api; post-show-census; sold_out=0,HARK,,,post-show-census
2026-09-25,harkins-2026-09-27T04:41Z,2026-09-27T04:41:16.085646+00:00,2026-09-27T04:00Z,2026-09-26,Saturday,Harkins Lake Pleasant 9,Peoria,America/Phoenix,Forgotten Island,21:25,67:49218,0,,,86,4,82,4.7,0,https://harkins.com/ticketing/theatre/67/movie/HO00015981/session/49218/date/2026-09-26 21:25,harkins-api; post-show-census; sold_out=0,HARK,,,post-show-census
2026-09-25,harkins-2026-09-27T04:41Z,2026-09-27T04:41:16.085646+00:00,2026-09-27T04:00Z,2026-09-26,Saturday,Harkins Lake Pleasant 9,Peoria,America/Phoenix,Heart of the Beast,20:20,67:49222,0,,,110,69,41,62.7,-2,https://harkins.com/ticketing/theatre/67/movie/HO00016093/session/49222/date/2026-09-26 20:20,harkins-api; post-show-census; sold_out=0,HARK,,,post-show-census
2026-09-25,harkins-2026-09-27T04:41Z,2026-09-27T04:41:16.085646+00:00,2026-09-27T04:00Z,2026-09-26,Saturday,Harkins Lake Pleasant 9,Peoria,America/Phoenix,Heart of the Beast,21:35,67:48047,0,,,111,27,84,24.3,9,https://harkins.com/ticketing/theatre/67/movie/HO00016093/session/48047/date/2026-09-26 21:35,harkins-api; post-show-census; sold_out=0,HARK,,,post-show-census
2026-09-25,harkins-2026-09-27T04:41Z,2026-09-27T04:41:16.085646+00:00,2026-09-27T04:00Z,2026-09-26,Saturday,Harkins Norterra 14,Phoenix,America/Phoenix,Forgotten Island,21:30,39:415694,0,,,97,2,95,2.1,0,https://harkins.com/ticketing/theatre/39/movie/HO00015981/session/415694/date/2026-09-26 21:30,harkins-api; post-show-census; sold_out=0,HARK,,,post-show-census
2026-09-25,harkins-2026-09-27T04:41Z,2026-09-27T04:41:16.085646+00:00,2026-09-27T04:00Z,2026-09-26,Saturday,Harkins Norterra 14,Phoenix,America/Phoenix,Heart of the Beast,21:00,39:415698,0,,,126,27,99,21.4,14,https://harkins.com/ticketing/theatre/39/movie/HO00016093/session/415698/date/2026-09-26 21:00,harkins-api; post-show-census; sold_out=0,HARK,,,post-show-census
2026-09-25,harkins-2026-09-27T04:41Z,2026-09-27T04:41:16.085646+00:00,2026-09-27T04:00Z,2026-09-27,Sunday,Harkins Norterra 14,Phoenix,America/Phoenix,Forgotten Island,21:30,39:415753,0,,,97,0,97,0.0,0,https://harkins.com/ticketing/theatre/39/movie/HO00015981/session/415753/date/2026-09-27 21:30,harkins-api; post-show-census; sold_out=0,HARK,,,post-show-census
2026-09-25,harkins-2026-09-27T04:41Z,2026-09-27T04:41:16.085646+00:00,2026-09-27T04:00Z,2026-09-27,Sunday,Harkins Park West 14,Peoria,America/Phoenix,Forgotten Island,21:10,37:456619,0,,,62,0,62,0.0,0,https://harkins.com/ticketing/theatre/37/movie/HO00015981/session/456619/date/2026-09-27 21:10,harkins-api; post-show-census; sold_out=0,HARK,,,post-show-census
2026-09-25,harkins-2026-09-27T04:41Z,2026-09-27T04:41:16.085646+00:00,2026-09-27T04:00Z,2026-09-27,Sunday,Harkins Park West 14,Peoria,America/Phoenix,Heart of the Beast,21:20,37:456630,0,,,136,0,136,0.0,0,https://harkins.com/ticketing/theatre/37/movie/HO00016093/session/456630/date/2026-09-27 21:20,harkins-api; post-show-census; sold_out=0,HARK,,,post-show-census
2026-09-25,harkins-2026-09-27T04:41Z,2026-09-27T04:41:16.085646+00:00,2026-09-27T04:00Z,2026-09-27,Sunday,Harkins SanTan Village 16,Gilbert,America/Phoenix,Heart of the Beast,20:30,33:476113,0,,,153,2,151,1.3,0,https://harkins.com/ticketing/theatre/33/movie/HO00016093/session/476113/date/2026-09-27 20:30,harkins-api; post-show-census; sold_out=0,HARK,,,post-show-census
2026-09-25,harkins-2026-09-27T04:41Z,2026-09-27T04:41:16.085646+00:00,2026-09-27T04:00Z,2026-09-26,Saturday,Harkins Scottsdale 101 14,Phoenix,America/Phoenix,Forgotten Island,21:25,26:398307,0,,,148,4,144,2.7,2,https://harkins.com/ticketing/theatre/26/movie/HO00015981/session/398307/date/2026-09-26 21:25,harkins-api; post-show-census; sold_out=0,HARK,,,post-show-census
2026-09-25,harkins-2026-09-27T04:41Z,2026-09-27T04:41:16.085646+00:00,2026-09-27T04:00Z,2026-09-26,Saturday,Harkins Scottsdale 101 14,Phoenix,America/Phoenix,Heart of the Beast,21:00,26:397708,0,,,153,26,127,17.0,15,https://harkins.com/ticketing/theatre/26/movie/HO00016093/session/397708/date/2026-09-26 21:00,harkins-api; post-show-census; sold_out=0,HARK,,,post-show-census
2026-09-25,harkins-2026-09-27T04:41Z,2026-09-27T04:41:16.085646+00:00,2026-09-27T04:00Z,2026-09-27,Sunday,Harkins Scottsdale 101 14,Phoenix,America/Phoenix,Forgotten Island,21:25,26:398312,0,,,148,2,146,1.4,0,https://harkins.com/ticketing/theatre/26/movie/HO00015981/session/398312/date/2026-09-27 21:25,harkins-api; post-show-census; sold_out=0,HARK,,,post-show-census
2026-09-25,harkins-2026-09-27T04:41Z,2026-09-27T04:41:16.085646+00:00,2026-09-27T04:00Z,2026-09-27,Sunday,Harkins Scottsdale 101 14,Phoenix,America/Phoenix,Heart of the Beast,21:00,26:397713,0,,,153,2,151,1.3,0,https://harkins.com/ticketing/theatre/26/movie/HO00016093/session/397713/date/2026-09-27 21:00,harkins-api; post-show-census; sold_out=0,HARK,,,post-show-census
2026-09-25,harkins-2026-09-27T04:41Z,2026-09-27T04:41:16.085646+00:00,2026-09-27T04:00Z,2026-09-26,Saturday,Harkins Flagstaff 16,Flagstaff,America/Phoenix,Forgotten Island,21:20,65:281495,0,,,227,4,223,1.8,2,https://harkins.com/ticketing/theatre/65/movie/HO00015981/session/281495/date/2026-09-26 21:20,harkins-api; post-show-census; sold_out=0,HARK,,,post-show-census
2026-09-25,harkins-2026-09-27T04:41Z,2026-09-27T04:41:16.085646+00:00,2026-09-27T04:00Z,2026-09-26,Saturday,Harkins Flagstaff 16,Flagstaff,America/Phoenix,Heart of the Beast,21:00,65:281052,0,,,229,42,187,18.3,27,https://harkins.com/ticketing/theatre/65/movie/HO00016093/session/281052/date/2026-09-26 21:00,harkins-api; post-show-census; sold_out=0,HARK,,,post-show-census
2026-09-25,harkins-2026-09-27T04:41Z,2026-09-27T04:41:16.085646+00:00,2026-09-27T04:00Z,2026-09-27,Sunday,Harkins Flagstaff 16,Flagstaff,America/Phoenix,Forgotten Island,21:20,65:281501,0,,,227,0,227,0.0,0,https://harkins.com/ticketing/theatre/65/movie/HO00015981/session/281501/date/2026-09-27 21:20,harkins-api; post-show-census; sold_out=0,HARK,,,post-show-census
2026-09-25,harkins-2026-09-27T04:41Z,2026-09-27T04:41:16.085646+00:00,2026-09-27T04:00Z,2026-09-27,Sunday,Harkins Flagstaff 16,Flagstaff,America/Phoenix,Heart of the Beast,21:00,65:281057,0,,,229,0,229,0.0,0,https://harkins.com/ticketing/theatre/65/movie/HO00016093/session/281057/date/2026-09-27 21:00,harkins-api; post-show-census; sold_out=0,HARK,,,post-show-census
2026-09-25,harkins-2026-09-27T04:41Z,2026-09-27T04:41:16.085646+00:00,2026-09-27T04:00Z,2026-09-26,Saturday,Harkins Prescott Valley 14,Prescott Valley,America/Phoenix,Heart of the Beast,21:25,19:383787,0,,,303,3,300,1.0,3,https://harkins.com/ticketing/theatre/19/movie/HO00016093/session/383787/date/2026-09-26 21:25,harkins-api; post-show-census; sold_out=0,HARK,,,post-show-census
2026-09-25,harkins-2026-09-27T04:41Z,2026-09-27T04:41:16.085646+00:00,2026-09-27T04:00Z,2026-09-26,Saturday,Harkins Arizona Pavilions 12,Tucson,America/Phoenix,Forgotten Island,21:20,59:311001,0,,,217,4,213,1.8,4,https://harkins.com/ticketing/theatre/59/movie/HO00015981/session/311001/date/2026-09-26 21:20,harkins-api; post-show-census; sold_out=0,HARK,,,post-show-census
2026-09-25,harkins-2026-09-27T04:41Z,2026-09-27T04:41:16.085646+00:00,2026-09-27T04:00Z,2026-09-26,Saturday,Harkins Arizona Pavilions 12,Tucson,America/Phoenix,Heart of the Beast,20:15,59:311623,0,,,141,50,91,35.5,17,https://harkins.com/ticketing/theatre/59/movie/HO00016093/session/311623/date/2026-09-26 20:15,harkins-api; post-show-census; sold_out=0,HARK,,,post-show-census
2026-09-25,harkins-2026-09-27T04:41Z,2026-09-27T04:41:16.085646+00:00,2026-09-27T04:00Z,2026-09-26,Saturday,Harkins Arizona Pavilions 12,Tucson,America/Phoenix,Heart of the Beast,21:30,59:310632,0,,,218,24,194,11.0,11,https://harkins.com/ticketing/theatre/59/movie/HO00016093/session/310632/date/2026-09-26 21:30,harkins-api; post-show-census; sold_out=0,HARK,,,post-show-census
2026-09-25,harkins-2026-09-27T04:41Z,2026-09-27T04:41:16.085646+00:00,2026-09-27T04:00Z,2026-09-26,Saturday,Harkins Tucson Spectrum 18,Tucson,America/Phoenix,Forgotten Island,21:40,40:471923,0,,,196,3,193,1.5,3,https://harkins.com/ticketing/theatre/40/movie/HO00015981/session/471923/date/2026-09-26 21:40,harkins-api; post-show-census; sold_out=0,HARK,,,post-show-census
2026-09-25,harkins-2026-09-27T04:41Z,2026-09-27T04:41:16.085646+00:00,2026-09-27T04:00Z,2026-09-26,Saturday,Harkins Tucson Spectrum 18,Tucson,America/Phoenix,Heart of the Beast,21:15,40:471388,0,,,151,40,111,26.5,33,https://harkins.com/ticketing/theatre/40/movie/HO00016093/session/471388/date/2026-09-26 21:15,harkins-api; post-show-census; sold_out=0,HARK,,,post-show-census
2026-09-25,harkins-2026-09-27T04:41Z,2026-09-27T04:41:16.085646+00:00,2026-09-27T04:00Z,2026-09-27,Sunday,Harkins Tucson Spectrum 18,Tucson,America/Phoenix,Forgotten Island,20:20,40:473264,0,,,195,0,195,0.0,0,https://harkins.com/ticketing/theatre/40/movie/HO00015981/session/473264/date/2026-09-27 20:20,harkins-api; post-show-census; sold_out=0,HARK,,,post-show-census
2026-09-25,harkins-2026-09-27T04:41Z,2026-09-27T04:41:16.085646+00:00,2026-09-27T04:00Z,2026-09-27,Sunday,Harkins Tucson Spectrum 18,Tucson,America/Phoenix,Forgotten Island,21:40,40:471928,0,,,196,0,196,0.0,0,https://harkins.com/ticketing/theatre/40/movie/HO00015981/session/471928/date/2026-09-27 21:40,harkins-api; post-show-census; sold_out=0,HARK,,,post-show-census
2026-09-25,harkins-2026-09-27T04:41Z,2026-09-27T04:41:16.085646+00:00,2026-09-27T04:00Z,2026-09-27,Sunday,Harkins Tucson Spectrum 18,Tucson,America/Phoenix,Heart of the Beast,21:15,40:471393,0,,,318,0,318,0.0,0,https://harkins.com/ticketing/theatre/40/movie/HO00016093/session/471393/date/2026-09-27 21:15,harkins-api; post-show-census; sold_out=0,HARK,,,post-show-census
2026-09-25,harkins-2026-09-27T04:41Z,2026-09-27T04:41:16.085646+00:00,2026-09-27T04:00Z,2026-09-27,Sunday,Harkins Yuma Palms 14,Yuma,America/Phoenix,Forgotten Island,21:00,28:374646,0,,,270,0,270,0.0,0,https://harkins.com/ticketing/theatre/28/movie/HO00015981/session/374646/date/2026-09-27 21:00,harkins-api; post-show-census; sold_out=0,HARK,,,post-show-census
2026-09-25,harkins-2026-09-27T04:41Z,2026-09-27T04:41:16.085646+00:00,2026-09-27T04:00Z,2026-09-27,Sunday,Harkins Yuma Palms 14,Yuma,America/Phoenix,Heart of the Beast,21:10,28:374181,0,,,418,0,418,0.0,0,https://harkins.com/ticketing/theatre/28/movie/HO00016093/session/374181/date/2026-09-27 21:10,harkins-api; post-show-census; sold_out=0,HARK,,,post-show-census
2026-09-25,harkins-2026-09-27T04:41Z,2026-09-27T04:41:16.085646+00:00,2026-09-27T04:00Z,2026-09-26,Saturday,Harkins Cerritos 16,Cerritos,America/Los_Angeles,Forgotten Island,21:40,63:302114,0,,,108,68,40,63.0,11,https://harkins.com/ticketing/theatre/63/movie/HO00015981/session/302114/date/2026-09-26 21:40,harkins-api; post-show-census; sold_out=0,HARK,,,post-show-census
2026-09-25,harkins-2026-09-27T04:41Z,2026-09-27T04:41:16.085646+00:00,2026-09-27T04:00Z,2026-09-27,Sunday,Harkins Cerritos 16,Cerritos,America/Los_Angeles,Forgotten Island,20:45,63:302167,0,,,68,2,66,2.9,0,https://harkins.com/ticketing/theatre/63/movie/HO00015981/session/302167/date/2026-09-27 20:45,harkins-api; post-show-census; sold_out=0,HARK,,,post-show-census
2026-09-25,harkins-2026-09-27T04:41Z,2026-09-27T04:41:16.085646+00:00,2026-09-27T04:00Z,2026-09-26,Saturday,Harkins Chino Hills 18,Chino Hills,America/Los_Angeles,Forgotten Island,21:40,32:458020,0,,,267,10,257,3.7,0,https://harkins.com/ticketing/theatre/32/movie/HO00015981/session/458020/date/2026-09-26 21:40,harkins-api; post-show-census; sold_out=0,HARK,,,post-show-census
2026-09-25,harkins-2026-09-27T04:41Z,2026-09-27T04:41:16.085646+00:00,2026-09-27T04:00Z,2026-09-26,Saturday,Harkins Chino Hills 18,Chino Hills,America/Los_Angeles,Heart of the Beast,20:15,32:458927,0,,,203,97,106,47.8,0,https://harkins.com/ticketing/theatre/32/movie/HO00016093/session/458927/date/2026-09-26 20:15,harkins-api; post-show-census; sold_out=0,HARK,,,post-show-census
2026-09-25,harkins-2026-09-27T04:41Z,2026-09-27T04:41:16.085646+00:00,2026-09-27T04:00Z,2026-09-27,Sunday,Harkins Chino Hills 18,Chino Hills,America/Los_Angeles,Forgotten Island,20:40,32:459397,0,,,117,6,111,5.1,0,https://harkins.com/ticketing/theatre/32/movie/HO00015981/session/459397/date/2026-09-27 20:40,harkins-api; post-show-census; sold_out=0,HARK,,,post-show-census
2026-09-25,harkins-2026-09-27T04:41Z,2026-09-27T04:41:16.085646+00:00,2026-09-27T04:00Z,2026-09-27,Sunday,Harkins Chino Hills 18,Chino Hills,America/Los_Angeles,Forgotten Island,21:40,32:458025,0,,,267,10,257,3.7,0,https://harkins.com/ticketing/theatre/32/movie/HO00015981/session/458025/date/2026-09-27 21:40,harkins-api; post-show-census; sold_out=0,HARK,,,post-show-census
2026-09-25,harkins-2026-09-27T04:41Z,2026-09-27T04:41:16.085646+00:00,2026-09-27T04:00Z,2026-09-27,Sunday,Harkins Chino Hills 18,Chino Hills,America/Los_Angeles,Heart of the Beast,20:30,32:458964,0,,,203,8,195,3.9,0,https://harkins.com/ticketing/theatre/32/movie/HO00016093/session/458964/date/2026-09-27 20:30,harkins-api; post-show-census; sold_out=0,HARK,,,post-show-census
2026-09-25,harkins-2026-09-27T04:41Z,2026-09-27T04:41:16.085646+00:00,2026-09-27T04:00Z,2026-09-27,Sunday,Harkins Moreno Valley 16,Moreno Valley,America/Los_Angeles,Forgotten Island,21:15,31:413809,0,,,202,0,202,0.0,0,https://harkins.com/ticketing/theatre/31/movie/HO00015981/session/413809/date/2026-09-27 21:15,harkins-api; post-show-census; sold_out=0,HARK,,,post-show-census
2026-09-25,harkins-2026-09-27T04:41Z,2026-09-27T04:41:16.085646+00:00,2026-09-27T04:00Z,2026-09-27,Sunday,Harkins Moreno Valley 16,Moreno Valley,America/Los_Angeles,Heart of the Beast,20:30,31:413204,0,,,201,0,201,0.0,0,https://harkins.com/ticketing/theatre/31/movie/HO00016093/session/413204/date/2026-09-27 20:30,harkins-api; post-show-census; sold_out=0,HARK,,,post-show-census
2026-09-25,harkins-2026-09-27T04:41Z,2026-09-27T04:41:16.085646+00:00,2026-09-27T04:00Z,2026-09-26,Saturday,Harkins Mountain Grove 16,Redlands,America/Los_Angeles,Forgotten Island,21:20,62:327800,0,,,68,25,43,36.8,10,https://harkins.com/ticketing/theatre/62/movie/HO00015981/session/327800/date/2026-09-26 21:20,harkins-api; post-show-census; sold_out=0,HARK,,,post-show-census
2026-09-25,harkins-2026-09-27T04:41Z,2026-09-27T04:41:16.085646+00:00,2026-09-27T04:00Z,2026-09-26,Saturday,Harkins Mountain Grove 16,Redlands,America/Los_Angeles,Heart of the Beast,20:20,62:329318,0,,,66,53,13,80.3,0,https://harkins.com/ticketing/theatre/62/movie/HO00016093/session/329318/date/2026-09-26 20:20,harkins-api; post-show-census; sold_out=0,HARK,,,post-show-census
2026-09-25,harkins-2026-09-27T04:41Z,2026-09-27T04:41:16.085646+00:00,2026-09-27T04:00Z,2026-09-26,Saturday,Harkins Mountain Grove 16,Redlands,America/Los_Angeles,Heart of the Beast,21:20,62:329393,0,,,107,60,47,56.1,11,https://harkins.com/ticketing/theatre/62/movie/HO00016093/session/329393/date/2026-09-26 21:20,harkins-api; post-show-census; sold_out=0,HARK,,,post-show-census
2026-09-25,harkins-2026-09-27T04:41Z,2026-09-27T04:41:16.085646+00:00,2026-09-27T04:00Z,2026-09-26,Saturday,Harkins Mountain Grove 16,Redlands,America/Los_Angeles,Heart of the Beast,21:30,62:329634,0,,,137,60,77,43.8,44,https://harkins.com/ticketing/theatre/62/movie/HO00016093/session/329634/date/2026-09-26 21:30,harkins-api; post-show-census; sold_out=0,HARK,,,post-show-census
2026-09-25,harkins-2026-09-27T04:41Z,2026-09-27T04:41:16.085646+00:00,2026-09-27T04:00Z,2026-09-27,Sunday,Harkins Mountain Grove 16,Redlands,America/Los_Angeles,Forgotten Island,21:20,62:327805,0,,,106,5,101,4.7,3,https://harkins.com/ticketing/theatre/62/movie/HO00015981/session/327805/date/2026-09-27 21:20,harkins-api; post-show-census; sold_out=0,HARK,,,post-show-census
2026-09-25,harkins-2026-09-27T04:41Z,2026-09-27T04:41:16.085646+00:00,2026-09-27T04:00Z,2026-09-27,Sunday,Harkins Mountain Grove 16,Redlands,America/Los_Angeles,Heart of the Beast,20:25,62:329377,0,,,107,4,103,3.7,0,https://harkins.com/ticketing/theatre/62/movie/HO00016093/session/329377/date/2026-09-27 20:25,harkins-api; post-show-census; sold_out=0,HARK,,,post-show-census
2026-09-25,harkins-2026-09-27T04:41Z,2026-09-27T04:41:16.085646+00:00,2026-09-27T04:00Z,2026-09-27,Sunday,Harkins Northfield 18,Denver,America/Denver,Heart of the Beast,21:30,29:453208,0,,,115,2,113,1.7,0,https://harkins.com/ticketing/theatre/29/movie/HO00016093/session/453208/date/2026-09-27 21:30,harkins-api; post-show-census; sold_out=0,HARK,,,post-show-census
2026-09-25,harkins-2026-09-27T05:41Z,2026-09-27T05:41:06.800785+00:00,2026-09-27T05:00Z,2026-09-26,Saturday,Harkins Arizona Mills 18 w/ IMAX,Tempe,America/Phoenix,Forgotten Island,22:00,16:574590,0,,,101,9,92,8.9,5,https://harkins.com/ticketing/theatre/16/movie/HO00015981/session/574590/date/2026-09-26 22:00,harkins-api; post-show-census; sold_out=0; vista=0000000002,HARK,,,post-show-census
2026-09-25,harkins-2026-09-27T05:41Z,2026-09-27T05:41:06.800785+00:00,2026-09-27T05:00Z,2026-09-26,Saturday,Harkins Arizona Mills 18 w/ IMAX,Tempe,America/Phoenix,Heart of the Beast,21:20,16:576399,0,,,119,21,98,17.6,-4,https://harkins.com/ticketing/theatre/16/movie/HO00016093/session/576399/date/2026-09-26 21:20,harkins-api; post-show-census; sold_out=0; vista=0000000002,HARK,,,post-show-census
2026-09-25,harkins-2026-09-27T05:41Z,2026-09-27T05:41:06.800785+00:00,2026-09-27T05:00Z,2026-09-26,Saturday,Harkins Arizona Mills 18 w/ IMAX,Tempe,America/Phoenix,Heart of the Beast,22:10,16:573970,0,,,119,23,96,19.3,14,https://harkins.com/ticketing/theatre/16/movie/HO00016093/session/573970/date/2026-09-26 22:10,harkins-api; post-show-census; sold_out=0; vista=0000000002,HARK,,,post-show-census
2026-09-25,harkins-2026-09-27T05:41Z,2026-09-27T05:41:06.800785+00:00,2026-09-27T05:00Z,2026-09-27,Sunday,Harkins Arizona Mills 18 w/ IMAX,Tempe,America/Phoenix,Forgotten Island,22:00,16:574596,0,,,101,2,99,2.0,0,https://harkins.com/ticketing/theatre/16/movie/HO00015981/session/574596/date/2026-09-27 22:00,harkins-api; post-show-census; sold_out=0; vista=0000000002,HARK,,,post-show-census
2026-09-25,harkins-2026-09-27T05:41Z,2026-09-27T05:41:06.800785+00:00,2026-09-27T05:00Z,2026-09-27,Sunday,Harkins Arizona Mills 18 w/ IMAX,Tempe,America/Phoenix,Heart of the Beast,22:10,16:573975,0,,,145,4,141,2.8,0,https://harkins.com/ticketing/theatre/16/movie/HO00016093/session/573975/date/2026-09-27 22:10,harkins-api; post-show-census; sold_out=0; vista=0000000002,HARK,,,post-show-census
2026-09-25,harkins-2026-09-27T05:41Z,2026-09-27T05:41:06.800785+00:00,2026-09-27T05:00Z,2026-09-26,Saturday,Harkins Arrowhead Fountains 18,Peoria,America/Phoenix,Forgotten Island,21:15,22:494154,0,,,68,15,53,22.1,13,https://harkins.com/ticketing/theatre/22/movie/HO00015981/session/494154/date/2026-09-26 21:15,harkins-api; post-show-census; sold_out=0; vista=0000000004,HARK,,,post-show-census
2026-09-25,harkins-2026-09-27T05:41Z,2026-09-27T05:41:06.800785+00:00,2026-09-27T05:00Z,2026-09-26,Saturday,Harkins Arrowhead Fountains 18,Peoria,America/Phoenix,Heart of the Beast,21:50,22:496440,0,,,115,16,99,13.9,16,https://harkins.com/ticketing/theatre/22/movie/HO00016093/session/496440/date/2026-09-26 21:50,harkins-api; post-show-census; sold_out=0; vista=0000000004,HARK,,,post-show-census
2026-09-25,harkins-2026-09-27T05:41Z,2026-09-27T05:41:06.800785+00:00,2026-09-27T05:00Z,2026-09-26,Saturday,Harkins Arrowhead Fountains 18,Peoria,America/Phoenix,Heart of the Beast,22:20,22:495941,0,,,153,12,141,7.8,10,https://harkins.com/ticketing/theatre/22/movie/HO00016093/session/495941/date/2026-09-26 22:20,harkins-api; post-show-census; sold_out=0; vista=0000000004,HARK,,,post-show-census
2026-09-25,harkins-2026-09-27T05:41Z,2026-09-27T05:41:06.800785+00:00,2026-09-27T05:00Z,2026-09-27,Sunday,Harkins Arrowhead Fountains 18,Peoria,America/Phoenix,Forgotten Island,21:15,22:494161,0,,,68,0,68,0.0,0,https://harkins.com/ticketing/theatre/22/movie/HO00015981/session/494161/date/2026-09-27 21:15,harkins-api; post-show-census; sold_out=0; vista=0000000004,HARK,,,post-show-census
2026-09-25,harkins-2026-09-27T05:41Z,2026-09-27T05:41:06.800785+00:00,2026-09-27T05:00Z,2026-09-26,Saturday,Harkins Camelview at Fashion Sq.,Scottsdale,America/Phoenix,Forgotten Island,21:40,61:321163,0,,,174,5,169,2.9,2,https://harkins.com/ticketing/theatre/61/movie/HO00015981/session/321163/date/2026-09-26 21:40,harkins-api; post-show-census; sold_out=0; vista=0000000008,HARK,,,post-show-census
2026-09-25,harkins-2026-09-27T05:41Z,2026-09-27T05:41:06.800785+00:00,2026-09-27T05:00Z,2026-09-26,Saturday,Harkins Camelview at Fashion Sq.,Scottsdale,America/Phoenix,Heart of the Beast,21:15,61:320630,0,,,173,31,142,17.9,0,https://harkins.com/ticketing/theatre/61/movie/HO00016093/session/320630/date/2026-09-26 21:15,harkins-api; post-show-census; sold_out=0; vista=0000000008,HARK,,,post-show-census
2026-09-25,harkins-2026-09-27T05:41Z,2026-09-27T05:41:06.800785+00:00,2026-09-27T05:00Z,2026-09-27,Sunday,Harkins Camelview at Fashion Sq.,Scottsdale,America/Phoenix,Forgotten Island,22:05,61:321168,0,,,174,2,172,1.1,0,https://harkins.com/ticketing/theatre/61/movie/HO00015981/session/321168/date/2026-09-27 22:05,harkins-api; post-show-census; sold_out=0; vista=0000000008,HARK,,,post-show-census
2026-09-25,harkins-2026-09-27T05:41Z,2026-09-27T05:41:06.800785+00:00,2026-09-27T05:00Z,2026-09-27,Sunday,Harkins Camelview at Fashion Sq.,Scottsdale,America/Phoenix,Heart of the Beast,22:00,61:320635,0,,,173,2,171,1.2,0,https://harkins.com/ticketing/theatre/61/movie/HO00016093/session/320635/date/2026-09-27 22:00,harkins-api; post-show-census; sold_out=0; vista=0000000008,HARK,,,post-show-census
2026-09-25,harkins-2026-09-27T05:41Z,2026-09-27T05:41:06.800785+00:00,2026-09-27T05:00Z,2026-09-26,Saturday,Harkins Chandler Fashion 20,Chandler,America/Phoenix,Forgotten Island,21:40,10:557665,0,,,153,8,145,5.2,0,https://harkins.com/ticketing/theatre/10/movie/HO00015981/session/557665/date/2026-09-26 21:40,harkins-api; post-show-census; sold_out=0; vista=0000000012,HARK,,,post-show-census
2026-09-25,harkins-2026-09-27T05:41Z,2026-09-27T05:41:06.800785+00:00,2026-09-27T05:00Z,2026-09-26,Saturday,Harkins Chandler Fashion 20,Chandler,America/Phoenix,Heart of the Beast,21:45,10:556929,0,,,55,29,26,52.7,13,https://harkins.com/ticketing/theatre/10/movie/HO00016093/session/556929/date/2026-09-26 21:45,harkins-api; post-show-census; sold_out=0; vista=0000000012,HARK,,,post-show-census
2026-09-25,harkins-2026-09-27T05:41Z,2026-09-27T05:41:06.800785+00:00,2026-09-27T05:00Z,2026-09-26,Saturday,Harkins Chandler Fashion 20,Chandler,America/Phoenix,Heart of the Beast,22:30,10:559728,0,,,152,25,127,16.4,19,https://harkins.com/ticketing/theatre/10/movie/HO00016093/session/559728/date/2026-09-26 22:30,harkins-api; post-show-census; sold_out=0; vista=0000000012,HARK,,,post-show-census
2026-09-25,harkins-2026-09-27T05:41Z,2026-09-27T05:41:06.800785+00:00,2026-09-27T05:00Z,2026-09-27,Sunday,Harkins Chandler Fashion 20,Chandler,America/Phoenix,Forgotten Island,21:40,10:557670,0,,,153,2,151,1.3,0,https://harkins.com/ticketing/theatre/10/movie/HO00015981/session/557670/date/2026-09-27 21:40,harkins-api; post-show-census; sold_out=0; vista=0000000012,HARK,,,post-show-census
2026-09-25,harkins-2026-09-27T05:41Z,2026-09-27T05:41:06.800785+00:00,2026-09-27T05:00Z,2026-09-27,Sunday,Harkins Chandler Fashion 20,Chandler,America/Phoenix,Heart of the Beast,21:30,10:556935,0,,,56,0,56,0.0,0,https://harkins.com/ticketing/theatre/10/movie/HO00016093/session/556935/date/2026-09-27 21:30,harkins-api; post-show-census; sold_out=0; vista=0000000012,HARK,,,post-show-census
2026-09-25,harkins-2026-09-27T05:41Z,2026-09-27T05:41:06.800785+00:00,2026-09-27T05:00Z,2026-09-26,Saturday,Harkins Christown 14,Phoenix,America/Phoenix,Heart of the Beast,21:30,36:390365,0,,,267,17,250,6.4,2,https://harkins.com/ticketing/theatre/36/movie/HO00016093/session/390365/date/2026-09-26 21:30,harkins-api; post-show-census; sold_out=0; vista=0000000014,HARK,,,post-show-census
2026-09-25,harkins-2026-09-27T05:41Z,2026-09-27T05:41:06.800785+00:00,2026-09-27T05:00Z,2026-09-27,Sunday,Harkins Christown 14,Phoenix,America/Phoenix,Heart of the Beast,21:30,36:390374,0,,,267,2,265,0.7,0,https://harkins.com/ticketing/theatre/36/movie/HO00016093/session/390374/date/2026-09-27 21:30,harkins-api; post-show-census; sold_out=0; vista=0000000014,HARK,,,post-show-census
2026-09-25,harkins-2026-09-27T05:41Z,2026-09-27T05:41:06.800785+00:00,2026-09-27T05:00Z,2026-09-26,Saturday,Harkins Estrella Falls 16,Goodyear,America/Phoenix,Heart of the Beast,21:20,64:321574,0,,,137,106,31,77.4,0,https://harkins.com/ticketing/theatre/64/movie/HO00016093/session/321574/date/2026-09-26 21:20,harkins-api; post-show-census; sold_out=0; vista=0000000016,HARK,,,post-show-census
2026-09-25,harkins-2026-09-27T05:41Z,2026-09-27T05:41:06.800785+00:00,2026-09-27T05:00Z,2026-09-26,Saturday,Harkins Estrella Falls 16,Goodyear,America/Phoenix,Heart of the Beast,22:20,64:323727,0,,,137,46,91,33.6,16,https://harkins.com/ticketing/theatre/64/movie/HO00016093/session/323727/date/2026-09-26 22:20,harkins-api; post-show-census; sold_out=0; vista=0000000016,HARK,,,post-show-census
2026-09-25,harkins-2026-09-27T05:41Z,2026-09-27T05:41:06.800785+00:00,2026-09-27T05:00Z,2026-09-27,Sunday,Harkins Estrella Falls 16,Goodyear,America/Phoenix,Heart of the Beast,21:20,64:321579,0,,,137,0,137,0.0,0,https://harkins.com/ticketing/theatre/64/movie/HO00016093/session/321579/date/2026-09-27 21:20,harkins-api; post-show-census; sold_out=0; vista=0000000016,HARK,,,post-show-census
2026-09-25,harkins-2026-09-27T05:41Z,2026-09-27T05:41:06.800785+00:00,2026-09-27T05:00Z,2026-09-26,Saturday,Harkins Gateway Pavilions 18,Avondale,America/Phoenix,Heart of the Beast,22:00,23:506965,0,,,418,19,399,4.5,19,https://harkins.com/ticketing/theatre/23/movie/HO00016093/session/506965/date/2026-09-26 22:00,harkins-api; post-show-census; sold_out=0; vista=0000000020,HARK,,,post-show-census
2026-09-25,harkins-2026-09-27T05:41Z,2026-09-27T05:41:06.800785+00:00,2026-09-27T05:00Z,2026-09-26,Saturday,Harkins Lake Pleasant 9,Peoria,America/Phoenix,Forgotten Island,21:25,67:49218,0,,,86,4,82,4.7,0,https://harkins.com/ticketing/theatre/67/movie/HO00015981/session/49218/date/2026-09-26 21:25,harkins-api; post-show-census; sold_out=0; vista=0000000040,HARK,,,post-show-census
2026-09-25,harkins-2026-09-27T05:41Z,2026-09-27T05:41:06.800785+00:00,2026-09-27T05:00Z,2026-09-26,Saturday,Harkins Lake Pleasant 9,Peoria,America/Phoenix,Heart of the Beast,21:35,67:48047,0,,,111,27,84,24.3,0,https://harkins.com/ticketing/theatre/67/movie/HO00016093/session/48047/date/2026-09-26 21:35,harkins-api; post-show-census; sold_out=0; vista=0000000040,HARK,,,post-show-census
2026-09-25,harkins-2026-09-27T05:41Z,2026-09-27T05:41:06.800785+00:00,2026-09-27T05:00Z,2026-09-26,Saturday,Harkins Lake Pleasant 9,Peoria,America/Phoenix,Heart of the Beast,22:05,67:49397,0,,,110,3,107,2.7,1,https://harkins.com/ticketing/theatre/67/movie/HO00016093/session/49397/date/2026-09-26 22:05,harkins-api; post-show-census; sold_out=0; vista=0000000040,HARK,,,post-show-census
2026-09-25,harkins-2026-09-27T05:41Z,2026-09-27T05:41:06.800785+00:00,2026-09-27T05:00Z,2026-09-26,Saturday,Harkins Norterra 14,Phoenix,America/Phoenix,Forgotten Island,21:30,39:415694,0,,,97,2,95,2.1,0,https://harkins.com/ticketing/theatre/39/movie/HO00015981/session/415694/date/2026-09-26 21:30,harkins-api; post-show-census; sold_out=0; vista=0000000024,HARK,,,post-show-census
2026-09-25,harkins-2026-09-27T05:41Z,2026-09-27T05:41:06.800785+00:00,2026-09-27T05:00Z,2026-09-27,Sunday,Harkins Norterra 14,Phoenix,America/Phoenix,Forgotten Island,21:30,39:415753,0,,,97,0,97,0.0,0,https://harkins.com/ticketing/theatre/39/movie/HO00015981/session/415753/date/2026-09-27 21:30,harkins-api; post-show-census; sold_out=0; vista=0000000024,HARK,,,post-show-census
2026-09-25,harkins-2026-09-27T05:41Z,2026-09-27T05:41:06.800785+00:00,2026-09-27T05:00Z,2026-09-27,Sunday,Harkins Norterra 14,Phoenix,America/Phoenix,Heart of the Beast,21:45,39:415771,0,,,126,0,126,0.0,0,https://harkins.com/ticketing/theatre/39/movie/HO00016093/session/415771/date/2026-09-27 21:45,harkins-api; post-show-census; sold_out=0; vista=0000000024,HARK,,,post-show-census
2026-09-25,harkins-2026-09-27T05:41Z,2026-09-27T05:41:06.800785+00:00,2026-09-27T05:00Z,2026-09-26,Saturday,Harkins Park West 14,Peoria,America/Phoenix,Forgotten Island,22:10,37:456578,0,,,134,3,131,2.2,3,https://harkins.com/ticketing/theatre/37/movie/HO00015981/session/456578/date/2026-09-26 22:10,harkins-api; post-show-census; sold_out=0; vista=0000000027,HARK,,,post-show-census
2026-09-25,harkins-2026-09-27T05:41Z,2026-09-27T05:41:06.800785+00:00,2026-09-27T05:00Z,2026-09-26,Saturday,Harkins Park West 14,Peoria,America/Phoenix,Heart of the Beast,22:35,37:456570,0,,,98,30,68,30.6,26,https://harkins.com/ticketing/theatre/37/movie/HO00016093/session/456570/date/2026-09-26 22:35,harkins-api; post-show-census; sold_out=0; vista=0000000027,HARK,,,post-show-census
2026-09-25,harkins-2026-09-27T05:41Z,2026-09-27T05:41:06.800785+00:00,2026-09-27T05:00Z,2026-09-27,Sunday,Harkins Park West 14,Peoria,America/Phoenix,Heart of the Beast,21:20,37:456630,0,,,136,0,136,0.0,0,https://harkins.com/ticketing/theatre/37/movie/HO00016093/session/456630/date/2026-09-27 21:20,harkins-api; post-show-census; sold_out=0; vista=0000000027,HARK,,,post-show-census
2026-09-25,harkins-2026-09-27T05:41Z,2026-09-27T05:41:06.800785+00:00,2026-09-27T05:00Z,2026-09-26,Saturday,Harkins SanTan Village 16,Gilbert,America/Phoenix,Heart of the Beast,21:45,33:473875,0,,,115,37,78,32.2,27,https://harkins.com/ticketing/theatre/33/movie/HO00016093/session/473875/date/2026-09-26 21:45,harkins-api; post-show-census; sold_out=0; vista=0000000030,HARK,,,post-show-census
2026-09-25,harkins-2026-09-27T05:41Z,2026-09-27T05:41:06.800785+00:00,2026-09-27T05:00Z,2026-09-26,Saturday,Harkins Scottsdale 101 14,Phoenix,America/Phoenix,Forgotten Island,21:25,26:398307,0,,,148,4,144,2.7,0,https://harkins.com/ticketing/theatre/26/movie/HO00015981/session/398307/date/2026-09-26 21:25,harkins-api; post-show-census; sold_out=0; vista=0000000031,HARK,,,post-show-census
2026-09-25,harkins-2026-09-27T05:41Z,2026-09-27T05:41:06.800785+00:00,2026-09-27T05:00Z,2026-09-26,Saturday,Harkins Scottsdale 101 14,Phoenix,America/Phoenix,Heart of the Beast,22:30,26:399737,0,,,153,6,147,3.9,4,https://harkins.com/ticketing/theatre/26/movie/HO00016093/session/399737/date/2026-09-26 22:30,harkins-api; post-show-census; sold_out=0; vista=0000000031,HARK,,,post-show-census
2026-09-25,harkins-2026-09-27T05:41Z,2026-09-27T05:41:06.800785+00:00,2026-09-27T05:00Z,2026-09-27,Sunday,Harkins Scottsdale 101 14,Phoenix,America/Phoenix,Forgotten Island,21:25,26:398312,0,,,148,2,146,1.4,0,https://harkins.com/ticketing/theatre/26/movie/HO00015981/session/398312/date/2026-09-27 21:25,harkins-api; post-show-census; sold_out=0; vista=0000000031,HARK,,,post-show-census
2026-09-25,harkins-2026-09-27T05:41Z,2026-09-27T05:41:06.800785+00:00,2026-09-27T05:00Z,2026-09-27,Sunday,Harkins Scottsdale 101 14,Phoenix,America/Phoenix,Heart of the Beast,22:30,26:399840,0,,,69,2,67,2.9,0,https://harkins.com/ticketing/theatre/26/movie/HO00016093/session/399840/date/2026-09-27 22:30,harkins-api; post-show-census; sold_out=0; vista=0000000031,HARK,,,post-show-census
2026-09-25,harkins-2026-09-27T05:41Z,2026-09-27T05:41:06.800785+00:00,2026-09-27T05:00Z,2026-09-26,Saturday,Harkins Superstition Springs 25,Mesa,America/Phoenix,Heart of the Beast,21:15,15:595282,0,,,442,35,407,7.9,27,https://harkins.com/ticketing/theatre/15/movie/HO00016093/session/595282/date/2026-09-26 21:15,harkins-api; post-show-census; sold_out=0; vista=0000000035,HARK,,,post-show-census
2026-09-25,harkins-2026-09-27T05:41Z,2026-09-27T05:41:06.800785+00:00,2026-09-27T05:00Z,2026-09-26,Saturday,Harkins Tempe Marketplace 16,Tempe,America/Phoenix,Heart of the Beast,21:45,35:485839,0,,,129,57,72,44.2,26,https://harkins.com/ticketing/theatre/35/movie/HO00016093/session/485839/date/2026-09-26 21:45,harkins-api; post-show-census; sold_out=0; vista=0000000036,HARK,,,post-show-census
2026-09-25,harkins-2026-09-27T05:41Z,2026-09-27T05:41:06.800785+00:00,2026-09-27T05:00Z,2026-09-27,Sunday,Harkins Tempe Marketplace 16,Tempe,America/Phoenix,Heart of the Beast,21:45,35:485844,0,,,129,2,127,1.6,0,https://harkins.com/ticketing/theatre/35/movie/HO00016093/session/485844/date/2026-09-27 21:45,harkins-api; post-show-census; sold_out=0; vista=0000000036,HARK,,,post-show-census
2026-09-25,harkins-2026-09-27T05:41Z,2026-09-27T05:41:06.800785+00:00,2026-09-27T05:00Z,2026-09-26,Saturday,Harkins Flagstaff 16,Flagstaff,America/Phoenix,Forgotten Island,21:20,65:281495,0,,,227,4,223,1.8,0,https://harkins.com/ticketing/theatre/65/movie/HO00015981/session/281495/date/2026-09-26 21:20,harkins-api; post-show-census; sold_out=0; vista=0000000019,HARK,,,post-show-census
2026-09-25,harkins-2026-09-27T05:41Z,2026-09-27T05:41:06.800785+00:00,2026-09-27T05:00Z,2026-09-26,Saturday,Harkins Flagstaff 16,Flagstaff,America/Phoenix,Heart of the Beast,22:15,65:282727,0,,,169,7,162,4.1,7,https://harkins.com/ticketing/theatre/65/movie/HO00016093/session/282727/date/2026-09-26 22:15,harkins-api; post-show-census; sold_out=0; vista=0000000019,HARK,,,post-show-census
2026-09-25,harkins-2026-09-27T05:41Z,2026-09-27T05:41:06.800785+00:00,2026-09-27T05:00Z,2026-09-27,Sunday,Harkins Flagstaff 16,Flagstaff,America/Phoenix,Forgotten Island,21:20,65:281501,0,,,227,0,227,0.0,0,https://harkins.com/ticketing/theatre/65/movie/HO00015981/session/281501/date/2026-09-27 21:20,harkins-api; post-show-census; sold_out=0; vista=0000000019,HARK,,,post-show-census
2026-09-25,harkins-2026-09-27T05:41Z,2026-09-27T05:41:06.800785+00:00,2026-09-27T05:00Z,2026-09-27,Sunday,Harkins Flagstaff 16,Flagstaff,America/Phoenix,Heart of the Beast,22:15,65:282782,0,,,169,0,169,0.0,0,https://harkins.com/ticketing/theatre/65/movie/HO00016093/session/282782/date/2026-09-27 22:15,harkins-api; post-show-census; sold_out=0; vista=0000000019,HARK,,,post-show-census
2026-09-25,harkins-2026-09-27T05:41Z,2026-09-27T05:41:06.800785+00:00,2026-09-27T05:00Z,2026-09-26,Saturday,Harkins Prescott Valley 14,Prescott Valley,America/Phoenix,Heart of the Beast,21:25,19:383787,0,,,303,3,300,1.0,0,https://harkins.com/ticketing/theatre/19/movie/HO00016093/session/383787/date/2026-09-26 21:25,harkins-api; post-show-census; sold_out=0; vista=0000000028,HARK,,,post-show-census
2026-09-25,harkins-2026-09-27T05:41Z,2026-09-27T05:41:06.800785+00:00,2026-09-27T05:00Z,2026-09-26,Saturday,Harkins Arizona Pavilions 12,Tucson,America/Phoenix,Forgotten Island,21:20,59:311001,0,,,217,4,213,1.8,0,https://harkins.com/ticketing/theatre/59/movie/HO00015981/session/311001/date/2026-09-26 21:20,harkins-api; post-show-census; sold_out=0; vista=0000000003,HARK,,,post-show-census
2026-09-25,harkins-2026-09-27T05:41Z,2026-09-27T05:41:06.800785+00:00,2026-09-27T05:00Z,2026-09-26,Saturday,Harkins Arizona Pavilions 12,Tucson,America/Phoenix,Heart of the Beast,21:30,59:310632,0,,,218,21,197,9.6,-3,https://harkins.com/ticketing/theatre/59/movie/HO00016093/session/310632/date/2026-09-26 21:30,harkins-api; post-show-census; sold_out=0; vista=0000000003,HARK,,,post-show-census
2026-09-25,harkins-2026-09-27T05:41Z,2026-09-27T05:41:06.800785+00:00,2026-09-27T05:00Z,2026-09-26,Saturday,Harkins Tucson Spectrum 18,Tucson,America/Phoenix,Forgotten Island,21:40,40:471923,0,,,196,3,193,1.5,0,https://harkins.com/ticketing/theatre/40/movie/HO00015981/session/471923/date/2026-09-26 21:40,harkins-api; post-show-census; sold_out=0; vista=0000000037,HARK,,,post-show-census
2026-09-25,harkins-2026-09-27T05:41Z,2026-09-27T05:41:06.800785+00:00,2026-09-27T05:00Z,2026-09-26,Saturday,Harkins Tucson Spectrum 18,Tucson,America/Phoenix,Heart of the Beast,21:15,40:471388,0,,,151,40,111,26.5,0,https://harkins.com/ticketing/theatre/40/movie/HO00016093/session/471388/date/2026-09-26 21:15,harkins-api; post-show-census; sold_out=0; vista=0000000037,HARK,,,post-show-census
2026-09-25,harkins-2026-09-27T05:41Z,2026-09-27T05:41:06.800785+00:00,2026-09-27T05:00Z,2026-09-26,Saturday,Harkins Tucson Spectrum 18,Tucson,America/Phoenix,Heart of the Beast,22:30,40:473209,0,,,196,9,187,4.6,8,https://harkins.com/ticketing/theatre/40/movie/HO00016093/session/473209/date/2026-09-26 22:30,harkins-api; post-show-census; sold_out=0; vista=0000000037,HARK,,,post-show-census
2026-09-25,harkins-2026-09-27T05:41Z,2026-09-27T05:41:06.800785+00:00,2026-09-27T05:00Z,2026-09-27,Sunday,Harkins Tucson Spectrum 18,Tucson,America/Phoenix,Forgotten Island,21:40,40:471928,0,,,196,0,196,0.0,0,https://harkins.com/ticketing/theatre/40/movie/HO00015981/session/471928/date/2026-09-27 21:40,harkins-api; post-show-census; sold_out=0; vista=0000000037,HARK,,,post-show-census
2026-09-25,harkins-2026-09-27T05:41Z,2026-09-27T05:41:06.800785+00:00,2026-09-27T05:00Z,2026-09-27,Sunday,Harkins Tucson Spectrum 18,Tucson,America/Phoenix,Heart of the Beast,21:15,40:471393,0,,,318,0,318,0.0,0,https://harkins.com/ticketing/theatre/40/movie/HO00016093/session/471393/date/2026-09-27 21:15,harkins-api; post-show-census; sold_out=0; vista=0000000037,HARK,,,post-show-census
2026-09-25,harkins-2026-09-27T05:41Z,2026-09-27T05:41:06.800785+00:00,2026-09-27T05:00Z,2026-09-26,Saturday,Harkins Yuma Palms 14,Yuma,America/Phoenix,Heart of the Beast,21:45,28:374176,0,,,270,27,243,10.0,27,https://harkins.com/ticketing/theatre/28/movie/HO00016093/session/374176/date/2026-09-26 21:45,harkins-api; post-show-census; sold_out=0; vista=0000000039,HARK,,,post-show-census
2026-09-25,harkins-2026-09-27T05:41Z,2026-09-27T05:41:06.800785+00:00,2026-09-27T05:00Z,2026-09-26,Saturday,Harkins Cerritos 16,Cerritos,America/Los_Angeles,Forgotten Island,21:40,63:302114,0,,,108,68,40,63.0,0,https://harkins.com/ticketing/theatre/63/movie/HO00015981/session/302114/date/2026-09-26 21:40,harkins-api; post-show-census; sold_out=0; vista=0000000010,HARK,,,post-show-census
2026-09-25,harkins-2026-09-27T05:41Z,2026-09-27T05:41:06.800785+00:00,2026-09-27T05:00Z,2026-09-26,Saturday,Harkins Cerritos 16,Cerritos,America/Los_Angeles,Heart of the Beast,21:50,63:300866,0,,,136,103,33,75.7,26,https://harkins.com/ticketing/theatre/63/movie/HO00016093/session/300866/date/2026-09-26 21:50,harkins-api; post-show-census; sold_out=0; vista=0000000010,HARK,,,post-show-census
2026-09-25,harkins-2026-09-27T05:41Z,2026-09-27T05:41:06.800785+00:00,2026-09-27T05:00Z,2026-09-26,Saturday,Harkins Cerritos 16,Cerritos,America/Los_Angeles,Heart of the Beast,22:35,63:302115,0,,,108,27,81,25.0,20,https://harkins.com/ticketing/theatre/63/movie/HO00016093/session/302115/date/2026-09-26 22:35,harkins-api; post-show-census; sold_out=0; vista=0000000010,HARK,,,post-show-census
2026-09-25,harkins-2026-09-27T05:41Z,2026-09-27T05:41:06.800785+00:00,2026-09-27T05:00Z,2026-09-27,Sunday,Harkins Cerritos 16,Cerritos,America/Los_Angeles,Heart of the Beast,21:50,63:300876,0,,,136,2,134,1.5,0,https://harkins.com/ticketing/theatre/63/movie/HO00016093/session/300876/date/2026-09-27 21:50,harkins-api; post-show-census; sold_out=0; vista=0000000010,HARK,,,post-show-census
2026-09-25,harkins-2026-09-27T05:41Z,2026-09-27T05:41:06.800785+00:00,2026-09-27T05:00Z,2026-09-26,Saturday,Harkins Chino Hills 18,Chino Hills,America/Los_Angeles,Forgotten Island,21:40,32:458020,0,,,267,13,254,4.9,3,https://harkins.com/ticketing/theatre/32/movie/HO00015981/session/458020/date/2026-09-26 21:40,harkins-api; post-show-census; sold_out=0; vista=0000000013,HARK,,,post-show-census
2026-09-25,harkins-2026-09-27T05:41Z,2026-09-27T05:41:06.800785+00:00,2026-09-27T05:00Z,2026-09-26,Saturday,Harkins Chino Hills 18,Chino Hills,America/Los_Angeles,Heart of the Beast,21:45,32:457114,0,,,269,46,223,17.1,21,https://harkins.com/ticketing/theatre/32/movie/HO00016093/session/457114/date/2026-09-26 21:45,harkins-api; post-show-census; sold_out=0; vista=0000000013,HARK,,,post-show-census
2026-09-25,harkins-2026-09-27T05:41Z,2026-09-27T05:41:06.800785+00:00,2026-09-27T05:00Z,2026-09-27,Sunday,Harkins Chino Hills 18,Chino Hills,America/Los_Angeles,Forgotten Island,21:40,32:458025,0,,,267,10,257,3.7,0,https://harkins.com/ticketing/theatre/32/movie/HO00015981/session/458025/date/2026-09-27 21:40,harkins-api; post-show-census; sold_out=0; vista=0000000013,HARK,,,post-show-census
2026-09-25,harkins-2026-09-27T05:41Z,2026-09-27T05:41:06.800785+00:00,2026-09-27T05:00Z,2026-09-27,Sunday,Harkins Chino Hills 18,Chino Hills,America/Los_Angeles,Heart of the Beast,21:45,32:457119,0,,,269,13,256,4.8,0,https://harkins.com/ticketing/theatre/32/movie/HO00016093/session/457119/date/2026-09-27 21:45,harkins-api; post-show-census; sold_out=0; vista=0000000013,HARK,,,post-show-census
2026-09-25,harkins-2026-09-27T05:41Z,2026-09-27T05:41:06.800785+00:00,2026-09-27T05:00Z,2026-09-26,Saturday,Harkins Moreno Valley 16,Moreno Valley,America/Los_Angeles,Forgotten Island,21:15,31:413805,0,,,202,10,192,5.0,8,https://harkins.com/ticketing/theatre/31/movie/HO00015981/session/413805/date/2026-09-26 21:15,harkins-api; post-show-census; sold_out=0; vista=0000000022,HARK,,,post-show-census
2026-09-25,harkins-2026-09-27T05:41Z,2026-09-27T05:41:06.800785+00:00,2026-09-27T05:00Z,2026-09-26,Saturday,Harkins Moreno Valley 16,Moreno Valley,America/Los_Angeles,Heart of the Beast,21:50,31:415101,0,,,269,5,264,1.9,5,https://harkins.com/ticketing/theatre/31/movie/HO00016093/session/415101/date/2026-09-26 21:50,harkins-api; post-show-census; sold_out=0; vista=0000000022,HARK,,,post-show-census
2026-09-25,harkins-2026-09-27T05:41Z,2026-09-27T05:41:06.800785+00:00,2026-09-27T05:00Z,2026-09-27,Sunday,Harkins Moreno Valley 16,Moreno Valley,America/Los_Angeles,Forgotten Island,21:15,31:413809,0,,,202,0,202,0.0,0,https://harkins.com/ticketing/theatre/31/movie/HO00015981/session/413809/date/2026-09-27 21:15,harkins-api; post-show-census; sold_out=0; vista=0000000022,HARK,,,post-show-census
2026-09-25,harkins-2026-09-27T05:41Z,2026-09-27T05:41:06.800785+00:00,2026-09-27T05:00Z,2026-09-27,Sunday,Harkins Moreno Valley 16,Moreno Valley,America/Los_Angeles,Heart of the Beast,21:45,31:415144,0,,,269,0,269,0.0,0,https://harkins.com/ticketing/theatre/31/movie/HO00016093/session/415144/date/2026-09-27 21:45,harkins-api; post-show-census; sold_out=0; vista=0000000022,HARK,,,post-show-census
2026-09-25,harkins-2026-09-27T05:41Z,2026-09-27T05:41:06.800785+00:00,2026-09-27T05:00Z,2026-09-26,Saturday,Harkins Mountain Grove 16,Redlands,America/Los_Angeles,Forgotten Island,21:20,62:327800,0,,,68,25,43,36.8,0,https://harkins.com/ticketing/theatre/62/movie/HO00015981/session/327800/date/2026-09-26 21:20,harkins-api; post-show-census; sold_out=0; vista=0000000023,HARK,,,post-show-census
2026-09-25,harkins-2026-09-27T05:41Z,2026-09-27T05:41:06.800785+00:00,2026-09-27T05:00Z,2026-09-26,Saturday,Harkins Mountain Grove 16,Redlands,America/Los_Angeles,Heart of the Beast,21:20,62:329393,0,,,107,60,47,56.1,0,https://harkins.com/ticketing/theatre/62/movie/HO00016093/session/329393/date/2026-09-26 21:20,harkins-api; post-show-census; sold_out=0; vista=0000000023,HARK,,,post-show-census
2026-09-25,harkins-2026-09-27T05:41Z,2026-09-27T05:41:06.800785+00:00,2026-09-27T05:00Z,2026-09-26,Saturday,Harkins Mountain Grove 16,Redlands,America/Los_Angeles,Heart of the Beast,21:30,62:329634,0,,,137,60,77,43.8,0,https://harkins.com/ticketing/theatre/62/movie/HO00016093/session/329634/date/2026-09-26 21:30,harkins-api; post-show-census; sold_out=0; vista=0000000023,HARK,,,post-show-census
2026-09-25,harkins-2026-09-27T05:41Z,2026-09-27T05:41:06.800785+00:00,2026-09-27T05:00Z,2026-09-26,Saturday,Harkins Mountain Grove 16,Redlands,America/Los_Angeles,Heart of the Beast,21:45,62:327201,0,,,134,34,100,25.4,14,https://harkins.com/ticketing/theatre/62/movie/HO00016093/session/327201/date/2026-09-26 21:45,harkins-api; post-show-census; sold_out=0; vista=0000000023,HARK,,,post-show-census
2026-09-25,harkins-2026-09-27T05:41Z,2026-09-27T05:41:06.800785+00:00,2026-09-27T05:00Z,2026-09-27,Sunday,Harkins Mountain Grove 16,Redlands,America/Los_Angeles,Forgotten Island,21:20,62:327805,0,,,106,5,101,4.7,0,https://harkins.com/ticketing/theatre/62/movie/HO00015981/session/327805/date/2026-09-27 21:20,harkins-api; post-show-census; sold_out=0; vista=0000000023,HARK,,,post-show-census
2026-09-25,harkins-2026-09-27T05:41Z,2026-09-27T05:41:06.800785+00:00,2026-09-27T05:00Z,2026-09-27,Sunday,Harkins Mountain Grove 16,Redlands,America/Los_Angeles,Heart of the Beast,21:45,62:327206,0,,,134,2,132,1.5,0,https://harkins.com/ticketing/theatre/62/movie/HO00016093/session/327206/date/2026-09-27 21:45,harkins-api; post-show-census; sold_out=0; vista=0000000023,HARK,,,post-show-census
2026-09-25,harkins-2026-09-27T05:41Z,2026-09-27T05:41:06.800785+00:00,2026-09-27T05:00Z,2026-09-27,Sunday,Harkins Mountain Grove 16,Redlands,America/Los_Angeles,Heart of the Beast,22:35,62:329541,0,,,68,2,66,2.9,0,https://harkins.com/ticketing/theatre/62/movie/HO00016093/session/329541/date/2026-09-27 22:35,harkins-api; post-show-census; sold_out=0; vista=0000000023,HARK,,,post-show-census
