weekend_of,run_id,snapshot_time,snapshot_bucket,show_date,day_of_week,theatre_name,theatre_city,timezone,movie_title,showtime,showtime_id,minutes_until_showtime,auditorium_name,auditorium_type,total_seats,reserved_seats,available_seats,occupancy_pct,delta_reserved_since_previous,amc_seat_map_url,notes
2026-05-01,20260503-114743-22c625,2026-05-03T18:47:46.067504+00:00,2026-05-03T18:00Z,2026-05-02,Saturday,AMC Anaheim GardenWalk 6,,PT,The Devil Wears Prada 2,10:15pm,142846713,0,,Laser at AMC,50,8,42,16,,https://www.amctheatres.com/showtimes/142846713/seats,Laser at AMC @ 10:15pm (saved link)
2026-05-01,20260503-114743-22c625,2026-05-03T18:47:46.067504+00:00,2026-05-03T18:00Z,2026-05-02,Saturday,AMC Anaheim GardenWalk 6,,PT,The Devil Wears Prada 2,10:00pm,141506082,0,,Laser at AMC,133,16,117,12,,https://www.amctheatres.com/showtimes/141506082/seats,Laser at AMC @ 10:00pm (saved link)
2026-05-01,20260503-114743-22c625,2026-05-03T18:47:46.067504+00:00,2026-05-03T18:00Z,2026-05-02,Saturday,AMC Anaheim GardenWalk 6,,PT,The Devil Wears Prada 2,9:00pm,142581041,0,,Laser at AMC,75,52,23,69.3,,https://www.amctheatres.com/showtimes/142581041/seats,Laser at AMC @ 9:00pm (saved link)
2026-05-01,20260503-114743-22c625,2026-05-03T18:47:46.067504+00:00,2026-05-03T18:00Z,2026-05-02,Saturday,AMC Anaheim GardenWalk 6,,PT,The Devil Wears Prada 2,8:00pm,142733190,0,,Laser at AMC,54,41,13,75.9,,https://www.amctheatres.com/showtimes/142733190/seats,Laser at AMC @ 8:00pm (saved link)
2026-05-01,20260503-114743-22c625,2026-05-03T18:47:46.067504+00:00,2026-05-03T18:00Z,2026-05-02,Saturday,AMC Anaheim GardenWalk 6,,PT,The Devil Wears Prada 2,7:00pm,141506081,0,,Laser at AMC,133,88,45,66.2,,https://www.amctheatres.com/showtimes/141506081/seats,Laser at AMC @ 7:00pm (saved link)
2026-05-01,20260503-114743-22c625,2026-05-03T18:47:46.067504+00:00,2026-05-03T18:00Z,2026-05-02,Saturday,AMC Anaheim GardenWalk 6,,PT,The Devil Wears Prada 2,6:00pm,142581040,0,,Laser at AMC,75,44,31,58.7,,https://www.amctheatres.com/showtimes/142581040/seats,Laser at AMC @ 6:00pm (saved link)
2026-05-01,20260503-114743-22c625,2026-05-03T18:48:18.857226+00:00,2026-05-03T18:00Z,2026-05-02,Saturday,AMC Bakersfield 6,,PT,The Devil Wears Prada 2,10:15pm,141464403,0,,undefined,149,10,139,6.7,,https://www.amctheatres.com/showtimes/141464403/seats,undefined @ 10:15pm (saved link)
2026-05-01,20260503-114743-22c625,2026-05-03T18:48:18.857226+00:00,2026-05-03T18:00Z,2026-05-02,Saturday,AMC Bakersfield 6,,PT,The Devil Wears Prada 2,9:00pm,142618698,0,,undefined,45,18,27,40,,https://www.amctheatres.com/showtimes/142618698/seats,undefined @ 9:00pm (saved link)
2026-05-01,20260503-114743-22c625,2026-05-03T18:48:18.857226+00:00,2026-05-03T18:00Z,2026-05-02,Saturday,AMC Bakersfield 6,,PT,The Devil Wears Prada 2,8:00pm,142714821,0,,undefined,35,20,15,57.1,,https://www.amctheatres.com/showtimes/142714821/seats,undefined @ 8:00pm (saved link)
2026-05-01,20260503-114743-22c625,2026-05-03T18:48:18.857226+00:00,2026-05-03T18:00Z,2026-05-02,Saturday,AMC Bakersfield 6,,PT,The Devil Wears Prada 2,7:00pm,141464402,0,,undefined,149,61,88,40.9,,https://www.amctheatres.com/showtimes/141464402/seats,undefined @ 7:00pm (saved link)
2026-05-01,20260503-114743-22c625,2026-05-03T18:48:18.857226+00:00,2026-05-03T18:00Z,2026-05-02,Saturday,AMC Bakersfield 6,,PT,The Devil Wears Prada 2,5:45pm,142618697,0,,undefined,45,29,16,64.4,,https://www.amctheatres.com/showtimes/142618697/seats,undefined @ 5:45pm (saved link)
2026-05-01,20260503-114743-22c625,2026-05-03T18:48:49.641523+00:00,2026-05-03T18:00Z,2026-05-02,Saturday,AMC Burbank Town Center 8,,PT,The Devil Wears Prada 2,10:15pm,142793951,0,,Laser at AMC,50,17,33,34,,https://www.amctheatres.com/showtimes/142793951/seats,Laser at AMC @ 10:15pm (saved link)
2026-05-01,20260503-114743-22c625,2026-05-03T18:48:49.641523+00:00,2026-05-03T18:00Z,2026-05-02,Saturday,AMC Burbank Town Center 8,,PT,The Devil Wears Prada 2,9:45pm,141499105,0,,Laser at AMC,93,41,52,44.1,,https://www.amctheatres.com/showtimes/141499105/seats,Laser at AMC @ 9:45pm (saved link)
2026-05-01,20260503-114743-22c625,2026-05-03T18:48:49.641523+00:00,2026-05-03T18:00Z,2026-05-02,Saturday,AMC Burbank Town Center 8,,PT,The Devil Wears Prada 2,8:15pm,141499070,0,,Laser at AMC,98,84,14,85.7,,https://www.amctheatres.com/showtimes/141499070/seats,Laser at AMC @ 8:15pm (saved link)
2026-05-01,20260503-114743-22c625,2026-05-03T18:48:49.641523+00:00,2026-05-03T18:00Z,2026-05-02,Saturday,AMC Burbank Town Center 8,,PT,The Devil Wears Prada 2,7:20pm,142793950,0,,Laser at AMC,50,47,3,94,,https://www.amctheatres.com/showtimes/142793950/seats,Laser at AMC @ 7:20pm (saved link)
2026-05-01,20260503-114743-22c625,2026-05-03T18:48:49.641523+00:00,2026-05-03T18:00Z,2026-05-02,Saturday,AMC Burbank Town Center 8,,PT,The Devil Wears Prada 2,6:50pm,141499107,0,,Laser at AMC,93,70,23,75.3,,https://www.amctheatres.com/showtimes/141499107/seats,Laser at AMC @ 6:50pm (saved link)
2026-05-01,20260503-114743-22c625,2026-05-03T18:48:49.641523+00:00,2026-05-03T18:00Z,2026-05-02,Saturday,AMC Burbank Town Center 8,,PT,Animal Farm,6:30pm,142794089,0,,Laser at AMC,31,26,5,83.9,,https://www.amctheatres.com/showtimes/142794089/seats,Laser at AMC @ 6:30pm (saved link)
2026-05-01,20260503-114743-22c625,2026-05-03T18:49:25.894263+00:00,2026-05-03T18:00Z,2026-05-02,Saturday,AMC Fallbrook 7,,PT,The Devil Wears Prada 2,10:15pm,141490494,0,,Laser at AMC,145,46,99,31.7,,https://www.amctheatres.com/showtimes/141490494/seats,Laser at AMC @ 10:15pm (saved link)
2026-05-01,20260503-114743-22c625,2026-05-03T18:49:25.894263+00:00,2026-05-03T18:00Z,2026-05-02,Saturday,AMC Fallbrook 7,,PT,The Devil Wears Prada 2,9:45pm,142847556,0,,Laser at AMC,79,38,41,48.1,,https://www.amctheatres.com/showtimes/142847556/seats,Laser at AMC @ 9:45pm (saved link)
2026-05-01,20260503-114743-22c625,2026-05-03T18:49:25.894263+00:00,2026-05-03T18:00Z,2026-05-02,Saturday,AMC Fallbrook 7,,PT,The Devil Wears Prada 2,9:15pm,141490435,0,,Laser at AMC,145,87,58,60,,https://www.amctheatres.com/showtimes/141490435/seats,Laser at AMC @ 9:15pm (saved link)
2026-05-01,20260503-114743-22c625,2026-05-03T18:49:25.894263+00:00,2026-05-03T18:00Z,2026-05-02,Saturday,AMC Fallbrook 7,,PT,The Devil Wears Prada 2,8:30pm,142829099,0,,Laser at AMC,85,72,13,84.7,,https://www.amctheatres.com/showtimes/142829099/seats,Laser at AMC @ 8:30pm (saved link)
2026-05-01,20260503-114743-22c625,2026-05-03T18:49:25.894263+00:00,2026-05-03T18:00Z,2026-05-02,Saturday,AMC Fallbrook 7,,PT,The Devil Wears Prada 2,7:45pm,142718327,0,,Laser at AMC,121,85,36,70.2,,https://www.amctheatres.com/showtimes/142718327/seats,Laser at AMC @ 7:45pm (saved link)
2026-05-01,20260503-114743-22c625,2026-05-03T18:49:25.894263+00:00,2026-05-03T18:00Z,2026-05-02,Saturday,AMC Fallbrook 7,,PT,The Devil Wears Prada 2,7:00pm,141490493,0,,Laser at AMC,145,101,44,69.7,,https://www.amctheatres.com/showtimes/141490493/seats,Laser at AMC @ 7:00pm (saved link)
2026-05-01,20260503-114743-22c625,2026-05-03T18:49:25.894263+00:00,2026-05-03T18:00Z,2026-05-02,Saturday,AMC Fallbrook 7,,PT,The Devil Wears Prada 2,6:30pm,142847555,0,,Laser at AMC,79,52,27,65.8,,https://www.amctheatres.com/showtimes/142847555/seats,Laser at AMC @ 6:30pm (saved link)
2026-05-01,20260503-114743-22c625,2026-05-03T18:49:25.894263+00:00,2026-05-03T18:00Z,2026-05-02,Saturday,AMC Fallbrook 7,,PT,The Devil Wears Prada 2,6:00pm,141490434,0,,Laser at AMC,145,102,43,70.3,,https://www.amctheatres.com/showtimes/141490434/seats,Laser at AMC @ 6:00pm (saved link)
2026-05-01,20260503-114743-22c625,2026-05-03T18:50:02.131869+00:00,2026-05-03T18:00Z,2026-05-02,Saturday,AMC Kitsap 8,,PT,The Devil Wears Prada 2,10:00pm,141473137,0,,Laser at AMC,93,15,78,16.1,,https://www.amctheatres.com/showtimes/141473137/seats,Laser at AMC @ 10:00pm (saved link)
2026-05-01,20260503-114743-22c625,2026-05-03T18:50:02.131869+00:00,2026-05-03T18:00Z,2026-05-02,Saturday,AMC Kitsap 8,,PT,The Devil Wears Prada 2,9:00pm,142781168,0,,Laser at AMC,74,9,65,12.2,,https://www.amctheatres.com/showtimes/142781168/seats,Laser at AMC @ 9:00pm (saved link)
2026-05-01,20260503-114743-22c625,2026-05-03T18:50:02.131869+00:00,2026-05-03T18:00Z,2026-05-02,Saturday,AMC Kitsap 8,,PT,The Devil Wears Prada 2,8:25pm,142781151,0,,Laser at AMC,93,34,59,36.6,,https://www.amctheatres.com/showtimes/142781151/seats,Laser at AMC @ 8:25pm (saved link)
2026-05-01,20260503-114743-22c625,2026-05-03T18:50:02.131869+00:00,2026-05-03T18:00Z,2026-05-02,Saturday,AMC Kitsap 8,,PT,The Devil Wears Prada 2,7:00pm,141473135,0,,Laser at AMC,93,68,25,73.1,,https://www.amctheatres.com/showtimes/141473135/seats,Laser at AMC @ 7:00pm (saved link)
2026-05-01,20260503-114743-22c625,2026-05-03T18:50:02.131869+00:00,2026-05-03T18:00Z,2026-05-02,Saturday,AMC Kitsap 8,,PT,The Devil Wears Prada 2,6:00pm,142781167,0,,Laser at AMC,74,42,32,56.8,,https://www.amctheatres.com/showtimes/142781167/seats,Laser at AMC @ 6:00pm (saved link)
2026-05-01,20260503-114743-22c625,2026-05-03T18:50:34.397641+00:00,2026-05-03T18:00Z,2026-05-02,Saturday,AMC Manteca 16,,PT,The Devil Wears Prada 2,10:00pm,141353340,0,,Dolby Cinema at AMC,137,25,112,18.2,,https://www.amctheatres.com/showtimes/141353340/seats,Dolby Cinema at AMC @ 10:00pm (saved link)
2026-05-01,20260503-114743-22c625,2026-05-03T18:50:34.397641+00:00,2026-05-03T18:00Z,2026-05-02,Saturday,AMC Manteca 16,,PT,The Devil Wears Prada 2,7:00pm,141353341,0,,Dolby Cinema at AMC,137,102,35,74.5,,https://www.amctheatres.com/showtimes/141353341/seats,Dolby Cinema at AMC @ 7:00pm (saved link)
2026-05-01,20260503-114743-22c625,2026-05-03T18:50:34.397641+00:00,2026-05-03T18:00Z,2026-05-02,Saturday,AMC Manteca 16,,PT,The Devil Wears Prada 2,10:30pm,142688652,0,,undefined,289,8,281,2.8,,https://www.amctheatres.com/showtimes/142688652/seats,undefined @ 10:30pm (saved link)
2026-05-01,20260503-114743-22c625,2026-05-03T18:50:34.397641+00:00,2026-05-03T18:00Z,2026-05-02,Saturday,AMC Manteca 16,,PT,The Devil Wears Prada 2,9:00pm,142688671,0,,undefined,243,18,225,7.4,,https://www.amctheatres.com/showtimes/142688671/seats,undefined @ 9:00pm (saved link)
2026-05-01,20260503-114743-22c625,2026-05-03T18:50:34.397641+00:00,2026-05-03T18:00Z,2026-05-02,Saturday,AMC Manteca 16,,PT,The Devil Wears Prada 2,8:00pm,141353320,0,,undefined,289,10,279,3.5,,https://www.amctheatres.com/showtimes/141353320/seats,undefined @ 8:00pm (saved link)
2026-05-01,20260503-114743-22c625,2026-05-03T18:50:34.397641+00:00,2026-05-03T18:00Z,2026-05-02,Saturday,AMC Manteca 16,,PT,The Devil Wears Prada 2,7:30pm,142688653,0,,undefined,289,49,240,17,,https://www.amctheatres.com/showtimes/142688653/seats,undefined @ 7:30pm (saved link)
2026-05-01,20260503-114743-22c625,2026-05-03T18:50:34.397641+00:00,2026-05-03T18:00Z,2026-05-02,Saturday,AMC Manteca 16,,PT,The Devil Wears Prada 2,6:00pm,142688670,0,,undefined,243,16,227,6.6,,https://www.amctheatres.com/showtimes/142688670/seats,undefined @ 6:00pm (saved link)
2026-05-01,20260503-114743-22c625,2026-05-03T18:50:34.397641+00:00,2026-05-03T18:00Z,2026-05-02,Saturday,AMC Manteca 16,,PT,Animal Farm,6:45pm,141562623,0,,undefined,180,6,174,3.3,,https://www.amctheatres.com/showtimes/141562623/seats,undefined @ 6:45pm (saved link)
2026-05-01,20260503-114743-22c625,2026-05-03T18:51:11.607064+00:00,2026-05-03T18:00Z,2026-05-02,Saturday,AMC Oak Tree 6,,PT,The Devil Wears Prada 2,10:00pm,142790969,0,,Laser at AMC,240,24,216,10,,https://www.amctheatres.com/showtimes/142790969/seats,Laser at AMC @ 10:00pm (saved link)
2026-05-01,20260503-114743-22c625,2026-05-03T18:51:11.607064+00:00,2026-05-03T18:00Z,2026-05-02,Saturday,AMC Oak Tree 6,,PT,The Devil Wears Prada 2,9:15pm,142790972,0,,Laser at AMC,83,50,33,60.2,,https://www.amctheatres.com/showtimes/142790972/seats,Laser at AMC @ 9:15pm (saved link)
2026-05-01,20260503-114743-22c625,2026-05-03T18:51:11.607064+00:00,2026-05-03T18:00Z,2026-05-02,Saturday,AMC Oak Tree 6,,PT,The Devil Wears Prada 2,8:15pm,142790929,0,,Laser at AMC,128,75,53,58.6,,https://www.amctheatres.com/showtimes/142790929/seats,Laser at AMC @ 8:15pm (saved link)
2026-05-01,20260503-114743-22c625,2026-05-03T18:51:11.607064+00:00,2026-05-03T18:00Z,2026-05-02,Saturday,AMC Oak Tree 6,,PT,The Devil Wears Prada 2,7:00pm,141375439,0,,Laser at AMC,240,155,85,64.6,,https://www.amctheatres.com/showtimes/141375439/seats,Laser at AMC @ 7:00pm (saved link)
2026-05-01,20260503-114743-22c625,2026-05-03T18:51:11.607064+00:00,2026-05-03T18:00Z,2026-05-02,Saturday,AMC Oak Tree 6,,PT,The Devil Wears Prada 2,6:15pm,142790971,0,,Laser at AMC,83,55,28,66.3,,https://www.amctheatres.com/showtimes/142790971/seats,Laser at AMC @ 6:15pm (saved link)
2026-05-01,20260503-114743-22c625,2026-05-03T18:51:44.808837+00:00,2026-05-03T18:00Z,2026-05-02,Saturday,AMC Porter Ranch 9,,PT,The Devil Wears Prada 2,10:00pm,141372163,0,,Dolby Cinema at AMC,145,103,42,71,,https://www.amctheatres.com/showtimes/141372163/seats,Dolby Cinema at AMC @ 10:00pm (saved link)
2026-05-01,20260503-114743-22c625,2026-05-03T18:51:44.808837+00:00,2026-05-03T18:00Z,2026-05-02,Saturday,AMC Porter Ranch 9,,PT,The Devil Wears Prada 2,7:00pm,141372162,0,,Dolby Cinema at AMC,145,118,27,81.4,,https://www.amctheatres.com/showtimes/141372162/seats,Dolby Cinema at AMC @ 7:00pm (saved link)
2026-05-01,20260503-114743-22c625,2026-05-03T18:51:44.808837+00:00,2026-05-03T18:00Z,2026-05-02,Saturday,AMC Porter Ranch 9,,PT,The Devil Wears Prada 2,7:30pm,142213869,0,,PRIME at AMC,137,111,26,81,,https://www.amctheatres.com/showtimes/142213869/seats,PRIME at AMC @ 7:30pm (saved link)
2026-05-01,20260503-114743-22c625,2026-05-03T18:51:44.808837+00:00,2026-05-03T18:00Z,2026-05-02,Saturday,AMC Porter Ranch 9,,PT,The Devil Wears Prada 2,11:00pm,141372215,0,,Laser at AMC,104,63,41,60.6,,https://www.amctheatres.com/showtimes/141372215/seats,Laser at AMC @ 11:00pm (saved link)
2026-05-01,20260503-114743-22c625,2026-05-03T18:51:44.808837+00:00,2026-05-03T18:00Z,2026-05-02,Saturday,AMC Porter Ranch 9,,PT,The Devil Wears Prada 2,9:45pm,142845294,0,,Laser at AMC,61,38,23,62.3,,https://www.amctheatres.com/showtimes/142845294/seats,Laser at AMC @ 9:45pm (saved link)
2026-05-01,20260503-114743-22c625,2026-05-03T18:51:44.808837+00:00,2026-05-03T18:00Z,2026-05-02,Saturday,AMC Porter Ranch 9,,PT,The Devil Wears Prada 2,9:30pm,142780966,0,,Laser at AMC,111,75,36,67.6,,https://www.amctheatres.com/showtimes/142780966/seats,Laser at AMC @ 9:30pm (saved link)
2026-05-01,20260503-114743-22c625,2026-05-03T18:51:44.808837+00:00,2026-05-03T18:00Z,2026-05-02,Saturday,AMC Porter Ranch 9,,PT,The Devil Wears Prada 2,8:00pm,141372214,0,,Laser at AMC,104,84,20,80.8,,https://www.amctheatres.com/showtimes/141372214/seats,Laser at AMC @ 8:00pm (saved link)
2026-05-01,20260503-114743-22c625,2026-05-03T18:51:44.808837+00:00,2026-05-03T18:00Z,2026-05-02,Saturday,AMC Porter Ranch 9,,PT,The Devil Wears Prada 2,6:30pm,142780969,0,,Laser at AMC,111,88,23,79.3,,https://www.amctheatres.com/showtimes/142780969/seats,Laser at AMC @ 6:30pm (saved link)
2026-05-01,20260503-114743-22c625,2026-05-03T18:51:44.808837+00:00,2026-05-03T18:00Z,2026-05-02,Saturday,AMC Porter Ranch 9,,PT,The Devil Wears Prada 2,6:10pm,142847806,0,,Laser at AMC,64,41,23,64.1,,https://www.amctheatres.com/showtimes/142847806/seats,Laser at AMC @ 6:10pm (saved link)
2026-05-01,20260503-114743-22c625,2026-05-03T18:52:21.281032+00:00,2026-05-03T18:00Z,2026-05-02,Saturday,AMC Progress Ridge 13,,PT,The Devil Wears Prada 2,10:30pm,141489127,0,,GXL,315,9,306,2.9,,https://www.amctheatres.com/showtimes/141489127/seats,GXL @ 10:30pm (saved link)
2026-05-01,20260503-114743-22c625,2026-05-03T18:52:21.281032+00:00,2026-05-03T18:00Z,2026-05-02,Saturday,AMC Progress Ridge 13,,PT,The Devil Wears Prada 2,7:30pm,141489126,0,,GXL,315,66,249,21,,https://www.amctheatres.com/showtimes/141489126/seats,GXL @ 7:30pm (saved link)
2026-05-01,20260503-114743-22c625,2026-05-03T18:52:21.281032+00:00,2026-05-03T18:00Z,2026-05-02,Saturday,AMC Progress Ridge 13,,PT,The Devil Wears Prada 2,9:30pm,141489174,0,,undefined,159,8,151,5,,https://www.amctheatres.com/showtimes/141489174/seats,undefined @ 9:30pm (saved link)
2026-05-01,20260503-114743-22c625,2026-05-03T18:52:21.281032+00:00,2026-05-03T18:00Z,2026-05-02,Saturday,AMC Progress Ridge 13,,PT,The Devil Wears Prada 2,8:30pm,142829769,0,,undefined,30,7,23,23.3,,https://www.amctheatres.com/showtimes/142829769/seats,undefined @ 8:30pm (saved link)
2026-05-01,20260503-114743-22c625,2026-05-03T18:52:21.281032+00:00,2026-05-03T18:00Z,2026-05-02,Saturday,AMC Progress Ridge 13,,PT,The Devil Wears Prada 2,8:00pm,142829782,0,,undefined,124,21,103,16.9,,https://www.amctheatres.com/showtimes/142829782/seats,undefined @ 8:00pm (saved link)
2026-05-01,20260503-114743-22c625,2026-05-03T18:52:21.281032+00:00,2026-05-03T18:00Z,2026-05-02,Saturday,AMC Progress Ridge 13,,PT,The Devil Wears Prada 2,6:30pm,141489173,0,,undefined,159,18,141,11.3,,https://www.amctheatres.com/showtimes/141489173/seats,undefined @ 6:30pm (saved link)
2026-05-01,20260503-114743-22c625,2026-05-03T18:52:21.281032+00:00,2026-05-03T18:00Z,2026-05-02,Saturday,AMC Progress Ridge 13,,PT,The Devil Wears Prada 2,6:00pm,142724726,0,,undefined,90,11,79,12.2,,https://www.amctheatres.com/showtimes/142724726/seats,undefined @ 6:00pm (saved link)
2026-05-01,20260503-114743-22c625,2026-05-03T18:52:21.281032+00:00,2026-05-03T18:00Z,2026-05-02,Saturday,AMC Progress Ridge 13,,PT,Animal Farm,9:45pm,141054918,0,,undefined,43,4,39,9.3,,https://www.amctheatres.com/showtimes/141054918/seats,undefined @ 9:45pm (saved link)
2026-05-01,20260503-114743-22c625,2026-05-03T18:52:21.281032+00:00,2026-05-03T18:00Z,2026-05-02,Saturday,AMC Progress Ridge 13,,PT,Animal Farm,8:00pm,141054917,0,,undefined,80,20,60,25,,https://www.amctheatres.com/showtimes/141054917/seats,undefined @ 8:00pm (saved link)
2026-05-01,20260503-114743-22c625,2026-05-03T18:53:02.275181+00:00,2026-05-03T18:00Z,2026-05-02,Saturday,AMC Rainbow Promenade 10,,PT,The Devil Wears Prada 2,10:15pm,142793821,0,,Laser at AMC,99,35,64,35.4,,https://www.amctheatres.com/showtimes/142793821/seats,Laser at AMC @ 10:15pm (saved link)
2026-05-01,20260503-114743-22c625,2026-05-03T18:53:02.275181+00:00,2026-05-03T18:00Z,2026-05-02,Saturday,AMC Rainbow Promenade 10,,PT,The Devil Wears Prada 2,9:15pm,141696577,0,,Laser at AMC,88,34,54,38.6,,https://www.amctheatres.com/showtimes/141696577/seats,Laser at AMC @ 9:15pm (saved link)
2026-05-01,20260503-114743-22c625,2026-05-03T18:53:02.275181+00:00,2026-05-03T18:00Z,2026-05-02,Saturday,AMC Rainbow Promenade 10,,PT,The Devil Wears Prada 2,8:15pm,142793779,0,,Laser at AMC,151,52,99,34.4,,https://www.amctheatres.com/showtimes/142793779/seats,Laser at AMC @ 8:15pm (saved link)
2026-05-01,20260503-114743-22c625,2026-05-03T18:53:02.275181+00:00,2026-05-03T18:00Z,2026-05-02,Saturday,AMC Rainbow Promenade 10,,PT,The Devil Wears Prada 2,7:15pm,141696464,0,,Laser at AMC,99,60,39,60.6,,https://www.amctheatres.com/showtimes/141696464/seats,Laser at AMC @ 7:15pm (saved link)
2026-05-01,20260503-114743-22c625,2026-05-03T18:53:02.275181+00:00,2026-05-03T18:00Z,2026-05-02,Saturday,AMC Rainbow Promenade 10,,PT,The Devil Wears Prada 2,6:15pm,142793864,0,,Laser at AMC,88,53,35,60.2,,https://www.amctheatres.com/showtimes/142793864/seats,Laser at AMC @ 6:15pm (saved link)
2026-05-01,20260503-114743-22c625,2026-05-03T18:53:02.275181+00:00,2026-05-03T18:00Z,2026-05-02,Saturday,AMC Rainbow Promenade 10,,PT,Animal Farm,7:00pm,141309961,0,,Laser at AMC,56,30,26,53.6,,https://www.amctheatres.com/showtimes/141309961/seats,Laser at AMC @ 7:00pm (saved link)
2026-05-01,20260503-114743-22c625,2026-05-03T18:53:35.759467+00:00,2026-05-03T18:00Z,2026-05-02,Saturday,AMC River Park Square 20,,PT,The Devil Wears Prada 2,10:30pm,141366158,0,,Dolby Cinema at AMC,151,12,139,7.9,,https://www.amctheatres.com/showtimes/141366158/seats,Dolby Cinema at AMC @ 10:30pm (saved link)
2026-05-01,20260503-114743-22c625,2026-05-03T18:53:35.759467+00:00,2026-05-03T18:00Z,2026-05-02,Saturday,AMC River Park Square 20,,PT,The Devil Wears Prada 2,7:20pm,141366157,0,,Dolby Cinema at AMC,151,114,37,75.5,,https://www.amctheatres.com/showtimes/141366157/seats,Dolby Cinema at AMC @ 7:20pm (saved link)
2026-05-01,20260503-114743-22c625,2026-05-03T18:53:35.759467+00:00,2026-05-03T18:00Z,2026-05-02,Saturday,AMC River Park Square 20,,PT,The Devil Wears Prada 2,9:40pm,141365946,0,,undefined,101,13,88,12.9,,https://www.amctheatres.com/showtimes/141365946/seats,undefined @ 9:40pm (saved link)
2026-05-01,20260503-114743-22c625,2026-05-03T18:53:35.759467+00:00,2026-05-03T18:00Z,2026-05-02,Saturday,AMC River Park Square 20,,PT,The Devil Wears Prada 2,8:30pm,142684992,0,,undefined,50,25,25,50,,https://www.amctheatres.com/showtimes/142684992/seats,undefined @ 8:30pm (saved link)
2026-05-01,20260503-114743-22c625,2026-05-03T18:53:35.759467+00:00,2026-05-03T18:00Z,2026-05-02,Saturday,AMC River Park Square 20,,PT,The Devil Wears Prada 2,8:00pm,142685036,0,,undefined,67,46,21,68.7,,https://www.amctheatres.com/showtimes/142685036/seats,undefined @ 8:00pm (saved link)
2026-05-01,20260503-114743-22c625,2026-05-03T18:53:35.759467+00:00,2026-05-03T18:00Z,2026-05-02,Saturday,AMC River Park Square 20,,PT,The Devil Wears Prada 2,7:40pm,142847641,0,,undefined,46,26,20,56.5,,https://www.amctheatres.com/showtimes/142847641/seats,undefined @ 7:40pm (saved link)
2026-05-01,20260503-114743-22c625,2026-05-03T18:53:35.759467+00:00,2026-05-03T18:00Z,2026-05-02,Saturday,AMC River Park Square 20,,PT,The Devil Wears Prada 2,7:10pm,142845882,0,,undefined,43,27,16,62.8,,https://www.amctheatres.com/showtimes/142845882/seats,undefined @ 7:10pm (saved link)
2026-05-01,20260503-114743-22c625,2026-05-03T18:53:35.759467+00:00,2026-05-03T18:00Z,2026-05-02,Saturday,AMC River Park Square 20,,PT,The Devil Wears Prada 2,6:30pm,141365945,0,,undefined,101,62,39,61.4,,https://www.amctheatres.com/showtimes/141365945/seats,undefined @ 6:30pm (saved link)
2026-05-01,20260503-114743-22c625,2026-05-03T18:53:35.759467+00:00,2026-05-03T18:00Z,2026-05-02,Saturday,AMC River Park Square 20,,PT,The Devil Wears Prada 2,6:00pm,142685026,0,,undefined,67,45,22,67.2,,https://www.amctheatres.com/showtimes/142685026/seats,undefined @ 6:00pm (saved link)
2026-05-01,20260503-114743-22c625,2026-05-03T18:53:35.759467+00:00,2026-05-03T18:00Z,2026-05-02,Saturday,AMC River Park Square 20,,PT,Animal Farm,7:20pm,141185368,0,,undefined,67,31,36,46.3,,https://www.amctheatres.com/showtimes/141185368/seats,undefined @ 7:20pm (saved link)
2026-05-01,20260503-114743-22c625,2026-05-03T18:54:15.863506+00:00,2026-05-03T18:00Z,2026-05-02,Saturday,AMC Santa Anita 16,,PT,The Devil Wears Prada 2,11:00pm,141328574,0,,Dolby Cinema at AMC,152,48,104,31.6,,https://www.amctheatres.com/showtimes/141328574/seats,Dolby Cinema at AMC @ 11:00pm (saved link)
2026-05-01,20260503-114743-22c625,2026-05-03T18:54:15.863506+00:00,2026-05-03T18:00Z,2026-05-02,Saturday,AMC Santa Anita 16,,PT,The Devil Wears Prada 2,7:45pm,141328573,0,,Dolby Cinema at AMC,152,131,21,86.2,,https://www.amctheatres.com/showtimes/141328573/seats,Dolby Cinema at AMC @ 7:45pm (saved link)
2026-05-01,20260503-114743-22c625,2026-05-03T18:54:15.863506+00:00,2026-05-03T18:00Z,2026-05-02,Saturday,AMC Santa Anita 16,,PT,The Devil Wears Prada 2,8:45pm,141328589,0,,XL at AMC,273,126,147,46.2,,https://www.amctheatres.com/showtimes/141328589/seats,XL at AMC @ 8:45pm (saved link)
2026-05-01,20260503-114743-22c625,2026-05-03T18:54:15.863506+00:00,2026-05-03T18:00Z,2026-05-02,Saturday,AMC Santa Anita 16,,PT,The Devil Wears Prada 2,10:15pm,142831366,0,,Laser at AMC,185,14,171,7.6,,https://www.amctheatres.com/showtimes/142831366/seats,Laser at AMC @ 10:15pm (saved link)
2026-05-01,20260503-114743-22c625,2026-05-03T18:54:15.863506+00:00,2026-05-03T18:00Z,2026-05-02,Saturday,AMC Santa Anita 16,,PT,The Devil Wears Prada 2,9:45pm,141328631,0,,Laser at AMC,185,27,158,14.6,,https://www.amctheatres.com/showtimes/141328631/seats,Laser at AMC @ 9:45pm (saved link)
2026-05-01,20260503-114743-22c625,2026-05-03T18:54:15.863506+00:00,2026-05-03T18:00Z,2026-05-02,Saturday,AMC Santa Anita 16,,PT,The Devil Wears Prada 2,8:15pm,142686916,0,,Laser at AMC,186,101,85,54.3,,https://www.amctheatres.com/showtimes/142686916/seats,Laser at AMC @ 8:15pm (saved link)
2026-05-01,20260503-114743-22c625,2026-05-03T18:54:15.863506+00:00,2026-05-03T18:00Z,2026-05-02,Saturday,AMC Santa Anita 16,,PT,The Devil Wears Prada 2,7:15pm,142831363,0,,Laser at AMC,134,78,56,58.2,,https://www.amctheatres.com/showtimes/142831363/seats,Laser at AMC @ 7:15pm (saved link)
2026-05-01,20260503-114743-22c625,2026-05-03T18:54:15.863506+00:00,2026-05-03T18:00Z,2026-05-02,Saturday,AMC Santa Anita 16,,PT,The Devil Wears Prada 2,7:00pm,142686945,0,,Laser at AMC,110,6,104,5.5,,https://www.amctheatres.com/showtimes/142686945/seats,Laser at AMC @ 7:00pm (saved link)
2026-05-01,20260503-114743-22c625,2026-05-03T18:54:15.863506+00:00,2026-05-03T18:00Z,2026-05-02,Saturday,AMC Santa Anita 16,,PT,The Devil Wears Prada 2,6:30pm,141328632,0,,Laser at AMC,185,92,93,49.7,,https://www.amctheatres.com/showtimes/141328632/seats,Laser at AMC @ 6:30pm (saved link)
2026-05-01,20260503-114743-22c625,2026-05-03T18:54:15.863506+00:00,2026-05-03T18:00Z,2026-05-02,Saturday,AMC Santa Anita 16,,PT,Animal Farm,6:15pm,141030439,0,,Laser at AMC,185,48,137,25.9,,https://www.amctheatres.com/showtimes/141030439/seats,Laser at AMC @ 6:15pm (saved link)
2026-05-01,20260503-114743-22c625,2026-05-03T18:54:58.657278+00:00,2026-05-03T18:00Z,2026-05-02,Saturday,AMC Topanga 12,,PT,The Devil Wears Prada 2,10:15pm,141323446,0,,Dolby Cinema at AMC,179,99,80,55.3,,https://www.amctheatres.com/showtimes/141323446/seats,Dolby Cinema at AMC @ 10:15pm (saved link)
2026-05-01,20260503-114743-22c625,2026-05-03T18:54:58.657278+00:00,2026-05-03T18:00Z,2026-05-02,Saturday,AMC Topanga 12,,PT,The Devil Wears Prada 2,7:15pm,141323445,0,,Dolby Cinema at AMC,179,150,29,83.8,,https://www.amctheatres.com/showtimes/141323445/seats,Dolby Cinema at AMC @ 7:15pm (saved link)
2026-05-01,20260503-114743-22c625,2026-05-03T18:54:58.657278+00:00,2026-05-03T18:00Z,2026-05-02,Saturday,AMC Topanga 12,,PT,The Devil Wears Prada 2,10:45pm,142708429,0,,Laser at AMC,86,29,57,33.7,,https://www.amctheatres.com/showtimes/142708429/seats,Laser at AMC @ 10:45pm (saved link)
2026-05-01,20260503-114743-22c625,2026-05-03T18:54:58.657278+00:00,2026-05-03T18:00Z,2026-05-02,Saturday,AMC Topanga 12,,PT,The Devil Wears Prada 2,10:00pm,142845701,0,,Laser at AMC,45,22,23,48.9,,https://www.amctheatres.com/showtimes/142845701/seats,Laser at AMC @ 10:00pm (saved link)
2026-05-01,20260503-114743-22c625,2026-05-03T18:54:58.657278+00:00,2026-05-03T18:00Z,2026-05-02,Saturday,AMC Topanga 12,,PT,The Devil Wears Prada 2,9:45pm,141323468,0,,Laser at AMC,126,69,57,54.8,,https://www.amctheatres.com/showtimes/141323468/seats,Laser at AMC @ 9:45pm (saved link)
2026-05-01,20260503-114743-22c625,2026-05-03T18:54:58.657278+00:00,2026-05-03T18:00Z,2026-05-02,Saturday,AMC Topanga 12,,PT,The Devil Wears Prada 2,9:15pm,142847997,0,,Laser at AMC,60,38,22,63.3,,https://www.amctheatres.com/showtimes/142847997/seats,Laser at AMC @ 9:15pm (saved link)
2026-05-01,20260503-114743-22c625,2026-05-03T18:54:58.657278+00:00,2026-05-03T18:00Z,2026-05-02,Saturday,AMC Topanga 12,,PT,The Devil Wears Prada 2,8:45pm,142523251,0,,Laser at AMC,89,65,24,73,,https://www.amctheatres.com/showtimes/142523251/seats,Laser at AMC @ 8:45pm (saved link)
2026-05-01,20260503-114743-22c625,2026-05-03T18:54:58.657278+00:00,2026-05-03T18:00Z,2026-05-02,Saturday,AMC Topanga 12,,PT,The Devil Wears Prada 2,8:00pm,141323496,0,,Laser at AMC,107,81,26,75.7,,https://www.amctheatres.com/showtimes/141323496/seats,Laser at AMC @ 8:00pm (saved link)
2026-05-01,20260503-114743-22c625,2026-05-03T18:54:58.657278+00:00,2026-05-03T18:00Z,2026-05-02,Saturday,AMC Topanga 12,,PT,The Devil Wears Prada 2,7:40pm,142708410,0,,Laser at AMC,86,62,24,72.1,,https://www.amctheatres.com/showtimes/142708410/seats,Laser at AMC @ 7:40pm (saved link)
2026-05-01,20260503-114743-22c625,2026-05-03T18:54:58.657278+00:00,2026-05-03T18:00Z,2026-05-02,Saturday,AMC Topanga 12,,PT,The Devil Wears Prada 2,6:30pm,141323467,0,,Laser at AMC,126,108,18,85.7,,https://www.amctheatres.com/showtimes/141323467/seats,Laser at AMC @ 6:30pm (saved link)
2026-05-01,20260503-114743-22c625,2026-05-03T18:54:58.657278+00:00,2026-05-03T18:00Z,2026-05-02,Saturday,AMC Topanga 12,,PT,The Devil Wears Prada 2,5:45pm,142523252,0,,Laser at AMC,89,68,21,76.4,,https://www.amctheatres.com/showtimes/142523252/seats,Laser at AMC @ 5:45pm (saved link)
2026-05-01,20260503-114743-22c625,2026-05-03T18:55:46.300230+00:00,2026-05-03T18:00Z,2026-05-02,Saturday,AMC Town Square 18,,PT,The Devil Wears Prada 2,10:45pm,141520289,0,,Dolby Cinema at AMC,206,58,148,28.2,,https://www.amctheatres.com/showtimes/141520289/seats,Dolby Cinema at AMC @ 10:45pm (saved link)
2026-05-01,20260503-114743-22c625,2026-05-03T18:55:46.300230+00:00,2026-05-03T18:00Z,2026-05-02,Saturday,AMC Town Square 18,,PT,The Devil Wears Prada 2,7:30pm,141520288,0,,Dolby Cinema at AMC,206,150,56,72.8,,https://www.amctheatres.com/showtimes/141520288/seats,Dolby Cinema at AMC @ 7:30pm (saved link)
2026-05-01,20260503-114743-22c625,2026-05-03T18:55:46.300230+00:00,2026-05-03T18:00Z,2026-05-02,Saturday,AMC Town Square 18,,PT,The Devil Wears Prada 2,10:00pm,142766444,0,,Laser at AMC,286,5,281,1.7,,https://www.amctheatres.com/showtimes/142766444/seats,Laser at AMC @ 10:00pm (saved link)
2026-05-01,20260503-114743-22c625,2026-05-03T18:55:46.300230+00:00,2026-05-03T18:00Z,2026-05-02,Saturday,AMC Town Square 18,,PT,The Devil Wears Prada 2,9:30pm,142766517,0,,Laser at AMC,113,16,97,14.2,,https://www.amctheatres.com/showtimes/142766517/seats,Laser at AMC @ 9:30pm (saved link)
2026-05-01,20260503-114743-22c625,2026-05-03T18:55:46.300230+00:00,2026-05-03T18:00Z,2026-05-02,Saturday,AMC Town Square 18,,PT,The Devil Wears Prada 2,9:00pm,142766427,0,,Laser at AMC,286,26,260,9.1,,https://www.amctheatres.com/showtimes/142766427/seats,Laser at AMC @ 9:00pm (saved link)
2026-05-01,20260503-114743-22c625,2026-05-03T18:55:46.300230+00:00,2026-05-03T18:00Z,2026-05-02,Saturday,AMC Town Square 18,,PT,The Devil Wears Prada 2,8:30pm,141520323,0,,Laser at AMC,451,57,394,12.6,,https://www.amctheatres.com/showtimes/141520323/seats,Laser at AMC @ 8:30pm (saved link)
2026-05-01,20260503-114743-22c625,2026-05-03T18:55:46.300230+00:00,2026-05-03T18:00Z,2026-05-02,Saturday,AMC Town Square 18,,PT,The Devil Wears Prada 2,8:00pm,142766400,0,,Laser at AMC,451,65,386,14.4,,https://www.amctheatres.com/showtimes/142766400/seats,Laser at AMC @ 8:00pm (saved link)
2026-05-01,20260503-114743-22c625,2026-05-03T18:55:46.300230+00:00,2026-05-03T18:00Z,2026-05-02,Saturday,AMC Town Square 18,,PT,The Devil Wears Prada 2,6:45pm,142766443,0,,Laser at AMC,286,66,220,23.1,,https://www.amctheatres.com/showtimes/142766443/seats,Laser at AMC @ 6:45pm (saved link)
2026-05-01,20260503-114743-22c625,2026-05-03T18:55:46.300230+00:00,2026-05-03T18:00Z,2026-05-02,Saturday,AMC Town Square 18,,PT,The Devil Wears Prada 2,5:45pm,142766416,0,,Laser at AMC,286,22,264,7.7,,https://www.amctheatres.com/showtimes/142766416/seats,Laser at AMC @ 5:45pm (saved link)
2026-05-01,20260503-114743-22c625,2026-05-03T18:55:46.300230+00:00,2026-05-03T18:00Z,2026-05-02,Saturday,AMC Town Square 18,,PT,The Devil Wears Prada 2,6:15pm,141520378,0,,SCREENX at AMC,257,91,166,35.4,,https://www.amctheatres.com/showtimes/141520378/seats,SCREENX at AMC @ 6:15pm (saved link)
2026-05-01,20260503-114743-22c625,2026-05-03T18:55:46.300230+00:00,2026-05-03T18:00Z,2026-05-02,Saturday,AMC Town Square 18,,PT,Animal Farm,7:15pm,141304565,0,,Laser at AMC,240,21,219,8.8,,https://www.amctheatres.com/showtimes/141304565/seats,Laser at AMC @ 7:15pm (saved link)
2026-05-01,20260503-114743-22c625,2026-05-03T18:56:33.754400+00:00,2026-05-03T18:00Z,2026-05-02,Saturday,AMC Vancouver Mall 23,,PT,The Devil Wears Prada 2,10:15pm,141505075,0,,Dolby Cinema at AMC,31,10,21,32.3,,https://www.amctheatres.com/showtimes/141505075/seats,Dolby Cinema at AMC @ 10:15pm (saved link)
2026-05-01,20260503-114743-22c625,2026-05-03T18:56:33.754400+00:00,2026-05-03T18:00Z,2026-05-02,Saturday,AMC Vancouver Mall 23,,PT,The Devil Wears Prada 2,10:15pm,141504897,0,,Dolby Cinema at AMC,153,12,141,7.8,,https://www.amctheatres.com/showtimes/141504897/seats,Dolby Cinema at AMC @ 10:15pm (saved link)
2026-05-01,20260503-114743-22c625,2026-05-03T18:56:33.754400+00:00,2026-05-03T18:00Z,2026-05-02,Saturday,AMC Vancouver Mall 23,,PT,The Devil Wears Prada 2,7:00pm,141505074,0,,Dolby Cinema at AMC,31,24,7,77.4,,https://www.amctheatres.com/showtimes/141505074/seats,Dolby Cinema at AMC @ 7:00pm (saved link)
2026-05-01,20260503-114743-22c625,2026-05-03T18:56:33.754400+00:00,2026-05-03T18:00Z,2026-05-02,Saturday,AMC Vancouver Mall 23,,PT,The Devil Wears Prada 2,7:00pm,141504896,0,,Dolby Cinema at AMC,153,92,61,60.1,,https://www.amctheatres.com/showtimes/141504896/seats,Dolby Cinema at AMC @ 7:00pm (saved link)
2026-05-01,20260503-114743-22c625,2026-05-03T18:56:33.754400+00:00,2026-05-03T18:00Z,2026-05-02,Saturday,AMC Vancouver Mall 23,,PT,The Devil Wears Prada 2,9:00pm,141505087,0,,GXL,47,17,30,36.2,,https://www.amctheatres.com/showtimes/141505087/seats,GXL @ 9:00pm (saved link)
2026-05-01,20260503-114743-22c625,2026-05-03T18:56:33.754400+00:00,2026-05-03T18:00Z,2026-05-02,Saturday,AMC Vancouver Mall 23,,PT,The Devil Wears Prada 2,9:00pm,141504927,0,,GXL,338,16,322,4.7,,https://www.amctheatres.com/showtimes/141504927/seats,GXL @ 9:00pm (saved link)
2026-05-01,20260503-114743-22c625,2026-05-03T18:56:33.754400+00:00,2026-05-03T18:00Z,2026-05-02,Saturday,AMC Vancouver Mall 23,,PT,The Devil Wears Prada 2,7:15pm,142729911,0,,GXL,42,16,26,38.1,,https://www.amctheatres.com/showtimes/142729911/seats,GXL @ 7:15pm (saved link)
2026-05-01,20260503-114743-22c625,2026-05-03T18:56:33.754400+00:00,2026-05-03T18:00Z,2026-05-02,Saturday,AMC Vancouver Mall 23,,PT,The Devil Wears Prada 2,7:15pm,142729762,0,,GXL,312,9,303,2.9,,https://www.amctheatres.com/showtimes/142729762/seats,GXL @ 7:15pm (saved link)
2026-05-01,20260503-114743-22c625,2026-05-03T18:56:33.754400+00:00,2026-05-03T18:00Z,2026-05-02,Saturday,AMC Vancouver Mall 23,,PT,The Devil Wears Prada 2,6:00pm,141505086,0,,GXL,47,7,40,14.9,,https://www.amctheatres.com/showtimes/141505086/seats,GXL @ 6:00pm (saved link)
2026-05-01,20260503-114743-22c625,2026-05-03T18:56:33.754400+00:00,2026-05-03T18:00Z,2026-05-02,Saturday,AMC Vancouver Mall 23,,PT,The Devil Wears Prada 2,6:00pm,141504926,0,,GXL,338,11,327,3.3,,https://www.amctheatres.com/showtimes/141504926/seats,GXL @ 6:00pm (saved link)
2026-05-01,20260503-114743-22c625,2026-05-03T18:56:33.754400+00:00,2026-05-03T18:00Z,2026-05-02,Saturday,AMC Vancouver Mall 23,,PT,The Devil Wears Prada 2,8:00pm,141505099,0,,undefined,12,3,9,25,,https://www.amctheatres.com/showtimes/141505099/seats,undefined @ 8:00pm (saved link)
2026-05-01,20260503-114743-22c625,2026-05-03T18:56:33.754400+00:00,2026-05-03T18:00Z,2026-05-02,Saturday,AMC Vancouver Mall 23,,PT,The Devil Wears Prada 2,8:00pm,141504974,0,,undefined,151,2,149,1.3,,https://www.amctheatres.com/showtimes/141504974/seats,undefined @ 8:00pm (saved link)
2026-05-01,20260503-114743-22c625,2026-05-03T18:56:33.754400+00:00,2026-05-03T18:00Z,2026-05-02,Saturday,AMC Vancouver Mall 23,,PT,Animal Farm,7:00pm,141239263,0,,undefined,10,2,8,20,,https://www.amctheatres.com/showtimes/141239263/seats,undefined @ 7:00pm (saved link)
2026-05-01,20260503-114743-22c625,2026-05-03T18:56:33.754400+00:00,2026-05-03T18:00Z,2026-05-02,Saturday,AMC Vancouver Mall 23,,PT,Animal Farm,7:00pm,141238995,0,,undefined,89,21,68,23.6,,https://www.amctheatres.com/showtimes/141238995/seats,undefined @ 7:00pm (saved link)
2026-05-01,20260503-114743-22c625,2026-05-03T18:57:28.232271+00:00,2026-05-03T18:00Z,2026-05-02,Saturday,AMC Victoria Gardens 12,,PT,The Devil Wears Prada 2,10:00pm,141509433,0,,Dolby Cinema at AMC,146,52,94,35.6,,https://www.amctheatres.com/showtimes/141509433/seats,Dolby Cinema at AMC @ 10:00pm (saved link)
2026-05-01,20260503-114743-22c625,2026-05-03T18:57:28.232271+00:00,2026-05-03T18:00Z,2026-05-02,Saturday,AMC Victoria Gardens 12,,PT,The Devil Wears Prada 2,7:00pm,141509431,0,,Dolby Cinema at AMC,146,110,36,75.3,,https://www.amctheatres.com/showtimes/141509431/seats,Dolby Cinema at AMC @ 7:00pm (saved link)
2026-05-01,20260503-114743-22c625,2026-05-03T18:57:28.232271+00:00,2026-05-03T18:00Z,2026-05-02,Saturday,AMC Victoria Gardens 12,,PT,The Devil Wears Prada 2,9:00pm,141509396,0,,XL at AMC,285,40,245,14,,https://www.amctheatres.com/showtimes/141509396/seats,XL at AMC @ 9:00pm (saved link)
2026-05-01,20260503-114743-22c625,2026-05-03T18:57:28.232271+00:00,2026-05-03T18:00Z,2026-05-02,Saturday,AMC Victoria Gardens 12,,PT,The Devil Wears Prada 2,6:00pm,141509395,0,,XL at AMC,285,130,155,45.6,,https://www.amctheatres.com/showtimes/141509395/seats,XL at AMC @ 6:00pm (saved link)
2026-05-01,20260503-114743-22c625,2026-05-03T18:57:28.232271+00:00,2026-05-03T18:00Z,2026-05-02,Saturday,AMC Victoria Gardens 12,,PT,The Devil Wears Prada 2,9:20pm,142836203,0,,Laser at AMC,131,22,109,16.8,,https://www.amctheatres.com/showtimes/142836203/seats,Laser at AMC @ 9:20pm (saved link)
2026-05-01,20260503-114743-22c625,2026-05-03T18:57:28.232271+00:00,2026-05-03T18:00Z,2026-05-02,Saturday,AMC Victoria Gardens 12,,PT,The Devil Wears Prada 2,8:35pm,142794726,0,,Laser at AMC,187,55,132,29.4,,https://www.amctheatres.com/showtimes/142794726/seats,Laser at AMC @ 8:35pm (saved link)
2026-05-01,20260503-114743-22c625,2026-05-03T18:57:28.232271+00:00,2026-05-03T18:00Z,2026-05-02,Saturday,AMC Victoria Gardens 12,,PT,The Devil Wears Prada 2,8:00pm,141509390,0,,Laser at AMC,221,103,118,46.6,,https://www.amctheatres.com/showtimes/141509390/seats,Laser at AMC @ 8:00pm (saved link)
2026-05-01,20260503-114743-22c625,2026-05-03T18:57:28.232271+00:00,2026-05-03T18:00Z,2026-05-02,Saturday,AMC Victoria Gardens 12,,PT,The Devil Wears Prada 2,5:35pm,142794725,0,,Laser at AMC,187,27,160,14.4,,https://www.amctheatres.com/showtimes/142794725/seats,Laser at AMC @ 5:35pm (saved link)
2026-05-01,20260503-114743-22c625,2026-05-03T18:58:03.398154+00:00,2026-05-03T18:00Z,2026-05-02,Saturday,AMC Arapahoe Crossing 16,Denver,PT,The Devil Wears Prada 2,10:30pm,141326169,0,,Dolby Cinema at AMC,151,18,133,11.9,,https://www.amctheatres.com/showtimes/141326169/seats,Dolby Cinema at AMC @ 10:30pm (saved link)
2026-05-01,20260503-114743-22c625,2026-05-03T18:58:03.398154+00:00,2026-05-03T18:00Z,2026-05-02,Saturday,AMC Arapahoe Crossing 16,Denver,PT,The Devil Wears Prada 2,7:30pm,141326170,0,,Dolby Cinema at AMC,151,129,22,85.4,,https://www.amctheatres.com/showtimes/141326170/seats,Dolby Cinema at AMC @ 7:30pm (saved link)
2026-05-01,20260503-114743-22c625,2026-05-03T18:58:03.398154+00:00,2026-05-03T18:00Z,2026-05-02,Saturday,AMC Arapahoe Crossing 16,Denver,PT,The Devil Wears Prada 2,9:30pm,141326132,0,,Laser at AMC,95,15,80,15.8,,https://www.amctheatres.com/showtimes/141326132/seats,Laser at AMC @ 9:30pm (saved link)
2026-05-01,20260503-114743-22c625,2026-05-03T18:58:03.398154+00:00,2026-05-03T18:00Z,2026-05-02,Saturday,AMC Arapahoe Crossing 16,Denver,PT,The Devil Wears Prada 2,9:00pm,142683339,0,,Laser at AMC,96,31,65,32.3,,https://www.amctheatres.com/showtimes/142683339/seats,Laser at AMC @ 9:00pm (saved link)
2026-05-01,20260503-114743-22c625,2026-05-03T18:58:03.398154+00:00,2026-05-03T18:00Z,2026-05-02,Saturday,AMC Arapahoe Crossing 16,Denver,PT,The Devil Wears Prada 2,8:30pm,142683351,0,,Laser at AMC,95,71,24,74.7,,https://www.amctheatres.com/showtimes/142683351/seats,Laser at AMC @ 8:30pm (saved link)
2026-05-01,20260503-114743-22c625,2026-05-03T18:58:03.398154+00:00,2026-05-03T18:00Z,2026-05-02,Saturday,AMC Arapahoe Crossing 16,Denver,PT,Animal Farm,7:00pm,141102198,0,,Laser at AMC,95,28,67,29.5,,https://www.amctheatres.com/showtimes/141102198/seats,Laser at AMC @ 7:00pm (saved link)
2026-05-01,20260503-114743-22c625,2026-05-03T18:58:35.615194+00:00,2026-05-03T18:00Z,2026-05-02,Saturday,AMC DINE-IN Southlands 16,Denver,PT,The Devil Wears Prada 2,9:00pm,141378438,0,,Dolby Cinema at AMC,175,95,80,54.3,,https://www.amctheatres.com/showtimes/141378438/seats,Dolby Cinema at AMC @ 9:00pm (saved link)
2026-05-01,20260503-114743-22c625,2026-05-03T18:58:35.615194+00:00,2026-05-03T18:00Z,2026-05-02,Saturday,AMC DINE-IN Southlands 16,Denver,PT,The Devil Wears Prada 2,10:30pm,142691927,0,,Laser at AMC,140,8,132,5.7,,https://www.amctheatres.com/showtimes/142691927/seats,Laser at AMC @ 10:30pm (saved link)
2026-05-01,20260503-114743-22c625,2026-05-03T18:58:35.615194+00:00,2026-05-03T18:00Z,2026-05-02,Saturday,AMC DINE-IN Southlands 16,Denver,PT,The Devil Wears Prada 2,10:00pm,142691947,0,,Laser at AMC,74,9,65,12.2,,https://www.amctheatres.com/showtimes/142691947/seats,Laser at AMC @ 10:00pm (saved link)
2026-05-01,20260503-114743-22c625,2026-05-03T18:58:35.615194+00:00,2026-05-03T18:00Z,2026-05-02,Saturday,AMC DINE-IN Southlands 16,Denver,PT,The Devil Wears Prada 2,9:30pm,142691951,0,,Laser at AMC,74,24,50,32.4,,https://www.amctheatres.com/showtimes/142691951/seats,Laser at AMC @ 9:30pm (saved link)
2026-05-01,20260503-114743-22c625,2026-05-03T18:58:35.615194+00:00,2026-05-03T18:00Z,2026-05-02,Saturday,AMC DINE-IN Southlands 16,Denver,PT,The Devil Wears Prada 2,8:00pm,142691935,0,,Laser at AMC,68,38,30,55.9,,https://www.amctheatres.com/showtimes/142691935/seats,Laser at AMC @ 8:00pm (saved link)
2026-05-01,20260503-114743-22c625,2026-05-03T18:58:35.615194+00:00,2026-05-03T18:00Z,2026-05-02,Saturday,AMC DINE-IN Southlands 16,Denver,PT,The Devil Wears Prada 2,7:30pm,141378222,0,,Laser at AMC,140,103,37,73.6,,https://www.amctheatres.com/showtimes/141378222/seats,Laser at AMC @ 7:30pm (saved link)
2026-05-01,20260503-114743-22c625,2026-05-03T18:58:35.615194+00:00,2026-05-03T18:00Z,2026-05-02,Saturday,AMC DINE-IN Southlands 16,Denver,PT,The Devil Wears Prada 2,7:00pm,142691950,0,,Laser at AMC,74,58,16,78.4,,https://www.amctheatres.com/showtimes/142691950/seats,Laser at AMC @ 7:00pm (saved link)
2026-05-01,20260503-114743-22c625,2026-05-03T18:59:10.829691+00:00,2026-05-03T18:00Z,2026-05-02,Saturday,AMC Flatiron Crossing 14,Denver,PT,The Devil Wears Prada 2,10:30pm,141351369,0,,Dolby Cinema at AMC,130,13,117,10,,https://www.amctheatres.com/showtimes/141351369/seats,Dolby Cinema at AMC @ 10:30pm (saved link)
2026-05-01,20260503-114743-22c625,2026-05-03T18:59:10.829691+00:00,2026-05-03T18:00Z,2026-05-02,Saturday,AMC Flatiron Crossing 14,Denver,PT,The Devil Wears Prada 2,7:30pm,141351368,0,,Dolby Cinema at AMC,130,77,53,59.2,,https://www.amctheatres.com/showtimes/141351368/seats,Dolby Cinema at AMC @ 7:30pm (saved link)
2026-05-01,20260503-114743-22c625,2026-05-03T18:59:10.829691+00:00,2026-05-03T18:00Z,2026-05-02,Saturday,AMC Flatiron Crossing 14,Denver,PT,The Devil Wears Prada 2,10:00pm,142701643,0,,Laser at AMC,71,4,67,5.6,,https://www.amctheatres.com/showtimes/142701643/seats,Laser at AMC @ 10:00pm (saved link)
2026-05-01,20260503-114743-22c625,2026-05-03T18:59:10.829691+00:00,2026-05-03T18:00Z,2026-05-02,Saturday,AMC Flatiron Crossing 14,Denver,PT,The Devil Wears Prada 2,9:30pm,141351185,0,,Laser at AMC,128,20,108,15.6,,https://www.amctheatres.com/showtimes/141351185/seats,Laser at AMC @ 9:30pm (saved link)
2026-05-01,20260503-114743-22c625,2026-05-03T18:59:10.829691+00:00,2026-05-03T18:00Z,2026-05-02,Saturday,AMC Flatiron Crossing 14,Denver,PT,The Devil Wears Prada 2,7:00pm,142701640,0,,Laser at AMC,71,38,33,53.5,,https://www.amctheatres.com/showtimes/142701640/seats,Laser at AMC @ 7:00pm (saved link)
2026-05-01,20260503-114743-22c625,2026-05-03T18:59:10.829691+00:00,2026-05-03T18:00Z,2026-05-02,Saturday,AMC Flatiron Crossing 14,Denver,PT,Animal Farm,9:25pm,142701645,0,,Laser at AMC,71,2,69,2.8,,https://www.amctheatres.com/showtimes/142701645/seats,Laser at AMC @ 9:25pm (saved link)
2026-05-01,20260503-114743-22c625,2026-05-03T18:59:10.829691+00:00,2026-05-03T18:00Z,2026-05-02,Saturday,AMC Flatiron Crossing 14,Denver,PT,Animal Farm,7:15pm,141192647,0,,Laser at AMC,54,4,50,7.4,,https://www.amctheatres.com/showtimes/141192647/seats,Laser at AMC @ 7:15pm (saved link)
2026-05-01,20260503-114743-22c625,2026-05-03T18:59:45.183813+00:00,2026-05-03T18:00Z,2026-05-02,Saturday,AMC Highlands Ranch 24,Denver,PT,The Devil Wears Prada 2,10:30pm,141503048,0,,Dolby Cinema at AMC,210,25,185,11.9,,https://www.amctheatres.com/showtimes/141503048/seats,Dolby Cinema at AMC @ 10:30pm (saved link)
2026-05-01,20260503-114743-22c625,2026-05-03T18:59:45.183813+00:00,2026-05-03T18:00Z,2026-05-02,Saturday,AMC Highlands Ranch 24,Denver,PT,The Devil Wears Prada 2,7:35pm,141503026,0,,Dolby Cinema at AMC,210,172,38,81.9,,https://www.amctheatres.com/showtimes/141503026/seats,Dolby Cinema at AMC @ 7:35pm (saved link)
2026-05-01,20260503-114743-22c625,2026-05-03T18:59:45.183813+00:00,2026-05-03T18:00Z,2026-05-02,Saturday,AMC Highlands Ranch 24,Denver,PT,The Devil Wears Prada 2,10:00pm,142811941,0,,Laser at AMC,155,7,148,4.5,,https://www.amctheatres.com/showtimes/142811941/seats,Laser at AMC @ 10:00pm (saved link)
2026-05-01,20260503-114743-22c625,2026-05-03T18:59:45.183813+00:00,2026-05-03T18:00Z,2026-05-02,Saturday,AMC Highlands Ranch 24,Denver,PT,The Devil Wears Prada 2,9:30pm,141503052,0,,Laser at AMC,155,13,142,8.4,,https://www.amctheatres.com/showtimes/141503052/seats,Laser at AMC @ 9:30pm (saved link)
2026-05-01,20260503-114743-22c625,2026-05-03T18:59:45.183813+00:00,2026-05-03T18:00Z,2026-05-02,Saturday,AMC Highlands Ranch 24,Denver,PT,The Devil Wears Prada 2,9:10pm,142845773,0,,Laser at AMC,45,21,24,46.7,,https://www.amctheatres.com/showtimes/142845773/seats,Laser at AMC @ 9:10pm (saved link)
2026-05-01,20260503-114743-22c625,2026-05-03T18:59:45.183813+00:00,2026-05-03T18:00Z,2026-05-02,Saturday,AMC Highlands Ranch 24,Denver,PT,The Devil Wears Prada 2,8:30pm,142811892,0,,Laser at AMC,52,41,11,78.8,,https://www.amctheatres.com/showtimes/142811892/seats,Laser at AMC @ 8:30pm (saved link)
2026-05-01,20260503-114743-22c625,2026-05-03T18:59:45.183813+00:00,2026-05-03T18:00Z,2026-05-02,Saturday,AMC Highlands Ranch 24,Denver,PT,The Devil Wears Prada 2,7:45pm,142812183,0,,Laser at AMC,52,40,12,76.9,,https://www.amctheatres.com/showtimes/142812183/seats,Laser at AMC @ 7:45pm (saved link)
2026-05-01,20260503-114743-22c625,2026-05-03T18:59:45.183813+00:00,2026-05-03T18:00Z,2026-05-02,Saturday,AMC Highlands Ranch 24,Denver,PT,The Devil Wears Prada 2,7:15pm,142811847,0,,Laser at AMC,37,23,14,62.2,,https://www.amctheatres.com/showtimes/142811847/seats,Laser at AMC @ 7:15pm (saved link)
2026-05-01,20260503-114743-22c625,2026-05-03T18:59:45.183813+00:00,2026-05-03T18:00Z,2026-05-02,Saturday,AMC Highlands Ranch 24,Denver,PT,The Devil Wears Prada 2,7:00pm,142811942,0,,Laser at AMC,155,108,47,69.7,,https://www.amctheatres.com/showtimes/142811942/seats,Laser at AMC @ 7:00pm (saved link)
2026-05-01,20260503-114743-22c625,2026-05-03T18:59:45.183813+00:00,2026-05-03T18:00Z,2026-05-02,Saturday,AMC Highlands Ranch 24,Denver,PT,Animal Farm,7:00pm,141235098,0,,Laser at AMC,52,30,22,57.7,,https://www.amctheatres.com/showtimes/141235098/seats,Laser at AMC @ 7:00pm (saved link)
2026-05-01,20260503-114743-22c625,2026-05-03T19:00:30.230076+00:00,2026-05-03T19:00Z,2026-05-02,Saturday,AMC Westminster Promenade 24,Denver,PT,The Devil Wears Prada 2,10:00pm,141324914,0,,Dolby Cinema at AMC,217,35,182,16.1,,https://www.amctheatres.com/showtimes/141324914/seats,Dolby Cinema at AMC @ 10:00pm (saved link)
2026-05-01,20260503-114743-22c625,2026-05-03T19:00:30.230076+00:00,2026-05-03T19:00Z,2026-05-02,Saturday,AMC Westminster Promenade 24,Denver,PT,The Devil Wears Prada 2,7:00pm,141324917,0,,Dolby Cinema at AMC,217,165,52,76,,https://www.amctheatres.com/showtimes/141324917/seats,Dolby Cinema at AMC @ 7:00pm (saved link)
2026-05-01,20260503-114743-22c625,2026-05-03T19:00:30.230076+00:00,2026-05-03T19:00Z,2026-05-02,Saturday,AMC Westminster Promenade 24,Denver,PT,The Devil Wears Prada 2,10:30pm,142725256,0,,PRIME at AMC,187,7,180,3.7,,https://www.amctheatres.com/showtimes/142725256/seats,PRIME at AMC @ 10:30pm (saved link)
2026-05-01,20260503-114743-22c625,2026-05-03T19:00:30.230076+00:00,2026-05-03T19:00Z,2026-05-02,Saturday,AMC Westminster Promenade 24,Denver,PT,The Devil Wears Prada 2,7:30pm,142725255,0,,PRIME at AMC,187,125,62,66.8,,https://www.amctheatres.com/showtimes/142725255/seats,PRIME at AMC @ 7:30pm (saved link)
2026-05-01,20260503-114743-22c625,2026-05-03T19:00:30.230076+00:00,2026-05-03T19:00Z,2026-05-02,Saturday,AMC Westminster Promenade 24,Denver,PT,The Devil Wears Prada 2,9:30pm,142725082,0,,Laser at AMC,56,14,42,25,,https://www.amctheatres.com/showtimes/142725082/seats,Laser at AMC @ 9:30pm (saved link)
2026-05-01,20260503-114743-22c625,2026-05-03T19:00:30.230076+00:00,2026-05-03T19:00Z,2026-05-02,Saturday,AMC Westminster Promenade 24,Denver,PT,The Devil Wears Prada 2,9:00pm,141324859,0,,Laser at AMC,48,29,19,60.4,,https://www.amctheatres.com/showtimes/141324859/seats,Laser at AMC @ 9:00pm (saved link)
2026-05-01,20260503-114743-22c625,2026-05-03T19:00:30.230076+00:00,2026-05-03T19:00Z,2026-05-02,Saturday,AMC Westminster Promenade 24,Denver,PT,The Devil Wears Prada 2,8:30pm,142725361,0,,Laser at AMC,92,53,39,57.6,,https://www.amctheatres.com/showtimes/142725361/seats,Laser at AMC @ 8:30pm (saved link)
2026-05-01,20260503-114743-22c625,2026-05-03T19:00:30.230076+00:00,2026-05-03T19:00Z,2026-05-02,Saturday,AMC Westminster Promenade 24,Denver,PT,The Devil Wears Prada 2,8:00pm,141324855,0,,Laser at AMC,158,98,60,62,,https://www.amctheatres.com/showtimes/141324855/seats,Laser at AMC @ 8:00pm (saved link)
2026-05-01,20260503-114743-22c625,2026-05-03T19:00:30.230076+00:00,2026-05-03T19:00Z,2026-05-02,Saturday,AMC Westminster Promenade 24,Denver,PT,Animal Farm,7:20pm,141039040,0,,Laser at AMC,40,18,22,45,,https://www.amctheatres.com/showtimes/141039040/seats,Laser at AMC @ 7:20pm (saved link)
2026-05-01,20260503-114743-22c625,2026-05-03T19:01:10.092283+00:00,2026-05-03T19:00Z,2026-05-02,Saturday,AMC Brentwood 14,Los Angeles,PT,The Devil Wears Prada 2,10:30pm,141478118,0,,Dolby Cinema at AMC,196,35,161,17.9,,https://www.amctheatres.com/showtimes/141478118/seats,Dolby Cinema at AMC @ 10:30pm (saved link)
2026-05-01,20260503-114743-22c625,2026-05-03T19:01:10.092283+00:00,2026-05-03T19:00Z,2026-05-02,Saturday,AMC Brentwood 14,Los Angeles,PT,The Devil Wears Prada 2,7:30pm,141478119,0,,Dolby Cinema at AMC,196,158,38,80.6,,https://www.amctheatres.com/showtimes/141478119/seats,Dolby Cinema at AMC @ 7:30pm (saved link)
2026-05-01,20260503-114743-22c625,2026-05-03T19:01:10.092283+00:00,2026-05-03T19:00Z,2026-05-02,Saturday,AMC Brentwood 14,Los Angeles,PT,The Devil Wears Prada 2,9:30pm,141478142,0,,Laser at AMC,282,13,269,4.6,,https://www.amctheatres.com/showtimes/141478142/seats,Laser at AMC @ 9:30pm (saved link)
2026-05-01,20260503-114743-22c625,2026-05-03T19:01:10.092283+00:00,2026-05-03T19:00Z,2026-05-02,Saturday,AMC Brentwood 14,Los Angeles,PT,The Devil Wears Prada 2,9:00pm,142766372,0,,Laser at AMC,286,8,278,2.8,,https://www.amctheatres.com/showtimes/142766372/seats,Laser at AMC @ 9:00pm (saved link)
2026-05-01,20260503-114743-22c625,2026-05-03T19:01:10.092283+00:00,2026-05-03T19:00Z,2026-05-02,Saturday,AMC Brentwood 14,Los Angeles,PT,The Devil Wears Prada 2,8:30pm,142766341,0,,Laser at AMC,134,60,74,44.8,,https://www.amctheatres.com/showtimes/142766341/seats,Laser at AMC @ 8:30pm (saved link)
2026-05-01,20260503-114743-22c625,2026-05-03T19:01:10.092283+00:00,2026-05-03T19:00Z,2026-05-02,Saturday,AMC Brentwood 14,Los Angeles,PT,The Devil Wears Prada 2,6:30pm,141478143,0,,Laser at AMC,282,40,242,14.2,,https://www.amctheatres.com/showtimes/141478143/seats,Laser at AMC @ 6:30pm (saved link)
2026-05-01,20260503-114743-22c625,2026-05-03T19:01:10.092283+00:00,2026-05-03T19:00Z,2026-05-02,Saturday,AMC Brentwood 14,Los Angeles,PT,The Devil Wears Prada 2,6:00pm,142766371,0,,Laser at AMC,286,25,261,8.7,,https://www.amctheatres.com/showtimes/142766371/seats,Laser at AMC @ 6:00pm (saved link)
2026-05-01,20260503-114743-22c625,2026-05-03T19:01:10.092283+00:00,2026-05-03T19:00Z,2026-05-02,Saturday,AMC Brentwood 14,Los Angeles,PT,Animal Farm,7:00pm,141209934,0,,Laser at AMC,134,19,115,14.2,,https://www.amctheatres.com/showtimes/141209934/seats,Laser at AMC @ 7:00pm (saved link)
2026-05-01,20260503-114743-22c625,2026-05-03T19:01:52.002759+00:00,2026-05-03T19:00Z,2026-05-02,Saturday,AMC Burbank 16,Los Angeles,PT,The Devil Wears Prada 2,9:55pm,141505904,0,,Dolby Cinema at AMC,261,183,78,70.1,,https://www.amctheatres.com/showtimes/141505904/seats,Dolby Cinema at AMC @ 9:55pm (saved link)
2026-05-01,20260503-114743-22c625,2026-05-03T19:01:52.002759+00:00,2026-05-03T19:00Z,2026-05-02,Saturday,AMC Burbank 16,Los Angeles,PT,The Devil Wears Prada 2,7:00pm,141505898,0,,Dolby Cinema at AMC,261,200,61,76.6,,https://www.amctheatres.com/showtimes/141505898/seats,Dolby Cinema at AMC @ 7:00pm (saved link)
2026-05-01,20260503-114743-22c625,2026-05-03T19:01:52.002759+00:00,2026-05-03T19:00Z,2026-05-02,Saturday,AMC Burbank 16,Los Angeles,PT,The Devil Wears Prada 2,8:50pm,142651026,0,,PRIME at AMC,217,169,48,77.9,,https://www.amctheatres.com/showtimes/142651026/seats,PRIME at AMC @ 8:50pm (saved link)
2026-05-01,20260503-114743-22c625,2026-05-03T19:01:52.002759+00:00,2026-05-03T19:00Z,2026-05-02,Saturday,AMC Burbank 16,Los Angeles,PT,The Devil Wears Prada 2,6:00pm,142651025,0,,PRIME at AMC,217,178,39,82,,https://www.amctheatres.com/showtimes/142651025/seats,PRIME at AMC @ 6:00pm (saved link)
2026-05-01,20260503-114743-22c625,2026-05-03T19:01:52.002759+00:00,2026-05-03T19:00Z,2026-05-02,Saturday,AMC Burbank 16,Los Angeles,PT,The Devil Wears Prada 2,9:25pm,142803292,0,,XL at AMC,230,134,96,58.3,,https://www.amctheatres.com/showtimes/142803292/seats,XL at AMC @ 9:25pm (saved link)
2026-05-01,20260503-114743-22c625,2026-05-03T19:01:52.002759+00:00,2026-05-03T19:00Z,2026-05-02,Saturday,AMC Burbank 16,Los Angeles,PT,The Devil Wears Prada 2,6:30pm,141505839,0,,XL at AMC,230,171,59,74.3,,https://www.amctheatres.com/showtimes/141505839/seats,XL at AMC @ 6:30pm (saved link)
2026-05-01,20260503-114743-22c625,2026-05-03T19:01:52.002759+00:00,2026-05-03T19:00Z,2026-05-02,Saturday,AMC Burbank 16,Los Angeles,PT,The Devil Wears Prada 2,10:45pm,142803289,0,,Laser at AMC,91,37,54,40.7,,https://www.amctheatres.com/showtimes/142803289/seats,Laser at AMC @ 10:45pm (saved link)
2026-05-01,20260503-114743-22c625,2026-05-03T19:01:52.002759+00:00,2026-05-03T19:00Z,2026-05-02,Saturday,AMC Burbank 16,Los Angeles,PT,The Devil Wears Prada 2,7:45pm,141505828,0,,SCREENX at AMC,227,181,46,79.7,,https://www.amctheatres.com/showtimes/141505828/seats,SCREENX at AMC @ 7:45pm (saved link)
2026-05-01,20260503-114743-22c625,2026-05-03T19:02:31.627193+00:00,2026-05-03T19:00Z,2026-05-02,Saturday,AMC Century City 15,Los Angeles,PT,The Devil Wears Prada 2,10:30pm,141446083,0,,Dolby Cinema at AMC,158,131,27,82.9,,https://www.amctheatres.com/showtimes/141446083/seats,Dolby Cinema at AMC @ 10:30pm (saved link)
2026-05-01,20260503-114743-22c625,2026-05-03T19:02:31.627193+00:00,2026-05-03T19:00Z,2026-05-02,Saturday,AMC Century City 15,Los Angeles,PT,The Devil Wears Prada 2,7:30pm,141446082,0,,Dolby Cinema at AMC,158,155,3,98.1,,https://www.amctheatres.com/showtimes/141446082/seats,Dolby Cinema at AMC @ 7:30pm (saved link)
2026-05-01,20260503-114743-22c625,2026-05-03T19:02:31.627193+00:00,2026-05-03T19:00Z,2026-05-02,Saturday,AMC Century City 15,Los Angeles,PT,The Devil Wears Prada 2,10:00pm,141517009,0,,PRIME at AMC,128,100,28,78.1,,https://www.amctheatres.com/showtimes/141517009/seats,PRIME at AMC @ 10:00pm (saved link)
2026-05-01,20260503-114743-22c625,2026-05-03T19:02:31.627193+00:00,2026-05-03T19:00Z,2026-05-02,Saturday,AMC Century City 15,Los Angeles,PT,The Devil Wears Prada 2,7:00pm,141517008,0,,PRIME at AMC,128,121,7,94.5,,https://www.amctheatres.com/showtimes/141517008/seats,PRIME at AMC @ 7:00pm (saved link)
2026-05-01,20260503-114743-22c625,2026-05-03T19:02:31.627193+00:00,2026-05-03T19:00Z,2026-05-02,Saturday,AMC Century City 15,Los Angeles,PT,The Devil Wears Prada 2,8:15pm,141445866,0,,XL at AMC,251,217,34,86.5,,https://www.amctheatres.com/showtimes/141445866/seats,XL at AMC @ 8:15pm (saved link)
2026-05-01,20260503-114743-22c625,2026-05-03T19:02:31.627193+00:00,2026-05-03T19:00Z,2026-05-02,Saturday,AMC Century City 15,Los Angeles,PT,The Devil Wears Prada 2,10:45pm,142847996,0,,Laser at AMC,125,43,82,34.4,,https://www.amctheatres.com/showtimes/142847996/seats,Laser at AMC @ 10:45pm (saved link)
2026-05-01,20260503-114743-22c625,2026-05-03T19:02:31.627193+00:00,2026-05-03T19:00Z,2026-05-02,Saturday,AMC Century City 15,Los Angeles,PT,The Devil Wears Prada 2,9:45pm,142832083,0,,Laser at AMC,181,122,59,67.4,,https://www.amctheatres.com/showtimes/142832083/seats,Laser at AMC @ 9:45pm (saved link)
2026-05-01,20260503-114743-22c625,2026-05-03T19:02:31.627193+00:00,2026-05-03T19:00Z,2026-05-02,Saturday,AMC Century City 15,Los Angeles,PT,The Devil Wears Prada 2,9:30pm,142206210,0,,Laser at AMC,285,201,84,70.5,,https://www.amctheatres.com/showtimes/142206210/seats,Laser at AMC @ 9:30pm (saved link)
2026-05-01,20260503-114743-22c625,2026-05-03T19:02:31.627193+00:00,2026-05-03T19:00Z,2026-05-02,Saturday,AMC Century City 15,Los Angeles,PT,The Devil Wears Prada 2,9:00pm,141446056,0,,Laser at AMC,285,233,52,81.8,,https://www.amctheatres.com/showtimes/141446056/seats,Laser at AMC @ 9:00pm (saved link)
2026-05-01,20260503-114743-22c625,2026-05-03T19:02:31.627193+00:00,2026-05-03T19:00Z,2026-05-02,Saturday,AMC Century City 15,Los Angeles,PT,The Devil Wears Prada 2,7:45pm,142695809,0,,Laser at AMC,134,105,29,78.4,,https://www.amctheatres.com/showtimes/142695809/seats,Laser at AMC @ 7:45pm (saved link)
2026-05-01,20260503-114743-22c625,2026-05-03T19:02:31.627193+00:00,2026-05-03T19:00Z,2026-05-02,Saturday,AMC Century City 15,Los Angeles,PT,The Devil Wears Prada 2,7:40pm,142844573,0,,Laser at AMC,125,114,11,91.2,,https://www.amctheatres.com/showtimes/142844573/seats,Laser at AMC @ 7:40pm (saved link)
2026-05-01,20260503-114743-22c625,2026-05-03T19:02:31.627193+00:00,2026-05-03T19:00Z,2026-05-02,Saturday,AMC Century City 15,Los Angeles,PT,The Devil Wears Prada 2,6:45pm,142844576,0,,Laser at AMC,125,94,31,75.2,,https://www.amctheatres.com/showtimes/142844576/seats,Laser at AMC @ 6:45pm (saved link)
2026-05-01,20260503-114743-22c625,2026-05-03T19:02:31.627193+00:00,2026-05-03T19:00Z,2026-05-02,Saturday,AMC Century City 15,Los Angeles,PT,The Devil Wears Prada 2,6:30pm,142206209,0,,Laser at AMC,285,242,43,84.9,,https://www.amctheatres.com/showtimes/142206209/seats,Laser at AMC @ 6:30pm (saved link)
2026-05-01,20260503-114743-22c625,2026-05-03T19:02:31.627193+00:00,2026-05-03T19:00Z,2026-05-02,Saturday,AMC Century City 15,Los Angeles,PT,The Devil Wears Prada 2,6:00pm,141446057,0,,Laser at AMC,285,227,58,79.6,,https://www.amctheatres.com/showtimes/141446057/seats,Laser at AMC @ 6:00pm (saved link)
2026-05-01,20260503-114743-22c625,2026-05-03T19:03:31.016060+00:00,2026-05-03T19:00Z,2026-05-02,Saturday,AMC DINE-IN Fullerton 20,Los Angeles,PT,The Devil Wears Prada 2,10:35pm,142733689,0,,Laser at AMC,80,16,64,20,,https://www.amctheatres.com/showtimes/142733689/seats,Laser at AMC @ 10:35pm (saved link)
2026-05-01,20260503-114743-22c625,2026-05-03T19:03:31.016060+00:00,2026-05-03T19:00Z,2026-05-02,Saturday,AMC DINE-IN Fullerton 20,Los Angeles,PT,The Devil Wears Prada 2,10:30pm,141407141,0,,Laser at AMC,128,16,112,12.5,,https://www.amctheatres.com/showtimes/141407141/seats,Laser at AMC @ 10:30pm (saved link)
2026-05-01,20260503-114743-22c625,2026-05-03T19:03:31.016060+00:00,2026-05-03T19:00Z,2026-05-02,Saturday,AMC DINE-IN Fullerton 20,Los Angeles,PT,The Devil Wears Prada 2,10:00pm,142733714,0,,Laser at AMC,116,41,75,35.3,,https://www.amctheatres.com/showtimes/142733714/seats,Laser at AMC @ 10:00pm (saved link)
2026-05-01,20260503-114743-22c625,2026-05-03T19:03:31.016060+00:00,2026-05-03T19:00Z,2026-05-02,Saturday,AMC DINE-IN Fullerton 20,Los Angeles,PT,The Devil Wears Prada 2,8:00pm,142733667,0,,Laser at AMC,58,52,6,89.7,,https://www.amctheatres.com/showtimes/142733667/seats,Laser at AMC @ 8:00pm (saved link)
2026-05-01,20260503-114743-22c625,2026-05-03T19:03:31.016060+00:00,2026-05-03T19:00Z,2026-05-02,Saturday,AMC DINE-IN Fullerton 20,Los Angeles,PT,The Devil Wears Prada 2,7:30pm,141407140,0,,Laser at AMC,128,99,29,77.3,,https://www.amctheatres.com/showtimes/141407140/seats,Laser at AMC @ 7:30pm (saved link)
2026-05-01,20260503-114743-22c625,2026-05-03T19:03:31.016060+00:00,2026-05-03T19:00Z,2026-05-02,Saturday,AMC DINE-IN Fullerton 20,Los Angeles,PT,The Devil Wears Prada 2,7:15pm,142733713,0,,Laser at AMC,116,85,31,73.3,,https://www.amctheatres.com/showtimes/142733713/seats,Laser at AMC @ 7:15pm (saved link)
2026-05-01,20260503-114743-22c625,2026-05-03T19:03:31.016060+00:00,2026-05-03T19:00Z,2026-05-02,Saturday,AMC DINE-IN Fullerton 20,Los Angeles,PT,The Devil Wears Prada 2,9:30pm,142733805,0,,Dine-In Delivery to Seat,108,69,39,63.9,,https://www.amctheatres.com/showtimes/142733805/seats,Dine-In Delivery to Seat @ 9:30pm (saved link)
2026-05-01,20260503-114743-22c625,2026-05-03T19:03:31.016060+00:00,2026-05-03T19:00Z,2026-05-02,Saturday,AMC DINE-IN Fullerton 20,Los Angeles,PT,The Devil Wears Prada 2,9:00pm,142733821,0,,Dine-In Delivery to Seat,70,49,21,70,,https://www.amctheatres.com/showtimes/142733821/seats,Dine-In Delivery to Seat @ 9:00pm (saved link)
2026-05-01,20260503-114743-22c625,2026-05-03T19:03:31.016060+00:00,2026-05-03T19:00Z,2026-05-02,Saturday,AMC DINE-IN Fullerton 20,Los Angeles,PT,The Devil Wears Prada 2,6:30pm,142733804,0,,Dine-In Delivery to Seat,108,89,19,82.4,,https://www.amctheatres.com/showtimes/142733804/seats,Dine-In Delivery to Seat @ 6:30pm (saved link)
2026-05-01,20260503-114743-22c625,2026-05-03T19:03:31.016060+00:00,2026-05-03T19:00Z,2026-05-02,Saturday,AMC DINE-IN Fullerton 20,Los Angeles,PT,The Devil Wears Prada 2,6:00pm,142733824,0,,Dine-In Delivery to Seat,70,56,14,80,,https://www.amctheatres.com/showtimes/142733824/seats,Dine-In Delivery to Seat @ 6:00pm (saved link)
2026-05-01,20260503-114743-22c625,2026-05-03T19:03:31.016060+00:00,2026-05-03T19:00Z,2026-05-02,Saturday,AMC DINE-IN Fullerton 20,Los Angeles,PT,Animal Farm,7:30pm,141153038,0,,Dine-In Delivery to Seat,36,30,6,83.3,,https://www.amctheatres.com/showtimes/141153038/seats,Dine-In Delivery to Seat @ 7:30pm (saved link)
2026-05-01,20260503-114743-22c625,2026-05-03T19:04:18.349232+00:00,2026-05-03T19:00Z,2026-05-02,Saturday,AMC DINE-IN Marina 6,Los Angeles,PT,The Devil Wears Prada 2,11:00pm,142048451,0,,Dine-In Delivery to Seat,58,20,38,34.5,,https://www.amctheatres.com/showtimes/142048451/seats,Dine-In Delivery to Seat @ 11:00pm (saved link)
2026-05-01,20260503-114743-22c625,2026-05-03T19:04:18.349232+00:00,2026-05-03T19:00Z,2026-05-02,Saturday,AMC DINE-IN Marina 6,Los Angeles,PT,The Devil Wears Prada 2,10:30pm,141361932,0,,Dine-In Delivery to Seat,94,52,42,55.3,,https://www.amctheatres.com/showtimes/141361932/seats,Dine-In Delivery to Seat @ 10:30pm (saved link)
2026-05-01,20260503-114743-22c625,2026-05-03T19:04:18.349232+00:00,2026-05-03T19:00Z,2026-05-02,Saturday,AMC DINE-IN Marina 6,Los Angeles,PT,The Devil Wears Prada 2,9:30pm,141361995,0,,Dine-In Delivery to Seat,58,45,13,77.6,,https://www.amctheatres.com/showtimes/141361995/seats,Dine-In Delivery to Seat @ 9:30pm (saved link)
2026-05-01,20260503-114743-22c625,2026-05-03T19:04:18.349232+00:00,2026-05-03T19:00Z,2026-05-02,Saturday,AMC DINE-IN Marina 6,Los Angeles,PT,The Devil Wears Prada 2,8:30pm,142702781,0,,Dine-In Delivery to Seat,46,45,1,97.8,,https://www.amctheatres.com/showtimes/142702781/seats,Dine-In Delivery to Seat @ 8:30pm (saved link)
2026-05-01,20260503-114743-22c625,2026-05-03T19:04:18.349232+00:00,2026-05-03T19:00Z,2026-05-02,Saturday,AMC DINE-IN Marina 6,Los Angeles,PT,The Devil Wears Prada 2,8:00pm,142048450,0,,Dine-In Delivery to Seat,58,52,6,89.7,,https://www.amctheatres.com/showtimes/142048450/seats,Dine-In Delivery to Seat @ 8:00pm (saved link)
2026-05-01,20260503-114743-22c625,2026-05-03T19:04:18.349232+00:00,2026-05-03T19:00Z,2026-05-02,Saturday,AMC DINE-IN Marina 6,Los Angeles,PT,The Devil Wears Prada 2,7:30pm,141361931,0,,Dine-In Delivery to Seat,94,85,9,90.4,,https://www.amctheatres.com/showtimes/141361931/seats,Dine-In Delivery to Seat @ 7:30pm (saved link)
2026-05-01,20260503-114743-22c625,2026-05-03T19:04:18.349232+00:00,2026-05-03T19:00Z,2026-05-02,Saturday,AMC DINE-IN Marina 6,Los Angeles,PT,The Devil Wears Prada 2,6:30pm,141361996,0,,Dine-In Delivery to Seat,58,54,4,93.1,,https://www.amctheatres.com/showtimes/141361996/seats,Dine-In Delivery to Seat @ 6:30pm (saved link)
2026-05-01,20260503-114743-22c625,2026-05-03T19:04:18.349232+00:00,2026-05-03T19:00Z,2026-05-02,Saturday,AMC DINE-IN Marina 6,Los Angeles,PT,The Devil Wears Prada 2,5:35pm,142702786,0,,Dine-In Delivery to Seat,46,46,0,100,,https://www.amctheatres.com/showtimes/142702786/seats,Dine-In Delivery to Seat @ 5:35pm (saved link)
2026-05-01,20260503-114743-22c625,2026-05-03T19:04:57.895464+00:00,2026-05-03T19:00Z,2026-05-02,Saturday,AMC La Mirada 7,Los Angeles,PT,The Devil Wears Prada 2,10:00pm,141506160,0,,Laser at AMC,116,17,99,14.7,,https://www.amctheatres.com/showtimes/141506160/seats,Laser at AMC @ 10:00pm (saved link)
2026-05-01,20260503-114743-22c625,2026-05-03T19:04:57.895464+00:00,2026-05-03T19:00Z,2026-05-02,Saturday,AMC La Mirada 7,Los Angeles,PT,The Devil Wears Prada 2,9:00pm,142581053,0,,Laser at AMC,113,68,45,60.2,,https://www.amctheatres.com/showtimes/142581053/seats,Laser at AMC @ 9:00pm (saved link)
2026-05-01,20260503-114743-22c625,2026-05-03T19:04:57.895464+00:00,2026-05-03T19:00Z,2026-05-02,Saturday,AMC La Mirada 7,Los Angeles,PT,The Devil Wears Prada 2,8:00pm,142731358,0,,Laser at AMC,58,51,7,87.9,,https://www.amctheatres.com/showtimes/142731358/seats,Laser at AMC @ 8:00pm (saved link)
2026-05-01,20260503-114743-22c625,2026-05-03T19:04:57.895464+00:00,2026-05-03T19:00Z,2026-05-02,Saturday,AMC La Mirada 7,Los Angeles,PT,The Devil Wears Prada 2,7:00pm,141506161,0,,Laser at AMC,116,88,28,75.9,,https://www.amctheatres.com/showtimes/141506161/seats,Laser at AMC @ 7:00pm (saved link)
2026-05-01,20260503-114743-22c625,2026-05-03T19:04:57.895464+00:00,2026-05-03T19:00Z,2026-05-02,Saturday,AMC La Mirada 7,Los Angeles,PT,The Devil Wears Prada 2,6:00pm,142581052,0,,Laser at AMC,113,62,51,54.9,,https://www.amctheatres.com/showtimes/142581052/seats,Laser at AMC @ 6:00pm (saved link)
2026-05-01,20260503-114743-22c625,2026-05-03T19:05:28.757071+00:00,2026-05-03T19:00Z,2026-05-02,Saturday,AMC Lakewood Mall 12,Los Angeles,PT,The Devil Wears Prada 2,10:35pm,141424282,0,,Laser at AMC,91,10,81,11,,https://www.amctheatres.com/showtimes/141424282/seats,Laser at AMC @ 10:35pm (saved link)
2026-05-01,20260503-114743-22c625,2026-05-03T19:05:28.757071+00:00,2026-05-03T19:00Z,2026-05-02,Saturday,AMC Lakewood Mall 12,Los Angeles,PT,The Devil Wears Prada 2,9:50pm,142784523,0,,Laser at AMC,45,3,42,6.7,,https://www.amctheatres.com/showtimes/142784523/seats,Laser at AMC @ 9:50pm (saved link)
2026-05-01,20260503-114743-22c625,2026-05-03T19:05:28.757071+00:00,2026-05-03T19:00Z,2026-05-02,Saturday,AMC Lakewood Mall 12,Los Angeles,PT,The Devil Wears Prada 2,9:20pm,141424339,0,,Laser at AMC,72,28,44,38.9,,https://www.amctheatres.com/showtimes/141424339/seats,Laser at AMC @ 9:20pm (saved link)
2026-05-01,20260503-114743-22c625,2026-05-03T19:05:28.757071+00:00,2026-05-03T19:00Z,2026-05-02,Saturday,AMC Lakewood Mall 12,Los Angeles,PT,The Devil Wears Prada 2,8:30pm,142784511,0,,Laser at AMC,58,50,8,86.2,,https://www.amctheatres.com/showtimes/142784511/seats,Laser at AMC @ 8:30pm (saved link)
2026-05-01,20260503-114743-22c625,2026-05-03T19:05:28.757071+00:00,2026-05-03T19:00Z,2026-05-02,Saturday,AMC Lakewood Mall 12,Los Angeles,PT,The Devil Wears Prada 2,7:25pm,141424281,0,,Laser at AMC,91,67,24,73.6,,https://www.amctheatres.com/showtimes/141424281/seats,Laser at AMC @ 7:25pm (saved link)
2026-05-01,20260503-114743-22c625,2026-05-03T19:05:28.757071+00:00,2026-05-03T19:00Z,2026-05-02,Saturday,AMC Lakewood Mall 12,Los Angeles,PT,The Devil Wears Prada 2,6:15pm,141424338,0,,Laser at AMC,72,59,13,81.9,,https://www.amctheatres.com/showtimes/141424338/seats,Laser at AMC @ 6:15pm (saved link)
2026-05-01,20260503-114743-22c625,2026-05-03T19:05:28.757071+00:00,2026-05-03T19:00Z,2026-05-02,Saturday,AMC Lakewood Mall 12,Los Angeles,PT,Animal Farm,8:00pm,141174279,0,,Laser at AMC,69,18,51,26.1,,https://www.amctheatres.com/showtimes/141174279/seats,Laser at AMC @ 8:00pm (saved link)
2026-05-01,20260503-114743-22c625,2026-05-03T19:06:04.053476+00:00,2026-05-03T19:00Z,2026-05-02,Saturday,AMC Marina Pacifica 12,Los Angeles,PT,The Devil Wears Prada 2,10:30pm,142597682,0,,Laser at AMC,90,19,71,21.1,,https://www.amctheatres.com/showtimes/142597682/seats,Laser at AMC @ 10:30pm (saved link)
2026-05-01,20260503-114743-22c625,2026-05-03T19:06:04.053476+00:00,2026-05-03T19:00Z,2026-05-02,Saturday,AMC Marina Pacifica 12,Los Angeles,PT,The Devil Wears Prada 2,9:45pm,141496611,0,,Laser at AMC,117,71,46,60.7,,https://www.amctheatres.com/showtimes/141496611/seats,Laser at AMC @ 9:45pm (saved link)
2026-05-01,20260503-114743-22c625,2026-05-03T19:06:04.053476+00:00,2026-05-03T19:00Z,2026-05-02,Saturday,AMC Marina Pacifica 12,Los Angeles,PT,The Devil Wears Prada 2,9:00pm,142597679,0,,Laser at AMC,91,65,26,71.4,,https://www.amctheatres.com/showtimes/142597679/seats,Laser at AMC @ 9:00pm (saved link)
2026-05-01,20260503-114743-22c625,2026-05-03T19:06:04.053476+00:00,2026-05-03T19:00Z,2026-05-02,Saturday,AMC Marina Pacifica 12,Los Angeles,PT,The Devil Wears Prada 2,8:15pm,142699668,0,,Laser at AMC,66,54,12,81.8,,https://www.amctheatres.com/showtimes/142699668/seats,Laser at AMC @ 8:15pm (saved link)
2026-05-01,20260503-114743-22c625,2026-05-03T19:06:04.053476+00:00,2026-05-03T19:00Z,2026-05-02,Saturday,AMC Marina Pacifica 12,Los Angeles,PT,The Devil Wears Prada 2,7:15pm,142597681,0,,Laser at AMC,90,74,16,82.2,,https://www.amctheatres.com/showtimes/142597681/seats,Laser at AMC @ 7:15pm (saved link)
2026-05-01,20260503-114743-22c625,2026-05-03T19:06:04.053476+00:00,2026-05-03T19:00Z,2026-05-02,Saturday,AMC Marina Pacifica 12,Los Angeles,PT,The Devil Wears Prada 2,6:45pm,142846805,0,,Laser at AMC,50,37,13,74,,https://www.amctheatres.com/showtimes/142846805/seats,Laser at AMC @ 6:45pm (saved link)
2026-05-01,20260503-114743-22c625,2026-05-03T19:06:04.053476+00:00,2026-05-03T19:00Z,2026-05-02,Saturday,AMC Marina Pacifica 12,Los Angeles,PT,The Devil Wears Prada 2,6:30pm,141496610,0,,Laser at AMC,117,91,26,77.8,,https://www.amctheatres.com/showtimes/141496610/seats,Laser at AMC @ 6:30pm (saved link)
2026-05-01,20260503-114743-22c625,2026-05-03T19:06:04.053476+00:00,2026-05-03T19:00Z,2026-05-02,Saturday,AMC Marina Pacifica 12,Los Angeles,PT,The Devil Wears Prada 2,5:45pm,142597678,0,,Laser at AMC,91,66,25,72.5,,https://www.amctheatres.com/showtimes/142597678/seats,Laser at AMC @ 5:45pm (saved link)
2026-05-01,20260503-114743-22c625,2026-05-03T19:06:41.508428+00:00,2026-05-03T19:00Z,2026-05-02,Saturday,AMC Montebello 10,Los Angeles,PT,The Devil Wears Prada 2,10:00pm,141474432,0,,Laser at AMC,117,67,50,57.3,,https://www.amctheatres.com/showtimes/141474432/seats,Laser at AMC @ 10:00pm (saved link)
2026-05-01,20260503-114743-22c625,2026-05-03T19:06:41.508428+00:00,2026-05-03T19:00Z,2026-05-02,Saturday,AMC Montebello 10,Los Angeles,PT,The Devil Wears Prada 2,9:10pm,142460901,0,,Laser at AMC,164,108,56,65.9,,https://www.amctheatres.com/showtimes/142460901/seats,Laser at AMC @ 9:10pm (saved link)
2026-05-01,20260503-114743-22c625,2026-05-03T19:06:41.508428+00:00,2026-05-03T19:00Z,2026-05-02,Saturday,AMC Montebello 10,Los Angeles,PT,The Devil Wears Prada 2,8:40pm,142679809,0,,Laser at AMC,162,118,44,72.8,,https://www.amctheatres.com/showtimes/142679809/seats,Laser at AMC @ 8:40pm (saved link)
2026-05-01,20260503-114743-22c625,2026-05-03T19:06:41.508428+00:00,2026-05-03T19:00Z,2026-05-02,Saturday,AMC Montebello 10,Los Angeles,PT,The Devil Wears Prada 2,7:30pm,142847072,0,,Laser at AMC,61,46,15,75.4,,https://www.amctheatres.com/showtimes/142847072/seats,Laser at AMC @ 7:30pm (saved link)
2026-05-01,20260503-114743-22c625,2026-05-03T19:06:41.508428+00:00,2026-05-03T19:00Z,2026-05-02,Saturday,AMC Montebello 10,Los Angeles,PT,The Devil Wears Prada 2,7:00pm,141474431,0,,Laser at AMC,117,86,31,73.5,,https://www.amctheatres.com/showtimes/141474431/seats,Laser at AMC @ 7:00pm (saved link)
2026-05-01,20260503-114743-22c625,2026-05-03T19:06:41.508428+00:00,2026-05-03T19:00Z,2026-05-02,Saturday,AMC Montebello 10,Los Angeles,PT,The Devil Wears Prada 2,6:30pm,142679833,0,,Laser at AMC,104,79,25,76,,https://www.amctheatres.com/showtimes/142679833/seats,Laser at AMC @ 6:30pm (saved link)
2026-05-01,20260503-114743-22c625,2026-05-03T19:06:41.508428+00:00,2026-05-03T19:00Z,2026-05-02,Saturday,AMC Montebello 10,Los Angeles,PT,The Devil Wears Prada 2,6:00pm,142460900,0,,Laser at AMC,164,126,38,76.8,,https://www.amctheatres.com/showtimes/142460900/seats,Laser at AMC @ 6:00pm (saved link)
2026-05-01,20260503-114743-22c625,2026-05-03T19:07:18.706396+00:00,2026-05-03T19:00Z,2026-05-02,Saturday,AMC Norwalk 20,Los Angeles,PT,The Devil Wears Prada 2,9:30pm,141510373,0,,Dolby Cinema at AMC,170,111,59,65.3,,https://www.amctheatres.com/showtimes/141510373/seats,Dolby Cinema at AMC @ 9:30pm (saved link)
2026-05-01,20260503-114743-22c625,2026-05-03T19:07:18.706396+00:00,2026-05-03T19:00Z,2026-05-02,Saturday,AMC Norwalk 20,Los Angeles,PT,The Devil Wears Prada 2,6:30pm,141504535,0,,Dolby Cinema at AMC,170,119,51,70,,https://www.amctheatres.com/showtimes/141504535/seats,Dolby Cinema at AMC @ 6:30pm (saved link)
2026-05-01,20260503-114743-22c625,2026-05-03T19:07:18.706396+00:00,2026-05-03T19:00Z,2026-05-02,Saturday,AMC Norwalk 20,Los Angeles,PT,The Devil Wears Prada 2,10:45pm,141504480,0,,Laser at AMC,85,31,54,36.5,,https://www.amctheatres.com/showtimes/141504480/seats,Laser at AMC @ 10:45pm (saved link)
2026-05-01,20260503-114743-22c625,2026-05-03T19:07:18.706396+00:00,2026-05-03T19:00Z,2026-05-02,Saturday,AMC Norwalk 20,Los Angeles,PT,The Devil Wears Prada 2,10:15pm,142728777,0,,Laser at AMC,85,19,66,22.4,,https://www.amctheatres.com/showtimes/142728777/seats,Laser at AMC @ 10:15pm (saved link)
2026-05-01,20260503-114743-22c625,2026-05-03T19:07:18.706396+00:00,2026-05-03T19:00Z,2026-05-02,Saturday,AMC Norwalk 20,Los Angeles,PT,The Devil Wears Prada 2,9:45pm,142728735,0,,Laser at AMC,89,44,45,49.4,,https://www.amctheatres.com/showtimes/142728735/seats,Laser at AMC @ 9:45pm (saved link)
2026-05-01,20260503-114743-22c625,2026-05-03T19:07:18.706396+00:00,2026-05-03T19:00Z,2026-05-02,Saturday,AMC Norwalk 20,Los Angeles,PT,The Devil Wears Prada 2,8:40pm,142659354,0,,Laser at AMC,90,69,21,76.7,,https://www.amctheatres.com/showtimes/142659354/seats,Laser at AMC @ 8:40pm (saved link)
2026-05-01,20260503-114743-22c625,2026-05-03T19:07:18.706396+00:00,2026-05-03T19:00Z,2026-05-02,Saturday,AMC Norwalk 20,Los Angeles,PT,The Devil Wears Prada 2,8:00pm,142728749,0,,Laser at AMC,66,47,19,71.2,,https://www.amctheatres.com/showtimes/142728749/seats,Laser at AMC @ 8:00pm (saved link)
2026-05-01,20260503-114743-22c625,2026-05-03T19:07:18.706396+00:00,2026-05-03T19:00Z,2026-05-02,Saturday,AMC Norwalk 20,Los Angeles,PT,The Devil Wears Prada 2,7:30pm,141504479,0,,Laser at AMC,178,119,59,66.9,,https://www.amctheatres.com/showtimes/141504479/seats,Laser at AMC @ 7:30pm (saved link)
2026-05-01,20260503-114743-22c625,2026-05-03T19:07:18.706396+00:00,2026-05-03T19:00Z,2026-05-02,Saturday,AMC Norwalk 20,Los Angeles,PT,The Devil Wears Prada 2,7:00pm,142728780,0,,Laser at AMC,85,66,19,77.6,,https://www.amctheatres.com/showtimes/142728780/seats,Laser at AMC @ 7:00pm (saved link)
2026-05-01,20260503-114743-22c625,2026-05-03T19:07:18.706396+00:00,2026-05-03T19:00Z,2026-05-02,Saturday,AMC Norwalk 20,Los Angeles,PT,The Devil Wears Prada 2,6:45pm,141593863,0,,Spanish Language Dubbed with No Subtitles,49,31,18,63.3,,https://www.amctheatres.com/showtimes/141593863/seats,Spanish Language Dubbed with No Subtitles @ 6:45pm (saved link)
2026-05-01,20260503-114743-22c625,2026-05-03T19:07:18.706396+00:00,2026-05-03T19:00Z,2026-05-02,Saturday,AMC Norwalk 20,Los Angeles,PT,Animal Farm,6:35pm,141085455,0,,Laser at AMC,84,57,27,67.9,,https://www.amctheatres.com/showtimes/141085455/seats,Laser at AMC @ 6:35pm (saved link)
2026-05-01,20260503-114743-22c625,2026-05-03T19:08:05.778884+00:00,2026-05-03T19:00Z,2026-05-02,Saturday,AMC Orange 30,Los Angeles,PT,The Devil Wears Prada 2,10:30pm,141379831,0,,Dolby Cinema at AMC,213,80,133,37.6,,https://www.amctheatres.com/showtimes/141379831/seats,Dolby Cinema at AMC @ 10:30pm (saved link)
2026-05-01,20260503-114743-22c625,2026-05-03T19:08:05.778884+00:00,2026-05-03T19:00Z,2026-05-02,Saturday,AMC Orange 30,Los Angeles,PT,The Devil Wears Prada 2,7:15pm,141379830,0,,Dolby Cinema at AMC,213,159,54,74.6,,https://www.amctheatres.com/showtimes/141379830/seats,Dolby Cinema at AMC @ 7:15pm (saved link)
2026-05-01,20260503-114743-22c625,2026-05-03T19:08:05.778884+00:00,2026-05-03T19:00Z,2026-05-02,Saturday,AMC Orange 30,Los Angeles,PT,The Devil Wears Prada 2,8:00pm,141379795,0,,XL at AMC,393,137,256,34.9,,https://www.amctheatres.com/showtimes/141379795/seats,XL at AMC @ 8:00pm (saved link)
2026-05-01,20260503-114743-22c625,2026-05-03T19:08:05.778884+00:00,2026-05-03T19:00Z,2026-05-02,Saturday,AMC Orange 30,Los Angeles,PT,The Devil Wears Prada 2,10:00pm,142714591,0,,Laser at AMC,267,10,257,3.7,,https://www.amctheatres.com/showtimes/142714591/seats,Laser at AMC @ 10:00pm (saved link)
2026-05-01,20260503-114743-22c625,2026-05-03T19:08:05.778884+00:00,2026-05-03T19:00Z,2026-05-02,Saturday,AMC Orange 30,Los Angeles,PT,The Devil Wears Prada 2,9:15pm,142714632,0,,Laser at AMC,227,43,184,18.9,,https://www.amctheatres.com/showtimes/142714632/seats,Laser at AMC @ 9:15pm (saved link)
2026-05-01,20260503-114743-22c625,2026-05-03T19:08:05.778884+00:00,2026-05-03T19:00Z,2026-05-02,Saturday,AMC Orange 30,Los Angeles,PT,The Devil Wears Prada 2,8:45pm,141379879,0,,Laser at AMC,393,59,334,15,,https://www.amctheatres.com/showtimes/141379879/seats,Laser at AMC @ 8:45pm (saved link)
2026-05-01,20260503-114743-22c625,2026-05-03T19:08:05.778884+00:00,2026-05-03T19:00Z,2026-05-02,Saturday,AMC Orange 30,Los Angeles,PT,The Devil Wears Prada 2,7:30pm,142723232,0,,Laser at AMC,151,83,68,55,,https://www.amctheatres.com/showtimes/142723232/seats,Laser at AMC @ 7:30pm (saved link)
2026-05-01,20260503-114743-22c625,2026-05-03T19:08:05.778884+00:00,2026-05-03T19:00Z,2026-05-02,Saturday,AMC Orange 30,Los Angeles,PT,The Devil Wears Prada 2,6:45pm,142714590,0,,Laser at AMC,267,59,208,22.1,,https://www.amctheatres.com/showtimes/142714590/seats,Laser at AMC @ 6:45pm (saved link)
2026-05-01,20260503-114743-22c625,2026-05-03T19:08:05.778884+00:00,2026-05-03T19:00Z,2026-05-02,Saturday,AMC Orange 30,Los Angeles,PT,The Devil Wears Prada 2,6:00pm,142714631,0,,Laser at AMC,227,29,198,12.8,,https://www.amctheatres.com/showtimes/142714631/seats,Laser at AMC @ 6:00pm (saved link)
2026-05-01,20260503-114743-22c625,2026-05-03T19:08:05.778884+00:00,2026-05-03T19:00Z,2026-05-02,Saturday,AMC Orange 30,Los Angeles,PT,Animal Farm,10:45pm,141079890,0,,Laser at AMC,153,10,143,6.5,,https://www.amctheatres.com/showtimes/141079890/seats,Laser at AMC @ 10:45pm (saved link)
2026-05-01,20260503-114743-22c625,2026-05-03T19:08:05.778884+00:00,2026-05-03T19:00Z,2026-05-02,Saturday,AMC Orange 30,Los Angeles,PT,Animal Farm,7:45pm,141079889,0,,Laser at AMC,153,31,122,20.3,,https://www.amctheatres.com/showtimes/141079889/seats,Laser at AMC @ 7:45pm (saved link)
2026-05-01,20260503-114743-22c625,2026-05-03T19:08:53.622386+00:00,2026-05-03T19:00Z,2026-05-02,Saturday,AMC Puente Hills 20,Los Angeles,PT,The Devil Wears Prada 2,10:00pm,141373977,0,,Dolby Cinema at AMC,214,86,128,40.2,,https://www.amctheatres.com/showtimes/141373977/seats,Dolby Cinema at AMC @ 10:00pm (saved link)
2026-05-01,20260503-114743-22c625,2026-05-03T19:08:53.622386+00:00,2026-05-03T19:00Z,2026-05-02,Saturday,AMC Puente Hills 20,Los Angeles,PT,The Devil Wears Prada 2,7:00pm,141373976,0,,Dolby Cinema at AMC,214,151,63,70.6,,https://www.amctheatres.com/showtimes/141373976/seats,Dolby Cinema at AMC @ 7:00pm (saved link)
2026-05-01,20260503-114743-22c625,2026-05-03T19:08:53.622386+00:00,2026-05-03T19:00Z,2026-05-02,Saturday,AMC Puente Hills 20,Los Angeles,PT,The Devil Wears Prada 2,11:00pm,141373999,0,,Laser at AMC,187,19,168,10.2,,https://www.amctheatres.com/showtimes/141373999/seats,Laser at AMC @ 11:00pm (saved link)
2026-05-01,20260503-114743-22c625,2026-05-03T19:08:53.622386+00:00,2026-05-03T19:00Z,2026-05-02,Saturday,AMC Puente Hills 20,Los Angeles,PT,The Devil Wears Prada 2,10:30pm,142846693,0,,Laser at AMC,45,14,31,31.1,,https://www.amctheatres.com/showtimes/142846693/seats,Laser at AMC @ 10:30pm (saved link)
2026-05-01,20260503-114743-22c625,2026-05-03T19:08:53.622386+00:00,2026-05-03T19:00Z,2026-05-02,Saturday,AMC Puente Hills 20,Los Angeles,PT,The Devil Wears Prada 2,10:15pm,142724192,0,,Laser at AMC,46,6,40,13,,https://www.amctheatres.com/showtimes/142724192/seats,Laser at AMC @ 10:15pm (saved link)
2026-05-01,20260503-114743-22c625,2026-05-03T19:08:53.622386+00:00,2026-05-03T19:00Z,2026-05-02,Saturday,AMC Puente Hills 20,Los Angeles,PT,The Devil Wears Prada 2,9:45pm,142724231,0,,Laser at AMC,109,59,50,54.1,,https://www.amctheatres.com/showtimes/142724231/seats,Laser at AMC @ 9:45pm (saved link)
2026-05-01,20260503-114743-22c625,2026-05-03T19:08:53.622386+00:00,2026-05-03T19:00Z,2026-05-02,Saturday,AMC Puente Hills 20,Los Angeles,PT,The Devil Wears Prada 2,8:45pm,142724275,0,,Laser at AMC,74,55,19,74.3,,https://www.amctheatres.com/showtimes/142724275/seats,Laser at AMC @ 8:45pm (saved link)
2026-05-01,20260503-114743-22c625,2026-05-03T19:08:53.622386+00:00,2026-05-03T19:00Z,2026-05-02,Saturday,AMC Puente Hills 20,Los Angeles,PT,The Devil Wears Prada 2,8:10pm,142846691,0,,Laser at AMC,45,34,11,75.6,,https://www.amctheatres.com/showtimes/142846691/seats,Laser at AMC @ 8:10pm (saved link)
2026-05-01,20260503-114743-22c625,2026-05-03T19:08:53.622386+00:00,2026-05-03T19:00Z,2026-05-02,Saturday,AMC Puente Hills 20,Los Angeles,PT,The Devil Wears Prada 2,8:00pm,141373998,0,,Laser at AMC,187,128,59,68.4,,https://www.amctheatres.com/showtimes/141373998/seats,Laser at AMC @ 8:00pm (saved link)
2026-05-01,20260503-114743-22c625,2026-05-03T19:08:53.622386+00:00,2026-05-03T19:00Z,2026-05-02,Saturday,AMC Puente Hills 20,Los Angeles,PT,The Devil Wears Prada 2,7:15pm,142724191,0,,Laser at AMC,46,30,16,65.2,,https://www.amctheatres.com/showtimes/142724191/seats,Laser at AMC @ 7:15pm (saved link)
2026-05-01,20260503-114743-22c625,2026-05-03T19:08:53.622386+00:00,2026-05-03T19:00Z,2026-05-02,Saturday,AMC Puente Hills 20,Los Angeles,PT,The Devil Wears Prada 2,6:45pm,142724338,0,,Laser at AMC,45,34,11,75.6,,https://www.amctheatres.com/showtimes/142724338/seats,Laser at AMC @ 6:45pm (saved link)
2026-05-01,20260503-114743-22c625,2026-05-03T19:08:53.622386+00:00,2026-05-03T19:00Z,2026-05-02,Saturday,AMC Puente Hills 20,Los Angeles,PT,The Devil Wears Prada 2,5:45pm,142724276,0,,Laser at AMC,74,41,33,55.4,,https://www.amctheatres.com/showtimes/142724276/seats,Laser at AMC @ 5:45pm (saved link)
2026-05-01,20260503-114743-22c625,2026-05-03T19:08:53.622386+00:00,2026-05-03T19:00Z,2026-05-02,Saturday,AMC Puente Hills 20,Los Angeles,PT,Animal Farm,7:30pm,141232219,0,,Laser at AMC,45,19,26,42.2,,https://www.amctheatres.com/showtimes/141232219/seats,Laser at AMC @ 7:30pm (saved link)
2026-05-01,20260503-114743-22c625,2026-05-03T19:09:47.307767+00:00,2026-05-03T19:00Z,2026-05-02,Saturday,AMC Santa Monica 7,Los Angeles,PT,The Devil Wears Prada 2,11:00pm,142831282,0,,Laser at AMC,72,8,64,11.1,,https://www.amctheatres.com/showtimes/142831282/seats,Laser at AMC @ 11:00pm (saved link)
2026-05-01,20260503-114743-22c625,2026-05-03T19:09:47.307767+00:00,2026-05-03T19:00Z,2026-05-02,Saturday,AMC Santa Monica 7,Los Angeles,PT,The Devil Wears Prada 2,10:30pm,141511035,0,,Laser at AMC,156,16,140,10.3,,https://www.amctheatres.com/showtimes/141511035/seats,Laser at AMC @ 10:30pm (saved link)
2026-05-01,20260503-114743-22c625,2026-05-03T19:09:47.307767+00:00,2026-05-03T19:00Z,2026-05-02,Saturday,AMC Santa Monica 7,Los Angeles,PT,The Devil Wears Prada 2,10:00pm,142520947,0,,Laser at AMC,88,36,52,40.9,,https://www.amctheatres.com/showtimes/142520947/seats,Laser at AMC @ 10:00pm (saved link)
2026-05-01,20260503-114743-22c625,2026-05-03T19:09:47.307767+00:00,2026-05-03T19:00Z,2026-05-02,Saturday,AMC Santa Monica 7,Los Angeles,PT,The Devil Wears Prada 2,9:00pm,141526355,0,,Laser at AMC,106,87,19,82.1,,https://www.amctheatres.com/showtimes/141526355/seats,Laser at AMC @ 9:00pm (saved link)
2026-05-01,20260503-114743-22c625,2026-05-03T19:09:47.307767+00:00,2026-05-03T19:00Z,2026-05-02,Saturday,AMC Santa Monica 7,Los Angeles,PT,The Devil Wears Prada 2,8:05pm,142831281,0,,Laser at AMC,72,64,8,88.9,,https://www.amctheatres.com/showtimes/142831281/seats,Laser at AMC @ 8:05pm (saved link)
2026-05-01,20260503-114743-22c625,2026-05-03T19:09:47.307767+00:00,2026-05-03T19:00Z,2026-05-02,Saturday,AMC Santa Monica 7,Los Angeles,PT,The Devil Wears Prada 2,7:50pm,142831278,0,,Laser at AMC,75,60,15,80,,https://www.amctheatres.com/showtimes/142831278/seats,Laser at AMC @ 7:50pm (saved link)
2026-05-01,20260503-114743-22c625,2026-05-03T19:09:47.307767+00:00,2026-05-03T19:00Z,2026-05-02,Saturday,AMC Santa Monica 7,Los Angeles,PT,The Devil Wears Prada 2,7:30pm,141511034,0,,Laser at AMC,156,128,28,82.1,,https://www.amctheatres.com/showtimes/141511034/seats,Laser at AMC @ 7:30pm (saved link)
2026-05-01,20260503-114743-22c625,2026-05-03T19:09:47.307767+00:00,2026-05-03T19:00Z,2026-05-02,Saturday,AMC Santa Monica 7,Los Angeles,PT,The Devil Wears Prada 2,7:00pm,142520944,0,,Laser at AMC,88,80,8,90.9,,https://www.amctheatres.com/showtimes/142520944/seats,Laser at AMC @ 7:00pm (saved link)
2026-05-01,20260503-114743-22c625,2026-05-03T19:09:47.307767+00:00,2026-05-03T19:00Z,2026-05-02,Saturday,AMC Santa Monica 7,Los Angeles,PT,The Devil Wears Prada 2,6:00pm,141526352,0,,Laser at AMC,106,92,14,86.8,,https://www.amctheatres.com/showtimes/141526352/seats,Laser at AMC @ 6:00pm (saved link)
2026-05-01,20260503-114743-22c625,2026-05-03T19:10:29.665544+00:00,2026-05-03T19:00Z,2026-05-02,Saturday,AMC The Americana at Brand 18,Los Angeles,PT,The Devil Wears Prada 2,11:00pm,141491722,0,,Dolby Cinema at AMC,132,73,59,55.3,,https://www.amctheatres.com/showtimes/141491722/seats,Dolby Cinema at AMC @ 11:00pm (saved link)
2026-05-01,20260503-114743-22c625,2026-05-03T19:10:29.665544+00:00,2026-05-03T19:00Z,2026-05-02,Saturday,AMC The Americana at Brand 18,Los Angeles,PT,The Devil Wears Prada 2,8:00pm,141491721,0,,Dolby Cinema at AMC,132,116,16,87.9,,https://www.amctheatres.com/showtimes/141491721/seats,Dolby Cinema at AMC @ 8:00pm (saved link)
2026-05-01,20260503-114743-22c625,2026-05-03T19:10:29.665544+00:00,2026-05-03T19:00Z,2026-05-02,Saturday,AMC The Americana at Brand 18,Los Angeles,PT,The Devil Wears Prada 2,10:30pm,142720192,0,,PRIME at AMC,134,66,68,49.3,,https://www.amctheatres.com/showtimes/142720192/seats,PRIME at AMC @ 10:30pm (saved link)
2026-05-01,20260503-114743-22c625,2026-05-03T19:10:29.665544+00:00,2026-05-03T19:00Z,2026-05-02,Saturday,AMC The Americana at Brand 18,Los Angeles,PT,The Devil Wears Prada 2,7:30pm,142665393,0,,PRIME at AMC,134,124,10,92.5,,https://www.amctheatres.com/showtimes/142665393/seats,PRIME at AMC @ 7:30pm (saved link)
2026-05-01,20260503-114743-22c625,2026-05-03T19:10:29.665544+00:00,2026-05-03T19:00Z,2026-05-02,Saturday,AMC The Americana at Brand 18,Los Angeles,PT,The Devil Wears Prada 2,10:00pm,141491685,0,,XL at AMC,202,25,177,12.4,,https://www.amctheatres.com/showtimes/141491685/seats,XL at AMC @ 10:00pm (saved link)
2026-05-01,20260503-114743-22c625,2026-05-03T19:10:29.665544+00:00,2026-05-03T19:00Z,2026-05-02,Saturday,AMC The Americana at Brand 18,Los Angeles,PT,The Devil Wears Prada 2,9:15pm,142846509,0,,XL at AMC,183,112,71,61.2,,https://www.amctheatres.com/showtimes/142846509/seats,XL at AMC @ 9:15pm (saved link)
2026-05-01,20260503-114743-22c625,2026-05-03T19:10:29.665544+00:00,2026-05-03T19:00Z,2026-05-02,Saturday,AMC The Americana at Brand 18,Los Angeles,PT,The Devil Wears Prada 2,7:00pm,141491686,0,,XL at AMC,202,159,43,78.7,,https://www.amctheatres.com/showtimes/141491686/seats,XL at AMC @ 7:00pm (saved link)
2026-05-01,20260503-114743-22c625,2026-05-03T19:10:29.665544+00:00,2026-05-03T19:00Z,2026-05-02,Saturday,AMC The Americana at Brand 18,Los Angeles,PT,The Devil Wears Prada 2,9:45pm,142846507,0,,Laser at AMC,93,24,69,25.8,,https://www.amctheatres.com/showtimes/142846507/seats,Laser at AMC @ 9:45pm (saved link)
2026-05-01,20260503-114743-22c625,2026-05-03T19:10:29.665544+00:00,2026-05-03T19:00Z,2026-05-02,Saturday,AMC The Americana at Brand 18,Los Angeles,PT,The Devil Wears Prada 2,9:30pm,142720204,0,,Laser at AMC,222,115,107,51.8,,https://www.amctheatres.com/showtimes/142720204/seats,Laser at AMC @ 9:30pm (saved link)
2026-05-01,20260503-114743-22c625,2026-05-03T19:10:29.665544+00:00,2026-05-03T19:00Z,2026-05-02,Saturday,AMC The Americana at Brand 18,Los Angeles,PT,The Devil Wears Prada 2,9:00pm,141491660,0,,Laser at AMC,101,68,33,67.3,,https://www.amctheatres.com/showtimes/141491660/seats,Laser at AMC @ 9:00pm (saved link)
2026-05-01,20260503-114743-22c625,2026-05-03T19:10:29.665544+00:00,2026-05-03T19:00Z,2026-05-02,Saturday,AMC The Americana at Brand 18,Los Angeles,PT,The Devil Wears Prada 2,7:15pm,142720115,0,,Laser at AMC,93,71,22,76.3,,https://www.amctheatres.com/showtimes/142720115/seats,Laser at AMC @ 7:15pm (saved link)
2026-05-01,20260503-114743-22c625,2026-05-03T19:10:29.665544+00:00,2026-05-03T19:00Z,2026-05-02,Saturday,AMC The Americana at Brand 18,Los Angeles,PT,The Devil Wears Prada 2,6:30pm,142720203,0,,Laser at AMC,222,151,71,68,,https://www.amctheatres.com/showtimes/142720203/seats,Laser at AMC @ 6:30pm (saved link)
2026-05-01,20260503-114743-22c625,2026-05-03T19:10:29.665544+00:00,2026-05-03T19:00Z,2026-05-02,Saturday,AMC The Americana at Brand 18,Los Angeles,PT,The Devil Wears Prada 2,6:00pm,141491659,0,,Laser at AMC,101,69,32,68.3,,https://www.amctheatres.com/showtimes/141491659/seats,Laser at AMC @ 6:00pm (saved link)
2026-05-01,20260503-114743-22c625,2026-05-03T19:11:21.462489+00:00,2026-05-03T19:00Z,2026-05-02,Saturday,AMC The Grove 14,Los Angeles,PT,The Devil Wears Prada 2,10:30pm,141517835,0,,Dolby Cinema at AMC,215,155,60,72.1,,https://www.amctheatres.com/showtimes/141517835/seats,Dolby Cinema at AMC @ 10:30pm (saved link)
2026-05-01,20260503-114743-22c625,2026-05-03T19:11:21.462489+00:00,2026-05-03T19:00Z,2026-05-02,Saturday,AMC The Grove 14,Los Angeles,PT,The Devil Wears Prada 2,7:30pm,141517831,0,,Dolby Cinema at AMC,215,211,4,98.1,,https://www.amctheatres.com/showtimes/141517831/seats,Dolby Cinema at AMC @ 7:30pm (saved link)
2026-05-01,20260503-114743-22c625,2026-05-03T19:11:21.462489+00:00,2026-05-03T19:00Z,2026-05-02,Saturday,AMC The Grove 14,Los Angeles,PT,The Devil Wears Prada 2,10:00pm,142786303,0,,PRIME at AMC,158,125,33,79.1,,https://www.amctheatres.com/showtimes/142786303/seats,PRIME at AMC @ 10:00pm (saved link)
2026-05-01,20260503-114743-22c625,2026-05-03T19:11:21.462489+00:00,2026-05-03T19:00Z,2026-05-02,Saturday,AMC The Grove 14,Los Angeles,PT,The Devil Wears Prada 2,7:00pm,142228149,0,,PRIME at AMC,158,148,10,93.7,,https://www.amctheatres.com/showtimes/142228149/seats,PRIME at AMC @ 7:00pm (saved link)
2026-05-01,20260503-114743-22c625,2026-05-03T19:11:21.462489+00:00,2026-05-03T19:00Z,2026-05-02,Saturday,AMC The Grove 14,Los Angeles,PT,The Devil Wears Prada 2,11:00pm,141517927,0,,XL at AMC,271,31,240,11.4,,https://www.amctheatres.com/showtimes/141517927/seats,XL at AMC @ 11:00pm (saved link)
2026-05-01,20260503-114743-22c625,2026-05-03T19:11:21.462489+00:00,2026-05-03T19:00Z,2026-05-02,Saturday,AMC The Grove 14,Los Angeles,PT,The Devil Wears Prada 2,8:00pm,141517926,0,,XL at AMC,271,236,35,87.1,,https://www.amctheatres.com/showtimes/141517926/seats,XL at AMC @ 8:00pm (saved link)
2026-05-01,20260503-114743-22c625,2026-05-03T19:11:21.462489+00:00,2026-05-03T19:00Z,2026-05-02,Saturday,AMC The Grove 14,Los Angeles,PT,The Devil Wears Prada 2,10:45pm,142840002,0,,Laser at AMC,127,42,85,33.1,,https://www.amctheatres.com/showtimes/142840002/seats,Laser at AMC @ 10:45pm (saved link)
2026-05-01,20260503-114743-22c625,2026-05-03T19:11:21.462489+00:00,2026-05-03T19:00Z,2026-05-02,Saturday,AMC The Grove 14,Los Angeles,PT,The Devil Wears Prada 2,9:30pm,141504046,0,,Laser at AMC,219,183,36,83.6,,https://www.amctheatres.com/showtimes/141504046/seats,Laser at AMC @ 9:30pm (saved link)
2026-05-01,20260503-114743-22c625,2026-05-03T19:11:21.462489+00:00,2026-05-03T19:00Z,2026-05-02,Saturday,AMC The Grove 14,Los Angeles,PT,The Devil Wears Prada 2,9:00pm,142228164,0,,Laser at AMC,166,149,17,89.8,,https://www.amctheatres.com/showtimes/142228164/seats,Laser at AMC @ 9:00pm (saved link)
2026-05-01,20260503-114743-22c625,2026-05-03T19:11:21.462489+00:00,2026-05-03T19:00Z,2026-05-02,Saturday,AMC The Grove 14,Los Angeles,PT,The Devil Wears Prada 2,7:45pm,142840001,0,,Laser at AMC,127,114,13,89.8,,https://www.amctheatres.com/showtimes/142840001/seats,Laser at AMC @ 7:45pm (saved link)
2026-05-01,20260503-114743-22c625,2026-05-03T19:11:21.462489+00:00,2026-05-03T19:00Z,2026-05-02,Saturday,AMC The Grove 14,Los Angeles,PT,The Devil Wears Prada 2,6:30pm,141504045,0,,Laser at AMC,219,183,36,83.6,,https://www.amctheatres.com/showtimes/141504045/seats,Laser at AMC @ 6:30pm (saved link)
2026-05-01,20260503-114743-22c625,2026-05-03T19:11:21.462489+00:00,2026-05-03T19:00Z,2026-05-02,Saturday,AMC The Grove 14,Los Angeles,PT,The Devil Wears Prada 2,6:15pm,142786508,0,,Laser at AMC,129,117,12,90.7,,https://www.amctheatres.com/showtimes/142786508/seats,Laser at AMC @ 6:15pm (saved link)
2026-05-01,20260503-114743-22c625,2026-05-03T19:11:21.462489+00:00,2026-05-03T19:00Z,2026-05-02,Saturday,AMC The Grove 14,Los Angeles,PT,The Devil Wears Prada 2,6:00pm,142228163,0,,Laser at AMC,166,132,34,79.5,,https://www.amctheatres.com/showtimes/142228163/seats,Laser at AMC @ 6:00pm (saved link)
2026-05-01,20260503-114743-22c625,2026-05-03T19:12:12.285143+00:00,2026-05-03T19:00Z,2026-05-02,Saturday,AMC The Regency 20,Los Angeles,PT,The Devil Wears Prada 2,10:30pm,141355165,0,,Dolby Cinema at AMC,136,39,97,28.7,,https://www.amctheatres.com/showtimes/141355165/seats,Dolby Cinema at AMC @ 10:30pm (saved link)
2026-05-01,20260503-114743-22c625,2026-05-03T19:12:12.285143+00:00,2026-05-03T19:00Z,2026-05-02,Saturday,AMC The Regency 20,Los Angeles,PT,The Devil Wears Prada 2,10:00pm,142747044,0,,Laser at AMC,144,5,139,3.5,,https://www.amctheatres.com/showtimes/142747044/seats,Laser at AMC @ 10:00pm (saved link)
2026-05-01,20260503-114743-22c625,2026-05-03T19:12:12.285143+00:00,2026-05-03T19:00Z,2026-05-02,Saturday,AMC The Regency 20,Los Angeles,PT,The Devil Wears Prada 2,9:30pm,141355139,0,,Laser at AMC,195,24,171,12.3,,https://www.amctheatres.com/showtimes/141355139/seats,Laser at AMC @ 9:30pm (saved link)
2026-05-01,20260503-114743-22c625,2026-05-03T19:12:37.566123+00:00,2026-05-03T19:00Z,2026-05-02,Saturday,AMC Tustin 14 @ The District,Los Angeles,PT,The Devil Wears Prada 2,10:45pm,141501612,0,,Dolby Cinema at AMC,150,55,95,36.7,,https://www.amctheatres.com/showtimes/141501612/seats,Dolby Cinema at AMC @ 10:45pm (saved link)
2026-05-01,20260503-114743-22c625,2026-05-03T19:12:37.566123+00:00,2026-05-03T19:00Z,2026-05-02,Saturday,AMC Tustin 14 @ The District,Los Angeles,PT,The Devil Wears Prada 2,7:30pm,141501613,0,,Dolby Cinema at AMC,150,133,17,88.7,,https://www.amctheatres.com/showtimes/141501613/seats,Dolby Cinema at AMC @ 7:30pm (saved link)
2026-05-01,20260503-114743-22c625,2026-05-03T19:12:37.566123+00:00,2026-05-03T19:00Z,2026-05-02,Saturday,AMC Tustin 14 @ The District,Los Angeles,PT,The Devil Wears Prada 2,10:00pm,141501603,0,,PRIME at AMC,154,66,88,42.9,,https://www.amctheatres.com/showtimes/141501603/seats,PRIME at AMC @ 10:00pm (saved link)
2026-05-01,20260503-114743-22c625,2026-05-03T19:12:37.566123+00:00,2026-05-03T19:00Z,2026-05-02,Saturday,AMC Tustin 14 @ The District,Los Angeles,PT,The Devil Wears Prada 2,6:45pm,142045843,0,,PRIME at AMC,154,114,40,74,,https://www.amctheatres.com/showtimes/142045843/seats,PRIME at AMC @ 6:45pm (saved link)
2026-05-01,20260503-114743-22c625,2026-05-03T19:12:37.566123+00:00,2026-05-03T19:00Z,2026-05-02,Saturday,AMC Tustin 14 @ The District,Los Angeles,PT,The Devil Wears Prada 2,9:45pm,142665814,0,,Laser at AMC,126,83,43,65.9,,https://www.amctheatres.com/showtimes/142665814/seats,Laser at AMC @ 9:45pm (saved link)
2026-05-01,20260503-114743-22c625,2026-05-03T19:12:37.566123+00:00,2026-05-03T19:00Z,2026-05-02,Saturday,AMC Tustin 14 @ The District,Los Angeles,PT,The Devil Wears Prada 2,8:45pm,142760947,0,,Laser at AMC,73,42,31,57.5,,https://www.amctheatres.com/showtimes/142760947/seats,Laser at AMC @ 8:45pm (saved link)
2026-05-01,20260503-114743-22c625,2026-05-03T19:12:37.566123+00:00,2026-05-03T19:00Z,2026-05-02,Saturday,AMC Tustin 14 @ The District,Los Angeles,PT,The Devil Wears Prada 2,8:15pm,142760882,0,,Laser at AMC,126,103,23,81.7,,https://www.amctheatres.com/showtimes/142760882/seats,Laser at AMC @ 8:15pm (saved link)
2026-05-01,20260503-114743-22c625,2026-05-03T19:12:37.566123+00:00,2026-05-03T19:00Z,2026-05-02,Saturday,AMC Tustin 14 @ The District,Los Angeles,PT,The Devil Wears Prada 2,6:45pm,141501602,0,,Laser at AMC,139,103,36,74.1,,https://www.amctheatres.com/showtimes/141501602/seats,Laser at AMC @ 6:45pm (saved link)
2026-05-01,20260503-114743-22c625,2026-05-03T19:12:37.566123+00:00,2026-05-03T19:00Z,2026-05-02,Saturday,AMC Tustin 14 @ The District,Los Angeles,PT,The Devil Wears Prada 2,5:45pm,142760950,0,,Laser at AMC,73,47,26,64.4,,https://www.amctheatres.com/showtimes/142760950/seats,Laser at AMC @ 5:45pm (saved link)
2026-05-01,20260503-114743-22c625,2026-05-03T19:12:37.566123+00:00,2026-05-03T19:00Z,2026-05-02,Saturday,AMC Tustin 14 @ The District,Los Angeles,PT,Animal Farm,6:30pm,141223271,0,,Laser at AMC,88,43,45,48.9,,https://www.amctheatres.com/showtimes/141223271/seats,Laser at AMC @ 6:30pm (saved link)
2026-05-01,20260503-114743-22c625,2026-05-03T19:13:19.348674+00:00,2026-05-03T19:00Z,2026-05-02,Saturday,AMC Ahwatukee 24,Phoenix,PT,The Devil Wears Prada 2,9:00pm,141496147,0,,PRIME at AMC,93,39,54,41.9,,https://www.amctheatres.com/showtimes/141496147/seats,PRIME at AMC @ 9:00pm (saved link)
2026-05-01,20260503-114743-22c625,2026-05-03T19:13:19.348674+00:00,2026-05-03T19:00Z,2026-05-02,Saturday,AMC Ahwatukee 24,Phoenix,PT,The Devil Wears Prada 2,6:00pm,141496146,0,,PRIME at AMC,93,71,22,76.3,,https://www.amctheatres.com/showtimes/141496146/seats,PRIME at AMC @ 6:00pm (saved link)
2026-05-01,20260503-114743-22c625,2026-05-03T19:13:19.348674+00:00,2026-05-03T19:00Z,2026-05-02,Saturday,AMC Ahwatukee 24,Phoenix,PT,The Devil Wears Prada 2,10:30pm,142808715,0,,Laser at AMC,96,19,77,19.8,,https://www.amctheatres.com/showtimes/142808715/seats,Laser at AMC @ 10:30pm (saved link)
2026-05-01,20260503-114743-22c625,2026-05-03T19:13:19.348674+00:00,2026-05-03T19:00Z,2026-05-02,Saturday,AMC Ahwatukee 24,Phoenix,PT,The Devil Wears Prada 2,10:00pm,142808831,0,,Laser at AMC,91,4,87,4.4,,https://www.amctheatres.com/showtimes/142808831/seats,Laser at AMC @ 10:00pm (saved link)
2026-05-01,20260503-114743-22c625,2026-05-03T19:13:19.348674+00:00,2026-05-03T19:00Z,2026-05-02,Saturday,AMC Ahwatukee 24,Phoenix,PT,The Devil Wears Prada 2,9:30pm,142808782,0,,Laser at AMC,58,15,43,25.9,,https://www.amctheatres.com/showtimes/142808782/seats,Laser at AMC @ 9:30pm (saved link)
2026-05-01,20260503-114743-22c625,2026-05-03T19:13:19.348674+00:00,2026-05-03T19:00Z,2026-05-02,Saturday,AMC Ahwatukee 24,Phoenix,PT,The Devil Wears Prada 2,8:30pm,142808604,0,,Laser at AMC,91,22,69,24.2,,https://www.amctheatres.com/showtimes/142808604/seats,Laser at AMC @ 8:30pm (saved link)
2026-05-01,20260503-114743-22c625,2026-05-03T19:13:19.348674+00:00,2026-05-03T19:00Z,2026-05-02,Saturday,AMC Ahwatukee 24,Phoenix,PT,The Devil Wears Prada 2,8:15pm,142808681,0,,Laser at AMC,35,9,26,25.7,,https://www.amctheatres.com/showtimes/142808681/seats,Laser at AMC @ 8:15pm (saved link)
2026-05-01,20260503-114743-22c625,2026-05-03T19:13:19.348674+00:00,2026-05-03T19:00Z,2026-05-02,Saturday,AMC Ahwatukee 24,Phoenix,PT,The Devil Wears Prada 2,8:00pm,142808705,0,,Laser at AMC,96,39,57,40.6,,https://www.amctheatres.com/showtimes/142808705/seats,Laser at AMC @ 8:00pm (saved link)
2026-05-01,20260503-114743-22c625,2026-05-03T19:13:19.348674+00:00,2026-05-03T19:00Z,2026-05-02,Saturday,AMC Ahwatukee 24,Phoenix,PT,The Devil Wears Prada 2,7:30pm,141496176,0,,Laser at AMC,96,64,32,66.7,,https://www.amctheatres.com/showtimes/141496176/seats,Laser at AMC @ 7:30pm (saved link)
2026-05-01,20260503-114743-22c625,2026-05-03T19:13:19.348674+00:00,2026-05-03T19:00Z,2026-05-02,Saturday,AMC Ahwatukee 24,Phoenix,PT,The Devil Wears Prada 2,7:15pm,142808581,0,,Laser at AMC,35,15,20,42.9,,https://www.amctheatres.com/showtimes/142808581/seats,Laser at AMC @ 7:15pm (saved link)
2026-05-01,20260503-114743-22c625,2026-05-03T19:13:19.348674+00:00,2026-05-03T19:00Z,2026-05-02,Saturday,AMC Ahwatukee 24,Phoenix,PT,The Devil Wears Prada 2,7:00pm,142808830,0,,Laser at AMC,91,42,49,46.2,,https://www.amctheatres.com/showtimes/142808830/seats,Laser at AMC @ 7:00pm (saved link)
2026-05-01,20260503-114743-22c625,2026-05-03T19:13:19.348674+00:00,2026-05-03T19:00Z,2026-05-02,Saturday,AMC Ahwatukee 24,Phoenix,PT,The Devil Wears Prada 2,6:30pm,142808781,0,,Laser at AMC,58,31,27,53.4,,https://www.amctheatres.com/showtimes/142808781/seats,Laser at AMC @ 6:30pm (saved link)
2026-05-01,20260503-114743-22c625,2026-05-03T19:13:19.348674+00:00,2026-05-03T19:00Z,2026-05-02,Saturday,AMC Ahwatukee 24,Phoenix,PT,The Devil Wears Prada 2,6:15pm,142808896,0,,Laser at AMC,37,15,22,40.5,,https://www.amctheatres.com/showtimes/142808896/seats,Laser at AMC @ 6:15pm (saved link)
2026-05-01,20260503-114743-22c625,2026-05-03T19:13:19.348674+00:00,2026-05-03T19:00Z,2026-05-02,Saturday,AMC Ahwatukee 24,Phoenix,PT,Animal Farm,10:15pm,142846264,0,,Laser at AMC,35,10,25,28.6,,https://www.amctheatres.com/showtimes/142846264/seats,Laser at AMC @ 10:15pm (saved link)
2026-05-01,20260503-114743-22c625,2026-05-03T19:13:19.348674+00:00,2026-05-03T19:00Z,2026-05-02,Saturday,AMC Ahwatukee 24,Phoenix,PT,Animal Farm,6:40pm,141219781,0,,Laser at AMC,54,32,22,59.3,,https://www.amctheatres.com/showtimes/141219781/seats,Laser at AMC @ 6:40pm (saved link)
2026-05-01,20260503-114743-22c625,2026-05-03T19:14:12.686979+00:00,2026-05-03T19:00Z,2026-05-02,Saturday,AMC Arizona Center 24,Phoenix,PT,The Devil Wears Prada 2,10:30pm,141484475,0,,undefined,441,9,432,2,,https://www.amctheatres.com/showtimes/141484475/seats,undefined @ 10:30pm (saved link)
2026-05-01,20260503-114743-22c625,2026-05-03T19:14:12.686979+00:00,2026-05-03T19:00Z,2026-05-02,Saturday,AMC Arizona Center 24,Phoenix,PT,The Devil Wears Prada 2,9:45pm,142782029,0,,undefined,99,22,77,22.2,,https://www.amctheatres.com/showtimes/142782029/seats,undefined @ 9:45pm (saved link)
2026-05-01,20260503-114743-22c625,2026-05-03T19:14:12.686979+00:00,2026-05-03T19:00Z,2026-05-02,Saturday,AMC Arizona Center 24,Phoenix,PT,The Devil Wears Prada 2,9:15pm,142782197,0,,undefined,346,22,324,6.4,,https://www.amctheatres.com/showtimes/142782197/seats,undefined @ 9:15pm (saved link)
2026-05-01,20260503-114743-22c625,2026-05-03T19:14:12.686979+00:00,2026-05-03T19:00Z,2026-05-02,Saturday,AMC Arizona Center 24,Phoenix,PT,The Devil Wears Prada 2,8:15pm,142782004,0,,undefined,286,42,244,14.7,,https://www.amctheatres.com/showtimes/142782004/seats,undefined @ 8:15pm (saved link)
2026-05-01,20260503-114743-22c625,2026-05-03T19:14:12.686979+00:00,2026-05-03T19:00Z,2026-05-02,Saturday,AMC Arizona Center 24,Phoenix,PT,The Devil Wears Prada 2,7:30pm,141484474,0,,undefined,441,40,401,9.1,,https://www.amctheatres.com/showtimes/141484474/seats,undefined @ 7:30pm (saved link)
2026-05-01,20260503-114743-22c625,2026-05-03T19:14:12.686979+00:00,2026-05-03T19:00Z,2026-05-02,Saturday,AMC Arizona Center 24,Phoenix,PT,The Devil Wears Prada 2,6:45pm,142782028,0,,undefined,99,25,74,25.3,,https://www.amctheatres.com/showtimes/142782028/seats,undefined @ 6:45pm (saved link)
2026-05-01,20260503-114743-22c625,2026-05-03T19:14:12.686979+00:00,2026-05-03T19:00Z,2026-05-02,Saturday,AMC Arizona Center 24,Phoenix,PT,The Devil Wears Prada 2,6:15pm,142782198,0,,undefined,346,45,301,13,,https://www.amctheatres.com/showtimes/142782198/seats,undefined @ 6:15pm (saved link)
2026-05-01,20260503-114743-22c625,2026-05-03T19:14:12.686979+00:00,2026-05-03T19:00Z,2026-05-02,Saturday,AMC Arizona Center 24,Phoenix,PT,Animal Farm,6:45pm,141025280,0,,undefined,87,4,83,4.6,,https://www.amctheatres.com/showtimes/141025280/seats,undefined @ 6:45pm (saved link)
2026-05-01,20260503-114743-22c625,2026-05-03T19:14:52.110682+00:00,2026-05-03T19:00Z,2026-05-02,Saturday,AMC Deer Valley 17,Phoenix,PT,The Devil Wears Prada 2,8:45pm,141490758,0,,Dolby Cinema at AMC,254,70,184,27.6,,https://www.amctheatres.com/showtimes/141490758/seats,Dolby Cinema at AMC @ 8:45pm (saved link)
2026-05-01,20260503-114743-22c625,2026-05-03T19:14:52.110682+00:00,2026-05-03T19:00Z,2026-05-02,Saturday,AMC Deer Valley 17,Phoenix,PT,The Devil Wears Prada 2,5:45pm,141490759,0,,Dolby Cinema at AMC,254,91,163,35.8,,https://www.amctheatres.com/showtimes/141490759/seats,Dolby Cinema at AMC @ 5:45pm (saved link)
2026-05-01,20260503-114743-22c625,2026-05-03T19:14:52.110682+00:00,2026-05-03T19:00Z,2026-05-02,Saturday,AMC Deer Valley 17,Phoenix,PT,The Devil Wears Prada 2,10:45pm,142732534,0,,Laser at AMC,107,4,103,3.7,,https://www.amctheatres.com/showtimes/142732534/seats,Laser at AMC @ 10:45pm (saved link)
2026-05-01,20260503-114743-22c625,2026-05-03T19:14:52.110682+00:00,2026-05-03T19:00Z,2026-05-02,Saturday,AMC Deer Valley 17,Phoenix,PT,The Devil Wears Prada 2,10:15pm,142732372,0,,Laser at AMC,153,2,151,1.3,,https://www.amctheatres.com/showtimes/142732372/seats,Laser at AMC @ 10:15pm (saved link)
2026-05-01,20260503-114743-22c625,2026-05-03T19:14:52.110682+00:00,2026-05-03T19:00Z,2026-05-02,Saturday,AMC Deer Valley 17,Phoenix,PT,The Devil Wears Prada 2,9:30pm,141490782,0,,Laser at AMC,231,38,193,16.5,,https://www.amctheatres.com/showtimes/141490782/seats,Laser at AMC @ 9:30pm (saved link)
2026-05-01,20260503-114743-22c625,2026-05-03T19:14:52.110682+00:00,2026-05-03T19:00Z,2026-05-02,Saturday,AMC Deer Valley 17,Phoenix,PT,The Devil Wears Prada 2,7:45pm,142732516,0,,Laser at AMC,107,46,61,43,,https://www.amctheatres.com/showtimes/142732516/seats,Laser at AMC @ 7:45pm (saved link)
2026-05-01,20260503-114743-22c625,2026-05-03T19:14:52.110682+00:00,2026-05-03T19:00Z,2026-05-02,Saturday,AMC Deer Valley 17,Phoenix,PT,The Devil Wears Prada 2,7:15pm,142732373,0,,Laser at AMC,153,53,100,34.6,,https://www.amctheatres.com/showtimes/142732373/seats,Laser at AMC @ 7:15pm (saved link)
2026-05-01,20260503-114743-22c625,2026-05-03T19:14:52.110682+00:00,2026-05-03T19:00Z,2026-05-02,Saturday,AMC Deer Valley 17,Phoenix,PT,The Devil Wears Prada 2,6:30pm,141490783,0,,Laser at AMC,231,51,180,22.1,,https://www.amctheatres.com/showtimes/141490783/seats,Laser at AMC @ 6:30pm (saved link)
2026-05-01,20260503-114743-22c625,2026-05-03T19:14:52.110682+00:00,2026-05-03T19:00Z,2026-05-02,Saturday,AMC Deer Valley 17,Phoenix,PT,The Devil Wears Prada 2,8:15pm,142732548,0,,English Spoken with Spanish Subtitles,92,14,78,15.2,,https://www.amctheatres.com/showtimes/142732548/seats,English Spoken with Spanish Subtitles @ 8:15pm (saved link)
2026-05-01,20260503-114743-22c625,2026-05-03T19:14:52.110682+00:00,2026-05-03T19:00Z,2026-05-02,Saturday,AMC Deer Valley 17,Phoenix,PT,Animal Farm,9:00pm,141238075,0,,Laser at AMC,41,22,19,53.7,,https://www.amctheatres.com/showtimes/141238075/seats,Laser at AMC @ 9:00pm (saved link)
2026-05-01,20260503-114743-22c625,2026-05-03T19:14:52.110682+00:00,2026-05-03T19:00Z,2026-05-02,Saturday,AMC Deer Valley 17,Phoenix,PT,Animal Farm,6:25pm,141238074,0,,Laser at AMC,41,26,15,63.4,,https://www.amctheatres.com/showtimes/141238074/seats,Laser at AMC @ 6:25pm (saved link)
2026-05-01,20260503-114743-22c625,2026-05-03T19:15:38.396315+00:00,2026-05-03T19:00Z,2026-05-02,Saturday,AMC Desert Ridge 18,Phoenix,PT,The Devil Wears Prada 2,9:30pm,141524772,0,,Dolby Cinema at AMC,132,61,71,46.2,,https://www.amctheatres.com/showtimes/141524772/seats,Dolby Cinema at AMC @ 9:30pm (saved link)
2026-05-01,20260503-114743-22c625,2026-05-03T19:15:38.396315+00:00,2026-05-03T19:00Z,2026-05-02,Saturday,AMC Desert Ridge 18,Phoenix,PT,The Devil Wears Prada 2,6:30pm,141524771,0,,Dolby Cinema at AMC,132,104,28,78.8,,https://www.amctheatres.com/showtimes/141524771/seats,Dolby Cinema at AMC @ 6:30pm (saved link)
2026-05-01,20260503-114743-22c625,2026-05-03T19:15:38.396315+00:00,2026-05-03T19:00Z,2026-05-02,Saturday,AMC Desert Ridge 18,Phoenix,PT,The Devil Wears Prada 2,11:00pm,142807323,0,,Laser at AMC,135,10,125,7.4,,https://www.amctheatres.com/showtimes/142807323/seats,Laser at AMC @ 11:00pm (saved link)
2026-05-01,20260503-114743-22c625,2026-05-03T19:15:38.396315+00:00,2026-05-03T19:00Z,2026-05-02,Saturday,AMC Desert Ridge 18,Phoenix,PT,The Devil Wears Prada 2,10:30pm,141486575,0,,Laser at AMC,109,3,106,2.8,,https://www.amctheatres.com/showtimes/141486575/seats,Laser at AMC @ 10:30pm (saved link)
2026-05-01,20260503-114743-22c625,2026-05-03T19:15:38.396315+00:00,2026-05-03T19:00Z,2026-05-02,Saturday,AMC Desert Ridge 18,Phoenix,PT,The Devil Wears Prada 2,9:00pm,142807358,0,,Laser at AMC,84,36,48,42.9,,https://www.amctheatres.com/showtimes/142807358/seats,Laser at AMC @ 9:00pm (saved link)
2026-05-01,20260503-114743-22c625,2026-05-03T19:15:38.396315+00:00,2026-05-03T19:00Z,2026-05-02,Saturday,AMC Desert Ridge 18,Phoenix,PT,The Devil Wears Prada 2,8:30pm,142807244,0,,Laser at AMC,58,28,30,48.3,,https://www.amctheatres.com/showtimes/142807244/seats,Laser at AMC @ 8:30pm (saved link)
2026-05-01,20260503-114743-22c625,2026-05-03T19:15:38.396315+00:00,2026-05-03T19:00Z,2026-05-02,Saturday,AMC Desert Ridge 18,Phoenix,PT,The Devil Wears Prada 2,8:00pm,141486527,0,,Laser at AMC,135,95,40,70.4,,https://www.amctheatres.com/showtimes/141486527/seats,Laser at AMC @ 8:00pm (saved link)
2026-05-01,20260503-114743-22c625,2026-05-03T19:15:38.396315+00:00,2026-05-03T19:00Z,2026-05-02,Saturday,AMC Desert Ridge 18,Phoenix,PT,The Devil Wears Prada 2,7:30pm,142807338,0,,Laser at AMC,109,68,41,62.4,,https://www.amctheatres.com/showtimes/142807338/seats,Laser at AMC @ 7:30pm (saved link)
2026-05-01,20260503-114743-22c625,2026-05-03T19:15:38.396315+00:00,2026-05-03T19:00Z,2026-05-02,Saturday,AMC Desert Ridge 18,Phoenix,PT,The Devil Wears Prada 2,7:00pm,142807379,0,,Laser at AMC,58,46,12,79.3,,https://www.amctheatres.com/showtimes/142807379/seats,Laser at AMC @ 7:00pm (saved link)
2026-05-01,20260503-114743-22c625,2026-05-03T19:15:38.396315+00:00,2026-05-03T19:00Z,2026-05-02,Saturday,AMC Desert Ridge 18,Phoenix,PT,The Devil Wears Prada 2,6:00pm,142807359,0,,Laser at AMC,84,47,37,56,,https://www.amctheatres.com/showtimes/142807359/seats,Laser at AMC @ 6:00pm (saved link)
2026-05-01,20260503-114743-22c625,2026-05-03T19:15:38.396315+00:00,2026-05-03T19:00Z,2026-05-02,Saturday,AMC Desert Ridge 18,Phoenix,PT,Animal Farm,7:15pm,141246415,0,,Laser at AMC,58,29,29,50,,https://www.amctheatres.com/showtimes/141246415/seats,Laser at AMC @ 7:15pm (saved link)
2026-05-01,20260503-114743-22c625,2026-05-03T19:16:25.454686+00:00,2026-05-03T19:00Z,2026-05-02,Saturday,AMC Westgate 20,Phoenix,PT,The Devil Wears Prada 2,10:30pm,141503678,0,,Dolby Cinema at AMC,197,34,163,17.3,,https://www.amctheatres.com/showtimes/141503678/seats,Dolby Cinema at AMC @ 10:30pm (saved link)
2026-05-01,20260503-114743-22c625,2026-05-03T19:16:25.454686+00:00,2026-05-03T19:00Z,2026-05-02,Saturday,AMC Westgate 20,Phoenix,PT,The Devil Wears Prada 2,7:30pm,141503679,0,,Dolby Cinema at AMC,197,63,134,32,,https://www.amctheatres.com/showtimes/141503679/seats,Dolby Cinema at AMC @ 7:30pm (saved link)
2026-05-01,20260503-114743-22c625,2026-05-03T19:16:25.454686+00:00,2026-05-03T19:00Z,2026-05-02,Saturday,AMC Westgate 20,Phoenix,PT,The Devil Wears Prada 2,7:00pm,142814249,0,,XL at AMC,334,15,319,4.5,,https://www.amctheatres.com/showtimes/142814249/seats,XL at AMC @ 7:00pm (saved link)
2026-05-01,20260503-114743-22c625,2026-05-03T19:16:25.454686+00:00,2026-05-03T19:00Z,2026-05-02,Saturday,AMC Westgate 20,Phoenix,PT,The Devil Wears Prada 2,11:00pm,142814180,0,,Laser at AMC,155,4,151,2.6,,https://www.amctheatres.com/showtimes/142814180/seats,Laser at AMC @ 11:00pm (saved link)
2026-05-01,20260503-114743-22c625,2026-05-03T19:16:25.454686+00:00,2026-05-03T19:00Z,2026-05-02,Saturday,AMC Westgate 20,Phoenix,PT,The Devil Wears Prada 2,9:45pm,142814046,0,,Laser at AMC,155,11,144,7.1,,https://www.amctheatres.com/showtimes/142814046/seats,Laser at AMC @ 9:45pm (saved link)
2026-05-01,20260503-114743-22c625,2026-05-03T19:16:25.454686+00:00,2026-05-03T19:00Z,2026-05-02,Saturday,AMC Westgate 20,Phoenix,PT,The Devil Wears Prada 2,9:00pm,142814222,0,,Laser at AMC,224,14,210,6.3,,https://www.amctheatres.com/showtimes/142814222/seats,Laser at AMC @ 9:00pm (saved link)
2026-05-01,20260503-114743-22c625,2026-05-03T19:16:25.454686+00:00,2026-05-03T19:00Z,2026-05-02,Saturday,AMC Westgate 20,Phoenix,PT,The Devil Wears Prada 2,8:30pm,142814021,0,,Laser at AMC,113,7,106,6.2,,https://www.amctheatres.com/showtimes/142814021/seats,Laser at AMC @ 8:30pm (saved link)
2026-05-01,20260503-114743-22c625,2026-05-03T19:16:25.454686+00:00,2026-05-03T19:00Z,2026-05-02,Saturday,AMC Westgate 20,Phoenix,PT,The Devil Wears Prada 2,8:00pm,142814179,0,,Laser at AMC,155,16,139,10.3,,https://www.amctheatres.com/showtimes/142814179/seats,Laser at AMC @ 8:00pm (saved link)
2026-05-01,20260503-114743-22c625,2026-05-03T19:16:25.454686+00:00,2026-05-03T19:00Z,2026-05-02,Saturday,AMC Westgate 20,Phoenix,PT,The Devil Wears Prada 2,6:45pm,142814045,0,,Laser at AMC,155,6,149,3.9,,https://www.amctheatres.com/showtimes/142814045/seats,Laser at AMC @ 6:45pm (saved link)
2026-05-01,20260503-114743-22c625,2026-05-03T19:16:25.454686+00:00,2026-05-03T19:00Z,2026-05-02,Saturday,AMC Westgate 20,Phoenix,PT,The Devil Wears Prada 2,6:00pm,141503629,0,,Laser at AMC,227,10,217,4.4,,https://www.amctheatres.com/showtimes/141503629/seats,Laser at AMC @ 6:00pm (saved link)
2026-05-01,20260503-114743-22c625,2026-05-03T19:16:25.454686+00:00,2026-05-03T19:00Z,2026-05-02,Saturday,AMC Westgate 20,Phoenix,PT,The Devil Wears Prada 2,5:45pm,142814221,0,,Laser at AMC,224,4,220,1.8,,https://www.amctheatres.com/showtimes/142814221/seats,Laser at AMC @ 5:45pm (saved link)
2026-05-01,20260503-114743-22c625,2026-05-03T19:16:25.454686+00:00,2026-05-03T19:00Z,2026-05-02,Saturday,AMC Westgate 20,Phoenix,PT,The Devil Wears Prada 2,9:00pm,141503630,0,,Spanish Language Dubbed with No Subtitles,227,7,220,3.1,,https://www.amctheatres.com/showtimes/141503630/seats,Spanish Language Dubbed with No Subtitles @ 9:00pm (saved link)
2026-05-01,20260503-114743-22c625,2026-05-03T19:16:25.454686+00:00,2026-05-03T19:00Z,2026-05-02,Saturday,AMC Westgate 20,Phoenix,PT,Animal Farm,10:00pm,141261352,0,,Laser at AMC,113,6,107,5.3,,https://www.amctheatres.com/showtimes/141261352/seats,Laser at AMC @ 10:00pm (saved link)
2026-05-01,20260503-114743-22c625,2026-05-03T19:16:25.454686+00:00,2026-05-03T19:00Z,2026-05-02,Saturday,AMC Westgate 20,Phoenix,PT,Animal Farm,7:15pm,141261351,0,,Laser at AMC,113,12,101,10.6,,https://www.amctheatres.com/showtimes/141261351/seats,Laser at AMC @ 7:15pm (saved link)
2026-05-01,20260503-114743-22c625,2026-05-03T19:17:16.694367+00:00,2026-05-03T19:00Z,2026-05-02,Saturday,AMC Chula Vista 10,San Diego,PT,The Devil Wears Prada 2,10:30pm,141481192,0,,Laser at AMC,130,36,94,27.7,,https://www.amctheatres.com/showtimes/141481192/seats,Laser at AMC @ 10:30pm (saved link)
2026-05-01,20260503-114743-22c625,2026-05-03T19:17:16.694367+00:00,2026-05-03T19:00Z,2026-05-02,Saturday,AMC Chula Vista 10,San Diego,PT,The Devil Wears Prada 2,9:50pm,142845933,0,,Laser at AMC,56,30,26,53.6,,https://www.amctheatres.com/showtimes/142845933/seats,Laser at AMC @ 9:50pm (saved link)
2026-05-01,20260503-114743-22c625,2026-05-03T19:17:16.694367+00:00,2026-05-03T19:00Z,2026-05-02,Saturday,AMC Chula Vista 10,San Diego,PT,The Devil Wears Prada 2,9:30pm,142726886,0,,Laser at AMC,86,68,18,79.1,,https://www.amctheatres.com/showtimes/142726886/seats,Laser at AMC @ 9:30pm (saved link)
2026-05-01,20260503-114743-22c625,2026-05-03T19:17:16.694367+00:00,2026-05-03T19:00Z,2026-05-02,Saturday,AMC Chula Vista 10,San Diego,PT,The Devil Wears Prada 2,8:30pm,142726900,0,,Laser at AMC,86,68,18,79.1,,https://www.amctheatres.com/showtimes/142726900/seats,Laser at AMC @ 8:30pm (saved link)
2026-05-01,20260503-114743-22c625,2026-05-03T19:17:16.694367+00:00,2026-05-03T19:00Z,2026-05-02,Saturday,AMC Chula Vista 10,San Diego,PT,The Devil Wears Prada 2,7:30pm,141481191,0,,Laser at AMC,130,92,38,70.8,,https://www.amctheatres.com/showtimes/141481191/seats,Laser at AMC @ 7:30pm (saved link)
2026-05-01,20260503-114743-22c625,2026-05-03T19:17:16.694367+00:00,2026-05-03T19:00Z,2026-05-02,Saturday,AMC Chula Vista 10,San Diego,PT,The Devil Wears Prada 2,6:30pm,142152322,0,,Laser at AMC,86,82,4,95.3,,https://www.amctheatres.com/showtimes/142152322/seats,Laser at AMC @ 6:30pm (saved link)
2026-05-01,20260503-114743-22c625,2026-05-03T19:17:16.694367+00:00,2026-05-03T19:00Z,2026-05-02,Saturday,AMC Chula Vista 10,San Diego,PT,The Devil Wears Prada 2,7:00pm,142726925,0,,undefined,123,70,53,56.9,,https://www.amctheatres.com/showtimes/142726925/seats,undefined @ 7:00pm (saved link)
2026-05-01,20260503-114743-22c625,2026-05-03T19:17:49.947506+00:00,2026-05-03T19:00Z,2026-05-02,Saturday,AMC Fashion Valley 18,San Diego,PT,The Devil Wears Prada 2,10:00pm,141497922,0,,Laser at AMC,121,26,95,21.5,,https://www.amctheatres.com/showtimes/141497922/seats,Laser at AMC @ 10:00pm (saved link)
2026-05-01,20260503-114743-22c625,2026-05-03T19:17:49.947506+00:00,2026-05-03T19:00Z,2026-05-02,Saturday,AMC Fashion Valley 18,San Diego,PT,The Devil Wears Prada 2,9:45pm,142846210,0,,Laser at AMC,79,27,52,34.2,,https://www.amctheatres.com/showtimes/142846210/seats,Laser at AMC @ 9:45pm (saved link)
2026-05-01,20260503-114743-22c625,2026-05-03T19:17:49.947506+00:00,2026-05-03T19:00Z,2026-05-02,Saturday,AMC Fashion Valley 18,San Diego,PT,The Devil Wears Prada 2,9:30pm,142258792,0,,Laser at AMC,85,45,40,52.9,,https://www.amctheatres.com/showtimes/142258792/seats,Laser at AMC @ 9:30pm (saved link)
2026-05-01,20260503-114743-22c625,2026-05-03T19:17:49.947506+00:00,2026-05-03T19:00Z,2026-05-02,Saturday,AMC Fashion Valley 18,San Diego,PT,The Devil Wears Prada 2,9:00pm,142258779,0,,Laser at AMC,85,58,27,68.2,,https://www.amctheatres.com/showtimes/142258779/seats,Laser at AMC @ 9:00pm (saved link)
2026-05-01,20260503-114743-22c625,2026-05-03T19:17:49.947506+00:00,2026-05-03T19:00Z,2026-05-02,Saturday,AMC Fashion Valley 18,San Diego,PT,The Devil Wears Prada 2,8:30pm,142791181,0,,Laser at AMC,78,59,19,75.6,,https://www.amctheatres.com/showtimes/142791181/seats,Laser at AMC @ 8:30pm (saved link)
2026-05-01,20260503-114743-22c625,2026-05-03T19:17:49.947506+00:00,2026-05-03T19:00Z,2026-05-02,Saturday,AMC Fashion Valley 18,San Diego,PT,The Devil Wears Prada 2,8:00pm,142258821,0,,Laser at AMC,81,64,17,79,,https://www.amctheatres.com/showtimes/142258821/seats,Laser at AMC @ 8:00pm (saved link)
2026-05-01,20260503-114743-22c625,2026-05-03T19:17:49.947506+00:00,2026-05-03T19:00Z,2026-05-02,Saturday,AMC Fashion Valley 18,San Diego,PT,The Devil Wears Prada 2,7:00pm,141497921,0,,Laser at AMC,121,96,25,79.3,,https://www.amctheatres.com/showtimes/141497921/seats,Laser at AMC @ 7:00pm (saved link)
2026-05-01,20260503-114743-22c625,2026-05-03T19:17:49.947506+00:00,2026-05-03T19:00Z,2026-05-02,Saturday,AMC Fashion Valley 18,San Diego,PT,The Devil Wears Prada 2,6:30pm,142258793,0,,Laser at AMC,85,75,10,88.2,,https://www.amctheatres.com/showtimes/142258793/seats,Laser at AMC @ 6:30pm (saved link)
2026-05-01,20260503-114743-22c625,2026-05-03T19:17:49.947506+00:00,2026-05-03T19:00Z,2026-05-02,Saturday,AMC Fashion Valley 18,San Diego,PT,The Devil Wears Prada 2,6:00pm,142258778,0,,Laser at AMC,85,66,19,77.6,,https://www.amctheatres.com/showtimes/142258778/seats,Laser at AMC @ 6:00pm (saved link)
2026-05-01,20260503-114743-22c625,2026-05-03T19:17:49.947506+00:00,2026-05-03T19:00Z,2026-05-02,Saturday,AMC Fashion Valley 18,San Diego,PT,Animal Farm,7:10pm,141314241,0,,Laser at AMC,68,16,52,23.5,,https://www.amctheatres.com/showtimes/141314241/seats,Laser at AMC @ 7:10pm (saved link)
2026-05-01,20260503-114743-22c625,2026-05-03T19:18:29.623467+00:00,2026-05-03T19:00Z,2026-05-02,Saturday,AMC La Jolla 12,San Diego,PT,The Devil Wears Prada 2,10:00pm,142805802,0,,Laser at AMC,86,24,62,27.9,,https://www.amctheatres.com/showtimes/142805802/seats,Laser at AMC @ 10:00pm (saved link)
2026-05-01,20260503-114743-22c625,2026-05-03T19:18:29.623467+00:00,2026-05-03T19:00Z,2026-05-02,Saturday,AMC La Jolla 12,San Diego,PT,The Devil Wears Prada 2,9:30pm,142805839,0,,Laser at AMC,49,22,27,44.9,,https://www.amctheatres.com/showtimes/142805839/seats,Laser at AMC @ 9:30pm (saved link)
2026-05-01,20260503-114743-22c625,2026-05-03T19:18:29.623467+00:00,2026-05-03T19:00Z,2026-05-02,Saturday,AMC La Jolla 12,San Diego,PT,The Devil Wears Prada 2,9:00pm,142805804,0,,Laser at AMC,144,85,59,59,,https://www.amctheatres.com/showtimes/142805804/seats,Laser at AMC @ 9:00pm (saved link)
2026-05-01,20260503-114743-22c625,2026-05-03T19:18:29.623467+00:00,2026-05-03T19:00Z,2026-05-02,Saturday,AMC La Jolla 12,San Diego,PT,The Devil Wears Prada 2,7:45pm,141481859,0,,Laser at AMC,149,124,25,83.2,,https://www.amctheatres.com/showtimes/141481859/seats,Laser at AMC @ 7:45pm (saved link)
2026-05-01,20260503-114743-22c625,2026-05-03T19:18:29.623467+00:00,2026-05-03T19:00Z,2026-05-02,Saturday,AMC La Jolla 12,San Diego,PT,The Devil Wears Prada 2,7:00pm,142805803,0,,Laser at AMC,86,69,17,80.2,,https://www.amctheatres.com/showtimes/142805803/seats,Laser at AMC @ 7:00pm (saved link)
2026-05-01,20260503-114743-22c625,2026-05-03T19:18:29.623467+00:00,2026-05-03T19:00Z,2026-05-02,Saturday,AMC La Jolla 12,San Diego,PT,The Devil Wears Prada 2,6:30pm,142805840,0,,Laser at AMC,49,32,17,65.3,,https://www.amctheatres.com/showtimes/142805840/seats,Laser at AMC @ 6:30pm (saved link)
2026-05-01,20260503-114743-22c625,2026-05-03T19:18:29.623467+00:00,2026-05-03T19:00Z,2026-05-02,Saturday,AMC La Jolla 12,San Diego,PT,The Devil Wears Prada 2,6:00pm,142805806,0,,Laser at AMC,144,105,39,72.9,,https://www.amctheatres.com/showtimes/142805806/seats,Laser at AMC @ 6:00pm (saved link)
2026-05-01,20260503-114743-22c625,2026-05-03T19:18:29.623467+00:00,2026-05-03T19:00Z,2026-05-02,Saturday,AMC La Jolla 12,San Diego,PT,Animal Farm,6:30pm,142652337,0,,Laser at AMC,48,13,35,27.1,,https://www.amctheatres.com/showtimes/142652337/seats,Laser at AMC @ 6:30pm (saved link)
2026-05-01,20260503-114743-22c625,2026-05-03T19:19:11.591219+00:00,2026-05-03T19:00Z,2026-05-02,Saturday,AMC Mission Valley 20,San Diego,PT,The Devil Wears Prada 2,10:30pm,141501056,0,,Dolby Cinema at AMC,139,44,95,31.7,,https://www.amctheatres.com/showtimes/141501056/seats,Dolby Cinema at AMC @ 10:30pm (saved link)
2026-05-01,20260503-114743-22c625,2026-05-03T19:19:11.591219+00:00,2026-05-03T19:00Z,2026-05-02,Saturday,AMC Mission Valley 20,San Diego,PT,The Devil Wears Prada 2,7:30pm,141501057,0,,Dolby Cinema at AMC,139,115,24,82.7,,https://www.amctheatres.com/showtimes/141501057/seats,Dolby Cinema at AMC @ 7:30pm (saved link)
2026-05-01,20260503-114743-22c625,2026-05-03T19:19:11.591219+00:00,2026-05-03T19:00Z,2026-05-02,Saturday,AMC Mission Valley 20,San Diego,PT,The Devil Wears Prada 2,11:00pm,142681428,0,,Laser at AMC,248,12,236,4.8,,https://www.amctheatres.com/showtimes/142681428/seats,Laser at AMC @ 11:00pm (saved link)
2026-05-01,20260503-114743-22c625,2026-05-03T19:19:11.591219+00:00,2026-05-03T19:00Z,2026-05-02,Saturday,AMC Mission Valley 20,San Diego,PT,The Devil Wears Prada 2,10:00pm,142681445,0,,Laser at AMC,297,3,294,1,,https://www.amctheatres.com/showtimes/142681445/seats,Laser at AMC @ 10:00pm (saved link)
2026-05-01,20260503-114743-22c625,2026-05-03T19:19:11.591219+00:00,2026-05-03T19:00Z,2026-05-02,Saturday,AMC Mission Valley 20,San Diego,PT,The Devil Wears Prada 2,9:30pm,141501092,0,,Laser at AMC,297,27,270,9.1,,https://www.amctheatres.com/showtimes/141501092/seats,Laser at AMC @ 9:30pm (saved link)
2026-05-01,20260503-114743-22c625,2026-05-03T19:19:11.591219+00:00,2026-05-03T19:00Z,2026-05-02,Saturday,AMC Mission Valley 20,San Diego,PT,The Devil Wears Prada 2,9:00pm,142681459,0,,Laser at AMC,293,15,278,5.1,,https://www.amctheatres.com/showtimes/142681459/seats,Laser at AMC @ 9:00pm (saved link)
2026-05-01,20260503-114743-22c625,2026-05-03T19:19:11.591219+00:00,2026-05-03T19:00Z,2026-05-02,Saturday,AMC Mission Valley 20,San Diego,PT,The Devil Wears Prada 2,8:30pm,142681437,0,,Laser at AMC,242,41,201,16.9,,https://www.amctheatres.com/showtimes/142681437/seats,Laser at AMC @ 8:30pm (saved link)
2026-05-01,20260503-114743-22c625,2026-05-03T19:19:11.591219+00:00,2026-05-03T19:00Z,2026-05-02,Saturday,AMC Mission Valley 20,San Diego,PT,The Devil Wears Prada 2,8:00pm,142681424,0,,Laser at AMC,248,101,147,40.7,,https://www.amctheatres.com/showtimes/142681424/seats,Laser at AMC @ 8:00pm (saved link)
2026-05-01,20260503-114743-22c625,2026-05-03T19:19:11.591219+00:00,2026-05-03T19:00Z,2026-05-02,Saturday,AMC Mission Valley 20,San Diego,PT,The Devil Wears Prada 2,7:00pm,142681441,0,,Laser at AMC,297,119,178,40.1,,https://www.amctheatres.com/showtimes/142681441/seats,Laser at AMC @ 7:00pm (saved link)
2026-05-01,20260503-114743-22c625,2026-05-03T19:19:11.591219+00:00,2026-05-03T19:00Z,2026-05-02,Saturday,AMC Mission Valley 20,San Diego,PT,The Devil Wears Prada 2,6:30pm,141501091,0,,Laser at AMC,297,37,260,12.5,,https://www.amctheatres.com/showtimes/141501091/seats,Laser at AMC @ 6:30pm (saved link)
2026-05-01,20260503-114743-22c625,2026-05-03T19:19:11.591219+00:00,2026-05-03T19:00Z,2026-05-02,Saturday,AMC Mission Valley 20,San Diego,PT,The Devil Wears Prada 2,6:00pm,142681458,0,,Laser at AMC,293,56,237,19.1,,https://www.amctheatres.com/showtimes/142681458/seats,Laser at AMC @ 6:00pm (saved link)
2026-05-01,20260503-114743-22c625,2026-05-03T19:19:11.591219+00:00,2026-05-03T19:00Z,2026-05-02,Saturday,AMC Mission Valley 20,San Diego,PT,Animal Farm,7:20pm,141084796,0,,Laser at AMC,108,22,86,20.4,,https://www.amctheatres.com/showtimes/141084796/seats,Laser at AMC @ 7:20pm (saved link)
2026-05-01,20260503-114743-22c625,2026-05-03T19:20:00.065772+00:00,2026-05-03T19:00Z,2026-05-02,Saturday,AMC Otay Ranch 12,San Diego,PT,The Devil Wears Prada 2,10:30pm,141442350,0,,Dolby Cinema at AMC,131,29,102,22.1,,https://www.amctheatres.com/showtimes/141442350/seats,Dolby Cinema at AMC @ 10:30pm (saved link)
2026-05-01,20260503-114743-22c625,2026-05-03T19:20:00.065772+00:00,2026-05-03T19:00Z,2026-05-02,Saturday,AMC Otay Ranch 12,San Diego,PT,The Devil Wears Prada 2,7:30pm,141442351,0,,Dolby Cinema at AMC,131,107,24,81.7,,https://www.amctheatres.com/showtimes/141442351/seats,Dolby Cinema at AMC @ 7:30pm (saved link)
2026-05-01,20260503-114743-22c625,2026-05-03T19:20:00.065772+00:00,2026-05-03T19:00Z,2026-05-02,Saturday,AMC Otay Ranch 12,San Diego,PT,The Devil Wears Prada 2,9:30pm,141442314,0,,XL at AMC,275,27,248,9.8,,https://www.amctheatres.com/showtimes/141442314/seats,XL at AMC @ 9:30pm (saved link)
2026-05-01,20260503-114743-22c625,2026-05-03T19:20:00.065772+00:00,2026-05-03T19:00Z,2026-05-02,Saturday,AMC Otay Ranch 12,San Diego,PT,The Devil Wears Prada 2,6:30pm,141442315,0,,XL at AMC,275,95,180,34.5,,https://www.amctheatres.com/showtimes/141442315/seats,XL at AMC @ 6:30pm (saved link)
2026-05-01,20260503-114743-22c625,2026-05-03T19:20:00.065772+00:00,2026-05-03T19:00Z,2026-05-02,Saturday,AMC Otay Ranch 12,San Diego,PT,The Devil Wears Prada 2,8:45pm,142835936,0,,Laser at AMC,131,31,100,23.7,,https://www.amctheatres.com/showtimes/142835936/seats,Laser at AMC @ 8:45pm (saved link)
2026-05-01,20260503-114743-22c625,2026-05-03T19:20:00.065772+00:00,2026-05-03T19:00Z,2026-05-02,Saturday,AMC Otay Ranch 12,San Diego,PT,The Devil Wears Prada 2,8:15pm,142029128,0,,Laser at AMC,213,29,184,13.6,,https://www.amctheatres.com/showtimes/142029128/seats,Laser at AMC @ 8:15pm (saved link)
2026-05-01,20260503-114743-22c625,2026-05-03T19:20:00.065772+00:00,2026-05-03T19:00Z,2026-05-02,Saturday,AMC Otay Ranch 12,San Diego,PT,The Devil Wears Prada 2,7:45pm,142700058,0,,Laser at AMC,94,53,41,56.4,,https://www.amctheatres.com/showtimes/142700058/seats,Laser at AMC @ 7:45pm (saved link)
2026-05-01,20260503-114743-22c625,2026-05-03T19:20:00.065772+00:00,2026-05-03T19:00Z,2026-05-02,Saturday,AMC Otay Ranch 12,San Diego,PT,The Devil Wears Prada 2,5:45pm,142699991,0,,Laser at AMC,131,13,118,9.9,,https://www.amctheatres.com/showtimes/142699991/seats,Laser at AMC @ 5:45pm (saved link)
2026-05-01,20260503-114743-22c625,2026-05-03T19:20:00.065772+00:00,2026-05-03T19:00Z,2026-05-02,Saturday,AMC Otay Ranch 12,San Diego,PT,Animal Farm,6:15pm,142029196,0,,Laser at AMC,108,7,101,6.5,,https://www.amctheatres.com/showtimes/142029196/seats,Laser at AMC @ 6:15pm (saved link)
2026-05-01,20260503-114743-22c625,2026-05-03T19:20:38.567349+00:00,2026-05-03T19:00Z,2026-05-02,Saturday,AMC Palm Promenade 24,San Diego,PT,The Devil Wears Prada 2,10:15pm,141498613,0,,Dolby Cinema at AMC,198,61,137,30.8,,https://www.amctheatres.com/showtimes/141498613/seats,Dolby Cinema at AMC @ 10:15pm (saved link)
2026-05-01,20260503-114743-22c625,2026-05-03T19:20:38.567349+00:00,2026-05-03T19:00Z,2026-05-02,Saturday,AMC Palm Promenade 24,San Diego,PT,The Devil Wears Prada 2,7:00pm,141498612,0,,Dolby Cinema at AMC,198,150,48,75.8,,https://www.amctheatres.com/showtimes/141498612/seats,Dolby Cinema at AMC @ 7:00pm (saved link)
2026-05-01,20260503-114743-22c625,2026-05-03T19:20:38.567349+00:00,2026-05-03T19:00Z,2026-05-02,Saturday,AMC Palm Promenade 24,San Diego,PT,The Devil Wears Prada 2,8:45pm,141498652,0,,XL at AMC,402,62,340,15.4,,https://www.amctheatres.com/showtimes/141498652/seats,XL at AMC @ 8:45pm (saved link)
2026-05-01,20260503-114743-22c625,2026-05-03T19:20:38.567349+00:00,2026-05-03T19:00Z,2026-05-02,Saturday,AMC Palm Promenade 24,San Diego,PT,The Devil Wears Prada 2,9:15pm,142726635,0,,Laser at AMC,216,48,168,22.2,,https://www.amctheatres.com/showtimes/142726635/seats,Laser at AMC @ 9:15pm (saved link)
2026-05-01,20260503-114743-22c625,2026-05-03T19:20:38.567349+00:00,2026-05-03T19:00Z,2026-05-02,Saturday,AMC Palm Promenade 24,San Diego,PT,The Devil Wears Prada 2,7:40pm,142672276,0,,Laser at AMC,217,88,129,40.6,,https://www.amctheatres.com/showtimes/142672276/seats,Laser at AMC @ 7:40pm (saved link)
2026-05-01,20260503-114743-22c625,2026-05-03T19:20:38.567349+00:00,2026-05-03T19:00Z,2026-05-02,Saturday,AMC Palm Promenade 24,San Diego,PT,The Devil Wears Prada 2,6:30pm,142846666,0,,Laser at AMC,88,40,48,45.5,,https://www.amctheatres.com/showtimes/142846666/seats,Laser at AMC @ 6:30pm (saved link)
2026-05-01,20260503-114743-22c625,2026-05-03T19:20:38.567349+00:00,2026-05-03T19:00Z,2026-05-02,Saturday,AMC Palm Promenade 24,San Diego,PT,The Devil Wears Prada 2,6:00pm,142726634,0,,Laser at AMC,216,46,170,21.3,,https://www.amctheatres.com/showtimes/142726634/seats,Laser at AMC @ 6:00pm (saved link)
2026-05-01,20260503-114743-22c625,2026-05-03T19:20:38.567349+00:00,2026-05-03T19:00Z,2026-05-02,Saturday,AMC Palm Promenade 24,San Diego,PT,Animal Farm,5:45pm,142845363,0,,Laser at AMC,119,23,96,19.3,,https://www.amctheatres.com/showtimes/142845363/seats,Laser at AMC @ 5:45pm (saved link)
2026-05-01,20260503-114743-22c625,2026-05-03T19:21:13.472692+00:00,2026-05-03T19:00Z,2026-05-02,Saturday,AMC Plaza Bonita 14,San Diego,PT,The Devil Wears Prada 2,8:00pm,141382973,0,,Dolby Cinema at AMC,133,95,38,71.4,,https://www.amctheatres.com/showtimes/141382973/seats,Dolby Cinema at AMC @ 8:00pm (saved link)
2026-05-01,20260503-114743-22c625,2026-05-03T19:21:13.472692+00:00,2026-05-03T19:00Z,2026-05-02,Saturday,AMC Plaza Bonita 14,San Diego,PT,The Devil Wears Prada 2,9:00pm,141382997,0,,XL at AMC,272,19,253,7,,https://www.amctheatres.com/showtimes/141382997/seats,XL at AMC @ 9:00pm (saved link)
2026-05-01,20260503-114743-22c625,2026-05-03T19:21:13.472692+00:00,2026-05-03T19:00Z,2026-05-02,Saturday,AMC Plaza Bonita 14,San Diego,PT,The Devil Wears Prada 2,6:00pm,141382996,0,,XL at AMC,272,39,233,14.3,,https://www.amctheatres.com/showtimes/141382996/seats,XL at AMC @ 6:00pm (saved link)
2026-05-01,20260503-114743-22c625,2026-05-03T19:21:13.472692+00:00,2026-05-03T19:00Z,2026-05-02,Saturday,AMC Plaza Bonita 14,San Diego,PT,The Devil Wears Prada 2,10:00pm,142726213,0,,Laser at AMC,81,9,72,11.1,,https://www.amctheatres.com/showtimes/142726213/seats,Laser at AMC @ 10:00pm (saved link)
2026-05-01,20260503-114743-22c625,2026-05-03T19:21:13.472692+00:00,2026-05-03T19:00Z,2026-05-02,Saturday,AMC Plaza Bonita 14,San Diego,PT,The Devil Wears Prada 2,9:30pm,142726286,0,,Laser at AMC,189,19,170,10.1,,https://www.amctheatres.com/showtimes/142726286/seats,Laser at AMC @ 9:30pm (saved link)
2026-05-01,20260503-114743-22c625,2026-05-03T19:21:13.472692+00:00,2026-05-03T19:00Z,2026-05-02,Saturday,AMC Plaza Bonita 14,San Diego,PT,The Devil Wears Prada 2,8:30pm,142726388,0,,Laser at AMC,189,32,157,16.9,,https://www.amctheatres.com/showtimes/142726388/seats,Laser at AMC @ 8:30pm (saved link)
2026-05-01,20260503-114743-22c625,2026-05-03T19:21:13.472692+00:00,2026-05-03T19:00Z,2026-05-02,Saturday,AMC Plaza Bonita 14,San Diego,PT,The Devil Wears Prada 2,7:00pm,142726212,0,,Laser at AMC,81,33,48,40.7,,https://www.amctheatres.com/showtimes/142726212/seats,Laser at AMC @ 7:00pm (saved link)
2026-05-01,20260503-114743-22c625,2026-05-03T19:21:13.472692+00:00,2026-05-03T19:00Z,2026-05-02,Saturday,AMC Plaza Bonita 14,San Diego,PT,The Devil Wears Prada 2,6:30pm,142726285,0,,Laser at AMC,189,59,130,31.2,,https://www.amctheatres.com/showtimes/142726285/seats,Laser at AMC @ 6:30pm (saved link)
2026-05-01,20260503-114743-22c625,2026-05-03T19:21:13.472692+00:00,2026-05-03T19:00Z,2026-05-02,Saturday,AMC Plaza Bonita 14,San Diego,PT,Animal Farm,10:00pm,142726309,0,,Laser at AMC,131,11,120,8.4,,https://www.amctheatres.com/showtimes/142726309/seats,Laser at AMC @ 10:00pm (saved link)
2026-05-01,20260503-114743-22c625,2026-05-03T19:21:13.472692+00:00,2026-05-03T19:00Z,2026-05-02,Saturday,AMC Plaza Bonita 14,San Diego,PT,Animal Farm,7:15pm,141246200,0,,Laser at AMC,131,21,110,16,,https://www.amctheatres.com/showtimes/141246200/seats,Laser at AMC @ 7:15pm (saved link)
2026-05-01,20260503-114743-22c625,2026-05-03T19:21:59.910557+00:00,2026-05-03T19:00Z,2026-05-02,Saturday,AMC Poway 10,San Diego,PT,The Devil Wears Prada 2,10:00pm,141388487,0,,Laser at AMC,122,18,104,14.8,,https://www.amctheatres.com/showtimes/141388487/seats,Laser at AMC @ 10:00pm (saved link)
2026-05-01,20260503-114743-22c625,2026-05-03T19:21:59.910557+00:00,2026-05-03T19:00Z,2026-05-02,Saturday,AMC Poway 10,San Diego,PT,The Devil Wears Prada 2,9:15pm,142662905,0,,Laser at AMC,68,42,26,61.8,,https://www.amctheatres.com/showtimes/142662905/seats,Laser at AMC @ 9:15pm (saved link)
2026-05-01,20260503-114743-22c625,2026-05-03T19:21:59.910557+00:00,2026-05-03T19:00Z,2026-05-02,Saturday,AMC Poway 10,San Diego,PT,The Devil Wears Prada 2,8:30pm,142044391,0,,Laser at AMC,76,54,22,71.1,,https://www.amctheatres.com/showtimes/142044391/seats,Laser at AMC @ 8:30pm (saved link)
2026-05-01,20260503-114743-22c625,2026-05-03T19:21:59.910557+00:00,2026-05-03T19:00Z,2026-05-02,Saturday,AMC Poway 10,San Diego,PT,The Devil Wears Prada 2,7:45pm,142711991,0,,Laser at AMC,66,52,14,78.8,,https://www.amctheatres.com/showtimes/142711991/seats,Laser at AMC @ 7:45pm (saved link)
2026-05-01,20260503-114743-22c625,2026-05-03T19:21:59.910557+00:00,2026-05-03T19:00Z,2026-05-02,Saturday,AMC Poway 10,San Diego,PT,The Devil Wears Prada 2,7:00pm,141388486,0,,Laser at AMC,122,91,31,74.6,,https://www.amctheatres.com/showtimes/141388486/seats,Laser at AMC @ 7:00pm (saved link)
2026-05-01,20260503-114743-22c625,2026-05-03T19:21:59.910557+00:00,2026-05-03T19:00Z,2026-05-02,Saturday,AMC Poway 10,San Diego,PT,The Devil Wears Prada 2,6:15pm,142662904,0,,Laser at AMC,68,49,19,72.1,,https://www.amctheatres.com/showtimes/142662904/seats,Laser at AMC @ 6:15pm (saved link)
2026-05-01,20260503-114743-22c625,2026-05-03T19:22:33.471694+00:00,2026-05-03T19:00Z,2026-05-02,Saturday,AMC UTC 14,San Diego,PT,The Devil Wears Prada 2,10:00pm,141504772,0,,Dolby Cinema at AMC,109,61,48,56,,https://www.amctheatres.com/showtimes/141504772/seats,Dolby Cinema at AMC @ 10:00pm (saved link)
2026-05-01,20260503-114743-22c625,2026-05-03T19:22:33.471694+00:00,2026-05-03T19:00Z,2026-05-02,Saturday,AMC UTC 14,San Diego,PT,The Devil Wears Prada 2,7:00pm,141504771,0,,Dolby Cinema at AMC,109,104,5,95.4,,https://www.amctheatres.com/showtimes/141504771/seats,Dolby Cinema at AMC @ 7:00pm (saved link)
2026-05-01,20260503-114743-22c625,2026-05-03T19:22:33.471694+00:00,2026-05-03T19:00Z,2026-05-02,Saturday,AMC UTC 14,San Diego,PT,The Devil Wears Prada 2,11:00pm,142704227,0,,PRIME at AMC,82,10,72,12.2,,https://www.amctheatres.com/showtimes/142704227/seats,PRIME at AMC @ 11:00pm (saved link)
2026-05-01,20260503-114743-22c625,2026-05-03T19:22:33.471694+00:00,2026-05-03T19:00Z,2026-05-02,Saturday,AMC UTC 14,San Diego,PT,The Devil Wears Prada 2,8:00pm,142652074,0,,PRIME at AMC,82,61,21,74.4,,https://www.amctheatres.com/showtimes/142652074/seats,PRIME at AMC @ 8:00pm (saved link)
2026-05-01,20260503-114743-22c625,2026-05-03T19:22:33.471694+00:00,2026-05-03T19:00Z,2026-05-02,Saturday,AMC UTC 14,San Diego,PT,The Devil Wears Prada 2,10:45pm,142847675,0,,Laser at AMC,33,2,31,6.1,,https://www.amctheatres.com/showtimes/142847675/seats,Laser at AMC @ 10:45pm (saved link)
2026-05-01,20260503-114743-22c625,2026-05-03T19:22:33.471694+00:00,2026-05-03T19:00Z,2026-05-02,Saturday,AMC UTC 14,San Diego,PT,The Devil Wears Prada 2,10:30pm,142704325,0,,Laser at AMC,84,13,71,15.5,,https://www.amctheatres.com/showtimes/142704325/seats,Laser at AMC @ 10:30pm (saved link)
2026-05-01,20260503-114743-22c625,2026-05-03T19:22:33.471694+00:00,2026-05-03T19:00Z,2026-05-02,Saturday,AMC UTC 14,San Diego,PT,The Devil Wears Prada 2,9:30pm,142704278,0,,Laser at AMC,79,42,37,53.2,,https://www.amctheatres.com/showtimes/142704278/seats,Laser at AMC @ 9:30pm (saved link)
2026-05-01,20260503-114743-22c625,2026-05-03T19:22:33.471694+00:00,2026-05-03T19:00Z,2026-05-02,Saturday,AMC UTC 14,San Diego,PT,The Devil Wears Prada 2,9:00pm,141504802,0,,Laser at AMC,91,69,22,75.8,,https://www.amctheatres.com/showtimes/141504802/seats,Laser at AMC @ 9:00pm (saved link)
2026-05-01,20260503-114743-22c625,2026-05-03T19:22:33.471694+00:00,2026-05-03T19:00Z,2026-05-02,Saturday,AMC UTC 14,San Diego,PT,The Devil Wears Prada 2,7:30pm,142704324,0,,Laser at AMC,84,72,12,85.7,,https://www.amctheatres.com/showtimes/142704324/seats,Laser at AMC @ 7:30pm (saved link)
2026-05-01,20260503-114743-22c625,2026-05-03T19:22:33.471694+00:00,2026-05-03T19:00Z,2026-05-02,Saturday,AMC UTC 14,San Diego,PT,The Devil Wears Prada 2,6:30pm,142704277,0,,Laser at AMC,79,66,13,83.5,,https://www.amctheatres.com/showtimes/142704277/seats,Laser at AMC @ 6:30pm (saved link)
2026-05-01,20260503-114743-22c625,2026-05-03T19:22:33.471694+00:00,2026-05-03T19:00Z,2026-05-02,Saturday,AMC UTC 14,San Diego,PT,The Devil Wears Prada 2,6:00pm,141504803,0,,Laser at AMC,91,70,21,76.9,,https://www.amctheatres.com/showtimes/141504803/seats,Laser at AMC @ 6:00pm (saved link)
2026-05-01,20260503-114743-22c625,2026-05-03T19:22:33.471694+00:00,2026-05-03T19:00Z,2026-05-02,Saturday,AMC UTC 14,San Diego,PT,Animal Farm,7:15pm,141248956,0,,Laser at AMC,39,14,25,35.9,,https://www.amctheatres.com/showtimes/141248956/seats,Laser at AMC @ 7:15pm (saved link)
2026-05-01,20260503-114743-22c625,2026-05-03T19:23:21.046757+00:00,2026-05-03T19:00Z,2026-05-02,Saturday,AMC Bay Street 16,San Francisco,PT,The Devil Wears Prada 2,10:30pm,141377442,0,,Dolby Cinema at AMC,206,109,97,52.9,,https://www.amctheatres.com/showtimes/141377442/seats,Dolby Cinema at AMC @ 10:30pm (saved link)
2026-05-01,20260503-114743-22c625,2026-05-03T19:23:21.046757+00:00,2026-05-03T19:00Z,2026-05-02,Saturday,AMC Bay Street 16,San Francisco,PT,The Devil Wears Prada 2,7:20pm,141377441,0,,Dolby Cinema at AMC,206,189,17,91.7,,https://www.amctheatres.com/showtimes/141377441/seats,Dolby Cinema at AMC @ 7:20pm (saved link)
2026-05-01,20260503-114743-22c625,2026-05-03T19:23:21.046757+00:00,2026-05-03T19:00Z,2026-05-02,Saturday,AMC Bay Street 16,San Francisco,PT,The Devil Wears Prada 2,8:00pm,141377454,0,,XL at AMC,287,162,125,56.4,,https://www.amctheatres.com/showtimes/141377454/seats,XL at AMC @ 8:00pm (saved link)
2026-05-01,20260503-114743-22c625,2026-05-03T19:23:21.046757+00:00,2026-05-03T19:00Z,2026-05-02,Saturday,AMC Bay Street 16,San Francisco,PT,The Devil Wears Prada 2,10:15pm,142846655,0,,Laser at AMC,204,7,197,3.4,,https://www.amctheatres.com/showtimes/142846655/seats,Laser at AMC @ 10:15pm (saved link)
2026-05-01,20260503-114743-22c625,2026-05-03T19:23:21.046757+00:00,2026-05-03T19:00Z,2026-05-02,Saturday,AMC Bay Street 16,San Francisco,PT,The Devil Wears Prada 2,10:00pm,142731634,0,,Laser at AMC,141,9,132,6.4,,https://www.amctheatres.com/showtimes/142731634/seats,Laser at AMC @ 10:00pm (saved link)
2026-05-01,20260503-114743-22c625,2026-05-03T19:23:21.046757+00:00,2026-05-03T19:00Z,2026-05-02,Saturday,AMC Bay Street 16,San Francisco,PT,The Devil Wears Prada 2,9:45pm,142731763,0,,Laser at AMC,200,6,194,3,,https://www.amctheatres.com/showtimes/142731763/seats,Laser at AMC @ 9:45pm (saved link)
2026-05-01,20260503-114743-22c625,2026-05-03T19:23:21.046757+00:00,2026-05-03T19:00Z,2026-05-02,Saturday,AMC Bay Street 16,San Francisco,PT,The Devil Wears Prada 2,9:15pm,141377485,0,,Laser at AMC,200,53,147,26.5,,https://www.amctheatres.com/showtimes/141377485/seats,Laser at AMC @ 9:15pm (saved link)
2026-05-01,20260503-114743-22c625,2026-05-03T19:23:21.046757+00:00,2026-05-03T19:00Z,2026-05-02,Saturday,AMC Bay Street 16,San Francisco,PT,The Devil Wears Prada 2,8:45pm,142731650,0,,Laser at AMC,142,33,109,23.2,,https://www.amctheatres.com/showtimes/142731650/seats,Laser at AMC @ 8:45pm (saved link)
2026-05-01,20260503-114743-22c625,2026-05-03T19:23:21.046757+00:00,2026-05-03T19:00Z,2026-05-02,Saturday,AMC Bay Street 16,San Francisco,PT,The Devil Wears Prada 2,8:30pm,142731781,0,,Laser at AMC,141,63,78,44.7,,https://www.amctheatres.com/showtimes/142731781/seats,Laser at AMC @ 8:30pm (saved link)
2026-05-01,20260503-114743-22c625,2026-05-03T19:23:21.046757+00:00,2026-05-03T19:00Z,2026-05-02,Saturday,AMC Bay Street 16,San Francisco,PT,The Devil Wears Prada 2,6:45pm,142731764,0,,Laser at AMC,200,132,68,66,,https://www.amctheatres.com/showtimes/142731764/seats,Laser at AMC @ 6:45pm (saved link)
2026-05-01,20260503-114743-22c625,2026-05-03T19:23:21.046757+00:00,2026-05-03T19:00Z,2026-05-02,Saturday,AMC Bay Street 16,San Francisco,PT,The Devil Wears Prada 2,6:00pm,141377484,0,,Laser at AMC,200,93,107,46.5,,https://www.amctheatres.com/showtimes/141377484/seats,Laser at AMC @ 6:00pm (saved link)
2026-05-01,20260503-114743-22c625,2026-05-03T19:23:21.046757+00:00,2026-05-03T19:00Z,2026-05-02,Saturday,AMC Bay Street 16,San Francisco,PT,Animal Farm,7:00pm,141248786,0,,Laser at AMC,118,31,87,26.3,,https://www.amctheatres.com/showtimes/141248786/seats,Laser at AMC @ 7:00pm (saved link)
2026-05-01,20260503-114743-22c625,2026-05-03T19:24:06.977962+00:00,2026-05-03T19:00Z,2026-05-02,Saturday,AMC Eastridge 15,San Francisco,PT,The Devil Wears Prada 2,10:00pm,141477672,0,,Dolby Cinema at AMC,145,34,111,23.4,,https://www.amctheatres.com/showtimes/141477672/seats,Dolby Cinema at AMC @ 10:00pm (saved link)
2026-05-01,20260503-114743-22c625,2026-05-03T19:24:06.977962+00:00,2026-05-03T19:00Z,2026-05-02,Saturday,AMC Eastridge 15,San Francisco,PT,The Devil Wears Prada 2,7:00pm,141477671,0,,Dolby Cinema at AMC,145,107,38,73.8,,https://www.amctheatres.com/showtimes/141477671/seats,Dolby Cinema at AMC @ 7:00pm (saved link)
2026-05-01,20260503-114743-22c625,2026-05-03T19:24:06.977962+00:00,2026-05-03T19:00Z,2026-05-02,Saturday,AMC Eastridge 15,San Francisco,PT,The Devil Wears Prada 2,10:30pm,142806450,0,,Laser at AMC,139,11,128,7.9,,https://www.amctheatres.com/showtimes/142806450/seats,Laser at AMC @ 10:30pm (saved link)
2026-05-01,20260503-114743-22c625,2026-05-03T19:24:06.977962+00:00,2026-05-03T19:00Z,2026-05-02,Saturday,AMC Eastridge 15,San Francisco,PT,The Devil Wears Prada 2,9:30pm,142806328,0,,Laser at AMC,275,11,264,4,,https://www.amctheatres.com/showtimes/142806328/seats,Laser at AMC @ 9:30pm (saved link)
2026-05-01,20260503-114743-22c625,2026-05-03T19:24:06.977962+00:00,2026-05-03T19:00Z,2026-05-02,Saturday,AMC Eastridge 15,San Francisco,PT,The Devil Wears Prada 2,8:45pm,142806231,0,,Laser at AMC,131,31,100,23.7,,https://www.amctheatres.com/showtimes/142806231/seats,Laser at AMC @ 8:45pm (saved link)
2026-05-01,20260503-114743-22c625,2026-05-03T19:24:06.977962+00:00,2026-05-03T19:00Z,2026-05-02,Saturday,AMC Eastridge 15,San Francisco,PT,The Devil Wears Prada 2,8:00pm,141477726,0,,Laser at AMC,275,57,218,20.7,,https://www.amctheatres.com/showtimes/141477726/seats,Laser at AMC @ 8:00pm (saved link)
2026-05-01,20260503-114743-22c625,2026-05-03T19:24:06.977962+00:00,2026-05-03T19:00Z,2026-05-02,Saturday,AMC Eastridge 15,San Francisco,PT,The Devil Wears Prada 2,6:15pm,142806330,0,,Laser at AMC,275,30,245,10.9,,https://www.amctheatres.com/showtimes/142806330/seats,Laser at AMC @ 6:15pm (saved link)
2026-05-01,20260503-114743-22c625,2026-05-03T19:24:06.977962+00:00,2026-05-03T19:00Z,2026-05-02,Saturday,AMC Eastridge 15,San Francisco,PT,Animal Farm,7:00pm,141234619,0,,Laser at AMC,139,10,129,7.2,,https://www.amctheatres.com/showtimes/141234619/seats,Laser at AMC @ 7:00pm (saved link)
2026-05-01,20260503-114743-22c625,2026-05-03T19:24:45.754433+00:00,2026-05-03T19:00Z,2026-05-02,Saturday,AMC Kabuki 8,San Francisco,PT,The Devil Wears Prada 2,10:15pm,141442952,0,,Laser at AMC,483,76,407,15.7,,https://www.amctheatres.com/showtimes/141442952/seats,Laser at AMC @ 10:15pm (saved link)
2026-05-01,20260503-114743-22c625,2026-05-03T19:24:45.754433+00:00,2026-05-03T19:00Z,2026-05-02,Saturday,AMC Kabuki 8,San Francisco,PT,The Devil Wears Prada 2,9:15pm,141881751,0,,Laser at AMC,164,145,19,88.4,,https://www.amctheatres.com/showtimes/141881751/seats,Laser at AMC @ 9:15pm (saved link)
2026-05-01,20260503-114743-22c625,2026-05-03T19:24:45.754433+00:00,2026-05-03T19:00Z,2026-05-02,Saturday,AMC Kabuki 8,San Francisco,PT,The Devil Wears Prada 2,8:00pm,142730465,0,,Laser at AMC,149,135,14,90.6,,https://www.amctheatres.com/showtimes/142730465/seats,Laser at AMC @ 8:00pm (saved link)
2026-05-01,20260503-114743-22c625,2026-05-03T19:24:45.754433+00:00,2026-05-03T19:00Z,2026-05-02,Saturday,AMC Kabuki 8,San Francisco,PT,The Devil Wears Prada 2,7:30pm,142832627,0,,Laser at AMC,45,42,3,93.3,,https://www.amctheatres.com/showtimes/142832627/seats,Laser at AMC @ 7:30pm (saved link)
2026-05-01,20260503-114743-22c625,2026-05-03T19:24:45.754433+00:00,2026-05-03T19:00Z,2026-05-02,Saturday,AMC Kabuki 8,San Francisco,PT,The Devil Wears Prada 2,7:00pm,141442951,0,,Laser at AMC,483,439,44,90.9,,https://www.amctheatres.com/showtimes/141442951/seats,Laser at AMC @ 7:00pm (saved link)
2026-05-01,20260503-114743-22c625,2026-05-03T19:24:45.754433+00:00,2026-05-03T19:00Z,2026-05-02,Saturday,AMC Kabuki 8,San Francisco,PT,The Devil Wears Prada 2,6:00pm,141881750,0,,Laser at AMC,164,144,20,87.8,,https://www.amctheatres.com/showtimes/141881750/seats,Laser at AMC @ 6:00pm (saved link)
2026-05-01,20260503-114743-22c625,2026-05-03T19:25:19.167582+00:00,2026-05-03T19:00Z,2026-05-02,Saturday,AMC Metreon 16,San Francisco,PT,The Devil Wears Prada 2,10:30pm,141461269,0,,Dolby Cinema at AMC,173,110,63,63.6,,https://www.amctheatres.com/showtimes/141461269/seats,Dolby Cinema at AMC @ 10:30pm (saved link)
2026-05-01,20260503-114743-22c625,2026-05-03T19:25:19.167582+00:00,2026-05-03T19:00Z,2026-05-02,Saturday,AMC Metreon 16,San Francisco,PT,The Devil Wears Prada 2,7:30pm,141461266,0,,Dolby Cinema at AMC,173,150,23,86.7,,https://www.amctheatres.com/showtimes/141461266/seats,Dolby Cinema at AMC @ 7:30pm (saved link)
2026-05-01,20260503-114743-22c625,2026-05-03T19:25:19.167582+00:00,2026-05-03T19:00Z,2026-05-02,Saturday,AMC Metreon 16,San Francisco,PT,The Devil Wears Prada 2,9:30pm,141461329,0,,Laser at AMC,152,99,53,65.1,,https://www.amctheatres.com/showtimes/141461329/seats,Laser at AMC @ 9:30pm (saved link)
2026-05-01,20260503-114743-22c625,2026-05-03T19:25:19.167582+00:00,2026-05-03T19:00Z,2026-05-02,Saturday,AMC Metreon 16,San Francisco,PT,The Devil Wears Prada 2,9:00pm,142710646,0,,Laser at AMC,94,70,24,74.5,,https://www.amctheatres.com/showtimes/142710646/seats,Laser at AMC @ 9:00pm (saved link)
2026-05-01,20260503-114743-22c625,2026-05-03T19:25:19.167582+00:00,2026-05-03T19:00Z,2026-05-02,Saturday,AMC Metreon 16,San Francisco,PT,The Devil Wears Prada 2,8:30pm,142651299,0,,Laser at AMC,123,105,18,85.4,,https://www.amctheatres.com/showtimes/142651299/seats,Laser at AMC @ 8:30pm (saved link)
2026-05-01,20260503-114743-22c625,2026-05-03T19:25:19.167582+00:00,2026-05-03T19:00Z,2026-05-02,Saturday,AMC Metreon 16,San Francisco,PT,The Devil Wears Prada 2,6:30pm,141461326,0,,Laser at AMC,152,130,22,85.5,,https://www.amctheatres.com/showtimes/141461326/seats,Laser at AMC @ 6:30pm (saved link)
2026-05-01,20260503-114743-22c625,2026-05-03T19:25:19.167582+00:00,2026-05-03T19:00Z,2026-05-02,Saturday,AMC Metreon 16,San Francisco,PT,The Devil Wears Prada 2,6:00pm,142710643,0,,Laser at AMC,94,66,28,70.2,,https://www.amctheatres.com/showtimes/142710643/seats,Laser at AMC @ 6:00pm (saved link)
2026-05-01,20260503-114743-22c625,2026-05-03T19:25:19.167582+00:00,2026-05-03T19:00Z,2026-05-02,Saturday,AMC Metreon 16,San Francisco,PT,The Devil Wears Prada 2,10:00pm,142651283,0,,SCREENX at AMC,100,32,68,32,,https://www.amctheatres.com/showtimes/142651283/seats,SCREENX at AMC @ 10:00pm (saved link)
2026-05-01,20260503-114743-22c625,2026-05-03T19:25:19.167582+00:00,2026-05-03T19:00Z,2026-05-02,Saturday,AMC Metreon 16,San Francisco,PT,The Devil Wears Prada 2,7:00pm,142651282,0,,SCREENX at AMC,100,80,20,80,,https://www.amctheatres.com/showtimes/142651282/seats,SCREENX at AMC @ 7:00pm (saved link)
2026-05-01,20260503-114743-22c625,2026-05-03T19:25:56.445757+00:00,2026-05-03T19:00Z,2026-05-02,Saturday,AMC NewPark 12,San Francisco,PT,The Devil Wears Prada 2,10:30pm,141500580,0,,Dolby Cinema at AMC,224,55,169,24.6,,https://www.amctheatres.com/showtimes/141500580/seats,Dolby Cinema at AMC @ 10:30pm (saved link)
2026-05-01,20260503-114743-22c625,2026-05-03T19:25:56.445757+00:00,2026-05-03T19:00Z,2026-05-02,Saturday,AMC NewPark 12,San Francisco,PT,The Devil Wears Prada 2,7:00pm,141500579,0,,Dolby Cinema at AMC,224,120,104,53.6,,https://www.amctheatres.com/showtimes/141500579/seats,Dolby Cinema at AMC @ 7:00pm (saved link)
2026-05-01,20260503-114743-22c625,2026-05-03T19:25:56.445757+00:00,2026-05-03T19:00Z,2026-05-02,Saturday,AMC NewPark 12,San Francisco,PT,The Devil Wears Prada 2,10:00pm,142773146,0,,Laser at AMC,87,43,44,49.4,,https://www.amctheatres.com/showtimes/142773146/seats,Laser at AMC @ 10:00pm (saved link)
2026-05-01,20260503-114743-22c625,2026-05-03T19:25:56.445757+00:00,2026-05-03T19:00Z,2026-05-02,Saturday,AMC NewPark 12,San Francisco,PT,The Devil Wears Prada 2,8:15pm,142773223,0,,Laser at AMC,110,75,35,68.2,,https://www.amctheatres.com/showtimes/142773223/seats,Laser at AMC @ 8:15pm (saved link)
2026-05-01,20260503-114743-22c625,2026-05-03T19:25:56.445757+00:00,2026-05-03T19:00Z,2026-05-02,Saturday,AMC NewPark 12,San Francisco,PT,The Devil Wears Prada 2,6:30pm,142773202,0,,Laser at AMC,71,35,36,49.3,,https://www.amctheatres.com/showtimes/142773202/seats,Laser at AMC @ 6:30pm (saved link)
2026-05-01,20260503-114743-22c625,2026-05-03T19:25:56.445757+00:00,2026-05-03T19:00Z,2026-05-02,Saturday,AMC NewPark 12,San Francisco,PT,The Devil Wears Prada 2,6:00pm,141500670,0,,Laser at AMC,86,49,37,57,,https://www.amctheatres.com/showtimes/141500670/seats,Laser at AMC @ 6:00pm (saved link)
2026-05-01,20260503-114743-22c625,2026-05-03T19:25:56.445757+00:00,2026-05-03T19:00Z,2026-05-02,Saturday,AMC NewPark 12,San Francisco,PT,The Devil Wears Prada 2,9:00pm,141500671,0,,Open Caption (On-screen Subtitles),86,51,35,59.3,,https://www.amctheatres.com/showtimes/141500671/seats,Open Caption (On-screen Subtitles) @ 9:00pm (saved link)
2026-05-01,20260503-114743-22c625,2026-05-03T19:25:56.445757+00:00,2026-05-03T19:00Z,2026-05-02,Saturday,AMC NewPark 12,San Francisco,PT,Animal Farm,7:00pm,142773184,0,,Laser at AMC,40,17,23,42.5,,https://www.amctheatres.com/showtimes/142773184/seats,Laser at AMC @ 7:00pm (saved link)
2026-05-01,20260503-114743-22c625,2026-05-03T19:26:37.113372+00:00,2026-05-03T19:00Z,2026-05-02,Saturday,AMC Saratoga 14,San Francisco,PT,The Devil Wears Prada 2,10:15pm,141490006,0,,Dolby Cinema at AMC,198,36,162,18.2,,https://www.amctheatres.com/showtimes/141490006/seats,Dolby Cinema at AMC @ 10:15pm (saved link)
2026-05-01,20260503-114743-22c625,2026-05-03T19:26:37.113372+00:00,2026-05-03T19:00Z,2026-05-02,Saturday,AMC Saratoga 14,San Francisco,PT,The Devil Wears Prada 2,7:15pm,141490007,0,,Dolby Cinema at AMC,198,163,35,82.3,,https://www.amctheatres.com/showtimes/141490007/seats,Dolby Cinema at AMC @ 7:15pm (saved link)
2026-05-01,20260503-114743-22c625,2026-05-03T19:26:37.113372+00:00,2026-05-03T19:00Z,2026-05-02,Saturday,AMC Saratoga 14,San Francisco,PT,The Devil Wears Prada 2,9:15pm,141490004,0,,XL at AMC,316,33,283,10.4,,https://www.amctheatres.com/showtimes/141490004/seats,XL at AMC @ 9:15pm (saved link)
2026-05-01,20260503-114743-22c625,2026-05-03T19:26:37.113372+00:00,2026-05-03T19:00Z,2026-05-02,Saturday,AMC Saratoga 14,San Francisco,PT,The Devil Wears Prada 2,6:15pm,141490005,0,,XL at AMC,316,79,237,25,,https://www.amctheatres.com/showtimes/141490005/seats,XL at AMC @ 6:15pm (saved link)
2026-05-01,20260503-114743-22c625,2026-05-03T19:26:37.113372+00:00,2026-05-03T19:00Z,2026-05-02,Saturday,AMC Saratoga 14,San Francisco,PT,The Devil Wears Prada 2,8:45pm,142724820,0,,Laser at AMC,84,14,70,16.7,,https://www.amctheatres.com/showtimes/142724820/seats,Laser at AMC @ 8:45pm (saved link)
2026-05-01,20260503-114743-22c625,2026-05-03T19:26:37.113372+00:00,2026-05-03T19:00Z,2026-05-02,Saturday,AMC Saratoga 14,San Francisco,PT,The Devil Wears Prada 2,8:15pm,141489944,0,,Laser at AMC,235,47,188,20,,https://www.amctheatres.com/showtimes/141489944/seats,Laser at AMC @ 8:15pm (saved link)
2026-05-01,20260503-114743-22c625,2026-05-03T19:26:37.113372+00:00,2026-05-03T19:00Z,2026-05-02,Saturday,AMC Saratoga 14,San Francisco,PT,The Devil Wears Prada 2,7:45pm,142724998,0,,Laser at AMC,83,48,35,57.8,,https://www.amctheatres.com/showtimes/142724998/seats,Laser at AMC @ 7:45pm (saved link)
2026-05-01,20260503-114743-22c625,2026-05-03T19:26:37.113372+00:00,2026-05-03T19:00Z,2026-05-02,Saturday,AMC Saratoga 14,San Francisco,PT,The Devil Wears Prada 2,5:45pm,142724821,0,,Laser at AMC,84,26,58,31,,https://www.amctheatres.com/showtimes/142724821/seats,Laser at AMC @ 5:45pm (saved link)
2026-05-01,20260503-114743-22c625,2026-05-03T19:26:37.113372+00:00,2026-05-03T19:00Z,2026-05-02,Saturday,AMC Saratoga 14,San Francisco,PT,Animal Farm,7:30pm,141249962,0,,Laser at AMC,106,22,84,20.8,,https://www.amctheatres.com/showtimes/141249962/seats,Laser at AMC @ 7:30pm (saved link)
2026-05-01,20260503-114743-22c625,2026-05-03T19:27:20.174238+00:00,2026-05-03T19:00Z,2026-05-02,Saturday,AMC Sunnyvale 12,San Francisco,PT,The Devil Wears Prada 2,10:30pm,141471206,0,,Dolby Cinema at AMC,155,92,63,59.4,,https://www.amctheatres.com/showtimes/141471206/seats,Dolby Cinema at AMC @ 10:30pm (saved link)
2026-05-01,20260503-114743-22c625,2026-05-03T19:27:20.174238+00:00,2026-05-03T19:00Z,2026-05-02,Saturday,AMC Sunnyvale 12,San Francisco,PT,The Devil Wears Prada 2,7:30pm,141471204,0,,Dolby Cinema at AMC,155,131,24,84.5,,https://www.amctheatres.com/showtimes/141471204/seats,Dolby Cinema at AMC @ 7:30pm (saved link)
2026-05-01,20260503-114743-22c625,2026-05-03T19:27:20.174238+00:00,2026-05-03T19:00Z,2026-05-02,Saturday,AMC Sunnyvale 12,San Francisco,PT,The Devil Wears Prada 2,11:00pm,142768873,0,,Laser at AMC,102,17,85,16.7,,https://www.amctheatres.com/showtimes/142768873/seats,Laser at AMC @ 11:00pm (saved link)
2026-05-01,20260503-114743-22c625,2026-05-03T19:27:20.174238+00:00,2026-05-03T19:00Z,2026-05-02,Saturday,AMC Sunnyvale 12,San Francisco,PT,The Devil Wears Prada 2,10:45pm,142848066,0,,Laser at AMC,45,0,45,0,,https://www.amctheatres.com/showtimes/142848066/seats,Laser at AMC @ 10:45pm (saved link)
2026-05-01,20260503-114743-22c625,2026-05-03T19:27:20.174238+00:00,2026-05-03T19:00Z,2026-05-02,Saturday,AMC Sunnyvale 12,San Francisco,PT,The Devil Wears Prada 2,10:00pm,142768928,0,,Laser at AMC,115,44,71,38.3,,https://www.amctheatres.com/showtimes/142768928/seats,Laser at AMC @ 10:00pm (saved link)
2026-05-01,20260503-114743-22c625,2026-05-03T19:27:20.174238+00:00,2026-05-03T19:00Z,2026-05-02,Saturday,AMC Sunnyvale 12,San Francisco,PT,The Devil Wears Prada 2,9:30pm,141471232,0,,Laser at AMC,84,50,34,59.5,,https://www.amctheatres.com/showtimes/141471232/seats,Laser at AMC @ 9:30pm (saved link)
2026-05-01,20260503-114743-22c625,2026-05-03T19:27:20.174238+00:00,2026-05-03T19:00Z,2026-05-02,Saturday,AMC Sunnyvale 12,San Francisco,PT,The Devil Wears Prada 2,8:45pm,142768907,0,,Laser at AMC,85,62,23,72.9,,https://www.amctheatres.com/showtimes/142768907/seats,Laser at AMC @ 8:45pm (saved link)
2026-05-01,20260503-114743-22c625,2026-05-03T19:27:20.174238+00:00,2026-05-03T19:00Z,2026-05-02,Saturday,AMC Sunnyvale 12,San Francisco,PT,The Devil Wears Prada 2,8:00pm,142768897,0,,Laser at AMC,102,77,25,75.5,,https://www.amctheatres.com/showtimes/142768897/seats,Laser at AMC @ 8:00pm (saved link)
2026-05-01,20260503-114743-22c625,2026-05-03T19:27:20.174238+00:00,2026-05-03T19:00Z,2026-05-02,Saturday,AMC Sunnyvale 12,San Francisco,PT,The Devil Wears Prada 2,7:00pm,142768927,0,,Laser at AMC,115,91,24,79.1,,https://www.amctheatres.com/showtimes/142768927/seats,Laser at AMC @ 7:00pm (saved link)
2026-05-01,20260503-114743-22c625,2026-05-03T19:27:20.174238+00:00,2026-05-03T19:00Z,2026-05-02,Saturday,AMC Sunnyvale 12,San Francisco,PT,The Devil Wears Prada 2,6:30pm,141471234,0,,Laser at AMC,84,61,23,72.6,,https://www.amctheatres.com/showtimes/141471234/seats,Laser at AMC @ 6:30pm (saved link)
2026-05-01,20260503-114743-22c625,2026-05-03T19:27:20.174238+00:00,2026-05-03T19:00Z,2026-05-02,Saturday,AMC Sunnyvale 12,San Francisco,PT,The Devil Wears Prada 2,5:45pm,142768906,0,,Laser at AMC,85,55,30,64.7,,https://www.amctheatres.com/showtimes/142768906/seats,Laser at AMC @ 5:45pm (saved link)
2026-05-01,20260503-114743-22c625,2026-05-03T19:27:20.174238+00:00,2026-05-03T19:00Z,2026-05-02,Saturday,AMC Sunnyvale 12,San Francisco,PT,Animal Farm,7:30pm,142649655,0,,Laser at AMC,45,33,12,73.3,,https://www.amctheatres.com/showtimes/142649655/seats,Laser at AMC @ 7:30pm (saved link)
2026-05-01,20260503-114743-22c625,2026-05-03T19:28:13.029415+00:00,2026-05-03T19:00Z,2026-05-02,Saturday,AMC Alderwood Mall 16,Seattle,PT,The Devil Wears Prada 2,10:00pm,141464772,0,,Dolby Cinema at AMC,204,42,162,20.6,,https://www.amctheatres.com/showtimes/141464772/seats,Dolby Cinema at AMC @ 10:00pm (saved link)
2026-05-01,20260503-114743-22c625,2026-05-03T19:28:13.029415+00:00,2026-05-03T19:00Z,2026-05-02,Saturday,AMC Alderwood Mall 16,Seattle,PT,The Devil Wears Prada 2,7:00pm,141464770,0,,Dolby Cinema at AMC,204,161,43,78.9,,https://www.amctheatres.com/showtimes/141464770/seats,Dolby Cinema at AMC @ 7:00pm (saved link)
2026-05-01,20260503-114743-22c625,2026-05-03T19:28:13.029415+00:00,2026-05-03T19:00Z,2026-05-02,Saturday,AMC Alderwood Mall 16,Seattle,PT,The Devil Wears Prada 2,7:30pm,141464673,0,,XL at AMC,349,72,277,20.6,,https://www.amctheatres.com/showtimes/141464673/seats,XL at AMC @ 7:30pm (saved link)
2026-05-01,20260503-114743-22c625,2026-05-03T19:28:13.029415+00:00,2026-05-03T19:00Z,2026-05-02,Saturday,AMC Alderwood Mall 16,Seattle,PT,The Devil Wears Prada 2,11:00pm,141464996,0,,Laser at AMC,345,9,336,2.6,,https://www.amctheatres.com/showtimes/141464996/seats,Laser at AMC @ 11:00pm (saved link)
2026-05-01,20260503-114743-22c625,2026-05-03T19:28:13.029415+00:00,2026-05-03T19:00Z,2026-05-02,Saturday,AMC Alderwood Mall 16,Seattle,PT,The Devil Wears Prada 2,9:30pm,142759608,0,,Laser at AMC,271,14,257,5.2,,https://www.amctheatres.com/showtimes/142759608/seats,Laser at AMC @ 9:30pm (saved link)
2026-05-01,20260503-114743-22c625,2026-05-03T19:28:13.029415+00:00,2026-05-03T19:00Z,2026-05-02,Saturday,AMC Alderwood Mall 16,Seattle,PT,The Devil Wears Prada 2,8:45pm,142759493,0,,Laser at AMC,271,29,242,10.7,,https://www.amctheatres.com/showtimes/142759493/seats,Laser at AMC @ 8:45pm (saved link)
2026-05-01,20260503-114743-22c625,2026-05-03T19:28:13.029415+00:00,2026-05-03T19:00Z,2026-05-02,Saturday,AMC Alderwood Mall 16,Seattle,PT,The Devil Wears Prada 2,8:00pm,141464979,0,,Laser at AMC,345,46,299,13.3,,https://www.amctheatres.com/showtimes/141464979/seats,Laser at AMC @ 8:00pm (saved link)
2026-05-01,20260503-114743-22c625,2026-05-03T19:28:13.029415+00:00,2026-05-03T19:00Z,2026-05-02,Saturday,AMC Alderwood Mall 16,Seattle,PT,The Devil Wears Prada 2,7:30pm,142846717,0,,Laser at AMC,115,30,85,26.1,,https://www.amctheatres.com/showtimes/142846717/seats,Laser at AMC @ 7:30pm (saved link)
2026-05-01,20260503-114743-22c625,2026-05-03T19:28:13.029415+00:00,2026-05-03T19:00Z,2026-05-02,Saturday,AMC Alderwood Mall 16,Seattle,PT,The Devil Wears Prada 2,6:30pm,142759607,0,,Laser at AMC,271,49,222,18.1,,https://www.amctheatres.com/showtimes/142759607/seats,Laser at AMC @ 6:30pm (saved link)
2026-05-01,20260503-114743-22c625,2026-05-03T19:28:13.029415+00:00,2026-05-03T19:00Z,2026-05-02,Saturday,AMC Alderwood Mall 16,Seattle,PT,The Devil Wears Prada 2,10:30pm,141464674,0,,undefined,349,4,345,1.1,,https://www.amctheatres.com/showtimes/141464674/seats,undefined @ 10:30pm (saved link)
2026-05-01,20260503-114743-22c625,2026-05-03T19:28:13.029415+00:00,2026-05-03T19:00Z,2026-05-02,Saturday,AMC Alderwood Mall 16,Seattle,PT,The Devil Wears Prada 2,6:00pm,142759649,0,,English Spoken with Spanish Subtitles,216,11,205,5.1,,https://www.amctheatres.com/showtimes/142759649/seats,English Spoken with Spanish Subtitles @ 6:00pm (saved link)
2026-05-01,20260503-114743-22c625,2026-05-03T19:28:13.029415+00:00,2026-05-03T19:00Z,2026-05-02,Saturday,AMC Alderwood Mall 16,Seattle,PT,Animal Farm,7:00pm,141179476,0,,Laser at AMC,166,30,136,18.1,,https://www.amctheatres.com/showtimes/141179476/seats,Laser at AMC @ 7:00pm (saved link)
2026-05-01,20260503-114743-22c625,2026-05-03T19:29:05.538271+00:00,2026-05-03T19:00Z,2026-05-02,Saturday,AMC Factoria 8,Seattle,PT,The Devil Wears Prada 2,10:50pm,142705787,0,,Laser at AMC,83,25,58,30.1,,https://www.amctheatres.com/showtimes/142705787/seats,Laser at AMC @ 10:50pm (saved link)
2026-05-01,20260503-114743-22c625,2026-05-03T19:29:05.538271+00:00,2026-05-03T19:00Z,2026-05-02,Saturday,AMC Factoria 8,Seattle,PT,The Devil Wears Prada 2,10:00pm,141508274,0,,Laser at AMC,278,40,238,14.4,,https://www.amctheatres.com/showtimes/141508274/seats,Laser at AMC @ 10:00pm (saved link)
2026-05-01,20260503-114743-22c625,2026-05-03T19:29:05.538271+00:00,2026-05-03T19:00Z,2026-05-02,Saturday,AMC Factoria 8,Seattle,PT,The Devil Wears Prada 2,9:15pm,142705716,0,,Laser at AMC,154,88,66,57.1,,https://www.amctheatres.com/showtimes/142705716/seats,Laser at AMC @ 9:15pm (saved link)
2026-05-01,20260503-114743-22c625,2026-05-03T19:29:05.538271+00:00,2026-05-03T19:00Z,2026-05-02,Saturday,AMC Factoria 8,Seattle,PT,The Devil Wears Prada 2,8:00pm,142705774,0,,Laser at AMC,126,80,46,63.5,,https://www.amctheatres.com/showtimes/142705774/seats,Laser at AMC @ 8:00pm (saved link)
2026-05-01,20260503-114743-22c625,2026-05-03T19:29:05.538271+00:00,2026-05-03T19:00Z,2026-05-02,Saturday,AMC Factoria 8,Seattle,PT,The Devil Wears Prada 2,7:00pm,141508273,0,,Laser at AMC,278,192,86,69.1,,https://www.amctheatres.com/showtimes/141508273/seats,Laser at AMC @ 7:00pm (saved link)
2026-05-01,20260503-114743-22c625,2026-05-03T19:29:05.538271+00:00,2026-05-03T19:00Z,2026-05-02,Saturday,AMC Factoria 8,Seattle,PT,The Devil Wears Prada 2,6:15pm,142705717,0,,Laser at AMC,154,113,41,73.4,,https://www.amctheatres.com/showtimes/142705717/seats,Laser at AMC @ 6:15pm (saved link)
2026-05-01,20260503-114743-22c625,2026-05-03T19:29:36.416009+00:00,2026-05-03T19:00Z,2026-05-02,Saturday,AMC Kent Station 14,Seattle,PT,The Devil Wears Prada 2,9:30pm,141387698,0,,Dolby Cinema at AMC,146,46,100,31.5,,https://www.amctheatres.com/showtimes/141387698/seats,Dolby Cinema at AMC @ 9:30pm (saved link)
2026-05-01,20260503-114743-22c625,2026-05-03T19:29:36.416009+00:00,2026-05-03T19:00Z,2026-05-02,Saturday,AMC Kent Station 14,Seattle,PT,The Devil Wears Prada 2,6:45pm,141387697,0,,Dolby Cinema at AMC,146,97,49,66.4,,https://www.amctheatres.com/showtimes/141387697/seats,Dolby Cinema at AMC @ 6:45pm (saved link)
2026-05-01,20260503-114743-22c625,2026-05-03T19:29:36.416009+00:00,2026-05-03T19:00Z,2026-05-02,Saturday,AMC Kent Station 14,Seattle,PT,The Devil Wears Prada 2,10:00pm,142721548,0,,Laser at AMC,89,11,78,12.4,,https://www.amctheatres.com/showtimes/142721548/seats,Laser at AMC @ 10:00pm (saved link)
2026-05-01,20260503-114743-22c625,2026-05-03T19:29:36.416009+00:00,2026-05-03T19:00Z,2026-05-02,Saturday,AMC Kent Station 14,Seattle,PT,The Devil Wears Prada 2,8:30pm,141387719,0,,Laser at AMC,123,61,62,49.6,,https://www.amctheatres.com/showtimes/141387719/seats,Laser at AMC @ 8:30pm (saved link)
2026-05-01,20260503-114743-22c625,2026-05-03T19:29:36.416009+00:00,2026-05-03T19:00Z,2026-05-02,Saturday,AMC Kent Station 14,Seattle,PT,The Devil Wears Prada 2,7:45pm,142721575,0,,Laser at AMC,76,34,42,44.7,,https://www.amctheatres.com/showtimes/142721575/seats,Laser at AMC @ 7:45pm (saved link)
2026-05-01,20260503-114743-22c625,2026-05-03T19:29:36.416009+00:00,2026-05-03T19:00Z,2026-05-02,Saturday,AMC Kent Station 14,Seattle,PT,The Devil Wears Prada 2,7:15pm,142721552,0,,Laser at AMC,89,55,34,61.8,,https://www.amctheatres.com/showtimes/142721552/seats,Laser at AMC @ 7:15pm (saved link)
2026-05-01,20260503-114743-22c625,2026-05-03T19:29:36.416009+00:00,2026-05-03T19:00Z,2026-05-02,Saturday,AMC Kent Station 14,Seattle,PT,The Devil Wears Prada 2,5:45pm,141387718,0,,Laser at AMC,123,47,76,38.2,,https://www.amctheatres.com/showtimes/141387718/seats,Laser at AMC @ 5:45pm (saved link)
2026-05-01,20260503-114743-22c625,2026-05-03T19:29:36.416009+00:00,2026-05-03T19:00Z,2026-05-02,Saturday,AMC Kent Station 14,Seattle,PT,Animal Farm,7:40pm,141104553,0,,Laser at AMC,44,20,24,45.5,,https://www.amctheatres.com/showtimes/141104553/seats,Laser at AMC @ 7:40pm (saved link)
2026-05-01,20260503-114743-22c625,2026-05-03T19:30:16.325112+00:00,2026-05-03T19:00Z,2026-05-02,Saturday,AMC Pacific Place 11,Seattle,PT,The Devil Wears Prada 2,10:30pm,141499742,0,,undefined,290,22,268,7.6,,https://www.amctheatres.com/showtimes/141499742/seats,undefined @ 10:30pm (saved link)
2026-05-01,20260503-114743-22c625,2026-05-03T19:30:16.325112+00:00,2026-05-03T19:00Z,2026-05-02,Saturday,AMC Pacific Place 11,Seattle,PT,The Devil Wears Prada 2,9:30pm,142689924,0,,undefined,290,61,229,21,,https://www.amctheatres.com/showtimes/142689924/seats,undefined @ 9:30pm (saved link)
2026-05-01,20260503-114743-22c625,2026-05-03T19:30:16.325112+00:00,2026-05-03T19:00Z,2026-05-02,Saturday,AMC Pacific Place 11,Seattle,PT,The Devil Wears Prada 2,8:30pm,142232880,0,,undefined,412,99,313,24,,https://www.amctheatres.com/showtimes/142232880/seats,undefined @ 8:30pm (saved link)
2026-05-01,20260503-114743-22c625,2026-05-03T19:30:16.325112+00:00,2026-05-03T19:00Z,2026-05-02,Saturday,AMC Pacific Place 11,Seattle,PT,The Devil Wears Prada 2,7:15pm,141499727,0,,undefined,590,157,433,26.6,,https://www.amctheatres.com/showtimes/141499727/seats,undefined @ 7:15pm (saved link)
2026-05-01,20260503-114743-22c625,2026-05-03T19:30:16.325112+00:00,2026-05-03T19:00Z,2026-05-02,Saturday,AMC Pacific Place 11,Seattle,PT,The Devil Wears Prada 2,6:30pm,142689923,0,,undefined,290,93,197,32.1,,https://www.amctheatres.com/showtimes/142689923/seats,undefined @ 6:30pm (saved link)
2026-05-01,20260503-114743-22c625,2026-05-03T19:30:46.436416+00:00,2026-05-03T19:00Z,2026-05-02,Saturday,AMC Southcenter 16,Seattle,PT,The Devil Wears Prada 2,10:15pm,141485364,0,,Dolby Cinema at AMC,147,45,102,30.6,,https://www.amctheatres.com/showtimes/141485364/seats,Dolby Cinema at AMC @ 10:15pm (saved link)
2026-05-01,20260503-114743-22c625,2026-05-03T19:30:46.436416+00:00,2026-05-03T19:00Z,2026-05-02,Saturday,AMC Southcenter 16,Seattle,PT,The Devil Wears Prada 2,7:15pm,141485363,0,,Dolby Cinema at AMC,147,117,30,79.6,,https://www.amctheatres.com/showtimes/141485363/seats,Dolby Cinema at AMC @ 7:15pm (saved link)
2026-05-01,20260503-114743-22c625,2026-05-03T19:30:46.436416+00:00,2026-05-03T19:00Z,2026-05-02,Saturday,AMC Southcenter 16,Seattle,PT,The Devil Wears Prada 2,9:45pm,142775297,0,,XL at AMC,285,14,271,4.9,,https://www.amctheatres.com/showtimes/142775297/seats,XL at AMC @ 9:45pm (saved link)
2026-05-01,20260503-114743-22c625,2026-05-03T19:30:46.436416+00:00,2026-05-03T19:00Z,2026-05-02,Saturday,AMC Southcenter 16,Seattle,PT,The Devil Wears Prada 2,10:45pm,142775312,0,,Laser at AMC,210,18,192,8.6,,https://www.amctheatres.com/showtimes/142775312/seats,Laser at AMC @ 10:45pm (saved link)
2026-05-01,20260503-114743-22c625,2026-05-03T19:30:46.436416+00:00,2026-05-03T19:00Z,2026-05-02,Saturday,AMC Southcenter 16,Seattle,PT,The Devil Wears Prada 2,8:45pm,141485394,0,,Laser at AMC,285,55,230,19.3,,https://www.amctheatres.com/showtimes/141485394/seats,Laser at AMC @ 8:45pm (saved link)
2026-05-01,20260503-114743-22c625,2026-05-03T19:30:46.436416+00:00,2026-05-03T19:00Z,2026-05-02,Saturday,AMC Southcenter 16,Seattle,PT,The Devil Wears Prada 2,7:45pm,142775311,0,,Laser at AMC,210,90,120,42.9,,https://www.amctheatres.com/showtimes/142775311/seats,Laser at AMC @ 7:45pm (saved link)
2026-05-01,20260503-114743-22c625,2026-05-03T19:30:46.436416+00:00,2026-05-03T19:00Z,2026-05-02,Saturday,AMC Southcenter 16,Seattle,PT,The Devil Wears Prada 2,5:45pm,141485393,0,,Laser at AMC,285,44,241,15.4,,https://www.amctheatres.com/showtimes/141485393/seats,Laser at AMC @ 5:45pm (saved link)
2026-05-01,20260503-114743-22c625,2026-05-03T19:30:46.436416+00:00,2026-05-03T19:00Z,2026-05-02,Saturday,AMC Southcenter 16,Seattle,PT,Animal Farm,8:45pm,141230208,0,,Laser at AMC,134,19,115,14.2,,https://www.amctheatres.com/showtimes/141230208/seats,Laser at AMC @ 8:45pm (saved link)
2026-05-01,20260503-114743-22c625,2026-05-03T19:30:46.436416+00:00,2026-05-03T19:00Z,2026-05-02,Saturday,AMC Southcenter 16,Seattle,PT,Animal Farm,6:00pm,141230207,0,,Laser at AMC,134,23,111,17.2,,https://www.amctheatres.com/showtimes/141230207/seats,Laser at AMC @ 6:00pm (saved link)
2026-05-01,20260503-114743-22c625,2026-05-03T19:31:29.683462+00:00,2026-05-03T19:00Z,2026-05-02,Saturday,AMC Woodinville 12,Seattle,PT,The Devil Wears Prada 2,10:00pm,141326054,0,,Dolby Cinema at AMC,125,73,52,58.4,,https://www.amctheatres.com/showtimes/141326054/seats,Dolby Cinema at AMC @ 10:00pm (saved link)
2026-05-01,20260503-114743-22c625,2026-05-03T19:31:29.683462+00:00,2026-05-03T19:00Z,2026-05-02,Saturday,AMC Woodinville 12,Seattle,PT,The Devil Wears Prada 2,7:00pm,141326055,0,,Dolby Cinema at AMC,125,95,30,76,,https://www.amctheatres.com/showtimes/141326055/seats,Dolby Cinema at AMC @ 7:00pm (saved link)
2026-05-01,20260503-114743-22c625,2026-05-03T19:31:29.683462+00:00,2026-05-03T19:00Z,2026-05-02,Saturday,AMC Woodinville 12,Seattle,PT,The Devil Wears Prada 2,10:45pm,142684670,0,,Laser at AMC,94,4,90,4.3,,https://www.amctheatres.com/showtimes/142684670/seats,Laser at AMC @ 10:45pm (saved link)
2026-05-01,20260503-114743-22c625,2026-05-03T19:31:29.683462+00:00,2026-05-03T19:00Z,2026-05-02,Saturday,AMC Woodinville 12,Seattle,PT,The Devil Wears Prada 2,9:15pm,142684658,0,,Laser at AMC,67,36,31,53.7,,https://www.amctheatres.com/showtimes/142684658/seats,Laser at AMC @ 9:15pm (saved link)
2026-05-01,20260503-114743-22c625,2026-05-03T19:31:29.683462+00:00,2026-05-03T19:00Z,2026-05-02,Saturday,AMC Woodinville 12,Seattle,PT,The Devil Wears Prada 2,8:30pm,141326003,0,,Laser at AMC,111,53,58,47.7,,https://www.amctheatres.com/showtimes/141326003/seats,Laser at AMC @ 8:30pm (saved link)
2026-05-01,20260503-114743-22c625,2026-05-03T19:31:29.683462+00:00,2026-05-03T19:00Z,2026-05-02,Saturday,AMC Woodinville 12,Seattle,PT,The Devil Wears Prada 2,7:45pm,142667855,0,,Laser at AMC,94,67,27,71.3,,https://www.amctheatres.com/showtimes/142667855/seats,Laser at AMC @ 7:45pm (saved link)
2026-05-01,20260503-114743-22c625,2026-05-03T19:31:29.683462+00:00,2026-05-03T19:00Z,2026-05-02,Saturday,AMC Woodinville 12,Seattle,PT,The Devil Wears Prada 2,7:30pm,142838848,0,,Laser at AMC,47,32,15,68.1,,https://www.amctheatres.com/showtimes/142838848/seats,Laser at AMC @ 7:30pm (saved link)
2026-05-01,20260503-114743-22c625,2026-05-03T19:31:29.683462+00:00,2026-05-03T19:00Z,2026-05-02,Saturday,AMC Woodinville 12,Seattle,PT,The Devil Wears Prada 2,6:15pm,142684663,0,,Laser at AMC,67,46,21,68.7,,https://www.amctheatres.com/showtimes/142684663/seats,Laser at AMC @ 6:15pm (saved link)
2026-05-01,20260503-114743-22c625,2026-05-03T19:31:29.683462+00:00,2026-05-03T19:00Z,2026-05-02,Saturday,AMC Woodinville 12,Seattle,PT,Animal Farm,7:00pm,141115845,0,,Laser at AMC,111,29,82,26.1,,https://www.amctheatres.com/showtimes/141115845/seats,Laser at AMC @ 7:00pm (saved link)
2026-05-01,20260503-114743-22c625,2026-05-03T19:32:11.628843+00:00,2026-05-03T19:00Z,2026-05-02,Saturday,AMC Atlantic Times Square 14,Los Angeles,PT,The Devil Wears Prada 2,11:00pm,142717041,0,,undefined,292,29,263,9.9,,https://www.amctheatres.com/showtimes/142717041/seats,undefined @ 11:00pm (saved link); cohort=expansion
2026-05-01,20260503-114743-22c625,2026-05-03T19:32:11.628843+00:00,2026-05-03T19:00Z,2026-05-02,Saturday,AMC Atlantic Times Square 14,Los Angeles,PT,The Devil Wears Prada 2,10:00pm,141381875,0,,undefined,370,31,339,8.4,,https://www.amctheatres.com/showtimes/141381875/seats,undefined @ 10:00pm (saved link); cohort=expansion
2026-05-01,20260503-114743-22c625,2026-05-03T19:32:11.628843+00:00,2026-05-03T19:00Z,2026-05-02,Saturday,AMC Atlantic Times Square 14,Los Angeles,PT,The Devil Wears Prada 2,9:00pm,142722902,0,,undefined,116,68,48,58.6,,https://www.amctheatres.com/showtimes/142722902/seats,undefined @ 9:00pm (saved link); cohort=expansion
2026-05-01,20260503-114743-22c625,2026-05-03T19:32:11.628843+00:00,2026-05-03T19:00Z,2026-05-02,Saturday,AMC Atlantic Times Square 14,Los Angeles,PT,The Devil Wears Prada 2,8:00pm,142717040,0,,undefined,292,92,200,31.5,,https://www.amctheatres.com/showtimes/142717040/seats,undefined @ 8:00pm (saved link); cohort=expansion
2026-05-01,20260503-114743-22c625,2026-05-03T19:32:11.628843+00:00,2026-05-03T19:00Z,2026-05-02,Saturday,AMC Atlantic Times Square 14,Los Angeles,PT,The Devil Wears Prada 2,7:30pm,142722936,0,,English Spoken with Spanish Subtitles,116,40,76,34.5,,https://www.amctheatres.com/showtimes/142722936/seats,English Spoken with Spanish Subtitles @ 7:30pm (saved link); cohort=expansion
2026-05-01,20260503-114743-22c625,2026-05-03T19:32:11.628843+00:00,2026-05-03T19:00Z,2026-05-02,Saturday,AMC Atlantic Times Square 14,Los Angeles,PT,The Devil Wears Prada 2,7:00pm,141381874,0,,undefined,370,79,291,21.4,,https://www.amctheatres.com/showtimes/141381874/seats,undefined @ 7:00pm (saved link); cohort=expansion
2026-05-01,20260503-114743-22c625,2026-05-03T19:32:11.628843+00:00,2026-05-03T19:00Z,2026-05-02,Saturday,AMC Atlantic Times Square 14,Los Angeles,PT,The Devil Wears Prada 2,6:00pm,142722916,0,,undefined,116,59,57,50.9,,https://www.amctheatres.com/showtimes/142722916/seats,undefined @ 6:00pm (saved link); cohort=expansion
2026-05-01,20260503-114743-22c625,2026-05-03T19:32:11.628843+00:00,2026-05-03T19:00Z,2026-05-02,Saturday,AMC Atlantic Times Square 14,Los Angeles,PT,Animal Farm,8:15pm,142722867,0,,undefined,370,30,340,8.1,,https://www.amctheatres.com/showtimes/142722867/seats,undefined @ 8:15pm (saved link); cohort=expansion
2026-05-01,20260503-114743-22c625,2026-05-03T19:32:48.859669+00:00,2026-05-03T19:00Z,2026-05-02,Saturday,AMC Burbank Town Center 6,Los Angeles,PT,The Devil Wears Prada 2,10:30pm,141499233,0,,Laser at AMC,91,40,51,44,,https://www.amctheatres.com/showtimes/141499233/seats,Laser at AMC @ 10:30pm (saved link); cohort=expansion
2026-05-01,20260503-114743-22c625,2026-05-03T19:32:48.859669+00:00,2026-05-03T19:00Z,2026-05-02,Saturday,AMC Burbank Town Center 6,Los Angeles,PT,The Devil Wears Prada 2,10:00pm,142795539,0,,Laser at AMC,94,51,43,54.3,,https://www.amctheatres.com/showtimes/142795539/seats,Laser at AMC @ 10:00pm (saved link); cohort=expansion
2026-05-01,20260503-114743-22c625,2026-05-03T19:32:48.859669+00:00,2026-05-03T19:00Z,2026-05-02,Saturday,AMC Burbank Town Center 6,Los Angeles,PT,The Devil Wears Prada 2,9:00pm,141499202,0,,Laser at AMC,92,63,29,68.5,,https://www.amctheatres.com/showtimes/141499202/seats,Laser at AMC @ 9:00pm (saved link); cohort=expansion
2026-05-01,20260503-114743-22c625,2026-05-03T19:32:48.859669+00:00,2026-05-03T19:00Z,2026-05-02,Saturday,AMC Burbank Town Center 6,Los Angeles,PT,The Devil Wears Prada 2,7:30pm,141499236,0,,Laser at AMC,91,61,30,67,,https://www.amctheatres.com/showtimes/141499236/seats,Laser at AMC @ 7:30pm (saved link); cohort=expansion
2026-05-01,20260503-114743-22c625,2026-05-03T19:32:48.859669+00:00,2026-05-03T19:00Z,2026-05-02,Saturday,AMC Burbank Town Center 6,Los Angeles,PT,The Devil Wears Prada 2,7:05pm,142795538,0,,Laser at AMC,94,61,33,64.9,,https://www.amctheatres.com/showtimes/142795538/seats,Laser at AMC @ 7:05pm (saved link); cohort=expansion
2026-05-01,20260503-114743-22c625,2026-05-03T19:32:48.859669+00:00,2026-05-03T19:00Z,2026-05-02,Saturday,AMC Burbank Town Center 6,Los Angeles,PT,The Devil Wears Prada 2,6:00pm,141499199,0,,Laser at AMC,92,68,24,73.9,,https://www.amctheatres.com/showtimes/141499199/seats,Laser at AMC @ 6:00pm (saved link); cohort=expansion
2026-05-01,20260503-114743-22c625,2026-05-03T19:33:21.606409+00:00,2026-05-03T19:00Z,2026-05-02,Saturday,AMC Covina 17,Los Angeles,PT,The Devil Wears Prada 2,10:30pm,141470917,0,,XL at AMC,425,21,404,4.9,,https://www.amctheatres.com/showtimes/141470917/seats,XL at AMC @ 10:30pm (saved link); cohort=expansion
2026-05-01,20260503-114743-22c625,2026-05-03T19:33:21.606409+00:00,2026-05-03T19:00Z,2026-05-02,Saturday,AMC Covina 17,Los Angeles,PT,The Devil Wears Prada 2,8:30pm,142839699,0,,XL at AMC,322,48,274,14.9,,https://www.amctheatres.com/showtimes/142839699/seats,XL at AMC @ 8:30pm (saved link); cohort=expansion
2026-05-01,20260503-114743-22c625,2026-05-03T19:33:21.606409+00:00,2026-05-03T19:00Z,2026-05-02,Saturday,AMC Covina 17,Los Angeles,PT,The Devil Wears Prada 2,7:30pm,141470916,0,,XL at AMC,425,82,343,19.3,,https://www.amctheatres.com/showtimes/141470916/seats,XL at AMC @ 7:30pm (saved link); cohort=expansion
2026-05-01,20260503-114743-22c625,2026-05-03T19:33:21.606409+00:00,2026-05-03T19:00Z,2026-05-02,Saturday,AMC Covina 17,Los Angeles,PT,The Devil Wears Prada 2,9:45pm,142687228,0,,Laser at AMC,249,7,242,2.8,,https://www.amctheatres.com/showtimes/142687228/seats,Laser at AMC @ 9:45pm (saved link); cohort=expansion
2026-05-01,20260503-114743-22c625,2026-05-03T19:33:21.606409+00:00,2026-05-03T19:00Z,2026-05-02,Saturday,AMC Covina 17,Los Angeles,PT,The Devil Wears Prada 2,9:00pm,141389100,0,,Laser at AMC,325,6,319,1.8,,https://www.amctheatres.com/showtimes/141389100/seats,Laser at AMC @ 9:00pm (saved link); cohort=expansion
2026-05-01,20260503-114743-22c625,2026-05-03T19:33:21.606409+00:00,2026-05-03T19:00Z,2026-05-02,Saturday,AMC Covina 17,Los Angeles,PT,The Devil Wears Prada 2,8:15pm,142687234,0,,Laser at AMC,190,21,169,11.1,,https://www.amctheatres.com/showtimes/142687234/seats,Laser at AMC @ 8:15pm (saved link); cohort=expansion
2026-05-01,20260503-114743-22c625,2026-05-03T19:33:21.606409+00:00,2026-05-03T19:00Z,2026-05-02,Saturday,AMC Covina 17,Los Angeles,PT,The Devil Wears Prada 2,6:45pm,142687227,0,,Laser at AMC,249,40,209,16.1,,https://www.amctheatres.com/showtimes/142687227/seats,Laser at AMC @ 6:45pm (saved link); cohort=expansion
2026-05-01,20260503-114743-22c625,2026-05-03T19:33:21.606409+00:00,2026-05-03T19:00Z,2026-05-02,Saturday,AMC Covina 17,Los Angeles,PT,The Devil Wears Prada 2,6:00pm,141389099,0,,Laser at AMC,325,13,312,4,,https://www.amctheatres.com/showtimes/141389099/seats,Laser at AMC @ 6:00pm (saved link); cohort=expansion
2026-05-01,20260503-114743-22c625,2026-05-03T19:33:21.606409+00:00,2026-05-03T19:00Z,2026-05-02,Saturday,AMC Covina 17,Los Angeles,PT,Animal Farm,7:30pm,141096305,0,,Laser at AMC,128,5,123,3.9,,https://www.amctheatres.com/showtimes/141096305/seats,Laser at AMC @ 7:30pm (saved link); cohort=expansion
2026-05-01,20260503-114743-22c625,2026-05-03T19:34:04.491449+00:00,2026-05-03T19:00Z,2026-05-02,Saturday,AMC Del Amo 18,Los Angeles,PT,The Devil Wears Prada 2,10:30pm,141504280,0,,Dolby Cinema at AMC,168,45,123,26.8,,https://www.amctheatres.com/showtimes/141504280/seats,Dolby Cinema at AMC @ 10:30pm (saved link); cohort=expansion
2026-05-01,20260503-114743-22c625,2026-05-03T19:34:04.491449+00:00,2026-05-03T19:00Z,2026-05-02,Saturday,AMC Del Amo 18,Los Angeles,PT,The Devil Wears Prada 2,7:20pm,141504279,0,,Dolby Cinema at AMC,168,123,45,73.2,,https://www.amctheatres.com/showtimes/141504279/seats,Dolby Cinema at AMC @ 7:20pm (saved link); cohort=expansion
2026-05-01,20260503-114743-22c625,2026-05-03T19:34:04.491449+00:00,2026-05-03T19:00Z,2026-05-02,Saturday,AMC Del Amo 18,Los Angeles,PT,The Devil Wears Prada 2,8:30pm,141504309,0,,XL at AMC,289,133,156,46,,https://www.amctheatres.com/showtimes/141504309/seats,XL at AMC @ 8:30pm (saved link); cohort=expansion
2026-05-01,20260503-114743-22c625,2026-05-03T19:34:04.491449+00:00,2026-05-03T19:00Z,2026-05-02,Saturday,AMC Del Amo 18,Los Angeles,PT,The Devil Wears Prada 2,11:00pm,142782491,0,,Laser at AMC,160,7,153,4.4,,https://www.amctheatres.com/showtimes/142782491/seats,Laser at AMC @ 11:00pm (saved link); cohort=expansion
2026-05-01,20260503-114743-22c625,2026-05-03T19:34:04.491449+00:00,2026-05-03T19:00Z,2026-05-02,Saturday,AMC Del Amo 18,Los Angeles,PT,The Devil Wears Prada 2,9:45pm,141504204,0,,Laser at AMC,230,19,211,8.3,,https://www.amctheatres.com/showtimes/141504204/seats,Laser at AMC @ 9:45pm (saved link); cohort=expansion
2026-05-01,20260503-114743-22c625,2026-05-03T19:34:04.491449+00:00,2026-05-03T19:00Z,2026-05-02,Saturday,AMC Del Amo 18,Los Angeles,PT,The Devil Wears Prada 2,9:00pm,142782607,0,,Laser at AMC,110,32,78,29.1,,https://www.amctheatres.com/showtimes/142782607/seats,Laser at AMC @ 9:00pm (saved link); cohort=expansion
2026-05-01,20260503-114743-22c625,2026-05-03T19:34:04.491449+00:00,2026-05-03T19:00Z,2026-05-02,Saturday,AMC Del Amo 18,Los Angeles,PT,The Devil Wears Prada 2,7:50pm,142782490,0,,Laser at AMC,160,87,73,54.4,,https://www.amctheatres.com/showtimes/142782490/seats,Laser at AMC @ 7:50pm (saved link); cohort=expansion
2026-05-01,20260503-114743-22c625,2026-05-03T19:34:04.491449+00:00,2026-05-03T19:00Z,2026-05-02,Saturday,AMC Del Amo 18,Los Angeles,PT,The Devil Wears Prada 2,6:30pm,141504203,0,,Laser at AMC,230,111,119,48.3,,https://www.amctheatres.com/showtimes/141504203/seats,Laser at AMC @ 6:30pm (saved link); cohort=expansion
2026-05-01,20260503-114743-22c625,2026-05-03T19:34:04.491449+00:00,2026-05-03T19:00Z,2026-05-02,Saturday,AMC Del Amo 18,Los Angeles,PT,Animal Farm,6:15pm,141250766,0,,Laser at AMC,110,17,93,15.5,,https://www.amctheatres.com/showtimes/141250766/seats,Laser at AMC @ 6:15pm (saved link); cohort=expansion
2026-05-01,20260503-114743-22c625,2026-05-03T19:34:45.713099+00:00,2026-05-03T19:00Z,2026-05-02,Saturday,AMC Glendora 12 @ 210/57,Los Angeles,PT,The Devil Wears Prada 2,10:00pm,141503989,0,,Dolby Cinema at AMC,143,45,98,31.5,,https://www.amctheatres.com/showtimes/141503989/seats,Dolby Cinema at AMC @ 10:00pm (saved link); cohort=expansion
2026-05-01,20260503-114743-22c625,2026-05-03T19:34:45.713099+00:00,2026-05-03T19:00Z,2026-05-02,Saturday,AMC Glendora 12 @ 210/57,Los Angeles,PT,The Devil Wears Prada 2,7:00pm,141503988,0,,Dolby Cinema at AMC,143,115,28,80.4,,https://www.amctheatres.com/showtimes/141503988/seats,Dolby Cinema at AMC @ 7:00pm (saved link); cohort=expansion
2026-05-01,20260503-114743-22c625,2026-05-03T19:34:45.713099+00:00,2026-05-03T19:00Z,2026-05-02,Saturday,AMC Glendora 12 @ 210/57,Los Angeles,PT,The Devil Wears Prada 2,11:00pm,141503979,0,,Laser at AMC,203,4,199,2,,https://www.amctheatres.com/showtimes/141503979/seats,Laser at AMC @ 11:00pm (saved link); cohort=expansion
2026-05-01,20260503-114743-22c625,2026-05-03T19:34:45.713099+00:00,2026-05-03T19:00Z,2026-05-02,Saturday,AMC Glendora 12 @ 210/57,Los Angeles,PT,The Devil Wears Prada 2,9:00pm,142684410,0,,Laser at AMC,203,30,173,14.8,,https://www.amctheatres.com/showtimes/142684410/seats,Laser at AMC @ 9:00pm (saved link); cohort=expansion
2026-05-01,20260503-114743-22c625,2026-05-03T19:34:45.713099+00:00,2026-05-03T19:00Z,2026-05-02,Saturday,AMC Glendora 12 @ 210/57,Los Angeles,PT,The Devil Wears Prada 2,8:30pm,142684383,0,,Laser at AMC,156,29,127,18.6,,https://www.amctheatres.com/showtimes/142684383/seats,Laser at AMC @ 8:30pm (saved link); cohort=expansion
2026-05-01,20260503-114743-22c625,2026-05-03T19:34:45.713099+00:00,2026-05-03T19:00Z,2026-05-02,Saturday,AMC Glendora 12 @ 210/57,Los Angeles,PT,The Devil Wears Prada 2,8:00pm,141503978,0,,Laser at AMC,203,78,125,38.4,,https://www.amctheatres.com/showtimes/141503978/seats,Laser at AMC @ 8:00pm (saved link); cohort=expansion
2026-05-01,20260503-114743-22c625,2026-05-03T19:34:45.713099+00:00,2026-05-03T19:00Z,2026-05-02,Saturday,AMC Glendora 12 @ 210/57,Los Angeles,PT,The Devil Wears Prada 2,6:00pm,142684409,0,,Laser at AMC,203,56,147,27.6,,https://www.amctheatres.com/showtimes/142684409/seats,Laser at AMC @ 6:00pm (saved link); cohort=expansion
2026-05-01,20260503-114743-22c625,2026-05-03T19:34:45.713099+00:00,2026-05-03T19:00Z,2026-05-02,Saturday,AMC Glendora 12 @ 210/57,Los Angeles,PT,Animal Farm,6:30pm,141880192,0,,Laser at AMC,94,8,86,8.5,,https://www.amctheatres.com/showtimes/141880192/seats,Laser at AMC @ 6:30pm (saved link); cohort=expansion
2026-05-01,20260503-114743-22c625,2026-05-03T19:35:26.333596+00:00,2026-05-03T19:00Z,2026-05-02,Saturday,AMC Marina Marketplace 6,Los Angeles,PT,The Devil Wears Prada 2,10:00pm,141361670,0,,undefined,204,43,161,21.1,,https://www.amctheatres.com/showtimes/141361670/seats,undefined @ 10:00pm (saved link); cohort=expansion
2026-05-01,20260503-114743-22c625,2026-05-03T19:35:26.333596+00:00,2026-05-03T19:00Z,2026-05-02,Saturday,AMC Marina Marketplace 6,Los Angeles,PT,The Devil Wears Prada 2,7:00pm,141361669,0,,undefined,204,165,39,80.9,,https://www.amctheatres.com/showtimes/141361669/seats,undefined @ 7:00pm (saved link); cohort=expansion
2026-05-01,20260503-114743-22c625,2026-05-03T19:35:26.333596+00:00,2026-05-03T19:00Z,2026-05-02,Saturday,AMC Marina Marketplace 6,Los Angeles,PT,The Devil Wears Prada 2,6:00pm,142702106,0,,undefined,100,81,19,81,,https://www.amctheatres.com/showtimes/142702106/seats,undefined @ 6:00pm (saved link); cohort=expansion
2026-05-01,20260503-114743-22c625,2026-05-03T19:35:49.933349+00:00,2026-05-03T19:00Z,2026-05-02,Saturday,AMC Montclair Place 12,Los Angeles,PT,The Devil Wears Prada 2,9:15pm,141507927,0,,Dolby Cinema at AMC,150,96,54,64,,https://www.amctheatres.com/showtimes/141507927/seats,Dolby Cinema at AMC @ 9:15pm (saved link); cohort=expansion
2026-05-01,20260503-114743-22c625,2026-05-03T19:35:49.933349+00:00,2026-05-03T19:00Z,2026-05-02,Saturday,AMC Montclair Place 12,Los Angeles,PT,The Devil Wears Prada 2,6:00pm,141507926,0,,Dolby Cinema at AMC,150,113,37,75.3,,https://www.amctheatres.com/showtimes/141507926/seats,Dolby Cinema at AMC @ 6:00pm (saved link); cohort=expansion
2026-05-01,20260503-114743-22c625,2026-05-03T19:35:49.933349+00:00,2026-05-03T19:00Z,2026-05-02,Saturday,AMC Montclair Place 12,Los Angeles,PT,The Devil Wears Prada 2,11:00pm,142724631,0,,Laser at AMC,119,27,92,22.7,,https://www.amctheatres.com/showtimes/142724631/seats,Laser at AMC @ 11:00pm (saved link); cohort=expansion
2026-05-01,20260503-114743-22c625,2026-05-03T19:35:49.933349+00:00,2026-05-03T19:00Z,2026-05-02,Saturday,AMC Montclair Place 12,Los Angeles,PT,The Devil Wears Prada 2,10:30pm,141490280,0,,Laser at AMC,122,30,92,24.6,,https://www.amctheatres.com/showtimes/141490280/seats,Laser at AMC @ 10:30pm (saved link); cohort=expansion
2026-05-01,20260503-114743-22c625,2026-05-03T19:35:49.933349+00:00,2026-05-03T19:00Z,2026-05-02,Saturday,AMC Montclair Place 12,Los Angeles,PT,The Devil Wears Prada 2,10:00pm,142724628,0,,Laser at AMC,116,55,61,47.4,,https://www.amctheatres.com/showtimes/142724628/seats,Laser at AMC @ 10:00pm (saved link); cohort=expansion
2026-05-01,20260503-114743-22c625,2026-05-03T19:35:49.933349+00:00,2026-05-03T19:00Z,2026-05-02,Saturday,AMC Montclair Place 12,Los Angeles,PT,The Devil Wears Prada 2,8:30pm,142724600,0,,Laser at AMC,86,63,23,73.3,,https://www.amctheatres.com/showtimes/142724600/seats,Laser at AMC @ 8:30pm (saved link); cohort=expansion
2026-05-01,20260503-114743-22c625,2026-05-03T19:35:49.933349+00:00,2026-05-03T19:00Z,2026-05-02,Saturday,AMC Montclair Place 12,Los Angeles,PT,The Devil Wears Prada 2,8:00pm,142724634,0,,Laser at AMC,119,84,35,70.6,,https://www.amctheatres.com/showtimes/142724634/seats,Laser at AMC @ 8:00pm (saved link); cohort=expansion
2026-05-01,20260503-114743-22c625,2026-05-03T19:35:49.933349+00:00,2026-05-03T19:00Z,2026-05-02,Saturday,AMC Montclair Place 12,Los Angeles,PT,The Devil Wears Prada 2,7:15pm,141490258,0,,Laser at AMC,122,86,36,70.5,,https://www.amctheatres.com/showtimes/141490258/seats,Laser at AMC @ 7:15pm (saved link); cohort=expansion
2026-05-01,20260503-114743-22c625,2026-05-03T19:35:49.933349+00:00,2026-05-03T19:00Z,2026-05-02,Saturday,AMC Montclair Place 12,Los Angeles,PT,The Devil Wears Prada 2,6:45pm,142724627,0,,Laser at AMC,116,83,33,71.6,,https://www.amctheatres.com/showtimes/142724627/seats,Laser at AMC @ 6:45pm (saved link); cohort=expansion
2026-05-01,20260503-114743-22c625,2026-05-03T19:36:30.068046+00:00,2026-05-03T19:00Z,2026-05-02,Saturday,AMC Northridge 10,Los Angeles,PT,The Devil Wears Prada 2,10:00pm,141503542,0,,undefined,461,41,420,8.9,,https://www.amctheatres.com/showtimes/141503542/seats,undefined @ 10:00pm (saved link); cohort=expansion
2026-05-01,20260503-114743-22c625,2026-05-03T19:36:30.068046+00:00,2026-05-03T19:00Z,2026-05-02,Saturday,AMC Northridge 10,Los Angeles,PT,The Devil Wears Prada 2,9:00pm,142708823,0,,undefined,461,56,405,12.1,,https://www.amctheatres.com/showtimes/142708823/seats,undefined @ 9:00pm (saved link); cohort=expansion
2026-05-01,20260503-114743-22c625,2026-05-03T19:36:30.068046+00:00,2026-05-03T19:00Z,2026-05-02,Saturday,AMC Northridge 10,Los Angeles,PT,The Devil Wears Prada 2,7:45pm,142846763,0,,undefined,143,83,60,58,,https://www.amctheatres.com/showtimes/142846763/seats,undefined @ 7:45pm (saved link); cohort=expansion
2026-05-01,20260503-114743-22c625,2026-05-03T19:36:30.068046+00:00,2026-05-03T19:00Z,2026-05-02,Saturday,AMC Northridge 10,Los Angeles,PT,The Devil Wears Prada 2,7:00pm,141503541,0,,undefined,461,136,325,29.5,,https://www.amctheatres.com/showtimes/141503541/seats,undefined @ 7:00pm (saved link); cohort=expansion
2026-05-01,20260503-114743-22c625,2026-05-03T19:36:30.068046+00:00,2026-05-03T19:00Z,2026-05-02,Saturday,AMC Northridge 10,Los Angeles,PT,The Devil Wears Prada 2,6:00pm,141503586,0,,English Spoken with Spanish Subtitles,461,27,434,5.9,,https://www.amctheatres.com/showtimes/141503586/seats,English Spoken with Spanish Subtitles @ 6:00pm (saved link); cohort=expansion
2026-05-01,20260503-114743-22c625,2026-05-03T19:36:30.068046+00:00,2026-05-03T19:00Z,2026-05-02,Saturday,AMC Northridge 10,Los Angeles,PT,Animal Farm,6:35pm,141229961,0,,undefined,232,38,194,16.4,,https://www.amctheatres.com/showtimes/141229961/seats,undefined @ 6:35pm (saved link); cohort=expansion
2026-05-01,20260503-114743-22c625,2026-05-03T19:37:03.762872+00:00,2026-05-03T19:00Z,2026-05-02,Saturday,AMC Ontario Mills 30,Los Angeles,PT,The Devil Wears Prada 2,9:45pm,141485869,0,,Dolby Cinema at AMC,191,103,88,53.9,,https://www.amctheatres.com/showtimes/141485869/seats,Dolby Cinema at AMC @ 9:45pm (saved link); cohort=expansion
2026-05-01,20260503-114743-22c625,2026-05-03T19:37:03.762872+00:00,2026-05-03T19:00Z,2026-05-02,Saturday,AMC Ontario Mills 30,Los Angeles,PT,The Devil Wears Prada 2,6:30pm,141485868,0,,Dolby Cinema at AMC,191,140,51,73.3,,https://www.amctheatres.com/showtimes/141485868/seats,Dolby Cinema at AMC @ 6:30pm (saved link); cohort=expansion
2026-05-01,20260503-114743-22c625,2026-05-03T19:37:03.762872+00:00,2026-05-03T19:00Z,2026-05-02,Saturday,AMC Ontario Mills 30,Los Angeles,PT,The Devil Wears Prada 2,10:30pm,141485880,0,,Laser at AMC,202,44,158,21.8,,https://www.amctheatres.com/showtimes/141485880/seats,Laser at AMC @ 10:30pm (saved link); cohort=expansion
2026-05-01,20260503-114743-22c625,2026-05-03T19:37:03.762872+00:00,2026-05-03T19:00Z,2026-05-02,Saturday,AMC Ontario Mills 30,Los Angeles,PT,The Devil Wears Prada 2,9:30pm,142846051,0,,Laser at AMC,40,21,19,52.5,,https://www.amctheatres.com/showtimes/142846051/seats,Laser at AMC @ 9:30pm (saved link); cohort=expansion
2026-05-01,20260503-114743-22c625,2026-05-03T19:37:03.762872+00:00,2026-05-03T19:00Z,2026-05-02,Saturday,AMC Ontario Mills 30,Los Angeles,PT,The Devil Wears Prada 2,9:15pm,142801818,0,,Laser at AMC,103,35,68,34,,https://www.amctheatres.com/showtimes/142801818/seats,Laser at AMC @ 9:15pm (saved link); cohort=expansion
2026-05-01,20260503-114743-22c625,2026-05-03T19:37:03.762872+00:00,2026-05-03T19:00Z,2026-05-02,Saturday,AMC Ontario Mills 30,Los Angeles,PT,The Devil Wears Prada 2,8:45pm,142657445,0,,Laser at AMC,156,110,46,70.5,,https://www.amctheatres.com/showtimes/142657445/seats,Laser at AMC @ 8:45pm (saved link); cohort=expansion
2026-05-01,20260503-114743-22c625,2026-05-03T19:37:03.762872+00:00,2026-05-03T19:00Z,2026-05-02,Saturday,AMC Ontario Mills 30,Los Angeles,PT,The Devil Wears Prada 2,8:00pm,142657465,0,,Laser at AMC,156,116,40,74.4,,https://www.amctheatres.com/showtimes/142657465/seats,Laser at AMC @ 8:00pm (saved link); cohort=expansion
2026-05-01,20260503-114743-22c625,2026-05-03T19:37:03.762872+00:00,2026-05-03T19:00Z,2026-05-02,Saturday,AMC Ontario Mills 30,Los Angeles,PT,The Devil Wears Prada 2,7:45pm,142801759,0,,Laser at AMC,69,53,16,76.8,,https://www.amctheatres.com/showtimes/142801759/seats,Laser at AMC @ 7:45pm (saved link); cohort=expansion
2026-05-01,20260503-114743-22c625,2026-05-03T19:37:03.762872+00:00,2026-05-03T19:00Z,2026-05-02,Saturday,AMC Ontario Mills 30,Los Angeles,PT,The Devil Wears Prada 2,7:30pm,142846050,0,,Laser at AMC,40,24,16,60,,https://www.amctheatres.com/showtimes/142846050/seats,Laser at AMC @ 7:30pm (saved link); cohort=expansion
2026-05-01,20260503-114743-22c625,2026-05-03T19:37:03.762872+00:00,2026-05-03T19:00Z,2026-05-02,Saturday,AMC Ontario Mills 30,Los Angeles,PT,The Devil Wears Prada 2,7:15pm,141485879,0,,Laser at AMC,202,143,59,70.8,,https://www.amctheatres.com/showtimes/141485879/seats,Laser at AMC @ 7:15pm (saved link); cohort=expansion
2026-05-01,20260503-114743-22c625,2026-05-03T19:37:03.762872+00:00,2026-05-03T19:00Z,2026-05-02,Saturday,AMC Ontario Mills 30,Los Angeles,PT,The Devil Wears Prada 2,6:00pm,142801817,0,,Laser at AMC,103,56,47,54.4,,https://www.amctheatres.com/showtimes/142801817/seats,Laser at AMC @ 6:00pm (saved link); cohort=expansion
2026-05-01,20260503-114743-22c625,2026-05-03T19:37:03.762872+00:00,2026-05-03T19:00Z,2026-05-02,Saturday,AMC Ontario Mills 30,Los Angeles,PT,Animal Farm,9:50pm,141267837,0,,Laser at AMC,70,20,50,28.6,,https://www.amctheatres.com/showtimes/141267837/seats,Laser at AMC @ 9:50pm (saved link); cohort=expansion
2026-05-01,20260503-114743-22c625,2026-05-03T19:37:03.762872+00:00,2026-05-03T19:00Z,2026-05-02,Saturday,AMC Ontario Mills 30,Los Angeles,PT,Animal Farm,7:00pm,141267838,0,,Laser at AMC,70,53,17,75.7,,https://www.amctheatres.com/showtimes/141267838/seats,Laser at AMC @ 7:00pm (saved link); cohort=expansion
2026-05-01,20260503-114743-22c625,2026-05-03T19:37:53.466211+00:00,2026-05-03T19:00Z,2026-05-02,Saturday,AMC South Bay Galleria 16,Los Angeles,PT,The Devil Wears Prada 2,10:15pm,141486312,0,,Dolby Cinema at AMC,156,31,125,19.9,,https://www.amctheatres.com/showtimes/141486312/seats,Dolby Cinema at AMC @ 10:15pm (saved link); cohort=expansion
2026-05-01,20260503-114743-22c625,2026-05-03T19:37:53.466211+00:00,2026-05-03T19:00Z,2026-05-02,Saturday,AMC South Bay Galleria 16,Los Angeles,PT,The Devil Wears Prada 2,7:15pm,141486311,0,,Dolby Cinema at AMC,156,124,32,79.5,,https://www.amctheatres.com/showtimes/141486311/seats,Dolby Cinema at AMC @ 7:15pm (saved link); cohort=expansion
2026-05-01,20260503-114743-22c625,2026-05-03T19:37:53.466211+00:00,2026-05-03T19:00Z,2026-05-02,Saturday,AMC South Bay Galleria 16,Los Angeles,PT,The Devil Wears Prada 2,11:00pm,142647186,0,,Laser at AMC,157,6,151,3.8,,https://www.amctheatres.com/showtimes/142647186/seats,Laser at AMC @ 11:00pm (saved link); cohort=expansion
2026-05-01,20260503-114743-22c625,2026-05-03T19:37:53.466211+00:00,2026-05-03T19:00Z,2026-05-02,Saturday,AMC South Bay Galleria 16,Los Angeles,PT,The Devil Wears Prada 2,9:45pm,142697963,0,,Laser at AMC,44,14,30,31.8,,https://www.amctheatres.com/showtimes/142697963/seats,Laser at AMC @ 9:45pm (saved link); cohort=expansion
2026-05-01,20260503-114743-22c625,2026-05-03T19:37:53.466211+00:00,2026-05-03T19:00Z,2026-05-02,Saturday,AMC South Bay Galleria 16,Los Angeles,PT,The Devil Wears Prada 2,9:30pm,142697917,0,,Laser at AMC,112,44,68,39.3,,https://www.amctheatres.com/showtimes/142697917/seats,Laser at AMC @ 9:30pm (saved link); cohort=expansion
2026-05-01,20260503-114743-22c625,2026-05-03T19:37:53.466211+00:00,2026-05-03T19:00Z,2026-05-02,Saturday,AMC South Bay Galleria 16,Los Angeles,PT,The Devil Wears Prada 2,9:00pm,142697844,0,,Laser at AMC,68,35,33,51.5,,https://www.amctheatres.com/showtimes/142697844/seats,Laser at AMC @ 9:00pm (saved link); cohort=expansion
2026-05-01,20260503-114743-22c625,2026-05-03T19:37:53.466211+00:00,2026-05-03T19:00Z,2026-05-02,Saturday,AMC South Bay Galleria 16,Los Angeles,PT,The Devil Wears Prada 2,8:30pm,142697984,0,,Laser at AMC,73,40,33,54.8,,https://www.amctheatres.com/showtimes/142697984/seats,Laser at AMC @ 8:30pm (saved link); cohort=expansion
2026-05-01,20260503-114743-22c625,2026-05-03T19:37:53.466211+00:00,2026-05-03T19:00Z,2026-05-02,Saturday,AMC South Bay Galleria 16,Los Angeles,PT,The Devil Wears Prada 2,8:00pm,142647185,0,,Laser at AMC,157,89,68,56.7,,https://www.amctheatres.com/showtimes/142647185/seats,Laser at AMC @ 8:00pm (saved link); cohort=expansion
2026-05-01,20260503-114743-22c625,2026-05-03T19:37:53.466211+00:00,2026-05-03T19:00Z,2026-05-02,Saturday,AMC South Bay Galleria 16,Los Angeles,PT,The Devil Wears Prada 2,6:45pm,142844299,0,,Laser at AMC,44,33,11,75,,https://www.amctheatres.com/showtimes/142844299/seats,Laser at AMC @ 6:45pm (saved link); cohort=expansion
2026-05-01,20260503-114743-22c625,2026-05-03T19:37:53.466211+00:00,2026-05-03T19:00Z,2026-05-02,Saturday,AMC South Bay Galleria 16,Los Angeles,PT,The Devil Wears Prada 2,6:30pm,142697916,0,,Laser at AMC,112,66,46,58.9,,https://www.amctheatres.com/showtimes/142697916/seats,Laser at AMC @ 6:30pm (saved link); cohort=expansion
2026-05-01,20260503-114743-22c625,2026-05-03T19:37:53.466211+00:00,2026-05-03T19:00Z,2026-05-02,Saturday,AMC South Bay Galleria 16,Los Angeles,PT,The Devil Wears Prada 2,6:00pm,142697845,0,,Laser at AMC,68,38,30,55.9,,https://www.amctheatres.com/showtimes/142697845/seats,Laser at AMC @ 6:00pm (saved link); cohort=expansion
2026-05-01,20260503-114743-22c625,2026-05-03T19:38:38.053431+00:00,2026-05-03T19:00Z,2026-05-02,Saturday,AMC Thousand Oaks 14,Los Angeles,PT,The Devil Wears Prada 2,10:00pm,141419021,0,,Dolby Cinema at AMC,180,39,141,21.7,,https://www.amctheatres.com/showtimes/141419021/seats,Dolby Cinema at AMC @ 10:00pm (saved link); cohort=expansion
2026-05-01,20260503-114743-22c625,2026-05-03T19:38:38.053431+00:00,2026-05-03T19:00Z,2026-05-02,Saturday,AMC Thousand Oaks 14,Los Angeles,PT,The Devil Wears Prada 2,7:00pm,141419020,0,,Dolby Cinema at AMC,180,146,34,81.1,,https://www.amctheatres.com/showtimes/141419020/seats,Dolby Cinema at AMC @ 7:00pm (saved link); cohort=expansion
2026-05-01,20260503-114743-22c625,2026-05-03T19:38:38.053431+00:00,2026-05-03T19:00Z,2026-05-02,Saturday,AMC Thousand Oaks 14,Los Angeles,PT,The Devil Wears Prada 2,10:30pm,142756727,0,,Laser at AMC,84,10,74,11.9,,https://www.amctheatres.com/showtimes/142756727/seats,Laser at AMC @ 10:30pm (saved link); cohort=expansion
2026-05-01,20260503-114743-22c625,2026-05-03T19:38:38.053431+00:00,2026-05-03T19:00Z,2026-05-02,Saturday,AMC Thousand Oaks 14,Los Angeles,PT,The Devil Wears Prada 2,9:45pm,142756841,0,,Laser at AMC,67,15,52,22.4,,https://www.amctheatres.com/showtimes/142756841/seats,Laser at AMC @ 9:45pm (saved link); cohort=expansion
2026-05-01,20260503-114743-22c625,2026-05-03T19:38:38.053431+00:00,2026-05-03T19:00Z,2026-05-02,Saturday,AMC Thousand Oaks 14,Los Angeles,PT,The Devil Wears Prada 2,9:00pm,141419186,0,,Laser at AMC,116,56,60,48.3,,https://www.amctheatres.com/showtimes/141419186/seats,Laser at AMC @ 9:00pm (saved link); cohort=expansion
2026-05-01,20260503-114743-22c625,2026-05-03T19:38:38.053431+00:00,2026-05-03T19:00Z,2026-05-02,Saturday,AMC Thousand Oaks 14,Los Angeles,PT,The Devil Wears Prada 2,8:00pm,142756930,0,,Laser at AMC,106,81,25,76.4,,https://www.amctheatres.com/showtimes/142756930/seats,Laser at AMC @ 8:00pm (saved link); cohort=expansion
2026-05-01,20260503-114743-22c625,2026-05-03T19:38:38.053431+00:00,2026-05-03T19:00Z,2026-05-02,Saturday,AMC Thousand Oaks 14,Los Angeles,PT,The Devil Wears Prada 2,7:30pm,142756726,0,,Laser at AMC,84,58,26,69,,https://www.amctheatres.com/showtimes/142756726/seats,Laser at AMC @ 7:30pm (saved link); cohort=expansion
2026-05-01,20260503-114743-22c625,2026-05-03T19:38:38.053431+00:00,2026-05-03T19:00Z,2026-05-02,Saturday,AMC Thousand Oaks 14,Los Angeles,PT,The Devil Wears Prada 2,6:45pm,142756843,0,,Laser at AMC,67,44,23,65.7,,https://www.amctheatres.com/showtimes/142756843/seats,Laser at AMC @ 6:45pm (saved link); cohort=expansion
2026-05-01,20260503-114743-22c625,2026-05-03T19:38:38.053431+00:00,2026-05-03T19:00Z,2026-05-02,Saturday,AMC Thousand Oaks 14,Los Angeles,PT,The Devil Wears Prada 2,6:30pm,142846198,0,,Laser at AMC,40,21,19,52.5,,https://www.amctheatres.com/showtimes/142846198/seats,Laser at AMC @ 6:30pm (saved link); cohort=expansion
2026-05-01,20260503-114743-22c625,2026-05-03T19:38:38.053431+00:00,2026-05-03T19:00Z,2026-05-02,Saturday,AMC Thousand Oaks 14,Los Angeles,PT,The Devil Wears Prada 2,6:00pm,141419185,0,,Laser at AMC,116,82,34,70.7,,https://www.amctheatres.com/showtimes/141419185/seats,Laser at AMC @ 6:00pm (saved link); cohort=expansion
2026-05-01,20260503-114743-22c625,2026-05-03T19:38:38.053431+00:00,2026-05-03T19:00Z,2026-05-02,Saturday,AMC Thousand Oaks 14,Los Angeles,PT,Animal Farm,6:20pm,141163278,0,,Laser at AMC,89,52,37,58.4,,https://www.amctheatres.com/showtimes/141163278/seats,Laser at AMC @ 6:20pm (saved link); cohort=expansion
2026-05-01,20260503-114743-22c625,2026-05-03T19:39:21.371095+00:00,2026-05-03T19:00Z,2026-05-02,Saturday,AMC Tyler Galleria 16,Los Angeles,PT,The Devil Wears Prada 2,10:00pm,141389528,0,,Dolby Cinema at AMC,140,76,64,54.3,,https://www.amctheatres.com/showtimes/141389528/seats,Dolby Cinema at AMC @ 10:00pm (saved link); cohort=expansion
2026-05-01,20260503-114743-22c625,2026-05-03T19:39:21.371095+00:00,2026-05-03T19:00Z,2026-05-02,Saturday,AMC Tyler Galleria 16,Los Angeles,PT,The Devil Wears Prada 2,7:00pm,141389527,0,,Dolby Cinema at AMC,140,91,49,65,,https://www.amctheatres.com/showtimes/141389527/seats,Dolby Cinema at AMC @ 7:00pm (saved link); cohort=expansion
2026-05-01,20260503-114743-22c625,2026-05-03T19:39:21.371095+00:00,2026-05-03T19:00Z,2026-05-02,Saturday,AMC Tyler Galleria 16,Los Angeles,PT,The Devil Wears Prada 2,10:30pm,141389427,0,,XL at AMC,289,9,280,3.1,,https://www.amctheatres.com/showtimes/141389427/seats,XL at AMC @ 10:30pm (saved link); cohort=expansion
2026-05-01,20260503-114743-22c625,2026-05-03T19:39:21.371095+00:00,2026-05-03T19:00Z,2026-05-02,Saturday,AMC Tyler Galleria 16,Los Angeles,PT,The Devil Wears Prada 2,7:30pm,141389428,0,,XL at AMC,289,102,187,35.3,,https://www.amctheatres.com/showtimes/141389428/seats,XL at AMC @ 7:30pm (saved link); cohort=expansion
2026-05-01,20260503-114743-22c625,2026-05-03T19:39:21.371095+00:00,2026-05-03T19:00Z,2026-05-02,Saturday,AMC Tyler Galleria 16,Los Angeles,PT,The Devil Wears Prada 2,9:30pm,142721903,0,,Laser at AMC,134,19,115,14.2,,https://www.amctheatres.com/showtimes/142721903/seats,Laser at AMC @ 9:30pm (saved link); cohort=expansion
2026-05-01,20260503-114743-22c625,2026-05-03T19:39:21.371095+00:00,2026-05-03T19:00Z,2026-05-02,Saturday,AMC Tyler Galleria 16,Los Angeles,PT,The Devil Wears Prada 2,9:00pm,141389436,0,,Laser at AMC,210,32,178,15.2,,https://www.amctheatres.com/showtimes/141389436/seats,Laser at AMC @ 9:00pm (saved link); cohort=expansion
2026-05-01,20260503-114743-22c625,2026-05-03T19:39:21.371095+00:00,2026-05-03T19:00Z,2026-05-02,Saturday,AMC Tyler Galleria 16,Los Angeles,PT,The Devil Wears Prada 2,8:30pm,142721951,0,,Laser at AMC,160,41,119,25.6,,https://www.amctheatres.com/showtimes/142721951/seats,Laser at AMC @ 8:30pm (saved link); cohort=expansion
2026-05-01,20260503-114743-22c625,2026-05-03T19:39:21.371095+00:00,2026-05-03T19:00Z,2026-05-02,Saturday,AMC Tyler Galleria 16,Los Angeles,PT,The Devil Wears Prada 2,6:00pm,141389437,0,,Laser at AMC,210,24,186,11.4,,https://www.amctheatres.com/showtimes/141389437/seats,Laser at AMC @ 6:00pm (saved link); cohort=expansion
2026-05-01,20260503-114743-22c625,2026-05-03T19:39:21.371095+00:00,2026-05-03T19:00Z,2026-05-02,Saturday,AMC Tyler Galleria 16,Los Angeles,PT,Animal Farm,7:00pm,141106401,0,,Laser at AMC,134,28,106,20.9,,https://www.amctheatres.com/showtimes/141106401/seats,Laser at AMC @ 7:00pm (saved link); cohort=expansion
2026-05-01,20260503-114743-22c625,2026-05-03T19:39:59.217457+00:00,2026-05-03T19:00Z,2026-05-02,Saturday,AMC Woodbridge 5,Los Angeles,PT,The Devil Wears Prada 2,10:30pm,141369189,0,,Laser at AMC,80,1,79,1.3,,https://www.amctheatres.com/showtimes/141369189/seats,Laser at AMC @ 10:30pm (saved link); cohort=expansion
2026-05-01,20260503-114743-22c625,2026-05-03T19:39:59.217457+00:00,2026-05-03T19:00Z,2026-05-02,Saturday,AMC Woodbridge 5,Los Angeles,PT,The Devil Wears Prada 2,10:00pm,142833363,0,,Laser at AMC,70,11,59,15.7,,https://www.amctheatres.com/showtimes/142833363/seats,Laser at AMC @ 10:00pm (saved link); cohort=expansion
2026-05-01,20260503-114743-22c625,2026-05-03T19:39:59.217457+00:00,2026-05-03T19:00Z,2026-05-02,Saturday,AMC Woodbridge 5,Los Angeles,PT,The Devil Wears Prada 2,9:30pm,142674669,0,,Laser at AMC,70,35,35,50,,https://www.amctheatres.com/showtimes/142674669/seats,Laser at AMC @ 9:30pm (saved link); cohort=expansion
2026-05-01,20260503-114743-22c625,2026-05-03T19:39:59.217457+00:00,2026-05-03T19:00Z,2026-05-02,Saturday,AMC Woodbridge 5,Los Angeles,PT,The Devil Wears Prada 2,7:30pm,141369186,0,,Laser at AMC,80,62,18,77.5,,https://www.amctheatres.com/showtimes/141369186/seats,Laser at AMC @ 7:30pm (saved link); cohort=expansion
2026-05-01,20260503-114743-22c625,2026-05-03T19:39:59.217457+00:00,2026-05-03T19:00Z,2026-05-02,Saturday,AMC Woodbridge 5,Los Angeles,PT,The Devil Wears Prada 2,6:30pm,142674668,0,,Laser at AMC,70,51,19,72.9,,https://www.amctheatres.com/showtimes/142674668/seats,Laser at AMC @ 6:30pm (saved link); cohort=expansion
2026-05-01,20260503-114743-22c625,2026-05-03T19:40:28.927342+00:00,2026-05-03T19:00Z,2026-05-02,Saturday,Universal Cinema AMC at CityWalk Hollywood,Los Angeles,PT,The Devil Wears Prada 2,11:00pm,141477312,0,,PRIME at AMC,165,99,66,60,,https://www.amctheatres.com/showtimes/141477312/seats,PRIME at AMC @ 11:00pm (saved link); cohort=expansion
2026-05-01,20260503-114743-22c625,2026-05-03T19:40:28.927342+00:00,2026-05-03T19:00Z,2026-05-02,Saturday,Universal Cinema AMC at CityWalk Hollywood,Los Angeles,PT,The Devil Wears Prada 2,8:00pm,141477311,0,,PRIME at AMC,165,158,7,95.8,,https://www.amctheatres.com/showtimes/141477311/seats,PRIME at AMC @ 8:00pm (saved link); cohort=expansion
2026-05-01,20260503-114743-22c625,2026-05-03T19:40:28.927342+00:00,2026-05-03T19:00Z,2026-05-02,Saturday,Universal Cinema AMC at CityWalk Hollywood,Los Angeles,PT,The Devil Wears Prada 2,9:00pm,142798860,0,,XL at AMC,108,98,10,90.7,,https://www.amctheatres.com/showtimes/142798860/seats,XL at AMC @ 9:00pm (saved link); cohort=expansion
2026-05-01,20260503-114743-22c625,2026-05-03T19:40:28.927342+00:00,2026-05-03T19:00Z,2026-05-02,Saturday,Universal Cinema AMC at CityWalk Hollywood,Los Angeles,PT,The Devil Wears Prada 2,6:00pm,142798859,0,,XL at AMC,108,86,22,79.6,,https://www.amctheatres.com/showtimes/142798859/seats,XL at AMC @ 6:00pm (saved link); cohort=expansion
2026-05-01,20260503-114743-22c625,2026-05-03T19:40:28.927342+00:00,2026-05-03T19:00Z,2026-05-02,Saturday,Universal Cinema AMC at CityWalk Hollywood,Los Angeles,PT,The Devil Wears Prada 2,10:45pm,142798883,0,,Laser at AMC,78,33,45,42.3,,https://www.amctheatres.com/showtimes/142798883/seats,Laser at AMC @ 10:45pm (saved link); cohort=expansion
2026-05-01,20260503-114743-22c625,2026-05-03T19:40:28.927342+00:00,2026-05-03T19:00Z,2026-05-02,Saturday,Universal Cinema AMC at CityWalk Hollywood,Los Angeles,PT,The Devil Wears Prada 2,10:15pm,141477540,0,,Laser at AMC,165,85,80,51.5,,https://www.amctheatres.com/showtimes/141477540/seats,Laser at AMC @ 10:15pm (saved link); cohort=expansion
2026-05-01,20260503-114743-22c625,2026-05-03T19:40:28.927342+00:00,2026-05-03T19:00Z,2026-05-02,Saturday,Universal Cinema AMC at CityWalk Hollywood,Los Angeles,PT,The Devil Wears Prada 2,10:10pm,142847559,0,,Laser at AMC,46,33,13,71.7,,https://www.amctheatres.com/showtimes/142847559/seats,Laser at AMC @ 10:10pm (saved link); cohort=expansion
2026-05-01,20260503-114743-22c625,2026-05-03T19:40:28.927342+00:00,2026-05-03T19:00Z,2026-05-02,Saturday,Universal Cinema AMC at CityWalk Hollywood,Los Angeles,PT,The Devil Wears Prada 2,9:30pm,141477379,0,,Laser at AMC,110,81,29,73.6,,https://www.amctheatres.com/showtimes/141477379/seats,Laser at AMC @ 9:30pm (saved link); cohort=expansion
2026-05-01,20260503-114743-22c625,2026-05-03T19:40:28.927342+00:00,2026-05-03T19:00Z,2026-05-02,Saturday,Universal Cinema AMC at CityWalk Hollywood,Los Angeles,PT,The Devil Wears Prada 2,8:45pm,141477494,0,,Laser at AMC,78,68,10,87.2,,https://www.amctheatres.com/showtimes/141477494/seats,Laser at AMC @ 8:45pm (saved link); cohort=expansion
2026-05-01,20260503-114743-22c625,2026-05-03T19:40:28.927342+00:00,2026-05-03T19:00Z,2026-05-02,Saturday,Universal Cinema AMC at CityWalk Hollywood,Los Angeles,PT,The Devil Wears Prada 2,7:45pm,142798882,0,,Laser at AMC,78,70,8,89.7,,https://www.amctheatres.com/showtimes/142798882/seats,Laser at AMC @ 7:45pm (saved link); cohort=expansion
2026-05-01,20260503-114743-22c625,2026-05-03T19:40:28.927342+00:00,2026-05-03T19:00Z,2026-05-02,Saturday,Universal Cinema AMC at CityWalk Hollywood,Los Angeles,PT,The Devil Wears Prada 2,7:15pm,141477539,0,,Laser at AMC,165,144,21,87.3,,https://www.amctheatres.com/showtimes/141477539/seats,Laser at AMC @ 7:15pm (saved link); cohort=expansion
2026-05-01,20260503-114743-22c625,2026-05-03T19:40:28.927342+00:00,2026-05-03T19:00Z,2026-05-02,Saturday,Universal Cinema AMC at CityWalk Hollywood,Los Angeles,PT,The Devil Wears Prada 2,6:30pm,141477378,0,,Laser at AMC,110,95,15,86.4,,https://www.amctheatres.com/showtimes/141477378/seats,Laser at AMC @ 6:30pm (saved link); cohort=expansion
2026-05-01,20260503-114743-22c625,2026-05-03T19:40:28.927342+00:00,2026-05-03T19:00Z,2026-05-02,Saturday,Universal Cinema AMC at CityWalk Hollywood,Los Angeles,PT,The Devil Wears Prada 2,5:45pm,141477493,0,,Laser at AMC,78,59,19,75.6,,https://www.amctheatres.com/showtimes/141477493/seats,Laser at AMC @ 5:45pm (saved link); cohort=expansion
2026-05-01,20260503-114743-22c625,2026-05-03T19:44:16.132047+00:00,2026-05-03T19:00Z,2026-05-02,Saturday,AMC CLASSIC Mill Plain 8,Portland,PT,The Devil Wears Prada 2,8:55pm,141519178,0,,undefined,108,2,106,1.9,,https://www.amctheatres.com/showtimes/141519178/seats,undefined @ 8:55pm (saved link); cohort=expansion
2026-05-01,20260503-114743-22c625,2026-05-03T19:44:16.132047+00:00,2026-05-03T19:00Z,2026-05-02,Saturday,AMC CLASSIC Mill Plain 8,Portland,PT,The Devil Wears Prada 2,8:30pm,142657825,0,,undefined,39,19,20,48.7,,https://www.amctheatres.com/showtimes/142657825/seats,undefined @ 8:30pm (saved link); cohort=expansion
2026-05-01,20260503-114743-22c625,2026-05-03T19:44:16.132047+00:00,2026-05-03T19:00Z,2026-05-02,Saturday,AMC CLASSIC Mill Plain 8,Portland,PT,The Devil Wears Prada 2,7:00pm,142820690,0,,undefined,109,6,103,5.5,,https://www.amctheatres.com/showtimes/142820690/seats,undefined @ 7:00pm (saved link); cohort=expansion
2026-05-01,20260503-114743-22c625,2026-05-03T19:44:16.132047+00:00,2026-05-03T19:00Z,2026-05-02,Saturday,AMC CLASSIC Mill Plain 8,Portland,PT,The Devil Wears Prada 2,6:00pm,141519177,0,,undefined,108,15,93,13.9,,https://www.amctheatres.com/showtimes/141519177/seats,undefined @ 6:00pm (saved link); cohort=expansion
2026-05-01,20260503-114743-22c625,2026-05-03T19:44:16.132047+00:00,2026-05-03T19:00Z,2026-05-02,Saturday,AMC CLASSIC Mill Plain 8,Portland,PT,Animal Farm,5:45pm,142657824,0,,undefined,39,2,37,5.1,,https://www.amctheatres.com/showtimes/142657824/seats,undefined @ 5:45pm (saved link); cohort=expansion
2026-05-01,20260505-095244-f4c4a4,2026-05-05T14:52:46.324134+00:00,2026-05-05T14:00Z,2026-05-05,Tuesday,AMC Barton Creek Square 14,,CT,The Devil Wears Prada 2,10:15pm,141480508,743,,Dolby Cinema at AMC,123,0,123,0,,https://www.amctheatres.com/showtimes/141480508/seats,Dolby Cinema at AMC @ 10:15pm (saved link)
2026-05-01,20260505-095244-f4c4a4,2026-05-05T14:52:46.324134+00:00,2026-05-05T14:00Z,2026-05-05,Tuesday,AMC Barton Creek Square 14,,CT,Animal Farm,6:30pm,141264157,518,,Open Caption (On-screen Subtitles),53,1,52,1.9,,https://www.amctheatres.com/showtimes/141264157/seats,Open Caption (On-screen Subtitles) @ 6:30pm (saved link)
2026-05-01,20260505-095244-f4c4a4,2026-05-05T14:52:46.324134+00:00,2026-05-05T14:00Z,2026-05-05,Tuesday,AMC Barton Creek Square 14,,CT,Hokum,10:30pm,142756366,758,,Thrills & Chills,61,0,61,0,,https://www.amctheatres.com/showtimes/142756366/seats,Thrills & Chills @ 10:30pm (saved link)
2026-05-01,20260505-095244-f4c4a4,2026-05-05T14:53:15.537979+00:00,2026-05-05T14:00Z,2026-05-05,Tuesday,AMC Baton Rouge 16,,CT,The Devil Wears Prada 2,10:00pm,141322457,727,,Dolby Cinema at AMC,177,4,173,2.3,,https://www.amctheatres.com/showtimes/141322457/seats,Dolby Cinema at AMC @ 10:00pm (saved link)
2026-05-01,20260505-095244-f4c4a4,2026-05-05T14:53:15.537979+00:00,2026-05-05T14:00Z,2026-05-05,Tuesday,AMC Baton Rouge 16,,CT,Animal Farm,7:05pm,141224160,552,,undefined,86,4,82,4.7,,https://www.amctheatres.com/showtimes/141224160/seats,undefined @ 7:05pm (saved link)
2026-05-01,20260505-095244-f4c4a4,2026-05-05T14:53:15.537979+00:00,2026-05-05T14:00Z,2026-05-05,Tuesday,AMC Baton Rouge 16,,CT,Hokum,10:00pm,142261065,727,,Thrills & Chills,59,0,59,0,,https://www.amctheatres.com/showtimes/142261065/seats,Thrills & Chills @ 10:00pm (saved link)
2026-05-01,20260505-095244-f4c4a4,2026-05-05T14:53:40.001508+00:00,2026-05-05T14:00Z,2026-05-05,Tuesday,AMC Boerne 11,,CT,The Devil Wears Prada 2,8:00pm,142694589,607,,undefined,128,0,128,0,,https://www.amctheatres.com/showtimes/142694589/seats,undefined @ 8:00pm (saved link)
2026-05-01,20260505-095244-f4c4a4,2026-05-05T14:53:40.001508+00:00,2026-05-05T14:00Z,2026-05-05,Tuesday,AMC Boerne 11,,CT,Animal Farm,6:30pm,142694649,517,,Open Caption (On-screen Subtitles),128,0,128,0,,https://www.amctheatres.com/showtimes/142694649/seats,Open Caption (On-screen Subtitles) @ 6:30pm (saved link)
2026-05-01,20260505-095244-f4c4a4,2026-05-05T14:53:40.001508+00:00,2026-05-05T14:00Z,2026-05-05,Tuesday,AMC Boerne 11,,CT,Hokum,7:40pm,142694607,587,,Thrills & Chills,114,1,113,0.9,,https://www.amctheatres.com/showtimes/142694607/seats,Thrills & Chills @ 7:40pm (saved link)
2026-05-01,20260505-095244-f4c4a4,2026-05-05T14:54:04.116443+00:00,2026-05-05T14:00Z,2026-05-05,Tuesday,AMC Burleson 14,,CT,The Devil Wears Prada 2,9:15pm,141470796,681,,Laser at AMC,104,0,104,0,,https://www.amctheatres.com/showtimes/141470796/seats,Laser at AMC @ 9:15pm (saved link)
2026-05-01,20260505-095244-f4c4a4,2026-05-05T14:54:04.116443+00:00,2026-05-05T14:00Z,2026-05-05,Tuesday,AMC Burleson 14,,CT,Animal Farm,9:15pm,141218952,681,,Laser at AMC,57,0,57,0,,https://www.amctheatres.com/showtimes/141218952/seats,Laser at AMC @ 9:15pm (saved link)
2026-05-01,20260505-095244-f4c4a4,2026-05-05T14:54:04.116443+00:00,2026-05-05T14:00Z,2026-05-05,Tuesday,AMC Burleson 14,,CT,Hokum,9:05pm,142435069,670,,Laser at AMC,45,2,43,4.4,,https://www.amctheatres.com/showtimes/142435069/seats,Laser at AMC @ 9:05pm (saved link)
2026-05-01,20260505-095244-f4c4a4,2026-05-05T14:54:31.022782+00:00,2026-05-05T14:00Z,2026-05-05,Tuesday,AMC Champaign 13,,CT,The Devil Wears Prada 2,8:00pm,141523626,606,,undefined,281,0,281,0,,https://www.amctheatres.com/showtimes/141523626/seats,undefined @ 8:00pm (saved link)
2026-05-01,20260505-095244-f4c4a4,2026-05-05T14:54:31.022782+00:00,2026-05-05T14:00Z,2026-05-05,Tuesday,AMC Champaign 13,,CT,Animal Farm,7:20pm,141307641,565,,Open Caption (On-screen Subtitles),120,0,120,0,,https://www.amctheatres.com/showtimes/141307641/seats,Open Caption (On-screen Subtitles) @ 7:20pm (saved link)
2026-05-01,20260505-095244-f4c4a4,2026-05-05T14:54:31.022782+00:00,2026-05-05T14:00Z,2026-05-05,Tuesday,AMC Champaign 13,,CT,Hokum,7:10pm,142422820,556,,Open Caption (On-screen Subtitles),119,1,118,0.8,,https://www.amctheatres.com/showtimes/142422820/seats,Open Caption (On-screen Subtitles) @ 7:10pm (saved link)
2026-05-01,20260505-104413-11df2c,2026-05-05T14:44:17.041435+00:00,2026-05-05T14:00Z,2026-05-05,Tuesday,AMC Academy 8,,ET,The Devil Wears Prada 2,8:00pm,142768662,556,,Laser at AMC,50,4,46,8,,https://www.amctheatres.com/showtimes/142768662/seats,Laser at AMC @ 8:00pm (saved link)
2026-05-01,20260505-104413-11df2c,2026-05-05T14:44:35.646430+00:00,2026-05-05T14:00Z,2026-05-05,Tuesday,AMC Allegany 8,,ET,The Devil Wears Prada 2,8:30pm,142734555,586,,undefined,98,0,98,0,,https://www.amctheatres.com/showtimes/142734555/seats,undefined @ 8:30pm (saved link)
2026-05-01,20260505-104413-11df2c,2026-05-05T14:44:35.646430+00:00,2026-05-05T14:00Z,2026-05-05,Tuesday,AMC Allegany 8,,ET,Animal Farm,5:40pm,142561630,416,,undefined,62,0,62,0,,https://www.amctheatres.com/showtimes/142561630/seats,undefined @ 5:40pm (saved link)
2026-05-01,20260505-104413-11df2c,2026-05-05T14:44:57.732424+00:00,2026-05-05T14:00Z,2026-05-05,Tuesday,AMC Altoona 12,,ET,The Devil Wears Prada 2,8:00pm,141493651,556,,undefined,222,5,217,2.3,,https://www.amctheatres.com/showtimes/141493651/seats,undefined @ 8:00pm (saved link)
2026-05-01,20260505-104413-11df2c,2026-05-05T14:44:57.732424+00:00,2026-05-05T14:00Z,2026-05-05,Tuesday,AMC Altoona 12,,ET,Animal Farm,7:35pm,142799106,531,,undefined,98,0,98,0,,https://www.amctheatres.com/showtimes/142799106/seats,undefined @ 7:35pm (saved link)
2026-05-01,20260505-104413-11df2c,2026-05-05T14:44:57.732424+00:00,2026-05-05T14:00Z,2026-05-05,Tuesday,AMC Altoona 12,,ET,Hokum,7:15pm,142465198,511,,Thrills & Chills,121,2,119,1.7,,https://www.amctheatres.com/showtimes/142465198/seats,Thrills & Chills @ 7:15pm (saved link)
2026-05-01,20260505-104413-11df2c,2026-05-05T14:45:22.264429+00:00,2026-05-05T14:00Z,2026-05-05,Tuesday,AMC Anderson Towne Center 9,,ET,The Devil Wears Prada 2,6:30pm,141405795,465,,PRIME at AMC,217,21,196,9.7,,https://www.amctheatres.com/showtimes/141405795/seats,PRIME at AMC @ 6:30pm (saved link)
2026-05-01,20260505-104413-11df2c,2026-05-05T14:45:22.264429+00:00,2026-05-05T14:00Z,2026-05-05,Tuesday,AMC Anderson Towne Center 9,,ET,Hokum,7:30pm,142763480,525,,Thrills & Chills,52,12,40,23.1,,https://www.amctheatres.com/showtimes/142763480/seats,Thrills & Chills @ 7:30pm (saved link)
2026-05-01,20260505-104413-11df2c,2026-05-05T14:45:44.871297+00:00,2026-05-05T14:00Z,2026-05-05,Tuesday,AMC Annapolis Mall 11,,ET,The Devil Wears Prada 2,10:00pm,141481898,675,,Dolby Cinema at AMC,155,0,155,0,,https://www.amctheatres.com/showtimes/141481898/seats,Dolby Cinema at AMC @ 10:00pm (saved link)
2026-05-01,20260505-080615-e0c42a,2026-05-05T15:06:17.239747+00:00,2026-05-05T15:00Z,2026-05-05,Tuesday,AMC Anaheim GardenWalk 6,,PT,The Devil Wears Prada 2,10:00pm,141506091,834,,Laser at AMC,133,0,133,0,,https://www.amctheatres.com/showtimes/141506091/seats,Laser at AMC @ 10:00pm (saved link)
2026-05-01,20260505-080615-e0c42a,2026-05-05T15:06:37.422815+00:00,2026-05-05T15:00Z,2026-05-05,Tuesday,AMC Bakersfield 6,,PT,The Devil Wears Prada 2,9:00pm,142618679,774,,undefined,149,2,147,1.3,,https://www.amctheatres.com/showtimes/142618679/seats,undefined @ 9:00pm (saved link)
2026-05-01,20260505-080615-e0c42a,2026-05-05T15:06:57.285017+00:00,2026-05-05T15:00Z,2026-05-05,Tuesday,AMC Burbank Town Center 8,,PT,The Devil Wears Prada 2,9:45pm,141499090,819,,Laser at AMC,93,4,89,4.3,,https://www.amctheatres.com/showtimes/141499090/seats,Laser at AMC @ 9:45pm (saved link)
2026-05-01,20260505-080615-e0c42a,2026-05-05T15:07:16.251786+00:00,2026-05-05T15:00Z,2026-05-05,Tuesday,AMC Fallbrook 7,,PT,The Devil Wears Prada 2,10:00pm,141490460,833,,Laser at AMC,145,4,141,2.8,,https://www.amctheatres.com/showtimes/141490460/seats,Laser at AMC @ 10:00pm (saved link)
2026-05-01,20260505-080615-e0c42a,2026-05-05T15:07:34.994329+00:00,2026-05-05T15:00Z,2026-05-05,Tuesday,AMC Kitsap 8,,PT,The Devil Wears Prada 2,9:00pm,142781180,773,,Laser at AMC,74,0,74,0,,https://www.amctheatres.com/showtimes/142781180/seats,Laser at AMC @ 9:00pm (saved link)
2026-05-01,20260505-080615-e0c42a,2026-05-05T15:07:34.994329+00:00,2026-05-05T15:00Z,2026-05-05,Tuesday,AMC Kitsap 8,,PT,Animal Farm,5:15pm,142781112,548,,Laser at AMC,35,4,31,11.4,,https://www.amctheatres.com/showtimes/142781112/seats,Laser at AMC @ 5:15pm (saved link)
2026-05-01,20260505-080615-e0c42a,2026-05-05T15:07:34.994329+00:00,2026-05-05T15:00Z,2026-05-05,Tuesday,AMC Kitsap 8,,PT,Hokum,8:00pm,142781224,713,,Laser at AMC,46,4,42,8.7,,https://www.amctheatres.com/showtimes/142781224/seats,Laser at AMC @ 8:00pm (saved link)
2026-05-08,20260506-223207-340ac9,2026-05-07T03:32:10.427885+00:00,2026-05-07T03:00Z,2026-05-07,Thursday,AMC Barton Creek Square 14,,CT,Mortal Kombat II,9:00pm,142203658,1348,,IMAX at AMC,236,40,196,16.9,,https://www.amctheatres.com/showtimes/142203658/seats,IMAX at AMC @ 9:00pm (saved link)
2026-05-08,20260506-223207-340ac9,2026-05-07T03:32:10.427885+00:00,2026-05-07T03:00Z,2026-05-07,Thursday,AMC Barton Creek Square 14,,CT,Mortal Kombat II,6:00pm,142203655,1168,,IMAX at AMC,236,67,169,28.4,,https://www.amctheatres.com/showtimes/142203655/seats,IMAX at AMC @ 6:00pm (saved link)
2026-05-08,20260506-223207-340ac9,2026-05-07T03:32:10.427885+00:00,2026-05-07T03:00Z,2026-05-07,Thursday,AMC Barton Creek Square 14,,CT,Mortal Kombat II,10:15pm,142203674,1423,,Dolby Cinema at AMC,123,32,91,26,,https://www.amctheatres.com/showtimes/142203674/seats,Dolby Cinema at AMC @ 10:15pm (saved link)
2026-05-08,20260506-223207-340ac9,2026-05-07T03:32:10.427885+00:00,2026-05-07T03:00Z,2026-05-07,Thursday,AMC Barton Creek Square 14,,CT,Mortal Kombat II,8:15pm,142203709,1303,,undefined,61,15,46,24.6,,https://www.amctheatres.com/showtimes/142203709/seats,undefined @ 8:15pm (saved link)
2026-05-08,20260506-223207-340ac9,2026-05-07T03:32:10.427885+00:00,2026-05-07T03:00Z,2026-05-07,Thursday,AMC Barton Creek Square 14,,CT,Mortal Kombat II,5:15pm,142203708,1123,,undefined,61,9,52,14.8,,https://www.amctheatres.com/showtimes/142203708/seats,undefined @ 5:15pm (saved link)
2026-05-08,20260506-223207-340ac9,2026-05-07T03:32:38.966312+00:00,2026-05-07T03:00Z,2026-05-07,Thursday,AMC Baton Rouge 16,,CT,Mortal Kombat II,9:00pm,142135533,1348,,IMAX at AMC,228,3,225,1.3,,https://www.amctheatres.com/showtimes/142135533/seats,IMAX at AMC @ 9:00pm (saved link)
2026-05-08,20260506-223207-340ac9,2026-05-07T03:32:38.966312+00:00,2026-05-07T03:00Z,2026-05-07,Thursday,AMC Baton Rouge 16,,CT,Mortal Kombat II,6:00pm,142135531,1168,,IMAX at AMC,228,27,201,11.8,,https://www.amctheatres.com/showtimes/142135531/seats,IMAX at AMC @ 6:00pm (saved link)
2026-05-08,20260506-223207-340ac9,2026-05-07T03:32:38.966312+00:00,2026-05-07T03:00Z,2026-05-07,Thursday,AMC Baton Rouge 16,,CT,Mortal Kombat II,10:00pm,142135539,1408,,Dolby Cinema at AMC,177,20,157,11.3,,https://www.amctheatres.com/showtimes/142135539/seats,Dolby Cinema at AMC @ 10:00pm (saved link)
2026-05-08,20260506-223207-340ac9,2026-05-07T03:32:38.966312+00:00,2026-05-07T03:00Z,2026-05-07,Thursday,AMC Baton Rouge 16,,CT,Mortal Kombat II,8:00pm,142135484,1288,,undefined,89,3,86,3.4,,https://www.amctheatres.com/showtimes/142135484/seats,undefined @ 8:00pm (saved link)
2026-05-08,20260506-223207-340ac9,2026-05-07T03:32:38.966312+00:00,2026-05-07T03:00Z,2026-05-07,Thursday,AMC Baton Rouge 16,,CT,Mortal Kombat II,7:00pm,142135422,1228,,undefined,86,9,77,10.5,,https://www.amctheatres.com/showtimes/142135422/seats,undefined @ 7:00pm (saved link)
2026-05-08,20260506-223207-340ac9,2026-05-07T03:33:09.245890+00:00,2026-05-07T03:00Z,2026-05-07,Thursday,AMC Boerne 11,,CT,Mortal Kombat II,9:00pm,142680604,1347,,undefined,128,19,109,14.8,,https://www.amctheatres.com/showtimes/142680604/seats,undefined @ 9:00pm (saved link)
2026-05-08,20260506-223207-340ac9,2026-05-07T03:33:09.245890+00:00,2026-05-07T03:00Z,2026-05-07,Thursday,AMC Boerne 11,,CT,Mortal Kombat II,6:00pm,142050843,1167,,undefined,128,14,114,10.9,,https://www.amctheatres.com/showtimes/142050843/seats,undefined @ 6:00pm (saved link)
2026-05-08,20260506-223207-340ac9,2026-05-07T03:33:30.047538+00:00,2026-05-07T03:00Z,2026-05-07,Thursday,AMC Burleson 14,,CT,Mortal Kombat II,9:05pm,142159484,1352,,Laser at AMC,90,31,59,34.4,,https://www.amctheatres.com/showtimes/142159484/seats,Laser at AMC @ 9:05pm (saved link)
2026-05-08,20260506-223207-340ac9,2026-05-07T03:33:30.047538+00:00,2026-05-07T03:00Z,2026-05-07,Thursday,AMC Burleson 14,,CT,Mortal Kombat II,6:00pm,142159483,1167,,Laser at AMC,90,32,58,35.6,,https://www.amctheatres.com/showtimes/142159483/seats,Laser at AMC @ 6:00pm (saved link)
2026-05-08,20260506-223207-340ac9,2026-05-07T03:33:49.835717+00:00,2026-05-07T03:00Z,2026-05-07,Thursday,AMC Champaign 13,,CT,Mortal Kombat II,10:00pm,142764370,1407,,BigD at AMC,539,0,539,0,,https://www.amctheatres.com/showtimes/142764370/seats,BigD at AMC @ 10:00pm (saved link)
2026-05-08,20260506-223207-340ac9,2026-05-07T03:33:49.835717+00:00,2026-05-07T03:00Z,2026-05-07,Thursday,AMC Champaign 13,,CT,Mortal Kombat II,9:30pm,142976523,1377,,undefined,201,0,201,0,,https://www.amctheatres.com/showtimes/142976523/seats,undefined @ 9:30pm (saved link)
2026-05-08,20260506-223207-340ac9,2026-05-07T03:33:49.835717+00:00,2026-05-07T03:00Z,2026-05-07,Thursday,AMC Champaign 13,,CT,Mortal Kombat II,9:00pm,142976511,1347,,undefined,201,0,201,0,,https://www.amctheatres.com/showtimes/142976511/seats,undefined @ 9:00pm (saved link)
2026-05-08,20260506-223207-340ac9,2026-05-07T03:33:49.835717+00:00,2026-05-07T03:00Z,2026-05-07,Thursday,AMC Champaign 13,,CT,Mortal Kombat II,7:00pm,142158235,1227,,BigD at AMC,539,35,504,6.5,,https://www.amctheatres.com/showtimes/142158235/seats,BigD at AMC @ 7:00pm (saved link)
2026-05-08,20260506-223207-340ac9,2026-05-07T03:33:49.835717+00:00,2026-05-07T03:00Z,2026-05-07,Thursday,AMC Champaign 13,,CT,Mortal Kombat II,6:30pm,142976522,1197,,undefined,201,0,201,0,,https://www.amctheatres.com/showtimes/142976522/seats,undefined @ 6:30pm (saved link)
2026-05-08,20260506-223207-340ac9,2026-05-07T03:33:49.835717+00:00,2026-05-07T03:00Z,2026-05-07,Thursday,AMC Champaign 13,,CT,Mortal Kombat II,6:00pm,142158208,1167,,undefined,201,0,201,0,,https://www.amctheatres.com/showtimes/142158208/seats,undefined @ 6:00pm (saved link)
2026-05-08,20260506-223207-340ac9,2026-05-07T03:34:19.886729+00:00,2026-05-07T03:00Z,2026-05-07,Thursday,AMC Chantilly 13,,CT,Mortal Kombat II,9:00pm,142944605,1346,,undefined,120,0,120,0,,https://www.amctheatres.com/showtimes/142944605/seats,undefined @ 9:00pm (saved link)
2026-05-08,20260506-223207-340ac9,2026-05-07T03:34:19.886729+00:00,2026-05-07T03:00Z,2026-05-07,Thursday,AMC Chantilly 13,,CT,Mortal Kombat II,8:15pm,142136299,1301,,undefined,286,0,286,0,,https://www.amctheatres.com/showtimes/142136299/seats,undefined @ 8:15pm (saved link)
2026-05-08,20260506-223207-340ac9,2026-05-07T03:34:19.886729+00:00,2026-05-07T03:00Z,2026-05-07,Thursday,AMC Chantilly 13,,CT,Mortal Kombat II,7:00pm,142136320,1226,,BigD at AMC,549,26,523,4.7,,https://www.amctheatres.com/showtimes/142136320/seats,BigD at AMC @ 7:00pm (saved link)
2026-05-08,20260506-223207-340ac9,2026-05-07T03:34:19.886729+00:00,2026-05-07T03:00Z,2026-05-07,Thursday,AMC Chantilly 13,,CT,Mortal Kombat II,5:30pm,142136300,1136,,undefined,286,1,285,0.3,,https://www.amctheatres.com/showtimes/142136300/seats,undefined @ 5:30pm (saved link)
2026-05-08,20260506-223207-340ac9,2026-05-07T03:34:46.488681+00:00,2026-05-07T03:00Z,2026-05-07,Thursday,AMC Chenal 9,,CT,Mortal Kombat II,9:30pm,142055483,1376,,IMAX at AMC,239,6,233,2.5,,https://www.amctheatres.com/showtimes/142055483/seats,IMAX at AMC @ 9:30pm (saved link)
2026-05-08,20260506-223207-340ac9,2026-05-07T03:34:46.488681+00:00,2026-05-07T03:00Z,2026-05-07,Thursday,AMC Chenal 9,,CT,Mortal Kombat II,6:30pm,142055482,1196,,IMAX at AMC,239,22,217,9.2,,https://www.amctheatres.com/showtimes/142055482/seats,IMAX at AMC @ 6:30pm (saved link)
2026-05-08,20260506-223207-340ac9,2026-05-07T03:34:46.488681+00:00,2026-05-07T03:00Z,2026-05-07,Thursday,AMC Chenal 9,,CT,Mortal Kombat II,8:15pm,142055464,1301,,undefined,95,1,94,1.1,,https://www.amctheatres.com/showtimes/142055464/seats,undefined @ 8:15pm (saved link)
2026-05-08,20260506-223207-340ac9,2026-05-07T03:34:46.488681+00:00,2026-05-07T03:00Z,2026-05-07,Thursday,AMC Chenal 9,,CT,Mortal Kombat II,5:20pm,142055495,1126,,undefined,95,3,92,3.2,,https://www.amctheatres.com/showtimes/142055495/seats,undefined @ 5:20pm (saved link)
2026-05-08,20260506-223207-340ac9,2026-05-07T03:35:17.285310+00:00,2026-05-07T03:00Z,2026-05-07,Thursday,AMC Council Bluffs 17,,CT,Mortal Kombat II,9:00pm,142177875,1345,,IMAX at AMC,339,25,314,7.4,,https://www.amctheatres.com/showtimes/142177875/seats,IMAX at AMC @ 9:00pm (saved link)
2026-05-08,20260506-223207-340ac9,2026-05-07T03:35:17.285310+00:00,2026-05-07T03:00Z,2026-05-07,Thursday,AMC Council Bluffs 17,,CT,Mortal Kombat II,6:00pm,142177874,1165,,IMAX at AMC,339,49,290,14.5,,https://www.amctheatres.com/showtimes/142177874/seats,IMAX at AMC @ 6:00pm (saved link)
2026-05-08,20260506-223207-340ac9,2026-05-07T03:35:17.285310+00:00,2026-05-07T03:00Z,2026-05-07,Thursday,AMC Council Bluffs 17,,CT,Mortal Kombat II,10:00pm,142177780,1405,,Dolby Cinema at AMC,122,19,103,15.6,,https://www.amctheatres.com/showtimes/142177780/seats,Dolby Cinema at AMC @ 10:00pm (saved link)
2026-05-08,20260506-223207-340ac9,2026-05-07T03:35:17.285310+00:00,2026-05-07T03:00Z,2026-05-07,Thursday,AMC Council Bluffs 17,,CT,Mortal Kombat II,8:00pm,142177858,1285,,undefined,113,4,109,3.5,,https://www.amctheatres.com/showtimes/142177858/seats,undefined @ 8:00pm (saved link)
2026-05-08,20260506-223207-340ac9,2026-05-07T03:35:17.285310+00:00,2026-05-07T03:00Z,2026-05-07,Thursday,AMC Council Bluffs 17,,CT,Mortal Kombat II,5:00pm,142177857,1105,,undefined,113,11,102,9.7,,https://www.amctheatres.com/showtimes/142177857/seats,undefined @ 5:00pm (saved link)
2026-05-08,20260506-223207-340ac9,2026-05-07T03:35:45.540698+00:00,2026-05-07T03:00Z,2026-05-07,Thursday,AMC Creve Coeur 12,,CT,Mortal Kombat II,9:00pm,142078082,1345,,undefined,115,9,106,7.8,,https://www.amctheatres.com/showtimes/142078082/seats,undefined @ 9:00pm (saved link)
2026-05-08,20260506-223207-340ac9,2026-05-07T03:35:45.540698+00:00,2026-05-07T03:00Z,2026-05-07,Thursday,AMC Creve Coeur 12,,CT,Mortal Kombat II,7:45pm,142902585,1270,,undefined,46,6,40,13,,https://www.amctheatres.com/showtimes/142902585/seats,undefined @ 7:45pm (saved link)
2026-05-08,20260506-223207-340ac9,2026-05-07T03:35:45.540698+00:00,2026-05-07T03:00Z,2026-05-07,Thursday,AMC Creve Coeur 12,,CT,Mortal Kombat II,6:00pm,142078081,1165,,undefined,115,33,82,28.7,,https://www.amctheatres.com/showtimes/142078081/seats,undefined @ 6:00pm (saved link)
2026-05-08,20260506-223207-340ac9,2026-05-07T03:36:08.822369+00:00,2026-05-07T03:00Z,2026-05-07,Thursday,AMC DINE-IN Clearfork 8,,CT,Mortal Kombat II,10:45pm,142197424,1449,,Dolby Cinema at AMC,154,54,100,35.1,,https://www.amctheatres.com/showtimes/142197424/seats,Dolby Cinema at AMC @ 10:45pm (saved link)
2026-05-08,20260506-223207-340ac9,2026-05-07T03:36:08.822369+00:00,2026-05-07T03:00Z,2026-05-07,Thursday,AMC DINE-IN Clearfork 8,,CT,Mortal Kombat II,7:45pm,142197425,1269,,Dolby Cinema at AMC,154,123,31,79.9,,https://www.amctheatres.com/showtimes/142197425/seats,Dolby Cinema at AMC @ 7:45pm (saved link)
2026-05-08,20260506-223207-340ac9,2026-05-07T03:36:29.186965+00:00,2026-05-07T03:00Z,2026-05-07,Thursday,AMC DINE-IN Clearview Palace 12,,CT,Mortal Kombat II,9:15pm,142074540,1359,,IMAX at AMC,229,15,214,6.6,,https://www.amctheatres.com/showtimes/142074540/seats,IMAX at AMC @ 9:15pm (saved link)
2026-05-08,20260506-223207-340ac9,2026-05-07T03:36:29.186965+00:00,2026-05-07T03:00Z,2026-05-07,Thursday,AMC DINE-IN Clearview Palace 12,,CT,Mortal Kombat II,6:15pm,142074539,1179,,IMAX at AMC,229,32,197,14,,https://www.amctheatres.com/showtimes/142074539/seats,IMAX at AMC @ 6:15pm (saved link)
2026-05-08,20260506-223207-340ac9,2026-05-07T03:36:29.186965+00:00,2026-05-07T03:00Z,2026-05-07,Thursday,AMC DINE-IN Clearview Palace 12,,CT,Mortal Kombat II,9:00pm,142074452,1344,,Dolby Cinema at AMC,130,57,73,43.8,,https://www.amctheatres.com/showtimes/142074452/seats,Dolby Cinema at AMC @ 9:00pm (saved link)
2026-05-08,20260506-223207-340ac9,2026-05-07T03:36:53.500113+00:00,2026-05-07T03:00Z,2026-05-07,Thursday,AMC DINE-IN Manhattan 13,,CT,Mortal Kombat II,6:00pm,142181257,1164,,IMAX at AMC,490,18,472,3.7,,https://www.amctheatres.com/showtimes/142181257/seats,IMAX at AMC @ 6:00pm (saved link)
2026-05-08,20260506-223207-340ac9,2026-05-07T03:36:53.500113+00:00,2026-05-07T03:00Z,2026-05-07,Thursday,AMC DINE-IN Manhattan 13,,CT,Mortal Kombat II,7:30pm,142181238,1254,,undefined,101,8,93,7.9,,https://www.amctheatres.com/showtimes/142181238/seats,undefined @ 7:30pm (saved link)
2026-05-08,20260506-223207-340ac9,2026-05-07T03:37:16.360420+00:00,2026-05-07T03:00Z,2026-05-07,Thursday,AMC DINE-IN Tech Ridge 10,,CT,Mortal Kombat II,10:00pm,142056563,1403,,Dolby Cinema at AMC,172,45,127,26.2,,https://www.amctheatres.com/showtimes/142056563/seats,Dolby Cinema at AMC @ 10:00pm (saved link)
2026-05-08,20260506-223207-340ac9,2026-05-07T03:37:16.360420+00:00,2026-05-07T03:00Z,2026-05-07,Thursday,AMC DINE-IN Tech Ridge 10,,CT,Mortal Kombat II,7:00pm,142056562,1223,,Dolby Cinema at AMC,172,114,58,66.3,,https://www.amctheatres.com/showtimes/142056562/seats,Dolby Cinema at AMC @ 7:00pm (saved link)
2026-05-08,20260506-223207-340ac9,2026-05-07T03:37:16.360420+00:00,2026-05-07T03:00Z,2026-05-07,Thursday,AMC DINE-IN Tech Ridge 10,,CT,Mortal Kombat II,9:00pm,142902632,1343,,Dine-In Delivery to Seat,94,7,87,7.4,,https://www.amctheatres.com/showtimes/142902632/seats,Dine-In Delivery to Seat @ 9:00pm (saved link)
2026-05-08,20260506-223207-340ac9,2026-05-07T03:37:45.119409+00:00,2026-05-07T03:00Z,2026-05-07,Thursday,AMC DINE-IN Vestavia Hills 10,,CT,Mortal Kombat II,11:00pm,142155391,1463,,PRIME at AMC,140,15,125,10.7,,https://www.amctheatres.com/showtimes/142155391/seats,PRIME at AMC @ 11:00pm (saved link)
2026-05-08,20260506-223207-340ac9,2026-05-07T03:37:45.119409+00:00,2026-05-07T03:00Z,2026-05-07,Thursday,AMC DINE-IN Vestavia Hills 10,,CT,Mortal Kombat II,8:00pm,142155396,1283,,PRIME at AMC,140,49,91,35,,https://www.amctheatres.com/showtimes/142155396/seats,PRIME at AMC @ 8:00pm (saved link)
2026-05-08,20260506-223207-340ac9,2026-05-07T03:37:45.119409+00:00,2026-05-07T03:00Z,2026-05-07,Thursday,AMC DINE-IN Vestavia Hills 10,,CT,Mortal Kombat II,5:00pm,142155395,1103,,PRIME at AMC,140,41,99,29.3,,https://www.amctheatres.com/showtimes/142155395/seats,PRIME at AMC @ 5:00pm (saved link)
2026-05-08,20260506-223207-340ac9,2026-05-07T03:37:45.119409+00:00,2026-05-07T03:00Z,2026-05-07,Thursday,AMC DINE-IN Vestavia Hills 10,,CT,Mortal Kombat II,9:50pm,142155407,1393,,Dine-In Delivery to Seat,76,4,72,5.3,,https://www.amctheatres.com/showtimes/142155407/seats,Dine-In Delivery to Seat @ 9:50pm (saved link)
2026-05-08,20260506-223207-340ac9,2026-05-07T03:37:45.119409+00:00,2026-05-07T03:00Z,2026-05-07,Thursday,AMC DINE-IN Vestavia Hills 10,,CT,Mortal Kombat II,6:45pm,142155406,1208,,Dine-In Delivery to Seat,76,13,63,17.1,,https://www.amctheatres.com/showtimes/142155406/seats,Dine-In Delivery to Seat @ 6:45pm (saved link)
2026-05-08,20260506-223207-340ac9,2026-05-07T03:38:12.400010+00:00,2026-05-07T03:00Z,2026-05-07,Thursday,AMC Dakota Square 9,,CT,Mortal Kombat II,10:15pm,142971196,1417,,undefined,105,2,103,1.9,,https://www.amctheatres.com/showtimes/142971196/seats,undefined @ 10:15pm (saved link)
2026-05-08,20260506-223207-340ac9,2026-05-07T03:38:12.400010+00:00,2026-05-07T03:00Z,2026-05-07,Thursday,AMC Dakota Square 9,,CT,Mortal Kombat II,7:30pm,142206632,1252,,undefined,133,23,110,17.3,,https://www.amctheatres.com/showtimes/142206632/seats,undefined @ 7:30pm (saved link)
2026-05-08,20260506-223207-340ac9,2026-05-07T03:38:34.552972+00:00,2026-05-07T03:00Z,2026-05-07,Thursday,AMC Decatur 12,,CT,Mortal Kombat II,8:00pm,142051943,1282,,undefined,178,1,177,0.6,,https://www.amctheatres.com/showtimes/142051943/seats,undefined @ 8:00pm (saved link)
2026-05-08,20260506-223207-340ac9,2026-05-07T03:38:34.552972+00:00,2026-05-07T03:00Z,2026-05-07,Thursday,AMC Decatur 12,,CT,Mortal Kombat II,7:00pm,142051845,1222,,BigD at AMC,442,9,433,2,,https://www.amctheatres.com/showtimes/142051845/seats,BigD at AMC @ 7:00pm (saved link)
2026-05-08,20260506-223207-340ac9,2026-05-07T03:38:34.552972+00:00,2026-05-07T03:00Z,2026-05-07,Thursday,AMC Decatur 12,,CT,Mortal Kombat II,6:00pm,142051911,1162,,undefined,234,0,234,0,,https://www.amctheatres.com/showtimes/142051911/seats,undefined @ 6:00pm (saved link)
2026-05-08,20260506-223207-340ac9,2026-05-07T03:39:02.612317+00:00,2026-05-07T03:00Z,2026-05-07,Thursday,AMC Edinburg 18,,CT,Mortal Kombat II,10:00pm,142220764,1401,,IMAX with Laser at AMC,577,57,520,9.9,,https://www.amctheatres.com/showtimes/142220764/seats,IMAX with Laser at AMC @ 10:00pm (saved link)
2026-05-08,20260506-223207-340ac9,2026-05-07T03:39:02.612317+00:00,2026-05-07T03:00Z,2026-05-07,Thursday,AMC Edinburg 18,,CT,Mortal Kombat II,7:00pm,142220763,1221,,IMAX with Laser at AMC,577,228,349,39.5,,https://www.amctheatres.com/showtimes/142220763/seats,IMAX with Laser at AMC @ 7:00pm (saved link)
2026-05-08,20260506-223207-340ac9,2026-05-07T03:39:02.612317+00:00,2026-05-07T03:00Z,2026-05-07,Thursday,AMC Edinburg 18,,CT,Mortal Kombat II,9:30pm,142220836,1371,,Dolby Cinema at AMC,144,95,49,66,,https://www.amctheatres.com/showtimes/142220836/seats,Dolby Cinema at AMC @ 9:30pm (saved link)
2026-05-08,20260506-223207-340ac9,2026-05-07T03:39:02.612317+00:00,2026-05-07T03:00Z,2026-05-07,Thursday,AMC Edinburg 18,,CT,Mortal Kombat II,9:00pm,142220839,1341,,undefined,127,15,112,11.8,,https://www.amctheatres.com/showtimes/142220839/seats,undefined @ 9:00pm (saved link)
2026-05-08,20260506-223207-340ac9,2026-05-07T03:39:02.612317+00:00,2026-05-07T03:00Z,2026-05-07,Thursday,AMC Edinburg 18,,CT,Mortal Kombat II,6:00pm,142220838,1161,,undefined,127,45,82,35.4,,https://www.amctheatres.com/showtimes/142220838/seats,undefined @ 6:00pm (saved link)
2026-05-08,20260506-223207-340ac9,2026-05-07T03:39:30.209939+00:00,2026-05-07T03:00Z,2026-05-07,Thursday,AMC Edwardsville 12,,CT,Mortal Kombat II,9:15pm,142213936,1356,,IMAX at AMC,270,11,259,4.1,,https://www.amctheatres.com/showtimes/142213936/seats,IMAX at AMC @ 9:15pm (saved link)
2026-05-08,20260506-223207-340ac9,2026-05-07T03:39:30.209939+00:00,2026-05-07T03:00Z,2026-05-07,Thursday,AMC Edwardsville 12,,CT,Mortal Kombat II,6:10pm,142213935,1171,,IMAX at AMC,270,47,223,17.4,,https://www.amctheatres.com/showtimes/142213935/seats,IMAX at AMC @ 6:10pm (saved link)
2026-05-08,20260506-223207-340ac9,2026-05-07T03:39:30.209939+00:00,2026-05-07T03:00Z,2026-05-07,Thursday,AMC Edwardsville 12,,CT,Mortal Kombat II,10:15pm,142214033,1416,,Dolby Cinema at AMC,135,17,118,12.6,,https://www.amctheatres.com/showtimes/142214033/seats,Dolby Cinema at AMC @ 10:15pm (saved link)
2026-05-08,20260506-223207-340ac9,2026-05-07T03:39:30.209939+00:00,2026-05-07T03:00Z,2026-05-07,Thursday,AMC Edwardsville 12,,CT,Mortal Kombat II,8:10pm,142213933,1291,,undefined,260,3,257,1.2,,https://www.amctheatres.com/showtimes/142213933/seats,undefined @ 8:10pm (saved link)
2026-05-08,20260506-223207-340ac9,2026-05-07T03:39:30.209939+00:00,2026-05-07T03:00Z,2026-05-07,Thursday,AMC Edwardsville 12,,CT,Mortal Kombat II,7:30pm,142867588,1251,,undefined,93,1,92,1.1,,https://www.amctheatres.com/showtimes/142867588/seats,undefined @ 7:30pm (saved link)
2026-05-08,20260506-223207-340ac9,2026-05-07T03:39:30.209939+00:00,2026-05-07T03:00Z,2026-05-07,Thursday,AMC Edwardsville 12,,CT,Mortal Kombat II,5:00pm,142213932,1101,,undefined,260,2,258,0.8,,https://www.amctheatres.com/showtimes/142213932/seats,undefined @ 5:00pm (saved link)
2026-05-08,20260506-223207-340ac9,2026-05-07T03:40:01.546501+00:00,2026-05-07T03:00Z,2026-05-07,Thursday,AMC El Paso 16,,CT,Mortal Kombat II,10:00pm,142887297,1400,,undefined,88,5,83,5.7,,https://www.amctheatres.com/showtimes/142887297/seats,undefined @ 10:00pm (saved link)
2026-05-08,20260506-223207-340ac9,2026-05-07T03:40:01.546501+00:00,2026-05-07T03:00Z,2026-05-07,Thursday,AMC El Paso 16,,CT,Mortal Kombat II,9:00pm,142211156,1340,,undefined,48,20,28,41.7,,https://www.amctheatres.com/showtimes/142211156/seats,undefined @ 9:00pm (saved link)
2026-05-08,20260506-223207-340ac9,2026-05-07T03:40:01.546501+00:00,2026-05-07T03:00Z,2026-05-07,Thursday,AMC El Paso 16,,CT,Mortal Kombat II,8:00pm,142887312,1280,,undefined,109,19,90,17.4,,https://www.amctheatres.com/showtimes/142887312/seats,undefined @ 8:00pm (saved link)
2026-05-08,20260506-223207-340ac9,2026-05-07T03:40:01.546501+00:00,2026-05-07T03:00Z,2026-05-07,Thursday,AMC El Paso 16,,CT,Mortal Kombat II,7:10pm,142887299,1230,,undefined,88,28,60,31.8,,https://www.amctheatres.com/showtimes/142887299/seats,undefined @ 7:10pm (saved link)
2026-05-08,20260506-223207-340ac9,2026-05-07T03:40:01.546501+00:00,2026-05-07T03:00Z,2026-05-07,Thursday,AMC El Paso 16,,CT,Mortal Kombat II,6:00pm,142211155,1160,,undefined,48,28,20,58.3,,https://www.amctheatres.com/showtimes/142211155/seats,undefined @ 6:00pm (saved link)
2026-05-08,20260506-223207-340ac9,2026-05-07T03:40:01.546501+00:00,2026-05-07T03:00Z,2026-05-07,Thursday,AMC El Paso 16,,CT,Mortal Kombat II,5:05pm,142887311,1104,,undefined,109,7,102,6.4,,https://www.amctheatres.com/showtimes/142887311/seats,undefined @ 5:05pm (saved link)
2026-05-08,20260506-223207-340ac9,2026-05-07T03:40:30.518505+00:00,2026-05-07T03:00Z,2026-05-07,Thursday,AMC Elmwood Palace 20,,CT,Mortal Kombat II,9:15pm,142052876,1355,,IMAX with Laser at AMC,390,21,369,5.4,,https://www.amctheatres.com/showtimes/142052876/seats,IMAX with Laser at AMC @ 9:15pm (saved link)
2026-05-08,20260506-223207-340ac9,2026-05-07T03:40:30.518505+00:00,2026-05-07T03:00Z,2026-05-07,Thursday,AMC Elmwood Palace 20,,CT,Mortal Kombat II,6:15pm,142052875,1175,,IMAX with Laser at AMC,390,51,339,13.1,,https://www.amctheatres.com/showtimes/142052875/seats,IMAX with Laser at AMC @ 6:15pm (saved link)
2026-05-08,20260506-223207-340ac9,2026-05-07T03:40:30.518505+00:00,2026-05-07T03:00Z,2026-05-07,Thursday,AMC Elmwood Palace 20,,CT,Mortal Kombat II,8:50pm,142053087,1329,,Dolby Cinema at AMC,201,71,130,35.3,,https://www.amctheatres.com/showtimes/142053087/seats,Dolby Cinema at AMC @ 8:50pm (saved link)
2026-05-08,20260506-223207-340ac9,2026-05-07T03:40:30.518505+00:00,2026-05-07T03:00Z,2026-05-07,Thursday,AMC Elmwood Palace 20,,CT,Mortal Kombat II,7:15pm,142052988,1235,,undefined,209,8,201,3.8,,https://www.amctheatres.com/showtimes/142052988/seats,undefined @ 7:15pm (saved link)
2026-05-08,20260506-223207-340ac9,2026-05-07T03:40:56.872361+00:00,2026-05-07T03:00Z,2026-05-07,Thursday,AMC Esquire 7,,CT,Mortal Kombat II,10:15pm,142921538,1415,,undefined,130,0,130,0,,https://www.amctheatres.com/showtimes/142921538/seats,undefined @ 10:15pm (saved link)
2026-05-08,20260506-223207-340ac9,2026-05-07T03:40:56.872361+00:00,2026-05-07T03:00Z,2026-05-07,Thursday,AMC Esquire 7,,CT,Mortal Kombat II,8:00pm,142164908,1280,,undefined,259,18,241,6.9,,https://www.amctheatres.com/showtimes/142164908/seats,undefined @ 8:00pm (saved link)
2026-05-08,20260506-223207-340ac9,2026-05-07T03:41:19.345742+00:00,2026-05-07T03:00Z,2026-05-07,Thursday,AMC Evanston 12,,CT,Mortal Kombat II,9:15pm,142202607,1354,,Laser at AMC,165,0,165,0,,https://www.amctheatres.com/showtimes/142202607/seats,Laser at AMC @ 9:15pm (saved link)
2026-05-08,20260506-223207-340ac9,2026-05-07T03:41:19.345742+00:00,2026-05-07T03:00Z,2026-05-07,Thursday,AMC Evanston 12,,CT,Mortal Kombat II,7:55pm,142986966,1274,,Laser at AMC,382,0,382,0,,https://www.amctheatres.com/showtimes/142986966/seats,Laser at AMC @ 7:55pm (saved link)
2026-05-08,20260506-223207-340ac9,2026-05-07T03:41:19.345742+00:00,2026-05-07T03:00Z,2026-05-07,Thursday,AMC Evanston 12,,CT,Mortal Kombat II,6:10pm,142202606,1169,,Laser at AMC,165,14,151,8.5,,https://www.amctheatres.com/showtimes/142202606/seats,Laser at AMC @ 6:10pm (saved link)
2026-05-08,20260506-223207-340ac9,2026-05-07T03:41:44.307623+00:00,2026-05-07T03:00Z,2026-05-07,Thursday,AMC Festival Plaza 16,,CT,Mortal Kombat II,9:00pm,142826405,1339,,IMAX at AMC,218,10,208,4.6,,https://www.amctheatres.com/showtimes/142826405/seats,IMAX at AMC @ 9:00pm (saved link)
2026-05-08,20260506-223207-340ac9,2026-05-07T03:41:44.307623+00:00,2026-05-07T03:00Z,2026-05-07,Thursday,AMC Festival Plaza 16,,CT,Mortal Kombat II,6:00pm,142058935,1159,,IMAX at AMC,218,8,210,3.7,,https://www.amctheatres.com/showtimes/142058935/seats,IMAX at AMC @ 6:00pm (saved link)
2026-05-08,20260506-223207-340ac9,2026-05-07T03:41:44.307623+00:00,2026-05-07T03:00Z,2026-05-07,Thursday,AMC Festival Plaza 16,,CT,Mortal Kombat II,7:30pm,142058880,1249,,undefined,146,0,146,0,,https://www.amctheatres.com/showtimes/142058880/seats,undefined @ 7:30pm (saved link)
2026-05-08,20260506-223207-340ac9,2026-05-07T03:41:44.307623+00:00,2026-05-07T03:00Z,2026-05-07,Thursday,AMC Festival Plaza 16,,CT,Mortal Kombat II,6:00pm,142910807,1159,,undefined,215,0,215,0,,https://www.amctheatres.com/showtimes/142910807/seats,undefined @ 6:00pm (saved link)
2026-05-08,20260506-223207-340ac9,2026-05-07T03:42:11.045670+00:00,2026-05-07T03:00Z,2026-05-07,Thursday,AMC Fitchburg 18,,CT,Mortal Kombat II,7:30pm,142080939,1248,,IMAX at AMC,336,41,295,12.2,,https://www.amctheatres.com/showtimes/142080939/seats,IMAX at AMC @ 7:30pm (saved link)
2026-05-08,20260506-223207-340ac9,2026-05-07T03:42:11.045670+00:00,2026-05-07T03:00Z,2026-05-07,Thursday,AMC Fitchburg 18,,CT,Mortal Kombat II,8:30pm,142080800,1308,,undefined,63,7,56,11.1,,https://www.amctheatres.com/showtimes/142080800/seats,undefined @ 8:30pm (saved link)
2026-05-08,20260506-223207-340ac9,2026-05-07T03:42:11.045670+00:00,2026-05-07T03:00Z,2026-05-07,Thursday,AMC Fitchburg 18,,CT,Mortal Kombat II,5:30pm,142080801,1128,,undefined,63,6,57,9.5,,https://www.amctheatres.com/showtimes/142080801/seats,undefined @ 5:30pm (saved link)
2026-05-08,20260506-223207-340ac9,2026-05-07T03:42:35.408043+00:00,2026-05-07T03:00Z,2026-05-07,Thursday,AMC Galaxy 16,,CT,Mortal Kombat II,10:25pm,142731263,1423,,IMAX at AMC,303,4,299,1.3,,https://www.amctheatres.com/showtimes/142731263/seats,IMAX at AMC @ 10:25pm (saved link)
2026-05-08,20260506-223207-340ac9,2026-05-07T03:42:35.408043+00:00,2026-05-07T03:00Z,2026-05-07,Thursday,AMC Galaxy 16,,CT,Mortal Kombat II,7:15pm,142211212,1233,,IMAX at AMC,303,7,296,2.3,,https://www.amctheatres.com/showtimes/142211212/seats,IMAX at AMC @ 7:15pm (saved link)
2026-05-08,20260506-223207-340ac9,2026-05-07T03:42:35.408043+00:00,2026-05-07T03:00Z,2026-05-07,Thursday,AMC Galaxy 16,,CT,Mortal Kombat II,9:20pm,142731262,1358,,undefined,417,0,417,0,,https://www.amctheatres.com/showtimes/142731262/seats,undefined @ 9:20pm (saved link)
2026-05-08,20260506-223207-340ac9,2026-05-07T03:42:35.408043+00:00,2026-05-07T03:00Z,2026-05-07,Thursday,AMC Galaxy 16,,CT,Mortal Kombat II,6:10pm,142211195,1168,,undefined,417,0,417,0,,https://www.amctheatres.com/showtimes/142211195/seats,undefined @ 6:10pm (saved link)
2026-05-08,20260506-223207-340ac9,2026-05-07T03:43:02.107846+00:00,2026-05-07T03:00Z,2026-05-07,Thursday,AMC Grand Prairie 18,,CT,Mortal Kombat II,8:55pm,142059537,1332,,IMAX at AMC,331,2,329,0.6,,https://www.amctheatres.com/showtimes/142059537/seats,IMAX at AMC @ 8:55pm (saved link)
2026-05-08,20260506-223207-340ac9,2026-05-07T03:43:02.107846+00:00,2026-05-07T03:00Z,2026-05-07,Thursday,AMC Grand Prairie 18,,CT,Mortal Kombat II,6:00pm,142059536,1157,,IMAX at AMC,331,32,299,9.7,,https://www.amctheatres.com/showtimes/142059536/seats,IMAX at AMC @ 6:00pm (saved link)
2026-05-08,20260506-223207-340ac9,2026-05-07T03:43:02.107846+00:00,2026-05-07T03:00Z,2026-05-07,Thursday,AMC Grand Prairie 18,,CT,Mortal Kombat II,8:00pm,142965275,1277,,undefined,350,0,350,0,,https://www.amctheatres.com/showtimes/142965275/seats,undefined @ 8:00pm (saved link)
2026-05-08,20260506-223207-340ac9,2026-05-07T03:43:02.107846+00:00,2026-05-07T03:00Z,2026-05-07,Thursday,AMC Grand Prairie 18,,CT,Mortal Kombat II,7:00pm,142059579,1217,,undefined,273,5,268,1.8,,https://www.amctheatres.com/showtimes/142059579/seats,undefined @ 7:00pm (saved link)
2026-05-08,20260506-223207-340ac9,2026-05-07T03:43:02.107846+00:00,2026-05-07T03:00Z,2026-05-07,Thursday,AMC Grand Prairie 18,,CT,Mortal Kombat II,5:00pm,142965276,1097,,undefined,350,0,350,0,,https://www.amctheatres.com/showtimes/142965276/seats,undefined @ 5:00pm (saved link)
2026-05-08,20260506-223207-340ac9,2026-05-07T03:43:33.485064+00:00,2026-05-07T03:00Z,2026-05-07,Thursday,AMC Hammond Palace 10,,CT,Mortal Kombat II,7:50pm,142222978,1267,,PRIME at AMC,108,20,88,18.5,,https://www.amctheatres.com/showtimes/142222978/seats,PRIME at AMC @ 7:50pm (saved link)
2026-05-08,20260506-223207-340ac9,2026-05-07T03:43:33.485064+00:00,2026-05-07T03:00Z,2026-05-07,Thursday,AMC Hammond Palace 10,,CT,Mortal Kombat II,9:00pm,142223094,1337,,undefined,91,0,91,0,,https://www.amctheatres.com/showtimes/142223094/seats,undefined @ 9:00pm (saved link)
2026-05-08,20260506-223207-340ac9,2026-05-07T03:43:33.485064+00:00,2026-05-07T03:00Z,2026-05-07,Thursday,AMC Hammond Palace 10,,CT,Mortal Kombat II,6:20pm,142223120,1177,,undefined,100,6,94,6,,https://www.amctheatres.com/showtimes/142223120/seats,undefined @ 6:20pm (saved link)
2026-05-08,20260506-223207-340ac9,2026-05-07T03:43:57.350186+00:00,2026-05-07T03:00Z,2026-05-07,Thursday,AMC Hawthorn 12,,CT,Mortal Kombat II,8:00pm,142200062,1277,,Dolby Cinema at AMC,213,124,89,58.2,,https://www.amctheatres.com/showtimes/142200062/seats,Dolby Cinema at AMC @ 8:00pm (saved link)
2026-05-08,20260506-223207-340ac9,2026-05-07T03:43:57.350186+00:00,2026-05-07T03:00Z,2026-05-07,Thursday,AMC Hawthorn 12,,CT,Mortal Kombat II,10:30pm,142703450,1427,,Laser at AMC,75,3,72,4,,https://www.amctheatres.com/showtimes/142703450/seats,Laser at AMC @ 10:30pm (saved link)
2026-05-08,20260506-223207-340ac9,2026-05-07T03:43:57.350186+00:00,2026-05-07T03:00Z,2026-05-07,Thursday,AMC Hawthorn 12,,CT,Mortal Kombat II,9:00pm,142200156,1337,,Laser at AMC,86,23,63,26.7,,https://www.amctheatres.com/showtimes/142200156/seats,Laser at AMC @ 9:00pm (saved link)
2026-05-08,20260506-223207-340ac9,2026-05-07T03:43:57.350186+00:00,2026-05-07T03:00Z,2026-05-07,Thursday,AMC Hawthorn 12,,CT,Mortal Kombat II,6:00pm,142200155,1157,,Laser at AMC,86,26,60,30.2,,https://www.amctheatres.com/showtimes/142200155/seats,Laser at AMC @ 6:00pm (saved link)
2026-05-08,20260506-223207-340ac9,2026-05-07T03:43:57.350186+00:00,2026-05-07T03:00Z,2026-05-07,Thursday,AMC Hawthorn 12,,CT,Mortal Kombat II,5:15pm,142862562,1112,,Laser at AMC,81,6,75,7.4,,https://www.amctheatres.com/showtimes/142862562/seats,Laser at AMC @ 5:15pm (saved link)
2026-05-08,20260506-223207-340ac9,2026-05-07T03:44:25.699499+00:00,2026-05-07T03:00Z,2026-05-07,Thursday,AMC Highland Village 12,,CT,Mortal Kombat II,9:00pm,142078285,1336,,IMAX at AMC,286,11,275,3.8,,https://www.amctheatres.com/showtimes/142078285/seats,IMAX at AMC @ 9:00pm (saved link)
2026-05-08,20260506-223207-340ac9,2026-05-07T03:44:25.699499+00:00,2026-05-07T03:00Z,2026-05-07,Thursday,AMC Highland Village 12,,CT,Mortal Kombat II,6:00pm,142078284,1156,,IMAX at AMC,286,14,272,4.9,,https://www.amctheatres.com/showtimes/142078284/seats,IMAX at AMC @ 6:00pm (saved link)
2026-05-08,20260506-223207-340ac9,2026-05-07T03:44:25.699499+00:00,2026-05-07T03:00Z,2026-05-07,Thursday,AMC Highland Village 12,,CT,Mortal Kombat II,8:00pm,142078305,1276,,Laser at AMC,209,0,209,0,,https://www.amctheatres.com/showtimes/142078305/seats,Laser at AMC @ 8:00pm (saved link)
2026-05-08,20260506-223207-340ac9,2026-05-07T03:44:49.558418+00:00,2026-05-07T03:00Z,2026-05-07,Thursday,AMC Houma Palace 10,,CT,Mortal Kombat II,7:15pm,142911897,1231,,undefined,225,2,223,0.9,,https://www.amctheatres.com/showtimes/142911897/seats,undefined @ 7:15pm (saved link)
2026-05-08,20260506-223207-340ac9,2026-05-07T03:44:49.558418+00:00,2026-05-07T03:00Z,2026-05-07,Thursday,AMC Houma Palace 10,,CT,Mortal Kombat II,6:30pm,142217162,1186,,undefined,262,8,254,3.1,,https://www.amctheatres.com/showtimes/142217162/seats,undefined @ 6:30pm (saved link)
2026-05-08,20260506-223207-340ac9,2026-05-07T03:45:17.150597+00:00,2026-05-07T03:00Z,2026-05-07,Thursday,AMC Lakeline 9,,CT,Mortal Kombat II,9:45pm,142758970,1380,,undefined,122,6,116,4.9,,https://www.amctheatres.com/showtimes/142758970/seats,undefined @ 9:45pm (saved link)
2026-05-08,20260506-223207-340ac9,2026-05-07T03:45:17.150597+00:00,2026-05-07T03:00Z,2026-05-07,Thursday,AMC Lakeline 9,,CT,Mortal Kombat II,7:30pm,142202804,1245,,undefined,106,18,88,17,,https://www.amctheatres.com/showtimes/142202804/seats,undefined @ 7:30pm (saved link)
2026-05-08,20260506-223207-340ac9,2026-05-07T03:45:17.150597+00:00,2026-05-07T03:00Z,2026-05-07,Thursday,AMC Lakeline 9,,CT,Mortal Kombat II,7:00pm,142964540,1215,,undefined,122,6,116,4.9,,https://www.amctheatres.com/showtimes/142964540/seats,undefined @ 7:00pm (saved link)
2026-05-08,20260506-223207-340ac9,2026-05-07T03:45:44.545280+00:00,2026-05-07T03:00Z,2026-05-07,Thursday,AMC Longview 10,,CT,Mortal Kombat II,9:10pm,142166271,1345,,undefined,98,13,85,13.3,,https://www.amctheatres.com/showtimes/142166271/seats,undefined @ 9:10pm (saved link)
2026-05-08,20260506-223207-340ac9,2026-05-07T03:45:44.545280+00:00,2026-05-07T03:00Z,2026-05-07,Thursday,AMC Longview 10,,CT,Mortal Kombat II,6:00pm,142166270,1155,,undefined,98,19,79,19.4,,https://www.amctheatres.com/showtimes/142166270/seats,undefined @ 6:00pm (saved link)
2026-05-08,20260506-223207-340ac9,2026-05-07T03:46:06.123014+00:00,2026-05-07T03:00Z,2026-05-07,Thursday,AMC Lufkin 9,,CT,Mortal Kombat II,9:10pm,142969399,1344,,undefined,119,0,119,0,,https://www.amctheatres.com/showtimes/142969399/seats,undefined @ 9:10pm (saved link)
2026-05-08,20260506-223207-340ac9,2026-05-07T03:46:06.123014+00:00,2026-05-07T03:00Z,2026-05-07,Thursday,AMC Lufkin 9,,CT,Mortal Kombat II,6:05pm,142219565,1159,,undefined,119,2,117,1.7,,https://www.amctheatres.com/showtimes/142219565/seats,undefined @ 6:05pm (saved link)
2026-05-08,20260506-223207-340ac9,2026-05-07T03:46:26.076652+00:00,2026-05-07T03:00Z,2026-05-07,Thursday,AMC Machesney Park 14,,CT,Mortal Kombat II,9:55pm,142881318,1389,,undefined,194,0,194,0,,https://www.amctheatres.com/showtimes/142881318/seats,undefined @ 9:55pm (saved link)
2026-05-08,20260506-223207-340ac9,2026-05-07T03:46:26.076652+00:00,2026-05-07T03:00Z,2026-05-07,Thursday,AMC Machesney Park 14,,CT,Mortal Kombat II,9:00pm,142881282,1334,,undefined,194,1,193,0.5,,https://www.amctheatres.com/showtimes/142881282/seats,undefined @ 9:00pm (saved link)
2026-05-08,20260506-223207-340ac9,2026-05-07T03:46:26.076652+00:00,2026-05-07T03:00Z,2026-05-07,Thursday,AMC Machesney Park 14,,CT,Mortal Kombat II,7:00pm,142881320,1214,,undefined,194,3,191,1.5,,https://www.amctheatres.com/showtimes/142881320/seats,undefined @ 7:00pm (saved link)
2026-05-08,20260506-223207-340ac9,2026-05-07T03:46:26.076652+00:00,2026-05-07T03:00Z,2026-05-07,Thursday,AMC Machesney Park 14,,CT,Mortal Kombat II,6:00pm,142107251,1154,,undefined,194,17,177,8.8,,https://www.amctheatres.com/showtimes/142107251/seats,undefined @ 6:00pm (saved link)
2026-05-08,20260506-223207-340ac9,2026-05-07T03:46:54.976697+00:00,2026-05-07T03:00Z,2026-05-07,Thursday,AMC Mall of Louisiana 15,,CT,Mortal Kombat II,9:00pm,142787542,1334,,IMAX at AMC,320,4,316,1.3,,https://www.amctheatres.com/showtimes/142787542/seats,IMAX at AMC @ 9:00pm (saved link)
2026-05-08,20260506-223207-340ac9,2026-05-07T03:46:54.976697+00:00,2026-05-07T03:00Z,2026-05-07,Thursday,AMC Mall of Louisiana 15,,CT,Mortal Kombat II,6:00pm,142196047,1154,,IMAX at AMC,320,6,314,1.9,,https://www.amctheatres.com/showtimes/142196047/seats,IMAX at AMC @ 6:00pm (saved link)
2026-05-08,20260506-223207-340ac9,2026-05-07T03:46:54.976697+00:00,2026-05-07T03:00Z,2026-05-07,Thursday,AMC Mall of Louisiana 15,,CT,Mortal Kombat II,7:30pm,142196100,1244,,undefined,286,5,281,1.7,,https://www.amctheatres.com/showtimes/142196100/seats,undefined @ 7:30pm (saved link)
2026-05-08,20260506-223207-340ac9,2026-05-07T03:46:54.976697+00:00,2026-05-07T03:00Z,2026-05-07,Thursday,AMC Mall of Louisiana 15,,CT,Mortal Kombat II,5:00pm,142787587,1094,,undefined,95,5,90,5.3,,https://www.amctheatres.com/showtimes/142787587/seats,undefined @ 5:00pm (saved link)
2026-05-08,20260506-223207-340ac9,2026-05-07T03:47:19.532442+00:00,2026-05-07T03:00Z,2026-05-07,Thursday,AMC Mayfair Mall 18,,CT,Mortal Kombat II,8:00pm,142219492,1273,,IMAX at AMC,291,48,243,16.5,,https://www.amctheatres.com/showtimes/142219492/seats,IMAX at AMC @ 8:00pm (saved link)
2026-05-08,20260506-223207-340ac9,2026-05-07T03:47:19.532442+00:00,2026-05-07T03:00Z,2026-05-07,Thursday,AMC Mayfair Mall 18,,CT,Mortal Kombat II,5:00pm,142219493,1093,,IMAX at AMC,291,34,257,11.7,,https://www.amctheatres.com/showtimes/142219493/seats,IMAX at AMC @ 5:00pm (saved link)
2026-05-08,20260506-223207-340ac9,2026-05-07T03:47:19.532442+00:00,2026-05-07T03:00Z,2026-05-07,Thursday,AMC Mayfair Mall 18,,CT,Mortal Kombat II,9:00pm,142821284,1333,,undefined,392,9,383,2.3,,https://www.amctheatres.com/showtimes/142821284/seats,undefined @ 9:00pm (saved link)
2026-05-08,20260506-223207-340ac9,2026-05-07T03:47:19.532442+00:00,2026-05-07T03:00Z,2026-05-07,Thursday,AMC Mayfair Mall 18,,CT,Mortal Kombat II,6:00pm,142219474,1153,,undefined,392,12,380,3.1,,https://www.amctheatres.com/showtimes/142219474/seats,undefined @ 6:00pm (saved link)
2026-05-08,20260506-223207-340ac9,2026-05-07T03:47:46.266419+00:00,2026-05-07T03:00Z,2026-05-07,Thursday,AMC Norridge 6,,CT,Mortal Kombat II,10:00pm,142214105,1393,,Laser at AMC,201,13,188,6.5,,https://www.amctheatres.com/showtimes/142214105/seats,Laser at AMC @ 10:00pm (saved link)
2026-05-08,20260506-223207-340ac9,2026-05-07T03:47:46.266419+00:00,2026-05-07T03:00Z,2026-05-07,Thursday,AMC Norridge 6,,CT,Mortal Kombat II,8:00pm,142214104,1273,,Laser at AMC,202,33,169,16.3,,https://www.amctheatres.com/showtimes/142214104/seats,Laser at AMC @ 8:00pm (saved link)
2026-05-08,20260506-223207-340ac9,2026-05-07T03:47:46.266419+00:00,2026-05-07T03:00Z,2026-05-07,Thursday,AMC Norridge 6,,CT,Mortal Kombat II,7:00pm,142927543,1213,,Laser at AMC,75,19,56,25.3,,https://www.amctheatres.com/showtimes/142927543/seats,Laser at AMC @ 7:00pm (saved link)
2026-05-08,20260506-223207-340ac9,2026-05-07T03:47:46.266419+00:00,2026-05-07T03:00Z,2026-05-07,Thursday,AMC Norridge 6,,CT,Mortal Kombat II,6:00pm,142214109,1153,,Laser at AMC,113,37,76,32.7,,https://www.amctheatres.com/showtimes/142214109/seats,Laser at AMC @ 6:00pm (saved link)
2026-05-08,20260506-223207-340ac9,2026-05-07T03:48:13.754648+00:00,2026-05-07T03:00Z,2026-05-07,Thursday,AMC Northrock 14,,CT,Mortal Kombat II,10:00pm,142071876,1392,,Dolby Cinema at AMC,143,23,120,16.1,,https://www.amctheatres.com/showtimes/142071876/seats,Dolby Cinema at AMC @ 10:00pm (saved link)
2026-05-08,20260506-223207-340ac9,2026-05-07T03:48:13.754648+00:00,2026-05-07T03:00Z,2026-05-07,Thursday,AMC Northrock 14,,CT,Mortal Kombat II,7:00pm,142071875,1212,,Dolby Cinema at AMC,143,88,55,61.5,,https://www.amctheatres.com/showtimes/142071875/seats,Dolby Cinema at AMC @ 7:00pm (saved link)
2026-05-08,20260506-223207-340ac9,2026-05-07T03:48:13.754648+00:00,2026-05-07T03:00Z,2026-05-07,Thursday,AMC Northrock 14,,CT,Mortal Kombat II,9:00pm,142071971,1332,,undefined,161,2,159,1.2,,https://www.amctheatres.com/showtimes/142071971/seats,undefined @ 9:00pm (saved link)
2026-05-08,20260506-223207-340ac9,2026-05-07T03:48:13.754648+00:00,2026-05-07T03:00Z,2026-05-07,Thursday,AMC Northrock 14,,CT,Mortal Kombat II,8:30pm,142897760,1302,,undefined,29,0,29,0,,https://www.amctheatres.com/showtimes/142897760/seats,undefined @ 8:30pm (saved link)
2026-05-08,20260506-223207-340ac9,2026-05-07T03:48:13.754648+00:00,2026-05-07T03:00Z,2026-05-07,Thursday,AMC Northrock 14,,CT,Mortal Kombat II,6:00pm,142071972,1152,,undefined,161,34,127,21.1,,https://www.amctheatres.com/showtimes/142071972/seats,undefined @ 6:00pm (saved link)
2026-05-08,20260506-223207-340ac9,2026-05-07T03:48:40.384142+00:00,2026-05-07T03:00Z,2026-05-07,Thursday,AMC Oakbrook Center 4,,CT,Mortal Kombat II,9:00pm,142217283,1332,,Laser at AMC,137,0,137,0,,https://www.amctheatres.com/showtimes/142217283/seats,Laser at AMC @ 9:00pm (saved link)
2026-05-08,20260506-223207-340ac9,2026-05-07T03:48:40.384142+00:00,2026-05-07T03:00Z,2026-05-07,Thursday,AMC Oakbrook Center 4,,CT,Mortal Kombat II,6:00pm,142217282,1152,,Laser at AMC,137,10,127,7.3,,https://www.amctheatres.com/showtimes/142217282/seats,Laser at AMC @ 6:00pm (saved link)
2026-05-08,20260506-223207-340ac9,2026-05-07T03:49:00.749687+00:00,2026-05-07T03:00Z,2026-05-07,Thursday,AMC Palace 9,,CT,Mortal Kombat II,10:00pm,142207671,1391,,PRIME at AMC,172,9,163,5.2,,https://www.amctheatres.com/showtimes/142207671/seats,PRIME at AMC @ 10:00pm (saved link)
2026-05-08,20260506-223207-340ac9,2026-05-07T03:49:00.749687+00:00,2026-05-07T03:00Z,2026-05-07,Thursday,AMC Palace 9,,CT,Mortal Kombat II,7:00pm,142207670,1211,,PRIME at AMC,172,21,151,12.2,,https://www.amctheatres.com/showtimes/142207670/seats,PRIME at AMC @ 7:00pm (saved link)
2026-05-08,20260506-223207-340ac9,2026-05-07T03:49:00.749687+00:00,2026-05-07T03:00Z,2026-05-07,Thursday,AMC Palace 9,,CT,Mortal Kombat II,9:00pm,142980996,1331,,Laser at AMC,44,1,43,2.3,,https://www.amctheatres.com/showtimes/142980996/seats,Laser at AMC @ 9:00pm (saved link)
2026-05-08,20260506-223207-340ac9,2026-05-07T03:49:00.749687+00:00,2026-05-07T03:00Z,2026-05-07,Thursday,AMC Palace 9,,CT,Mortal Kombat II,6:00pm,142980994,1151,,Laser at AMC,44,1,43,2.3,,https://www.amctheatres.com/showtimes/142980994/seats,Laser at AMC @ 6:00pm (saved link)
2026-05-08,20260506-223207-340ac9,2026-05-07T03:49:24.352763+00:00,2026-05-07T03:00Z,2026-05-07,Thursday,AMC Patriot 13,,CT,Mortal Kombat II,9:00pm,142144239,1331,,IMAX at AMC,551,26,525,4.7,,https://www.amctheatres.com/showtimes/142144239/seats,IMAX at AMC @ 9:00pm (saved link)
2026-05-08,20260506-223207-340ac9,2026-05-07T03:49:24.352763+00:00,2026-05-07T03:00Z,2026-05-07,Thursday,AMC Patriot 13,,CT,Mortal Kombat II,6:00pm,142144238,1151,,IMAX at AMC,551,38,513,6.9,,https://www.amctheatres.com/showtimes/142144238/seats,IMAX at AMC @ 6:00pm (saved link)
2026-05-08,20260506-223207-340ac9,2026-05-07T03:49:24.352763+00:00,2026-05-07T03:00Z,2026-05-07,Thursday,AMC Patriot 13,,CT,Mortal Kombat II,8:00pm,142930305,1271,,undefined,102,0,102,0,,https://www.amctheatres.com/showtimes/142930305/seats,undefined @ 8:00pm (saved link)
2026-05-08,20260506-223207-340ac9,2026-05-07T03:49:24.352763+00:00,2026-05-07T03:00Z,2026-05-07,Thursday,AMC Patriot 13,,CT,Mortal Kombat II,7:00pm,142144205,1211,,undefined,199,0,199,0,,https://www.amctheatres.com/showtimes/142144205/seats,undefined @ 7:00pm (saved link)
2026-05-08,20260506-223207-340ac9,2026-05-07T03:49:24.352763+00:00,2026-05-07T03:00Z,2026-05-07,Thursday,AMC Patriot 13,,CT,Mortal Kombat II,5:00pm,142930306,1091,,undefined,102,0,102,0,,https://www.amctheatres.com/showtimes/142930306/seats,undefined @ 5:00pm (saved link)
2026-05-08,20260506-223207-340ac9,2026-05-07T03:49:52.748940+00:00,2026-05-07T03:00Z,2026-05-07,Thursday,AMC Patton Creek 15,,CT,Mortal Kombat II,10:30pm,142704944,1421,,IMAX at AMC,331,11,320,3.3,,https://www.amctheatres.com/showtimes/142704944/seats,IMAX at AMC @ 10:30pm (saved link)
2026-05-08,20260506-223207-340ac9,2026-05-07T03:49:52.748940+00:00,2026-05-07T03:00Z,2026-05-07,Thursday,AMC Patton Creek 15,,CT,Mortal Kombat II,7:30pm,142084866,1241,,IMAX at AMC,331,36,295,10.9,,https://www.amctheatres.com/showtimes/142084866/seats,IMAX at AMC @ 7:30pm (saved link)
2026-05-08,20260506-223207-340ac9,2026-05-07T03:49:52.748940+00:00,2026-05-07T03:00Z,2026-05-07,Thursday,AMC Patton Creek 15,,CT,Mortal Kombat II,9:15pm,142704876,1346,,undefined,285,0,285,0,,https://www.amctheatres.com/showtimes/142704876/seats,undefined @ 9:15pm (saved link)
2026-05-08,20260506-223207-340ac9,2026-05-07T03:49:52.748940+00:00,2026-05-07T03:00Z,2026-05-07,Thursday,AMC Patton Creek 15,,CT,Mortal Kombat II,8:30pm,142883162,1301,,undefined,151,0,151,0,,https://www.amctheatres.com/showtimes/142883162/seats,undefined @ 8:30pm (saved link)
2026-05-08,20260506-223207-340ac9,2026-05-07T03:49:52.748940+00:00,2026-05-07T03:00Z,2026-05-07,Thursday,AMC Patton Creek 15,,CT,Mortal Kombat II,6:15pm,142084790,1166,,undefined,285,5,280,1.8,,https://www.amctheatres.com/showtimes/142084790/seats,undefined @ 6:15pm (saved link)
2026-05-08,20260506-223207-340ac9,2026-05-07T03:50:23.257379+00:00,2026-05-07T03:00Z,2026-05-07,Thursday,AMC Penn Square 10,,CT,Mortal Kombat II,9:00pm,142866545,1330,,undefined,105,0,105,0,,https://www.amctheatres.com/showtimes/142866545/seats,undefined @ 9:00pm (saved link)
2026-05-08,20260506-223207-340ac9,2026-05-07T03:50:23.257379+00:00,2026-05-07T03:00Z,2026-05-07,Thursday,AMC Penn Square 10,,CT,Mortal Kombat II,8:00pm,142866533,1270,,undefined,73,0,73,0,,https://www.amctheatres.com/showtimes/142866533/seats,undefined @ 8:00pm (saved link)
2026-05-08,20260506-223207-340ac9,2026-05-07T03:50:23.257379+00:00,2026-05-07T03:00Z,2026-05-07,Thursday,AMC Penn Square 10,,CT,Mortal Kombat II,6:00pm,142055260,1150,,undefined,105,9,96,8.6,,https://www.amctheatres.com/showtimes/142055260/seats,undefined @ 6:00pm (saved link)
2026-05-08,20260506-223207-340ac9,2026-05-07T03:50:23.257379+00:00,2026-05-07T03:00Z,2026-05-07,Thursday,AMC Penn Square 10,,CT,Mortal Kombat II,5:00pm,142866534,1090,,undefined,73,3,70,4.1,,https://www.amctheatres.com/showtimes/142866534/seats,undefined @ 5:00pm (saved link)
2026-05-08,20260506-223207-340ac9,2026-05-07T03:50:49.215633+00:00,2026-05-07T03:00Z,2026-05-07,Thursday,AMC Quail Springs Mall 24,,CT,Mortal Kombat II,10:00pm,142054198,1390,,IMAX with Laser at AMC,412,1,411,0.2,,https://www.amctheatres.com/showtimes/142054198/seats,IMAX with Laser at AMC @ 10:00pm (saved link)
2026-05-08,20260506-223207-340ac9,2026-05-07T03:50:49.215633+00:00,2026-05-07T03:00Z,2026-05-07,Thursday,AMC Quail Springs Mall 24,,CT,Mortal Kombat II,7:00pm,142054197,1210,,IMAX with Laser at AMC,412,30,382,7.3,,https://www.amctheatres.com/showtimes/142054197/seats,IMAX with Laser at AMC @ 7:00pm (saved link)
2026-05-08,20260506-223207-340ac9,2026-05-07T03:50:49.215633+00:00,2026-05-07T03:00Z,2026-05-07,Thursday,AMC Quail Springs Mall 24,,CT,Mortal Kombat II,10:30pm,142054313,1420,,Dolby Cinema at AMC,211,15,196,7.1,,https://www.amctheatres.com/showtimes/142054313/seats,Dolby Cinema at AMC @ 10:30pm (saved link)
2026-05-08,20260506-223207-340ac9,2026-05-07T03:50:49.215633+00:00,2026-05-07T03:00Z,2026-05-07,Thursday,AMC Quail Springs Mall 24,,CT,Mortal Kombat II,9:30pm,142899593,1360,,undefined,151,0,151,0,,https://www.amctheatres.com/showtimes/142899593/seats,undefined @ 9:30pm (saved link)
2026-05-08,20260506-223207-340ac9,2026-05-07T03:50:49.215633+00:00,2026-05-07T03:00Z,2026-05-07,Thursday,AMC Quail Springs Mall 24,,CT,Mortal Kombat II,9:00pm,142899526,1330,,undefined,175,0,175,0,,https://www.amctheatres.com/showtimes/142899526/seats,undefined @ 9:00pm (saved link)
2026-05-08,20260506-223207-340ac9,2026-05-07T03:50:49.215633+00:00,2026-05-07T03:00Z,2026-05-07,Thursday,AMC Quail Springs Mall 24,,CT,Mortal Kombat II,8:00pm,142054178,1270,,undefined,371,0,371,0,,https://www.amctheatres.com/showtimes/142054178/seats,undefined @ 8:00pm (saved link)
2026-05-08,20260506-223207-340ac9,2026-05-07T03:50:49.215633+00:00,2026-05-07T03:00Z,2026-05-07,Thursday,AMC Quail Springs Mall 24,,CT,Mortal Kombat II,6:30pm,142899592,1180,,undefined,151,0,151,0,,https://www.amctheatres.com/showtimes/142899592/seats,undefined @ 6:30pm (saved link)
2026-05-08,20260506-223207-340ac9,2026-05-07T03:50:49.215633+00:00,2026-05-07T03:00Z,2026-05-07,Thursday,AMC Quail Springs Mall 24,,CT,Mortal Kombat II,6:00pm,142899527,1150,,undefined,175,4,171,2.3,,https://www.amctheatres.com/showtimes/142899527/seats,undefined @ 6:00pm (saved link)
2026-05-08,20260506-223207-340ac9,2026-05-07T03:50:49.215633+00:00,2026-05-07T03:00Z,2026-05-07,Thursday,AMC Quail Springs Mall 24,,CT,Mortal Kombat II,5:00pm,142054177,1090,,undefined,371,4,367,1.1,,https://www.amctheatres.com/showtimes/142054177/seats,undefined @ 5:00pm (saved link)
2026-05-08,20260506-223207-340ac9,2026-05-07T03:51:26.679288+00:00,2026-05-07T03:00Z,2026-05-07,Thursday,AMC Rivercenter 11,,CT,Mortal Kombat II,9:10pm,142216136,1339,,IMAX at AMC,418,42,376,10,,https://www.amctheatres.com/showtimes/142216136/seats,IMAX at AMC @ 9:10pm (saved link)
2026-05-08,20260506-223207-340ac9,2026-05-07T03:51:26.679288+00:00,2026-05-07T03:00Z,2026-05-07,Thursday,AMC Rivercenter 11,,CT,Mortal Kombat II,6:10pm,142216135,1159,,IMAX at AMC,418,58,360,13.9,,https://www.amctheatres.com/showtimes/142216135/seats,IMAX at AMC @ 6:10pm (saved link)
2026-05-08,20260506-223207-340ac9,2026-05-07T03:51:26.679288+00:00,2026-05-07T03:00Z,2026-05-07,Thursday,AMC Rivercenter 11,,CT,Mortal Kombat II,10:35pm,142925275,1423,,undefined,74,0,74,0,,https://www.amctheatres.com/showtimes/142925275/seats,undefined @ 10:35pm (saved link)
2026-05-08,20260506-223207-340ac9,2026-05-07T03:51:26.679288+00:00,2026-05-07T03:00Z,2026-05-07,Thursday,AMC Rivercenter 11,,CT,Mortal Kombat II,7:40pm,142925277,1249,,undefined,74,12,62,16.2,,https://www.amctheatres.com/showtimes/142925277/seats,undefined @ 7:40pm (saved link)
2026-05-08,20260506-223207-340ac9,2026-05-07T03:51:59.288607+00:00,2026-05-07T03:00Z,2026-05-07,Thursday,AMC Robinson Crossing 6,,CT,Mortal Kombat II,10:30pm,142104956,1419,,undefined,70,3,67,4.3,,https://www.amctheatres.com/showtimes/142104956/seats,undefined @ 10:30pm (saved link)
2026-05-08,20260506-223207-340ac9,2026-05-07T03:51:59.288607+00:00,2026-05-07T03:00Z,2026-05-07,Thursday,AMC Robinson Crossing 6,,CT,Mortal Kombat II,6:30pm,142105001,1179,,undefined,71,12,59,16.9,,https://www.amctheatres.com/showtimes/142105001/seats,undefined @ 6:30pm (saved link)
2026-05-08,20260506-223207-340ac9,2026-05-07T03:52:20.355189+00:00,2026-05-07T03:00Z,2026-05-07,Thursday,AMC Rockford 16,,CT,Mortal Kombat II,8:00pm,142209830,1268,,IMAX at AMC,245,35,210,14.3,,https://www.amctheatres.com/showtimes/142209830/seats,IMAX at AMC @ 8:00pm (saved link)
2026-05-08,20260506-223207-340ac9,2026-05-07T03:52:20.355189+00:00,2026-05-07T03:00Z,2026-05-07,Thursday,AMC Rockford 16,,CT,Mortal Kombat II,5:00pm,142209831,1088,,IMAX at AMC,245,41,204,16.7,,https://www.amctheatres.com/showtimes/142209831/seats,IMAX at AMC @ 5:00pm (saved link)
2026-05-08,20260506-223207-340ac9,2026-05-07T03:52:20.355189+00:00,2026-05-07T03:00Z,2026-05-07,Thursday,AMC Rockford 16,,CT,Mortal Kombat II,8:55pm,142209834,1323,,undefined,280,2,278,0.7,,https://www.amctheatres.com/showtimes/142209834/seats,undefined @ 8:55pm (saved link)
2026-05-08,20260506-223207-340ac9,2026-05-07T03:52:20.355189+00:00,2026-05-07T03:00Z,2026-05-07,Thursday,AMC Rockford 16,,CT,Mortal Kombat II,7:15pm,142941339,1223,,undefined,177,1,176,0.6,,https://www.amctheatres.com/showtimes/142941339/seats,undefined @ 7:15pm (saved link)
2026-05-08,20260506-223207-340ac9,2026-05-07T03:52:20.355189+00:00,2026-05-07T03:00Z,2026-05-07,Thursday,AMC Rockford 16,,CT,Mortal Kombat II,6:00pm,142209833,1148,,undefined,280,5,275,1.8,,https://www.amctheatres.com/showtimes/142209833/seats,undefined @ 6:00pm (saved link)
2026-05-08,20260506-223207-340ac9,2026-05-07T03:52:49.388696+00:00,2026-05-07T03:00Z,2026-05-07,Thursday,AMC Sikes Senter 10,,CT,Mortal Kombat II,10:30pm,142804869,1418,,undefined,119,0,119,0,,https://www.amctheatres.com/showtimes/142804869/seats,undefined @ 10:30pm (saved link)
2026-05-08,20260506-223207-340ac9,2026-05-07T03:52:49.388696+00:00,2026-05-07T03:00Z,2026-05-07,Thursday,AMC Sikes Senter 10,,CT,Mortal Kombat II,7:30pm,142804870,1238,,undefined,119,0,119,0,,https://www.amctheatres.com/showtimes/142804870/seats,undefined @ 7:30pm (saved link)
2026-05-08,20260506-223207-340ac9,2026-05-07T03:53:12.894514+00:00,2026-05-07T03:00Z,2026-05-07,Thursday,AMC Southern Hills 12,,CT,Mortal Kombat II,9:30pm,142899359,1357,,undefined,43,0,43,0,,https://www.amctheatres.com/showtimes/142899359/seats,undefined @ 9:30pm (saved link)
2026-05-08,20260506-223207-340ac9,2026-05-07T03:53:12.894514+00:00,2026-05-07T03:00Z,2026-05-07,Thursday,AMC Southern Hills 12,,CT,Mortal Kombat II,8:15pm,142899459,1282,,undefined,43,2,41,4.7,,https://www.amctheatres.com/showtimes/142899459/seats,undefined @ 8:15pm (saved link)
2026-05-08,20260506-223207-340ac9,2026-05-07T03:53:12.894514+00:00,2026-05-07T03:00Z,2026-05-07,Thursday,AMC Southern Hills 12,,CT,Mortal Kombat II,7:15pm,142116165,1222,,undefined,43,19,24,44.2,,https://www.amctheatres.com/showtimes/142116165/seats,undefined @ 7:15pm (saved link)
2026-05-08,20260506-223207-340ac9,2026-05-07T03:53:12.894514+00:00,2026-05-07T03:00Z,2026-05-07,Thursday,AMC Southern Hills 12,,CT,Mortal Kombat II,5:00pm,142899449,1087,,undefined,43,4,39,9.3,,https://www.amctheatres.com/showtimes/142899449/seats,undefined @ 5:00pm (saved link)
2026-05-08,20260506-223207-340ac9,2026-05-07T03:53:40.597411+00:00,2026-05-07T03:00Z,2026-05-07,Thursday,AMC Southroads 20,,CT,Mortal Kombat II,9:45pm,142190992,1372,,IMAX at AMC,398,11,387,2.8,,https://www.amctheatres.com/showtimes/142190992/seats,IMAX at AMC @ 9:45pm (saved link)
2026-05-08,20260506-223207-340ac9,2026-05-07T03:53:40.597411+00:00,2026-05-07T03:00Z,2026-05-07,Thursday,AMC Southroads 20,,CT,Mortal Kombat II,6:45pm,142190991,1192,,IMAX at AMC,398,37,361,9.3,,https://www.amctheatres.com/showtimes/142190991/seats,IMAX at AMC @ 6:45pm (saved link)
2026-05-08,20260506-223207-340ac9,2026-05-07T03:53:40.597411+00:00,2026-05-07T03:00Z,2026-05-07,Thursday,AMC Southroads 20,,CT,Mortal Kombat II,10:30pm,142190972,1417,,Dolby Cinema at AMC,209,18,191,8.6,,https://www.amctheatres.com/showtimes/142190972/seats,Dolby Cinema at AMC @ 10:30pm (saved link)
2026-05-08,20260506-223207-340ac9,2026-05-07T03:53:40.597411+00:00,2026-05-07T03:00Z,2026-05-07,Thursday,AMC Southroads 20,,CT,Mortal Kombat II,9:00pm,142191064,1327,,undefined,95,5,90,5.3,,https://www.amctheatres.com/showtimes/142191064/seats,undefined @ 9:00pm (saved link)
2026-05-08,20260506-223207-340ac9,2026-05-07T03:53:40.597411+00:00,2026-05-07T03:00Z,2026-05-07,Thursday,AMC Southroads 20,,CT,Mortal Kombat II,7:45pm,142933095,1252,,undefined,64,7,57,10.9,,https://www.amctheatres.com/showtimes/142933095/seats,undefined @ 7:45pm (saved link)
2026-05-08,20260506-223207-340ac9,2026-05-07T03:53:40.597411+00:00,2026-05-07T03:00Z,2026-05-07,Thursday,AMC Southroads 20,,CT,Mortal Kombat II,6:00pm,142191065,1147,,undefined,95,18,77,18.9,,https://www.amctheatres.com/showtimes/142191065/seats,undefined @ 6:00pm (saved link)
2026-05-08,20260506-223207-340ac9,2026-05-07T03:54:09.779127+00:00,2026-05-07T03:00Z,2026-05-07,Thursday,AMC Springfield 11,,CT,Mortal Kombat II,10:00pm,142206884,1386,,IMAX with Laser at AMC,253,42,211,16.6,,https://www.amctheatres.com/showtimes/142206884/seats,IMAX with Laser at AMC @ 10:00pm (saved link)
2026-05-08,20260506-223207-340ac9,2026-05-07T03:54:09.779127+00:00,2026-05-07T03:00Z,2026-05-07,Thursday,AMC Springfield 11,,CT,Mortal Kombat II,7:00pm,142206883,1206,,IMAX with Laser at AMC,253,73,180,28.9,,https://www.amctheatres.com/showtimes/142206883/seats,IMAX with Laser at AMC @ 7:00pm (saved link)
2026-05-08,20260506-223207-340ac9,2026-05-07T03:54:09.779127+00:00,2026-05-07T03:00Z,2026-05-07,Thursday,AMC Springfield 11,,CT,Mortal Kombat II,9:00pm,142206881,1326,,undefined,65,10,55,15.4,,https://www.amctheatres.com/showtimes/142206881/seats,undefined @ 9:00pm (saved link)
2026-05-08,20260506-223207-340ac9,2026-05-07T03:54:09.779127+00:00,2026-05-07T03:00Z,2026-05-07,Thursday,AMC Springfield 11,,CT,Mortal Kombat II,6:00pm,142206880,1146,,undefined,65,11,54,16.9,,https://www.amctheatres.com/showtimes/142206880/seats,undefined @ 6:00pm (saved link)
2026-05-08,20260506-223207-340ac9,2026-05-07T03:54:37.692343+00:00,2026-05-07T03:00Z,2026-05-07,Thursday,AMC Springfield 12,,CT,Mortal Kombat II,10:30pm,142722359,1416,,IMAX at AMC,196,2,194,1,,https://www.amctheatres.com/showtimes/142722359/seats,IMAX at AMC @ 10:30pm (saved link)
2026-05-08,20260506-223207-340ac9,2026-05-07T03:54:37.692343+00:00,2026-05-07T03:00Z,2026-05-07,Thursday,AMC Springfield 12,,CT,Mortal Kombat II,7:30pm,142100581,1236,,IMAX at AMC,196,39,157,19.9,,https://www.amctheatres.com/showtimes/142100581/seats,IMAX at AMC @ 7:30pm (saved link)
2026-05-08,20260506-223207-340ac9,2026-05-07T03:54:37.692343+00:00,2026-05-07T03:00Z,2026-05-07,Thursday,AMC Springfield 12,,CT,Mortal Kombat II,10:00pm,142910247,1386,,undefined,192,0,192,0,,https://www.amctheatres.com/showtimes/142910247/seats,undefined @ 10:00pm (saved link)
2026-05-08,20260506-223207-340ac9,2026-05-07T03:54:37.692343+00:00,2026-05-07T03:00Z,2026-05-07,Thursday,AMC Springfield 12,,CT,Mortal Kombat II,9:15pm,142910263,1341,,undefined,289,0,289,0,,https://www.amctheatres.com/showtimes/142910263/seats,undefined @ 9:15pm (saved link)
2026-05-08,20260506-223207-340ac9,2026-05-07T03:54:37.692343+00:00,2026-05-07T03:00Z,2026-05-07,Thursday,AMC Springfield 12,,CT,Mortal Kombat II,8:30pm,142910342,1296,,undefined,192,0,192,0,,https://www.amctheatres.com/showtimes/142910342/seats,undefined @ 8:30pm (saved link)
2026-05-08,20260506-223207-340ac9,2026-05-07T03:54:37.692343+00:00,2026-05-07T03:00Z,2026-05-07,Thursday,AMC Springfield 12,,CT,Mortal Kombat II,6:15pm,142100510,1161,,undefined,289,2,287,0.7,,https://www.amctheatres.com/showtimes/142100510/seats,undefined @ 6:15pm (saved link)
2026-05-08,20260506-223207-340ac9,2026-05-07T03:55:08.398269+00:00,2026-05-07T03:00Z,2026-05-07,Thursday,AMC Springfield 8,,CT,Mortal Kombat II,8:00pm,142207851,1265,,undefined,98,26,72,26.5,,https://www.amctheatres.com/showtimes/142207851/seats,undefined @ 8:00pm (saved link)
2026-05-08,20260506-223207-340ac9,2026-05-07T03:55:08.398269+00:00,2026-05-07T03:00Z,2026-05-07,Thursday,AMC Springfield 8,,CT,Mortal Kombat II,6:30pm,142890953,1175,,undefined,55,2,53,3.6,,https://www.amctheatres.com/showtimes/142890953/seats,undefined @ 6:30pm (saved link)
2026-05-08,20260506-223207-340ac9,2026-05-07T03:55:08.398269+00:00,2026-05-07T03:00Z,2026-05-07,Thursday,AMC Springfield 8,,CT,Mortal Kombat II,5:00pm,142207852,1085,,undefined,98,13,85,13.3,,https://www.amctheatres.com/showtimes/142207852/seats,undefined @ 5:00pm (saved link)
2026-05-08,20260506-223207-340ac9,2026-05-07T03:55:30.804938+00:00,2026-05-07T03:00Z,2026-05-07,Thursday,AMC Stillwater 10,,CT,Mortal Kombat II,6:45pm,142158816,1190,,undefined,69,10,59,14.5,,https://www.amctheatres.com/showtimes/142158816/seats,undefined @ 6:45pm (saved link)
2026-05-08,20260506-223207-340ac9,2026-05-07T03:55:30.804938+00:00,2026-05-07T03:00Z,2026-05-07,Thursday,AMC Stillwater 10,,CT,Mortal Kombat II,5:35pm,142900529,1119,,undefined,91,0,91,0,,https://www.amctheatres.com/showtimes/142900529/seats,undefined @ 5:35pm (saved link)
2026-05-08,20260506-223207-340ac9,2026-05-07T03:55:52.552311+00:00,2026-05-07T03:00Z,2026-05-07,Thursday,AMC Streets Of St Charles 8,,CT,Mortal Kombat II,9:50pm,142197163,1374,,Dolby Cinema at AMC,214,34,180,15.9,,https://www.amctheatres.com/showtimes/142197163/seats,Dolby Cinema at AMC @ 9:50pm (saved link)
2026-05-08,20260506-223207-340ac9,2026-05-07T03:55:52.552311+00:00,2026-05-07T03:00Z,2026-05-07,Thursday,AMC Streets Of St Charles 8,,CT,Mortal Kombat II,6:50pm,142197164,1194,,Dolby Cinema at AMC,214,116,98,54.2,,https://www.amctheatres.com/showtimes/142197164/seats,Dolby Cinema at AMC @ 6:50pm (saved link)
2026-05-08,20260506-223207-340ac9,2026-05-07T03:55:52.552311+00:00,2026-05-07T03:00Z,2026-05-07,Thursday,AMC Streets Of St Charles 8,,CT,Mortal Kombat II,8:00pm,142865943,1265,,undefined,62,2,60,3.2,,https://www.amctheatres.com/showtimes/142865943/seats,undefined @ 8:00pm (saved link)
2026-05-08,20260506-223207-340ac9,2026-05-07T03:56:17.303090+00:00,2026-05-07T03:00Z,2026-05-07,Thursday,AMC Studio 28,,CT,Mortal Kombat II,9:00pm,142071651,1324,,IMAX with Laser at AMC,282,13,269,4.6,,https://www.amctheatres.com/showtimes/142071651/seats,IMAX with Laser at AMC @ 9:00pm (saved link)
2026-05-08,20260506-223207-340ac9,2026-05-07T03:56:17.303090+00:00,2026-05-07T03:00Z,2026-05-07,Thursday,AMC Studio 28,,CT,Mortal Kombat II,6:00pm,142071650,1144,,IMAX with Laser at AMC,282,54,228,19.1,,https://www.amctheatres.com/showtimes/142071650/seats,IMAX with Laser at AMC @ 6:00pm (saved link)
2026-05-08,20260506-223207-340ac9,2026-05-07T03:56:17.303090+00:00,2026-05-07T03:00Z,2026-05-07,Thursday,AMC Studio 28,,CT,Mortal Kombat II,10:30pm,142071709,1414,,Dolby Cinema at AMC,242,15,227,6.2,,https://www.amctheatres.com/showtimes/142071709/seats,Dolby Cinema at AMC @ 10:30pm (saved link)
2026-05-08,20260506-223207-340ac9,2026-05-07T03:56:17.303090+00:00,2026-05-07T03:00Z,2026-05-07,Thursday,AMC Studio 28,,CT,Mortal Kombat II,7:30pm,142071714,1234,,XL at AMC,377,15,362,4,,https://www.amctheatres.com/showtimes/142071714/seats,XL at AMC @ 7:30pm (saved link)
2026-05-08,20260506-223207-340ac9,2026-05-07T03:56:17.303090+00:00,2026-05-07T03:00Z,2026-05-07,Thursday,AMC Studio 28,,CT,Mortal Kombat II,9:45pm,142934012,1369,,Laser at AMC,150,2,148,1.3,,https://www.amctheatres.com/showtimes/142934012/seats,Laser at AMC @ 9:45pm (saved link)
2026-05-08,20260506-223207-340ac9,2026-05-07T03:56:17.303090+00:00,2026-05-07T03:00Z,2026-05-07,Thursday,AMC Studio 28,,CT,Mortal Kombat II,8:15pm,142933975,1279,,Laser at AMC,72,0,72,0,,https://www.amctheatres.com/showtimes/142933975/seats,Laser at AMC @ 8:15pm (saved link)
2026-05-08,20260506-223207-340ac9,2026-05-07T03:56:17.303090+00:00,2026-05-07T03:00Z,2026-05-07,Thursday,AMC Studio 28,,CT,Mortal Kombat II,6:45pm,142071851,1189,,Laser at AMC,150,4,146,2.7,,https://www.amctheatres.com/showtimes/142071851/seats,Laser at AMC @ 6:45pm (saved link)
2026-05-08,20260506-223207-340ac9,2026-05-07T03:56:17.303090+00:00,2026-05-07T03:00Z,2026-05-07,Thursday,AMC Studio 28,,CT,Mortal Kombat II,5:15pm,142933974,1099,,Laser at AMC,72,0,72,0,,https://www.amctheatres.com/showtimes/142933974/seats,Laser at AMC @ 5:15pm (saved link)
2026-05-08,20260506-223207-340ac9,2026-05-07T03:56:17.303090+00:00,2026-05-07T03:00Z,2026-05-07,Thursday,AMC Studio 28,,CT,Mortal Kombat II,7:00pm,142071757,1204,,Open Caption (On-screen Subtitles),80,4,76,5,,https://www.amctheatres.com/showtimes/142071757/seats,Open Caption (On-screen Subtitles) @ 7:00pm (saved link)
2026-05-08,20260506-223207-340ac9,2026-05-07T03:56:55.770862+00:00,2026-05-07T03:00Z,2026-05-07,Thursday,AMC Summit 16,,CT,Mortal Kombat II,10:00pm,142930501,1384,,undefined,38,2,36,5.3,,https://www.amctheatres.com/showtimes/142930501/seats,undefined @ 10:00pm (saved link)
2026-05-08,20260506-223207-340ac9,2026-05-07T03:56:55.770862+00:00,2026-05-07T03:00Z,2026-05-07,Thursday,AMC Summit 16,,CT,Mortal Kombat II,9:00pm,142216300,1324,,undefined,45,6,39,13.3,,https://www.amctheatres.com/showtimes/142216300/seats,undefined @ 9:00pm (saved link)
2026-05-08,20260506-223207-340ac9,2026-05-07T03:56:55.770862+00:00,2026-05-07T03:00Z,2026-05-07,Thursday,AMC Summit 16,,CT,Mortal Kombat II,6:00pm,142216299,1144,,undefined,45,32,13,71.1,,https://www.amctheatres.com/showtimes/142216299/seats,undefined @ 6:00pm (saved link)
2026-05-08,20260506-223207-340ac9,2026-05-07T03:57:20.842184+00:00,2026-05-07T03:00Z,2026-05-07,Thursday,AMC Tulsa Hills 12,,CT,Mortal Kombat II,9:00pm,142803327,1323,,BigD at AMC,478,1,477,0.2,,https://www.amctheatres.com/showtimes/142803327/seats,BigD at AMC @ 9:00pm (saved link)
2026-05-08,20260506-223207-340ac9,2026-05-07T03:57:20.842184+00:00,2026-05-07T03:00Z,2026-05-07,Thursday,AMC Tulsa Hills 12,,CT,Mortal Kombat II,7:00pm,142065372,1203,,undefined,80,21,59,26.3,,https://www.amctheatres.com/showtimes/142065372/seats,undefined @ 7:00pm (saved link)
2026-05-08,20260506-223207-340ac9,2026-05-07T03:57:20.842184+00:00,2026-05-07T03:00Z,2026-05-07,Thursday,AMC Tulsa Hills 12,,CT,Mortal Kombat II,6:00pm,142065422,1143,,BigD at AMC,478,9,469,1.9,,https://www.amctheatres.com/showtimes/142065422/seats,BigD at AMC @ 6:00pm (saved link)
2026-05-08,20260506-223207-340ac9,2026-05-07T03:57:46.851812+00:00,2026-05-07T03:00Z,2026-05-07,Thursday,AMC Tyler 14,,CT,Mortal Kombat II,9:00pm,142216692,1323,,IMAX at AMC,344,32,312,9.3,,https://www.amctheatres.com/showtimes/142216692/seats,IMAX at AMC @ 9:00pm (saved link)
2026-05-08,20260506-223207-340ac9,2026-05-07T03:57:46.851812+00:00,2026-05-07T03:00Z,2026-05-07,Thursday,AMC Tyler 14,,CT,Mortal Kombat II,6:00pm,142216691,1143,,IMAX at AMC,344,38,306,11,,https://www.amctheatres.com/showtimes/142216691/seats,IMAX at AMC @ 6:00pm (saved link)
2026-05-08,20260506-223207-340ac9,2026-05-07T03:57:46.851812+00:00,2026-05-07T03:00Z,2026-05-07,Thursday,AMC Tyler 14,,CT,Mortal Kombat II,10:00pm,142216749,1383,,Open Caption (On-screen Subtitles),123,0,123,0,,https://www.amctheatres.com/showtimes/142216749/seats,Open Caption (On-screen Subtitles) @ 10:00pm (saved link)
2026-05-08,20260506-223207-340ac9,2026-05-07T03:57:46.851812+00:00,2026-05-07T03:00Z,2026-05-07,Thursday,AMC Tyler 14,,CT,Mortal Kombat II,8:30pm,142216725,1293,,undefined,205,1,204,0.5,,https://www.amctheatres.com/showtimes/142216725/seats,undefined @ 8:30pm (saved link)
2026-05-08,20260506-223207-340ac9,2026-05-07T03:57:46.851812+00:00,2026-05-07T03:00Z,2026-05-07,Thursday,AMC Tyler 14,,CT,Mortal Kombat II,5:35pm,142216724,1118,,undefined,205,0,205,0,,https://www.amctheatres.com/showtimes/142216724/seats,undefined @ 5:35pm (saved link)
2026-05-08,20260506-223207-340ac9,2026-05-07T03:58:16.528036+00:00,2026-05-07T03:00Z,2026-05-07,Thursday,AMC University Place 8,,CT,Mortal Kombat II,10:15pm,142916905,1397,,undefined,72,0,72,0,,https://www.amctheatres.com/showtimes/142916905/seats,undefined @ 10:15pm (saved link)
2026-05-08,20260506-223207-340ac9,2026-05-07T03:58:16.528036+00:00,2026-05-07T03:00Z,2026-05-07,Thursday,AMC University Place 8,,CT,Mortal Kombat II,9:00pm,142718056,1322,,undefined,100,4,96,4,,https://www.amctheatres.com/showtimes/142718056/seats,undefined @ 9:00pm (saved link)
2026-05-08,20260506-223207-340ac9,2026-05-07T03:58:16.528036+00:00,2026-05-07T03:00Z,2026-05-07,Thursday,AMC University Place 8,,CT,Mortal Kombat II,7:15pm,142916904,1217,,undefined,72,2,70,2.8,,https://www.amctheatres.com/showtimes/142916904/seats,undefined @ 7:15pm (saved link)
2026-05-08,20260506-223207-340ac9,2026-05-07T03:58:16.528036+00:00,2026-05-07T03:00Z,2026-05-07,Thursday,AMC University Place 8,,CT,Mortal Kombat II,6:00pm,142125625,1142,,undefined,100,18,82,18,,https://www.amctheatres.com/showtimes/142125625/seats,undefined @ 6:00pm (saved link)
2026-05-08,20260506-223207-340ac9,2026-05-07T03:58:44.626804+00:00,2026-05-07T03:00Z,2026-05-07,Thursday,AMC Valley Bend 18,,CT,Mortal Kombat II,7:10pm,142059313,1212,,IMAX at AMC,321,27,294,8.4,,https://www.amctheatres.com/showtimes/142059313/seats,IMAX at AMC @ 7:10pm (saved link)
2026-05-08,20260506-223207-340ac9,2026-05-07T03:58:44.626804+00:00,2026-05-07T03:00Z,2026-05-07,Thursday,AMC Valley Bend 18,,CT,Mortal Kombat II,7:45pm,143010506,1247,,undefined,95,0,95,0,,https://www.amctheatres.com/showtimes/143010506/seats,undefined @ 7:45pm (saved link)
2026-05-08,20260506-223207-340ac9,2026-05-07T03:58:44.626804+00:00,2026-05-07T03:00Z,2026-05-07,Thursday,AMC Valley Bend 18,,CT,Mortal Kombat II,6:10pm,142059275,1152,,undefined,286,5,281,1.7,,https://www.amctheatres.com/showtimes/142059275/seats,undefined @ 6:10pm (saved link)
2026-05-08,20260506-223207-340ac9,2026-05-07T03:59:09.416617+00:00,2026-05-07T03:00Z,2026-05-07,Thursday,AMC West End Pointe 8,,CT,Mortal Kombat II,10:30pm,142196271,1411,,undefined,49,7,42,14.3,,https://www.amctheatres.com/showtimes/142196271/seats,undefined @ 10:30pm (saved link)
2026-05-08,20260506-223207-340ac9,2026-05-07T03:59:09.416617+00:00,2026-05-07T03:00Z,2026-05-07,Thursday,AMC West End Pointe 8,,CT,Mortal Kombat II,7:15pm,142196127,1216,,undefined,49,23,26,46.9,,https://www.amctheatres.com/showtimes/142196127/seats,undefined @ 7:15pm (saved link)
2026-05-08,20260506-223207-340ac9,2026-05-07T03:59:30.836419+00:00,2026-05-07T03:00Z,2026-05-07,Thursday,AMC Westbank Palace 16,,CT,Mortal Kombat II,8:00pm,142069773,1261,,IMAX at AMC,209,18,191,8.6,,https://www.amctheatres.com/showtimes/142069773/seats,IMAX at AMC @ 8:00pm (saved link)
2026-05-08,20260506-223207-340ac9,2026-05-07T03:59:30.836419+00:00,2026-05-07T03:00Z,2026-05-07,Thursday,AMC Westbank Palace 16,,CT,Mortal Kombat II,5:00pm,142069774,1081,,IMAX at AMC,209,11,198,5.3,,https://www.amctheatres.com/showtimes/142069774/seats,IMAX at AMC @ 5:00pm (saved link)
2026-05-08,20260506-223207-340ac9,2026-05-07T03:59:30.836419+00:00,2026-05-07T03:00Z,2026-05-07,Thursday,AMC Westbank Palace 16,,CT,Mortal Kombat II,9:00pm,142069899,1321,,PRIME at AMC,151,27,124,17.9,,https://www.amctheatres.com/showtimes/142069899/seats,PRIME at AMC @ 9:00pm (saved link)
2026-05-08,20260506-223207-340ac9,2026-05-07T03:59:30.836419+00:00,2026-05-07T03:00Z,2026-05-07,Thursday,AMC Westbank Palace 16,,CT,Mortal Kombat II,7:00pm,142069811,1201,,undefined,130,10,120,7.7,,https://www.amctheatres.com/showtimes/142069811/seats,undefined @ 7:00pm (saved link)
2026-05-08,20260506-223207-340ac9,2026-05-07T03:59:30.836419+00:00,2026-05-07T03:00Z,2026-05-07,Thursday,AMC Westbank Palace 16,,CT,Mortal Kombat II,6:00pm,142069813,1141,,undefined,130,13,117,10,,https://www.amctheatres.com/showtimes/142069813/seats,undefined @ 6:00pm (saved link)
2026-05-08,20260506-223207-340ac9,2026-05-07T04:00:03.450820+00:00,2026-05-07T04:00Z,2026-05-07,Thursday,AMC Westroads 14,,CT,Mortal Kombat II,7:00pm,142167621,1200,,IMAX at AMC,324,45,279,13.9,,https://www.amctheatres.com/showtimes/142167621/seats,IMAX at AMC @ 7:00pm (saved link)
2026-05-08,20260506-223207-340ac9,2026-05-07T04:00:03.450820+00:00,2026-05-07T04:00Z,2026-05-07,Thursday,AMC Westroads 14,,CT,Mortal Kombat II,9:15pm,142919701,1335,,undefined,244,2,242,0.8,,https://www.amctheatres.com/showtimes/142919701/seats,undefined @ 9:15pm (saved link)
2026-05-08,20260506-223207-340ac9,2026-05-07T04:00:03.450820+00:00,2026-05-07T04:00Z,2026-05-07,Thursday,AMC Westroads 14,,CT,Mortal Kombat II,8:00pm,142167638,1260,,undefined,459,0,459,0,,https://www.amctheatres.com/showtimes/142167638/seats,undefined @ 8:00pm (saved link)
2026-05-08,20260506-223207-340ac9,2026-05-07T04:00:03.450820+00:00,2026-05-07T04:00Z,2026-05-07,Thursday,AMC Westroads 14,,CT,Mortal Kombat II,5:00pm,142167637,1080,,undefined,459,0,459,0,,https://www.amctheatres.com/showtimes/142167637/seats,undefined @ 5:00pm (saved link)
2026-05-08,20260506-223207-340ac9,2026-05-07T04:00:30.864271+00:00,2026-05-07T04:00Z,2026-05-07,Thursday,Cinema Centre 8,,CT,Mortal Kombat II,6:30pm,142148437,1170,,undefined,224,10,214,4.5,,https://www.amctheatres.com/showtimes/142148437/seats,undefined @ 6:30pm (saved link)
2026-05-08,20260506-223207-340ac9,2026-05-07T04:00:51.546525+00:00,2026-05-07T04:00Z,2026-05-07,Thursday,AMC 600 North Michigan 9,Chicago,CT,Mortal Kombat II,10:00pm,142095270,1380,,undefined,102,0,102,0,,https://www.amctheatres.com/showtimes/142095270/seats,undefined @ 10:00pm (saved link)
2026-05-08,20260506-223207-340ac9,2026-05-07T04:00:51.546525+00:00,2026-05-07T04:00Z,2026-05-07,Thursday,AMC 600 North Michigan 9,Chicago,CT,Mortal Kombat II,8:15pm,142891483,1275,,undefined,91,1,90,1.1,,https://www.amctheatres.com/showtimes/142891483/seats,undefined @ 8:15pm (saved link)
2026-05-08,20260506-223207-340ac9,2026-05-07T04:00:51.546525+00:00,2026-05-07T04:00Z,2026-05-07,Thursday,AMC 600 North Michigan 9,Chicago,CT,Mortal Kombat II,6:30pm,142095269,1170,,undefined,96,26,70,27.1,,https://www.amctheatres.com/showtimes/142095269/seats,undefined @ 6:30pm (saved link)
2026-05-08,20260506-223207-340ac9,2026-05-07T04:00:51.546525+00:00,2026-05-07T04:00Z,2026-05-07,Thursday,AMC 600 North Michigan 9,Chicago,CT,Mortal Kombat II,5:15pm,142891482,1095,,undefined,91,4,87,4.4,,https://www.amctheatres.com/showtimes/142891482/seats,undefined @ 5:15pm (saved link)
2026-05-08,20260506-223207-340ac9,2026-05-07T04:01:21.155795+00:00,2026-05-07T04:00Z,2026-05-07,Thursday,AMC DINE-IN Block 37,Chicago,CT,Mortal Kombat II,10:00pm,142845237,1379,,Dine-In Delivery to Seat,37,3,34,8.1,,https://www.amctheatres.com/showtimes/142845237/seats,Dine-In Delivery to Seat @ 10:00pm (saved link)
2026-05-08,20260506-223207-340ac9,2026-05-07T04:01:21.155795+00:00,2026-05-07T04:00Z,2026-05-07,Thursday,AMC DINE-IN Block 37,Chicago,CT,Mortal Kombat II,9:00pm,142118956,1319,,Dine-In Delivery to Seat,37,7,30,18.9,,https://www.amctheatres.com/showtimes/142118956/seats,Dine-In Delivery to Seat @ 9:00pm (saved link)
2026-05-08,20260506-223207-340ac9,2026-05-07T04:01:21.155795+00:00,2026-05-07T04:00Z,2026-05-07,Thursday,AMC DINE-IN Block 37,Chicago,CT,Mortal Kombat II,7:00pm,142845236,1199,,Dine-In Delivery to Seat,37,15,22,40.5,,https://www.amctheatres.com/showtimes/142845236/seats,Dine-In Delivery to Seat @ 7:00pm (saved link)
2026-05-08,20260506-223207-340ac9,2026-05-07T04:01:21.155795+00:00,2026-05-07T04:00Z,2026-05-07,Thursday,AMC DINE-IN Block 37,Chicago,CT,Mortal Kombat II,6:00pm,142118963,1139,,Dine-In Delivery to Seat,37,21,16,56.8,,https://www.amctheatres.com/showtimes/142118963/seats,Dine-In Delivery to Seat @ 6:00pm (saved link)
2026-05-08,20260506-223207-340ac9,2026-05-07T04:01:46.290167+00:00,2026-05-07T04:00Z,2026-05-07,Thursday,AMC DINE-IN Rosemont 12,Chicago,CT,Mortal Kombat II,10:30pm,142099271,1409,,Dolby Cinema at AMC,200,49,151,24.5,,https://www.amctheatres.com/showtimes/142099271/seats,Dolby Cinema at AMC @ 10:30pm (saved link)
2026-05-08,20260506-223207-340ac9,2026-05-07T04:01:46.290167+00:00,2026-05-07T04:00Z,2026-05-07,Thursday,AMC DINE-IN Rosemont 12,Chicago,CT,Mortal Kombat II,7:30pm,142099272,1229,,Dolby Cinema at AMC,200,150,50,75,,https://www.amctheatres.com/showtimes/142099272/seats,Dolby Cinema at AMC @ 7:30pm (saved link)
2026-05-08,20260506-223207-340ac9,2026-05-07T04:01:46.290167+00:00,2026-05-07T04:00Z,2026-05-07,Thursday,AMC DINE-IN Rosemont 12,Chicago,CT,Mortal Kombat II,10:00pm,142893587,1379,,Dine-In Delivery to Seat,95,0,95,0,,https://www.amctheatres.com/showtimes/142893587/seats,Dine-In Delivery to Seat @ 10:00pm (saved link)
2026-05-08,20260506-223207-340ac9,2026-05-07T04:01:46.290167+00:00,2026-05-07T04:00Z,2026-05-07,Thursday,AMC DINE-IN Rosemont 12,Chicago,CT,Mortal Kombat II,9:30pm,142893605,1349,,Dine-In Delivery to Seat,98,0,98,0,,https://www.amctheatres.com/showtimes/142893605/seats,Dine-In Delivery to Seat @ 9:30pm (saved link)
2026-05-08,20260506-223207-340ac9,2026-05-07T04:01:46.290167+00:00,2026-05-07T04:00Z,2026-05-07,Thursday,AMC DINE-IN Rosemont 12,Chicago,CT,Mortal Kombat II,8:30pm,142893602,1289,,Dine-In Delivery to Seat,107,4,103,3.7,,https://www.amctheatres.com/showtimes/142893602/seats,Dine-In Delivery to Seat @ 8:30pm (saved link)
2026-05-08,20260506-223207-340ac9,2026-05-07T04:01:46.290167+00:00,2026-05-07T04:00Z,2026-05-07,Thursday,AMC DINE-IN Rosemont 12,Chicago,CT,Mortal Kombat II,6:30pm,142893604,1169,,Dine-In Delivery to Seat,98,11,87,11.2,,https://www.amctheatres.com/showtimes/142893604/seats,Dine-In Delivery to Seat @ 6:30pm (saved link)
2026-05-08,20260506-223207-340ac9,2026-05-07T04:01:46.290167+00:00,2026-05-07T04:00Z,2026-05-07,Thursday,AMC DINE-IN Rosemont 12,Chicago,CT,Mortal Kombat II,5:30pm,142893603,1109,,Dine-In Delivery to Seat,107,3,104,2.8,,https://www.amctheatres.com/showtimes/142893603/seats,Dine-In Delivery to Seat @ 5:30pm (saved link)
2026-05-08,20260506-223207-340ac9,2026-05-07T04:02:20.154420+00:00,2026-05-07T04:00Z,2026-05-07,Thursday,AMC Ford City 14,Chicago,CT,Mortal Kombat II,10:30pm,142775505,1408,,Laser at AMC,88,1,87,1.1,,https://www.amctheatres.com/showtimes/142775505/seats,Laser at AMC @ 10:30pm (saved link)
2026-05-08,20260506-223207-340ac9,2026-05-07T04:02:20.154420+00:00,2026-05-07T04:00Z,2026-05-07,Thursday,AMC Ford City 14,Chicago,CT,Mortal Kombat II,9:00pm,142194303,1318,,Laser at AMC,196,19,177,9.7,,https://www.amctheatres.com/showtimes/142194303/seats,Laser at AMC @ 9:00pm (saved link)
2026-05-08,20260506-223207-340ac9,2026-05-07T04:02:20.154420+00:00,2026-05-07T04:00Z,2026-05-07,Thursday,AMC Ford City 14,Chicago,CT,Mortal Kombat II,7:30pm,142993108,1228,,Laser at AMC,60,13,47,21.7,,https://www.amctheatres.com/showtimes/142993108/seats,Laser at AMC @ 7:30pm (saved link)
2026-05-08,20260506-223207-340ac9,2026-05-07T04:02:20.154420+00:00,2026-05-07T04:00Z,2026-05-07,Thursday,AMC Ford City 14,Chicago,CT,Mortal Kombat II,6:00pm,142194302,1138,,Laser at AMC,196,54,142,27.6,,https://www.amctheatres.com/showtimes/142194302/seats,Laser at AMC @ 6:00pm (saved link)
2026-05-08,20260506-223207-340ac9,2026-05-07T04:02:20.154420+00:00,2026-05-07T04:00Z,2026-05-07,Thursday,AMC Ford City 14,Chicago,CT,Mortal Kombat II,8:10pm,142993096,1268,,Spanish Language Dubbed with No Subtitles,60,3,57,5,,https://www.amctheatres.com/showtimes/142993096/seats,Spanish Language Dubbed with No Subtitles @ 8:10pm (saved link)
2026-05-08,20260506-223207-340ac9,2026-05-07T04:02:53.082433+00:00,2026-05-07T04:00Z,2026-05-07,Thursday,AMC NEWCITY 14,Chicago,CT,Mortal Kombat II,9:00pm,142198862,1318,,XL at AMC,212,6,206,2.8,,https://www.amctheatres.com/showtimes/142198862/seats,XL at AMC @ 9:00pm (saved link)
2026-05-08,20260506-223207-340ac9,2026-05-07T04:02:53.082433+00:00,2026-05-07T04:00Z,2026-05-07,Thursday,AMC NEWCITY 14,Chicago,CT,Mortal Kombat II,6:00pm,142198861,1138,,XL at AMC,212,40,172,18.9,,https://www.amctheatres.com/showtimes/142198861/seats,XL at AMC @ 6:00pm (saved link)
2026-05-08,20260506-223207-340ac9,2026-05-07T04:02:53.082433+00:00,2026-05-07T04:00Z,2026-05-07,Thursday,AMC NEWCITY 14,Chicago,CT,Mortal Kombat II,10:00pm,142198816,1378,,Laser at AMC,50,0,50,0,,https://www.amctheatres.com/showtimes/142198816/seats,Laser at AMC @ 10:00pm (saved link)
2026-05-08,20260506-223207-340ac9,2026-05-07T04:02:53.082433+00:00,2026-05-07T04:00Z,2026-05-07,Thursday,AMC NEWCITY 14,Chicago,CT,Mortal Kombat II,7:00pm,142198815,1198,,Laser at AMC,50,23,27,46,,https://www.amctheatres.com/showtimes/142198815/seats,Laser at AMC @ 7:00pm (saved link)
2026-05-08,20260506-223207-340ac9,2026-05-07T04:03:19.093156+00:00,2026-05-07T04:00Z,2026-05-07,Thursday,AMC Niles 12,Chicago,CT,Mortal Kombat II,9:00pm,142145509,1317,,IMAX at AMC,396,1,395,0.3,,https://www.amctheatres.com/showtimes/142145509/seats,IMAX at AMC @ 9:00pm (saved link)
2026-05-08,20260506-223207-340ac9,2026-05-07T04:03:19.093156+00:00,2026-05-07T04:00Z,2026-05-07,Thursday,AMC Niles 12,Chicago,CT,Mortal Kombat II,6:00pm,142145508,1137,,IMAX at AMC,396,12,384,3,,https://www.amctheatres.com/showtimes/142145508/seats,IMAX at AMC @ 6:00pm (saved link)
2026-05-08,20260506-223207-340ac9,2026-05-07T04:03:19.093156+00:00,2026-05-07T04:00Z,2026-05-07,Thursday,AMC Niles 12,Chicago,CT,Mortal Kombat II,10:00pm,142707752,1377,,undefined,366,2,364,0.5,,https://www.amctheatres.com/showtimes/142707752/seats,undefined @ 10:00pm (saved link)
2026-05-08,20260506-223207-340ac9,2026-05-07T04:03:19.093156+00:00,2026-05-07T04:00Z,2026-05-07,Thursday,AMC Niles 12,Chicago,CT,Mortal Kombat II,7:30pm,142145567,1227,,undefined,447,1,446,0.2,,https://www.amctheatres.com/showtimes/142145567/seats,undefined @ 7:30pm (saved link)
2026-05-08,20260506-223207-340ac9,2026-05-07T04:03:53.212376+00:00,2026-05-07T04:00Z,2026-05-07,Thursday,AMC Northbrook 14,Chicago,CT,Mortal Kombat II,9:15pm,142183131,1332,,undefined,67,5,62,7.5,,https://www.amctheatres.com/showtimes/142183131/seats,undefined @ 9:15pm (saved link)
2026-05-08,20260506-223207-340ac9,2026-05-07T04:03:53.212376+00:00,2026-05-07T04:00Z,2026-05-07,Thursday,AMC Northbrook 14,Chicago,CT,Mortal Kombat II,8:15pm,142902910,1272,,undefined,55,2,53,3.6,,https://www.amctheatres.com/showtimes/142902910/seats,undefined @ 8:15pm (saved link)
2026-05-08,20260506-223207-340ac9,2026-05-07T04:03:53.212376+00:00,2026-05-07T04:00Z,2026-05-07,Thursday,AMC Northbrook 14,Chicago,CT,Mortal Kombat II,7:15pm,142183132,1212,,undefined,146,14,132,9.6,,https://www.amctheatres.com/showtimes/142183132/seats,undefined @ 7:15pm (saved link)
2026-05-08,20260506-223207-340ac9,2026-05-07T04:03:53.212376+00:00,2026-05-07T04:00Z,2026-05-07,Thursday,AMC Northbrook 14,Chicago,CT,Mortal Kombat II,5:20pm,142902911,1097,,undefined,55,2,53,3.6,,https://www.amctheatres.com/showtimes/142902911/seats,undefined @ 5:20pm (saved link)
2026-05-08,20260506-223207-340ac9,2026-05-07T04:04:19.384544+00:00,2026-05-07T04:00Z,2026-05-07,Thursday,AMC Oakbrook Center 12,Chicago,CT,Mortal Kombat II,10:00pm,142217360,1376,,IMAX at AMC,202,35,167,17.3,,https://www.amctheatres.com/showtimes/142217360/seats,IMAX at AMC @ 10:00pm (saved link)
2026-05-08,20260506-223207-340ac9,2026-05-07T04:04:19.384544+00:00,2026-05-07T04:00Z,2026-05-07,Thursday,AMC Oakbrook Center 12,Chicago,CT,Mortal Kombat II,7:00pm,142217359,1196,,IMAX at AMC,202,90,112,44.6,,https://www.amctheatres.com/showtimes/142217359/seats,IMAX at AMC @ 7:00pm (saved link)
2026-05-08,20260506-223207-340ac9,2026-05-07T04:04:19.384544+00:00,2026-05-07T04:00Z,2026-05-07,Thursday,AMC Oakbrook Center 12,Chicago,CT,Mortal Kombat II,11:00pm,142217340,1436,,Dolby Cinema at AMC,176,27,149,15.3,,https://www.amctheatres.com/showtimes/142217340/seats,Dolby Cinema at AMC @ 11:00pm (saved link)
2026-05-08,20260506-223207-340ac9,2026-05-07T04:04:19.384544+00:00,2026-05-07T04:00Z,2026-05-07,Thursday,AMC Oakbrook Center 12,Chicago,CT,Mortal Kombat II,8:30pm,142217322,1286,,Laser at AMC,131,14,117,10.7,,https://www.amctheatres.com/showtimes/142217322/seats,Laser at AMC @ 8:30pm (saved link)
2026-05-08,20260506-223207-340ac9,2026-05-07T04:04:19.384544+00:00,2026-05-07T04:00Z,2026-05-07,Thursday,AMC Oakbrook Center 12,Chicago,CT,Mortal Kombat II,5:30pm,142217321,1106,,Laser at AMC,131,17,114,13,,https://www.amctheatres.com/showtimes/142217321/seats,Laser at AMC @ 5:30pm (saved link)
2026-05-08,20260506-223207-340ac9,2026-05-07T04:04:47.505089+00:00,2026-05-07T04:00Z,2026-05-07,Thursday,AMC Randhurst 12,Chicago,CT,Mortal Kombat II,7:30pm,142107344,1226,,XL at AMC,202,17,185,8.4,,https://www.amctheatres.com/showtimes/142107344/seats,XL at AMC @ 7:30pm (saved link)
2026-05-08,20260506-223207-340ac9,2026-05-07T04:04:47.505089+00:00,2026-05-07T04:00Z,2026-05-07,Thursday,AMC Randhurst 12,Chicago,CT,Mortal Kombat II,8:45pm,142107363,1301,,Laser at AMC,193,4,189,2.1,,https://www.amctheatres.com/showtimes/142107363/seats,Laser at AMC @ 8:45pm (saved link)
2026-05-08,20260506-223207-340ac9,2026-05-07T04:04:47.505089+00:00,2026-05-07T04:00Z,2026-05-07,Thursday,AMC Randhurst 12,Chicago,CT,Mortal Kombat II,5:55pm,142107364,1131,,Laser at AMC,193,0,193,0,,https://www.amctheatres.com/showtimes/142107364/seats,Laser at AMC @ 5:55pm (saved link)
2026-05-08,20260506-223207-340ac9,2026-05-07T04:05:16.683899+00:00,2026-05-07T04:00Z,2026-05-07,Thursday,AMC River East 21,Chicago,CT,Mortal Kombat II,10:00pm,142156373,1375,,Dolby Cinema at AMC,168,19,149,11.3,,https://www.amctheatres.com/showtimes/142156373/seats,Dolby Cinema at AMC @ 10:00pm (saved link)
2026-05-08,20260506-223207-340ac9,2026-05-07T04:05:16.683899+00:00,2026-05-07T04:00Z,2026-05-07,Thursday,AMC River East 21,Chicago,CT,Mortal Kombat II,7:00pm,142156372,1195,,Dolby Cinema at AMC,168,99,69,58.9,,https://www.amctheatres.com/showtimes/142156372/seats,Dolby Cinema at AMC @ 7:00pm (saved link)
2026-05-08,20260506-223207-340ac9,2026-05-07T04:05:16.683899+00:00,2026-05-07T04:00Z,2026-05-07,Thursday,AMC River East 21,Chicago,CT,Mortal Kombat II,6:00pm,142156398,1135,,PRIME at AMC,162,29,133,17.9,,https://www.amctheatres.com/showtimes/142156398/seats,PRIME at AMC @ 6:00pm (saved link)
2026-05-08,20260506-223207-340ac9,2026-05-07T04:05:16.683899+00:00,2026-05-07T04:00Z,2026-05-07,Thursday,AMC River East 21,Chicago,CT,Mortal Kombat II,11:00pm,142846208,1435,,Laser at AMC,68,3,65,4.4,,https://www.amctheatres.com/showtimes/142846208/seats,Laser at AMC @ 11:00pm (saved link)
2026-05-08,20260506-223207-340ac9,2026-05-07T04:05:16.683899+00:00,2026-05-07T04:00Z,2026-05-07,Thursday,AMC River East 21,Chicago,CT,Mortal Kombat II,9:20pm,142873444,1335,,Laser at AMC,46,3,43,6.5,,https://www.amctheatres.com/showtimes/142873444/seats,Laser at AMC @ 9:20pm (saved link)
2026-05-08,20260506-223207-340ac9,2026-05-07T04:05:16.683899+00:00,2026-05-07T04:00Z,2026-05-07,Thursday,AMC River East 21,Chicago,CT,Mortal Kombat II,8:00pm,142156314,1255,,Laser at AMC,68,7,61,10.3,,https://www.amctheatres.com/showtimes/142156314/seats,Laser at AMC @ 8:00pm (saved link)
2026-05-08,20260506-223207-340ac9,2026-05-07T04:05:16.683899+00:00,2026-05-07T04:00Z,2026-05-07,Thursday,AMC River East 21,Chicago,CT,Mortal Kombat II,5:15pm,142824552,1090,,Laser at AMC,68,4,64,5.9,,https://www.amctheatres.com/showtimes/142824552/seats,Laser at AMC @ 5:15pm (saved link)
2026-05-08,20260506-223207-340ac9,2026-05-07T04:05:48.127178+00:00,2026-05-07T04:00Z,2026-05-07,Thursday,AMC Roosevelt Collection 16,Chicago,CT,Mortal Kombat II,10:00pm,142218614,1375,,IMAX with Laser at AMC,194,46,148,23.7,,https://www.amctheatres.com/showtimes/142218614/seats,IMAX with Laser at AMC @ 10:00pm (saved link)
2026-05-08,20260506-223207-340ac9,2026-05-07T04:05:48.127178+00:00,2026-05-07T04:00Z,2026-05-07,Thursday,AMC Roosevelt Collection 16,Chicago,CT,Mortal Kombat II,7:00pm,142218613,1195,,IMAX with Laser at AMC,194,133,61,68.6,,https://www.amctheatres.com/showtimes/142218613/seats,IMAX with Laser at AMC @ 7:00pm (saved link)
2026-05-08,20260506-223207-340ac9,2026-05-07T04:05:48.127178+00:00,2026-05-07T04:00Z,2026-05-07,Thursday,AMC Roosevelt Collection 16,Chicago,CT,Mortal Kombat II,9:00pm,142218607,1315,,Dolby Cinema at AMC,210,42,168,20,,https://www.amctheatres.com/showtimes/142218607/seats,Dolby Cinema at AMC @ 9:00pm (saved link)
2026-05-08,20260506-223207-340ac9,2026-05-07T04:05:48.127178+00:00,2026-05-07T04:00Z,2026-05-07,Thursday,AMC Roosevelt Collection 16,Chicago,CT,Mortal Kombat II,10:40pm,142218675,1415,,Laser at AMC,65,4,61,6.2,,https://www.amctheatres.com/showtimes/142218675/seats,Laser at AMC @ 10:40pm (saved link)
2026-05-08,20260506-223207-340ac9,2026-05-07T04:05:48.127178+00:00,2026-05-07T04:00Z,2026-05-07,Thursday,AMC Roosevelt Collection 16,Chicago,CT,Mortal Kombat II,8:00pm,142218676,1255,,Laser at AMC,111,5,106,4.5,,https://www.amctheatres.com/showtimes/142218676/seats,Laser at AMC @ 8:00pm (saved link)
2026-05-08,20260506-223207-340ac9,2026-05-07T04:05:48.127178+00:00,2026-05-07T04:00Z,2026-05-07,Thursday,AMC Roosevelt Collection 16,Chicago,CT,Mortal Kombat II,6:00pm,142218637,1135,,Laser at AMC,118,18,100,15.3,,https://www.amctheatres.com/showtimes/142218637/seats,Laser at AMC @ 6:00pm (saved link)
2026-05-08,20260506-223207-340ac9,2026-05-07T04:05:48.127178+00:00,2026-05-07T04:00Z,2026-05-07,Thursday,AMC Roosevelt Collection 16,Chicago,CT,Mortal Kombat II,10:15pm,142985766,1390,,English Spoken with Chinese and English Subtitles,67,0,67,0,,https://www.amctheatres.com/showtimes/142985766/seats,English Spoken with Chinese and English Subtitles @ 10:15pm (saved link)
2026-05-08,20260506-223207-340ac9,2026-05-07T04:06:25.130616+00:00,2026-05-07T04:00Z,2026-05-07,Thursday,AMC South Barrington 24,Chicago,CT,Mortal Kombat II,10:00pm,142204520,1374,,IMAX at AMC,433,31,402,7.2,,https://www.amctheatres.com/showtimes/142204520/seats,IMAX at AMC @ 10:00pm (saved link)
2026-05-08,20260506-223207-340ac9,2026-05-07T04:06:25.130616+00:00,2026-05-07T04:00Z,2026-05-07,Thursday,AMC South Barrington 24,Chicago,CT,Mortal Kombat II,7:00pm,142204519,1194,,IMAX at AMC,433,109,324,25.2,,https://www.amctheatres.com/showtimes/142204519/seats,IMAX at AMC @ 7:00pm (saved link)
2026-05-08,20260506-223207-340ac9,2026-05-07T04:06:25.130616+00:00,2026-05-07T04:00Z,2026-05-07,Thursday,AMC South Barrington 24,Chicago,CT,Mortal Kombat II,11:00pm,142204499,1434,,Dolby Cinema at AMC,223,38,185,17,,https://www.amctheatres.com/showtimes/142204499/seats,Dolby Cinema at AMC @ 11:00pm (saved link)
2026-05-08,20260506-223207-340ac9,2026-05-07T04:06:25.130616+00:00,2026-05-07T04:00Z,2026-05-07,Thursday,AMC South Barrington 24,Chicago,CT,Mortal Kombat II,9:00pm,142204559,1314,,Laser at AMC,126,16,110,12.7,,https://www.amctheatres.com/showtimes/142204559/seats,Laser at AMC @ 9:00pm (saved link)
2026-05-08,20260506-223207-340ac9,2026-05-07T04:06:25.130616+00:00,2026-05-07T04:00Z,2026-05-07,Thursday,AMC South Barrington 24,Chicago,CT,Mortal Kombat II,6:00pm,142204558,1134,,Laser at AMC,126,26,100,20.6,,https://www.amctheatres.com/showtimes/142204558/seats,Laser at AMC @ 6:00pm (saved link)
2026-05-08,20260506-223207-340ac9,2026-05-07T04:06:54.875799+00:00,2026-05-07T04:00Z,2026-05-07,Thursday,AMC Streets of Woodfield 20,Chicago,CT,Mortal Kombat II,9:00pm,142191404,1314,,IMAX with Laser at AMC,171,26,145,15.2,,https://www.amctheatres.com/showtimes/142191404/seats,IMAX with Laser at AMC @ 9:00pm (saved link)
2026-05-08,20260506-223207-340ac9,2026-05-07T04:06:54.875799+00:00,2026-05-07T04:00Z,2026-05-07,Thursday,AMC Streets of Woodfield 20,Chicago,CT,Mortal Kombat II,6:00pm,142191403,1134,,IMAX with Laser at AMC,171,35,136,20.5,,https://www.amctheatres.com/showtimes/142191403/seats,IMAX with Laser at AMC @ 6:00pm (saved link)
2026-05-08,20260506-223207-340ac9,2026-05-07T04:06:54.875799+00:00,2026-05-07T04:00Z,2026-05-07,Thursday,AMC Streets of Woodfield 20,Chicago,CT,Mortal Kombat II,8:00pm,142893448,1254,,Laser at AMC,58,5,53,8.6,,https://www.amctheatres.com/showtimes/142893448/seats,Laser at AMC @ 8:00pm (saved link)
2026-05-08,20260506-223207-340ac9,2026-05-07T04:06:54.875799+00:00,2026-05-07T04:00Z,2026-05-07,Thursday,AMC Streets of Woodfield 20,Chicago,CT,Mortal Kombat II,7:00pm,142191427,1194,,Laser at AMC,77,34,43,44.2,,https://www.amctheatres.com/showtimes/142191427/seats,Laser at AMC @ 7:00pm (saved link)
2026-05-08,20260506-223207-340ac9,2026-05-07T04:07:20.751816+00:00,2026-05-07T04:00Z,2026-05-07,Thursday,AMC Village Crossing 18,Chicago,CT,Mortal Kombat II,10:00pm,142050087,1373,,Dolby Cinema at AMC,191,45,146,23.6,,https://www.amctheatres.com/showtimes/142050087/seats,Dolby Cinema at AMC @ 10:00pm (saved link)
2026-05-08,20260506-223207-340ac9,2026-05-07T04:07:20.751816+00:00,2026-05-07T04:00Z,2026-05-07,Thursday,AMC Village Crossing 18,Chicago,CT,Mortal Kombat II,7:00pm,142057417,1193,,XL at AMC,205,8,197,3.9,,https://www.amctheatres.com/showtimes/142057417/seats,XL at AMC @ 7:00pm (saved link)
2026-05-08,20260506-223207-340ac9,2026-05-07T04:08:26.576367+00:00,2026-05-07T04:00Z,2026-05-07,Thursday,AMC Yorktown 18,Chicago,CT,Mortal Kombat II,9:00pm,142170778,1312,,IMAX with Laser at AMC,139,29,110,20.9,,https://www.amctheatres.com/showtimes/142170778/seats,IMAX with Laser at AMC @ 9:00pm (saved link)
2026-05-08,20260506-223207-340ac9,2026-05-07T04:08:26.576367+00:00,2026-05-07T04:00Z,2026-05-07,Thursday,AMC Yorktown 18,Chicago,CT,Mortal Kombat II,6:00pm,142170777,1132,,IMAX with Laser at AMC,139,54,85,38.8,,https://www.amctheatres.com/showtimes/142170777/seats,IMAX with Laser at AMC @ 6:00pm (saved link)
2026-05-08,20260506-223207-340ac9,2026-05-07T04:08:26.576367+00:00,2026-05-07T04:00Z,2026-05-07,Thursday,AMC Yorktown 18,Chicago,CT,Mortal Kombat II,7:30pm,142170756,1222,,Laser at AMC,118,53,65,44.9,,https://www.amctheatres.com/showtimes/142170756/seats,Laser at AMC @ 7:30pm (saved link)
2026-05-08,20260506-223207-340ac9,2026-05-07T04:10:21.777007+00:00,2026-05-07T04:00Z,2026-05-07,Thursday,AMC DINE-IN Mesquite 30,Dallas,CT,Mortal Kombat II,10:00pm,142102939,1370,,Dolby Cinema at AMC,241,90,151,37.3,,https://www.amctheatres.com/showtimes/142102939/seats,Dolby Cinema at AMC @ 10:00pm (saved link)
2026-05-08,20260506-223207-340ac9,2026-05-07T04:10:21.777007+00:00,2026-05-07T04:00Z,2026-05-07,Thursday,AMC DINE-IN Mesquite 30,Dallas,CT,Mortal Kombat II,7:00pm,142102940,1190,,Dolby Cinema at AMC,241,165,76,68.5,,https://www.amctheatres.com/showtimes/142102940/seats,Dolby Cinema at AMC @ 7:00pm (saved link)
2026-05-08,20260506-223207-340ac9,2026-05-07T04:10:21.777007+00:00,2026-05-07T04:00Z,2026-05-07,Thursday,AMC DINE-IN Mesquite 30,Dallas,CT,Mortal Kombat II,9:00pm,142102926,1310,,XL at AMC,222,13,209,5.9,,https://www.amctheatres.com/showtimes/142102926/seats,XL at AMC @ 9:00pm (saved link)
2026-05-08,20260506-223207-340ac9,2026-05-07T04:10:21.777007+00:00,2026-05-07T04:00Z,2026-05-07,Thursday,AMC DINE-IN Mesquite 30,Dallas,CT,Mortal Kombat II,6:00pm,142102925,1130,,XL at AMC,222,21,201,9.5,,https://www.amctheatres.com/showtimes/142102925/seats,XL at AMC @ 6:00pm (saved link)
2026-05-08,20260506-223207-340ac9,2026-05-07T04:10:21.777007+00:00,2026-05-07T04:00Z,2026-05-07,Thursday,AMC DINE-IN Mesquite 30,Dallas,CT,Mortal Kombat II,8:00pm,142103007,1250,,Laser at AMC,61,30,31,49.2,,https://www.amctheatres.com/showtimes/142103007/seats,Laser at AMC @ 8:00pm (saved link)
2026-05-08,20260506-223207-340ac9,2026-05-07T04:10:21.777007+00:00,2026-05-07T04:00Z,2026-05-07,Thursday,AMC DINE-IN Mesquite 30,Dallas,CT,Mortal Kombat II,5:00pm,142103008,1070,,Laser at AMC,61,5,56,8.2,,https://www.amctheatres.com/showtimes/142103008/seats,Laser at AMC @ 5:00pm (saved link)
2026-05-08,20260506-223207-340ac9,2026-05-07T04:10:21.777007+00:00,2026-05-07T04:00Z,2026-05-07,Thursday,AMC DINE-IN Mesquite 30,Dallas,CT,Mortal Kombat II,7:20pm,142866005,1209,,Spanish Language Dubbed with No Subtitles,34,6,28,17.6,,https://www.amctheatres.com/showtimes/142866005/seats,Spanish Language Dubbed with No Subtitles @ 7:20pm (saved link)
2026-05-08,20260506-223207-340ac9,2026-05-07T04:11:30.141848+00:00,2026-05-07T04:00Z,2026-05-07,Thursday,AMC Firewheel 18,Dallas,CT,Mortal Kombat II,10:00pm,142058390,1369,,IMAX with Laser at AMC,212,28,184,13.2,,https://www.amctheatres.com/showtimes/142058390/seats,IMAX with Laser at AMC @ 10:00pm (saved link)
2026-05-08,20260506-223207-340ac9,2026-05-07T04:11:30.141848+00:00,2026-05-07T04:00Z,2026-05-07,Thursday,AMC Firewheel 18,Dallas,CT,Mortal Kombat II,7:00pm,142058389,1189,,IMAX with Laser at AMC,212,111,101,52.4,,https://www.amctheatres.com/showtimes/142058389/seats,IMAX with Laser at AMC @ 7:00pm (saved link)
2026-05-08,20260506-223207-340ac9,2026-05-07T04:11:30.141848+00:00,2026-05-07T04:00Z,2026-05-07,Thursday,AMC Firewheel 18,Dallas,CT,Mortal Kombat II,10:45pm,142058273,1414,,Dolby Cinema at AMC,147,35,112,23.8,,https://www.amctheatres.com/showtimes/142058273/seats,Dolby Cinema at AMC @ 10:45pm (saved link)
2026-05-08,20260506-223207-340ac9,2026-05-07T04:11:30.141848+00:00,2026-05-07T04:00Z,2026-05-07,Thursday,AMC Firewheel 18,Dallas,CT,Mortal Kombat II,9:00pm,142058348,1309,,XL at AMC,288,6,282,2.1,,https://www.amctheatres.com/showtimes/142058348/seats,XL at AMC @ 9:00pm (saved link)
2026-05-08,20260506-223207-340ac9,2026-05-07T04:11:30.141848+00:00,2026-05-07T04:00Z,2026-05-07,Thursday,AMC Firewheel 18,Dallas,CT,Mortal Kombat II,6:00pm,142058349,1129,,XL at AMC,288,7,281,2.4,,https://www.amctheatres.com/showtimes/142058349/seats,XL at AMC @ 6:00pm (saved link)
2026-05-08,20260506-223207-340ac9,2026-05-07T04:11:30.141848+00:00,2026-05-07T04:00Z,2026-05-07,Thursday,AMC Firewheel 18,Dallas,CT,Mortal Kombat II,10:15pm,142981747,1384,,Laser at AMC,110,0,110,0,,https://www.amctheatres.com/showtimes/142981747/seats,Laser at AMC @ 10:15pm (saved link)
2026-05-08,20260506-223207-340ac9,2026-05-07T04:11:30.141848+00:00,2026-05-07T04:00Z,2026-05-07,Thursday,AMC Firewheel 18,Dallas,CT,Mortal Kombat II,9:45pm,142981753,1354,,Laser at AMC,159,0,159,0,,https://www.amctheatres.com/showtimes/142981753/seats,Laser at AMC @ 9:45pm (saved link)
2026-05-08,20260506-223207-340ac9,2026-05-07T04:11:30.141848+00:00,2026-05-07T04:00Z,2026-05-07,Thursday,AMC Firewheel 18,Dallas,CT,Mortal Kombat II,8:30pm,142981827,1279,,Laser at AMC,95,0,95,0,,https://www.amctheatres.com/showtimes/142981827/seats,Laser at AMC @ 8:30pm (saved link)
2026-05-08,20260506-223207-340ac9,2026-05-07T04:11:30.141848+00:00,2026-05-07T04:00Z,2026-05-07,Thursday,AMC Firewheel 18,Dallas,CT,Mortal Kombat II,8:15pm,142058321,1264,,Laser at AMC,229,0,229,0,,https://www.amctheatres.com/showtimes/142058321/seats,Laser at AMC @ 8:15pm (saved link)
2026-05-08,20260506-223207-340ac9,2026-05-07T04:11:30.141848+00:00,2026-05-07T04:00Z,2026-05-07,Thursday,AMC Firewheel 18,Dallas,CT,Mortal Kombat II,7:45pm,142981821,1234,,Laser at AMC,95,4,91,4.2,,https://www.amctheatres.com/showtimes/142981821/seats,Laser at AMC @ 7:45pm (saved link)
2026-05-08,20260506-223207-340ac9,2026-05-07T04:11:30.141848+00:00,2026-05-07T04:00Z,2026-05-07,Thursday,AMC Firewheel 18,Dallas,CT,Mortal Kombat II,5:15pm,142058322,1084,,Laser at AMC,229,0,229,0,,https://www.amctheatres.com/showtimes/142058322/seats,Laser at AMC @ 5:15pm (saved link)
2026-05-08,20260506-223207-340ac9,2026-05-07T04:12:11.167300+00:00,2026-05-07T04:00Z,2026-05-07,Thursday,AMC Grapevine Mills 24,Dallas,CT,Mortal Kombat II,10:00pm,142060044,1368,,IMAX at AMC,338,13,325,3.8,,https://www.amctheatres.com/showtimes/142060044/seats,IMAX at AMC @ 10:00pm (saved link)
2026-05-08,20260506-223207-340ac9,2026-05-07T04:12:11.167300+00:00,2026-05-07T04:00Z,2026-05-07,Thursday,AMC Grapevine Mills 24,Dallas,CT,Mortal Kombat II,7:00pm,142060043,1188,,IMAX at AMC,338,72,266,21.3,,https://www.amctheatres.com/showtimes/142060043/seats,IMAX at AMC @ 7:00pm (saved link)
2026-05-08,20260506-223207-340ac9,2026-05-07T04:12:11.167300+00:00,2026-05-07T04:00Z,2026-05-07,Thursday,AMC Grapevine Mills 24,Dallas,CT,Mortal Kombat II,10:30pm,142060057,1398,,Dolby Cinema at AMC,248,16,232,6.5,,https://www.amctheatres.com/showtimes/142060057/seats,Dolby Cinema at AMC @ 10:30pm (saved link)
2026-05-08,20260506-223207-340ac9,2026-05-07T04:12:11.167300+00:00,2026-05-07T04:00Z,2026-05-07,Thursday,AMC Grapevine Mills 24,Dallas,CT,Mortal Kombat II,7:30pm,142060058,1218,,Dolby Cinema at AMC,248,94,154,37.9,,https://www.amctheatres.com/showtimes/142060058/seats,Dolby Cinema at AMC @ 7:30pm (saved link)
2026-05-08,20260506-223207-340ac9,2026-05-07T04:12:11.167300+00:00,2026-05-07T04:00Z,2026-05-07,Thursday,AMC Grapevine Mills 24,Dallas,CT,Mortal Kombat II,9:30pm,142060093,1338,,undefined,247,0,247,0,,https://www.amctheatres.com/showtimes/142060093/seats,undefined @ 9:30pm (saved link)
2026-05-08,20260506-223207-340ac9,2026-05-07T04:12:11.167300+00:00,2026-05-07T04:00Z,2026-05-07,Thursday,AMC Grapevine Mills 24,Dallas,CT,Mortal Kombat II,8:20pm,142060009,1268,,undefined,28,0,28,0,,https://www.amctheatres.com/showtimes/142060009/seats,undefined @ 8:20pm (saved link)
2026-05-08,20260506-223207-340ac9,2026-05-07T04:12:11.167300+00:00,2026-05-07T04:00Z,2026-05-07,Thursday,AMC Grapevine Mills 24,Dallas,CT,Mortal Kombat II,6:30pm,142060092,1158,,undefined,247,0,247,0,,https://www.amctheatres.com/showtimes/142060092/seats,undefined @ 6:30pm (saved link)
2026-05-08,20260506-223207-340ac9,2026-05-07T04:12:11.167300+00:00,2026-05-07T04:00Z,2026-05-07,Thursday,AMC Grapevine Mills 24,Dallas,CT,Mortal Kombat II,5:10pm,142822964,1078,,undefined,28,0,28,0,,https://www.amctheatres.com/showtimes/142822964/seats,undefined @ 5:10pm (saved link)
2026-05-08,20260506-223207-340ac9,2026-05-07T04:12:44.377685+00:00,2026-05-07T04:00Z,2026-05-07,Thursday,AMC Irving Mall 14,Dallas,CT,Mortal Kombat II,8:00pm,142209753,1248,,Laser at AMC,101,33,68,32.7,,https://www.amctheatres.com/showtimes/142209753/seats,Laser at AMC @ 8:00pm (saved link)
2026-05-08,20260506-223207-340ac9,2026-05-07T04:12:44.377685+00:00,2026-05-07T04:00Z,2026-05-07,Thursday,AMC Irving Mall 14,Dallas,CT,Mortal Kombat II,7:00pm,142932411,1188,,Laser at AMC,76,6,70,7.9,,https://www.amctheatres.com/showtimes/142932411/seats,Laser at AMC @ 7:00pm (saved link)
2026-05-08,20260506-223207-340ac9,2026-05-07T04:12:44.377685+00:00,2026-05-07T04:00Z,2026-05-07,Thursday,AMC Irving Mall 14,Dallas,CT,Mortal Kombat II,6:00pm,142932408,1128,,Laser at AMC,101,5,96,5,,https://www.amctheatres.com/showtimes/142932408/seats,Laser at AMC @ 6:00pm (saved link)
2026-05-08,20260506-223207-340ac9,2026-05-07T04:12:44.377685+00:00,2026-05-07T04:00Z,2026-05-07,Thursday,AMC Irving Mall 14,Dallas,CT,Mortal Kombat II,5:00pm,142209754,1068,,Laser at AMC,101,9,92,8.9,,https://www.amctheatres.com/showtimes/142209754/seats,Laser at AMC @ 5:00pm (saved link)
2026-05-08,20260506-223207-340ac9,2026-05-07T04:13:10.756879+00:00,2026-05-07T04:00Z,2026-05-07,Thursday,AMC NorthPark 15,Dallas,CT,Mortal Kombat II,8:15pm,142824146,1262,,Laser at AMC,238,28,210,11.8,,https://www.amctheatres.com/showtimes/142824146/seats,Laser at AMC @ 8:15pm (saved link)
2026-05-08,20260506-223207-340ac9,2026-05-07T04:13:10.756879+00:00,2026-05-07T04:00Z,2026-05-07,Thursday,AMC NorthPark 15,Dallas,CT,Mortal Kombat II,5:15pm,142824147,1082,,Laser at AMC,238,3,235,1.3,,https://www.amctheatres.com/showtimes/142824147/seats,Laser at AMC @ 5:15pm (saved link)
2026-05-08,20260506-223207-340ac9,2026-05-07T04:13:35.438441+00:00,2026-05-07T04:00Z,2026-05-07,Thursday,AMC Southlake 24,Dallas,CT,Mortal Kombat II,11:00pm,142145895,1427,,IMAX with Laser at AMC,319,10,309,3.1,,https://www.amctheatres.com/showtimes/142145895/seats,IMAX with Laser at AMC @ 11:00pm (saved link)
2026-05-08,20260506-223207-340ac9,2026-05-07T04:13:35.438441+00:00,2026-05-07T04:00Z,2026-05-07,Thursday,AMC Southlake 24,Dallas,CT,Mortal Kombat II,8:00pm,142145896,1247,,IMAX with Laser at AMC,319,100,219,31.3,,https://www.amctheatres.com/showtimes/142145896/seats,IMAX with Laser at AMC @ 8:00pm (saved link)
2026-05-08,20260506-223207-340ac9,2026-05-07T04:13:35.438441+00:00,2026-05-07T04:00Z,2026-05-07,Thursday,AMC Southlake 24,Dallas,CT,Mortal Kombat II,5:00pm,142145897,1067,,IMAX with Laser at AMC,319,70,249,21.9,,https://www.amctheatres.com/showtimes/142145897/seats,IMAX with Laser at AMC @ 5:00pm (saved link)
2026-05-08,20260506-223207-340ac9,2026-05-07T04:13:35.438441+00:00,2026-05-07T04:00Z,2026-05-07,Thursday,AMC Southlake 24,Dallas,CT,Mortal Kombat II,10:00pm,142145877,1367,,Dolby Cinema at AMC,223,26,197,11.7,,https://www.amctheatres.com/showtimes/142145877/seats,Dolby Cinema at AMC @ 10:00pm (saved link)
2026-05-08,20260506-223207-340ac9,2026-05-07T04:13:35.438441+00:00,2026-05-07T04:00Z,2026-05-07,Thursday,AMC Southlake 24,Dallas,CT,Mortal Kombat II,7:00pm,142810249,1187,,Dolby Cinema at AMC,223,80,143,35.9,,https://www.amctheatres.com/showtimes/142810249/seats,Dolby Cinema at AMC @ 7:00pm (saved link)
2026-05-08,20260506-223207-340ac9,2026-05-07T04:13:35.438441+00:00,2026-05-07T04:00Z,2026-05-07,Thursday,AMC Southlake 24,Dallas,CT,Mortal Kombat II,9:00pm,142145919,1307,,Laser at AMC,140,9,131,6.4,,https://www.amctheatres.com/showtimes/142145919/seats,Laser at AMC @ 9:00pm (saved link)
2026-05-08,20260506-223207-340ac9,2026-05-07T04:13:35.438441+00:00,2026-05-07T04:00Z,2026-05-07,Thursday,AMC Southlake 24,Dallas,CT,Mortal Kombat II,6:00pm,142145918,1127,,Laser at AMC,140,15,125,10.7,,https://www.amctheatres.com/showtimes/142145918/seats,Laser at AMC @ 6:00pm (saved link)
2026-05-08,20260506-223207-340ac9,2026-05-07T04:14:09.760368+00:00,2026-05-07T04:00Z,2026-05-07,Thursday,AMC Stonebriar 24,Dallas,CT,Mortal Kombat II,9:20pm,142181854,1325,,IMAX with Laser at AMC,296,40,256,13.5,,https://www.amctheatres.com/showtimes/142181854/seats,IMAX with Laser at AMC @ 9:20pm (saved link)
2026-05-08,20260506-223207-340ac9,2026-05-07T04:14:09.760368+00:00,2026-05-07T04:00Z,2026-05-07,Thursday,AMC Stonebriar 24,Dallas,CT,Mortal Kombat II,6:10pm,142181853,1136,,IMAX with Laser at AMC,296,88,208,29.7,,https://www.amctheatres.com/showtimes/142181853/seats,IMAX with Laser at AMC @ 6:10pm (saved link)
2026-05-08,20260506-223207-340ac9,2026-05-07T04:14:09.760368+00:00,2026-05-07T04:00Z,2026-05-07,Thursday,AMC Stonebriar 24,Dallas,CT,Mortal Kombat II,11:00pm,142181833,1426,,Dolby Cinema at AMC,168,25,143,14.9,,https://www.amctheatres.com/showtimes/142181833/seats,Dolby Cinema at AMC @ 11:00pm (saved link)
2026-05-08,20260506-223207-340ac9,2026-05-07T04:14:09.760368+00:00,2026-05-07T04:00Z,2026-05-07,Thursday,AMC Stonebriar 24,Dallas,CT,Mortal Kombat II,10:15pm,142181881,1381,,Laser at AMC,156,5,151,3.2,,https://www.amctheatres.com/showtimes/142181881/seats,Laser at AMC @ 10:15pm (saved link)
2026-05-08,20260506-223207-340ac9,2026-05-07T04:14:09.760368+00:00,2026-05-07T04:00Z,2026-05-07,Thursday,AMC Stonebriar 24,Dallas,CT,Mortal Kombat II,8:00pm,142896664,1246,,Laser at AMC,44,7,37,15.9,,https://www.amctheatres.com/showtimes/142896664/seats,Laser at AMC @ 8:00pm (saved link)
2026-05-08,20260506-223207-340ac9,2026-05-07T04:14:09.760368+00:00,2026-05-07T04:00Z,2026-05-07,Thursday,AMC Stonebriar 24,Dallas,CT,Mortal Kombat II,7:10pm,142181883,1196,,Laser at AMC,156,28,128,17.9,,https://www.amctheatres.com/showtimes/142181883/seats,Laser at AMC @ 7:10pm (saved link)
2026-05-08,20260506-223207-340ac9,2026-05-07T04:14:09.760368+00:00,2026-05-07T04:00Z,2026-05-07,Thursday,AMC Stonebriar 24,Dallas,CT,Mortal Kombat II,5:15pm,142979328,1081,,Laser at AMC,78,2,76,2.6,,https://www.amctheatres.com/showtimes/142979328/seats,Laser at AMC @ 5:15pm (saved link)
2026-05-08,20260506-223207-340ac9,2026-05-07T04:14:42.701139+00:00,2026-05-07T04:00Z,2026-05-07,Thursday,AMC The Parks At Arlington 18,Dallas,CT,Mortal Kombat II,10:00pm,143007525,1366,,IMAX with Laser at AMC,192,9,183,4.7,,https://www.amctheatres.com/showtimes/143007525/seats,IMAX with Laser at AMC @ 10:00pm (saved link)
2026-05-08,20260506-223207-340ac9,2026-05-07T04:14:42.701139+00:00,2026-05-07T04:00Z,2026-05-07,Thursday,AMC The Parks At Arlington 18,Dallas,CT,Mortal Kombat II,7:00pm,142211744,1186,,IMAX with Laser at AMC,192,102,90,53.1,,https://www.amctheatres.com/showtimes/142211744/seats,IMAX with Laser at AMC @ 7:00pm (saved link)
2026-05-08,20260506-223207-340ac9,2026-05-07T04:14:42.701139+00:00,2026-05-07T04:00Z,2026-05-07,Thursday,AMC The Parks At Arlington 18,Dallas,CT,Mortal Kombat II,9:15pm,143007558,1321,,Dolby Cinema at AMC,160,32,128,20,,https://www.amctheatres.com/showtimes/143007558/seats,Dolby Cinema at AMC @ 9:15pm (saved link)
2026-05-08,20260506-223207-340ac9,2026-05-07T04:14:42.701139+00:00,2026-05-07T04:00Z,2026-05-07,Thursday,AMC The Parks At Arlington 18,Dallas,CT,Mortal Kombat II,8:00pm,142211797,1246,,XL at AMC,323,12,311,3.7,,https://www.amctheatres.com/showtimes/142211797/seats,XL at AMC @ 8:00pm (saved link)
2026-05-08,20260506-223207-340ac9,2026-05-07T04:14:42.701139+00:00,2026-05-07T04:00Z,2026-05-07,Thursday,AMC The Parks At Arlington 18,Dallas,CT,Mortal Kombat II,5:00pm,142211796,1066,,XL at AMC,323,5,318,1.5,,https://www.amctheatres.com/showtimes/142211796/seats,XL at AMC @ 5:00pm (saved link)
2026-05-08,20260506-223207-340ac9,2026-05-07T04:14:42.701139+00:00,2026-05-07T04:00Z,2026-05-07,Thursday,AMC The Parks At Arlington 18,Dallas,CT,Mortal Kombat II,10:30pm,143007555,1396,,Laser at AMC,148,0,148,0,,https://www.amctheatres.com/showtimes/143007555/seats,Laser at AMC @ 10:30pm (saved link)
2026-05-08,20260506-223207-340ac9,2026-05-07T04:14:42.701139+00:00,2026-05-07T04:00Z,2026-05-07,Thursday,AMC The Parks At Arlington 18,Dallas,CT,Mortal Kombat II,6:30pm,142211763,1156,,Laser at AMC,199,13,186,6.5,,https://www.amctheatres.com/showtimes/142211763/seats,Laser at AMC @ 6:30pm (saved link)
2026-05-08,20260506-223207-340ac9,2026-05-07T04:14:42.701139+00:00,2026-05-07T04:00Z,2026-05-07,Thursday,AMC The Parks At Arlington 18,Dallas,CT,Mortal Kombat II,8:45pm,143007541,1291,,Spanish Language Dubbed with No Subtitles,151,0,151,0,,https://www.amctheatres.com/showtimes/143007541/seats,Spanish Language Dubbed with No Subtitles @ 8:45pm (saved link)
2026-05-08,20260506-223207-340ac9,2026-05-07T04:15:19.968451+00:00,2026-05-07T04:00Z,2026-05-07,Thursday,AMC Village On The Parkway 9,Dallas,CT,Mortal Kombat II,10:30pm,142219118,1395,,Dolby Cinema at AMC,283,40,243,14.1,,https://www.amctheatres.com/showtimes/142219118/seats,Dolby Cinema at AMC @ 10:30pm (saved link)
2026-05-08,20260506-223207-340ac9,2026-05-07T04:15:19.968451+00:00,2026-05-07T04:00Z,2026-05-07,Thursday,AMC Village On The Parkway 9,Dallas,CT,Mortal Kombat II,7:30pm,142219117,1215,,Dolby Cinema at AMC,283,112,171,39.6,,https://www.amctheatres.com/showtimes/142219117/seats,Dolby Cinema at AMC @ 7:30pm (saved link)
2026-05-08,20260506-223207-340ac9,2026-05-07T04:15:19.968451+00:00,2026-05-07T04:00Z,2026-05-07,Thursday,AMC Village On The Parkway 9,Dallas,CT,Mortal Kombat II,9:15pm,142971433,1320,,Laser at AMC,157,6,151,3.8,,https://www.amctheatres.com/showtimes/142971433/seats,Laser at AMC @ 9:15pm (saved link)
2026-05-08,20260506-223207-340ac9,2026-05-07T04:15:19.968451+00:00,2026-05-07T04:00Z,2026-05-07,Thursday,AMC Village On The Parkway 9,Dallas,CT,Mortal Kombat II,6:15pm,142971435,1140,,Laser at AMC,157,1,156,0.6,,https://www.amctheatres.com/showtimes/142971435/seats,Laser at AMC @ 6:15pm (saved link)
2026-05-08,20260506-223207-340ac9,2026-05-07T04:15:52.986078+00:00,2026-05-07T04:00Z,2026-05-07,Thursday,AMC CLASSIC Brazos Mall 14,Houston,CT,Mortal Kombat II,9:50pm,142833625,1355,,undefined,250,13,237,5.2,,https://www.amctheatres.com/showtimes/142833625/seats,undefined @ 9:50pm (saved link)
2026-05-08,20260506-223207-340ac9,2026-05-07T04:15:52.986078+00:00,2026-05-07T04:00Z,2026-05-07,Thursday,AMC CLASSIC Brazos Mall 14,Houston,CT,Mortal Kombat II,8:30pm,142947342,1275,,undefined,124,1,123,0.8,,https://www.amctheatres.com/showtimes/142947342/seats,undefined @ 8:30pm (saved link)
2026-05-08,20260506-223207-340ac9,2026-05-07T04:15:52.986078+00:00,2026-05-07T04:00Z,2026-05-07,Thursday,AMC CLASSIC Brazos Mall 14,Houston,CT,Mortal Kombat II,7:00pm,142200364,1185,,undefined,250,20,230,8,,https://www.amctheatres.com/showtimes/142200364/seats,undefined @ 7:00pm (saved link)
2026-05-08,20260506-223207-340ac9,2026-05-07T04:15:52.986078+00:00,2026-05-07T04:00Z,2026-05-07,Thursday,AMC CLASSIC Brazos Mall 14,Houston,CT,Mortal Kombat II,5:30pm,142947343,1095,,undefined,124,2,122,1.6,,https://www.amctheatres.com/showtimes/142947343/seats,undefined @ 5:30pm (saved link)
2026-05-08,20260506-223207-340ac9,2026-05-07T04:16:19.542148+00:00,2026-05-07T04:00Z,2026-05-07,Thursday,AMC Causeway 13,Houston,CT,Mortal Kombat II,10:00pm,142209648,1364,,Laser at AMC,116,2,114,1.7,,https://www.amctheatres.com/showtimes/142209648/seats,Laser at AMC @ 10:00pm (saved link)
2026-05-08,20260506-223207-340ac9,2026-05-07T04:16:19.542148+00:00,2026-05-07T04:00Z,2026-05-07,Thursday,AMC Causeway 13,Houston,CT,Mortal Kombat II,9:00pm,142895498,1304,,Laser at AMC,164,1,163,0.6,,https://www.amctheatres.com/showtimes/142895498/seats,Laser at AMC @ 9:00pm (saved link)
2026-05-08,20260506-223207-340ac9,2026-05-07T04:16:19.542148+00:00,2026-05-07T04:00Z,2026-05-07,Thursday,AMC Causeway 13,Houston,CT,Mortal Kombat II,7:00pm,142209647,1184,,Laser at AMC,116,7,109,6,,https://www.amctheatres.com/showtimes/142209647/seats,Laser at AMC @ 7:00pm (saved link)
2026-05-08,20260506-223207-340ac9,2026-05-07T04:16:43.473047+00:00,2026-05-07T04:00Z,2026-05-07,Thursday,AMC Centerpoint 11,Houston,CT,Mortal Kombat II,9:00pm,142203385,1304,,Laser at AMC,134,11,123,8.2,,https://www.amctheatres.com/showtimes/142203385/seats,Laser at AMC @ 9:00pm (saved link)
2026-05-08,20260506-223207-340ac9,2026-05-07T04:16:43.473047+00:00,2026-05-07T04:00Z,2026-05-07,Thursday,AMC Centerpoint 11,Houston,CT,Mortal Kombat II,8:00pm,143008690,1244,,Laser at AMC,59,1,58,1.7,,https://www.amctheatres.com/showtimes/143008690/seats,Laser at AMC @ 8:00pm (saved link)
2026-05-08,20260506-223207-340ac9,2026-05-07T04:16:43.473047+00:00,2026-05-07T04:00Z,2026-05-07,Thursday,AMC Centerpoint 11,Houston,CT,Mortal Kombat II,6:00pm,142203384,1124,,Laser at AMC,134,20,114,14.9,,https://www.amctheatres.com/showtimes/142203384/seats,Laser at AMC @ 6:00pm (saved link)
2026-05-08,20260506-223207-340ac9,2026-05-07T04:17:06.863104+00:00,2026-05-07T04:00Z,2026-05-07,Thursday,AMC Deerbrook 24,Houston,CT,Mortal Kombat II,9:00pm,142209525,1303,,IMAX at AMC,128,21,107,16.4,,https://www.amctheatres.com/showtimes/142209525/seats,IMAX at AMC @ 9:00pm (saved link)
2026-05-08,20260506-223207-340ac9,2026-05-07T04:17:06.863104+00:00,2026-05-07T04:00Z,2026-05-07,Thursday,AMC Deerbrook 24,Houston,CT,Mortal Kombat II,6:00pm,142209524,1123,,IMAX at AMC,128,33,95,25.8,,https://www.amctheatres.com/showtimes/142209524/seats,IMAX at AMC @ 6:00pm (saved link)
2026-05-08,20260506-223207-340ac9,2026-05-07T04:17:06.863104+00:00,2026-05-07T04:00Z,2026-05-07,Thursday,AMC Deerbrook 24,Houston,CT,Mortal Kombat II,10:15pm,142209485,1378,,Dolby Cinema at AMC,172,12,160,7,,https://www.amctheatres.com/showtimes/142209485/seats,Dolby Cinema at AMC @ 10:15pm (saved link)
2026-05-08,20260506-223207-340ac9,2026-05-07T04:17:06.863104+00:00,2026-05-07T04:00Z,2026-05-07,Thursday,AMC Deerbrook 24,Houston,CT,Mortal Kombat II,9:30pm,142942729,1333,,undefined,200,0,200,0,,https://www.amctheatres.com/showtimes/142942729/seats,undefined @ 9:30pm (saved link)
2026-05-08,20260506-223207-340ac9,2026-05-07T04:17:06.863104+00:00,2026-05-07T04:00Z,2026-05-07,Thursday,AMC Deerbrook 24,Houston,CT,Mortal Kombat II,8:30pm,142942732,1273,,Spanish Language Dubbed with No Subtitles,288,0,288,0,,https://www.amctheatres.com/showtimes/142942732/seats,Spanish Language Dubbed with No Subtitles @ 8:30pm (saved link)
2026-05-08,20260506-223207-340ac9,2026-05-07T04:17:06.863104+00:00,2026-05-07T04:00Z,2026-05-07,Thursday,AMC Deerbrook 24,Houston,CT,Mortal Kombat II,8:00pm,142209453,1243,,undefined,260,16,244,6.2,,https://www.amctheatres.com/showtimes/142209453/seats,undefined @ 8:00pm (saved link)
2026-05-08,20260506-223207-340ac9,2026-05-07T04:17:06.863104+00:00,2026-05-07T04:00Z,2026-05-07,Thursday,AMC Deerbrook 24,Houston,CT,Mortal Kombat II,7:20pm,142942756,1202,,undefined,246,5,241,2,,https://www.amctheatres.com/showtimes/142942756/seats,undefined @ 7:20pm (saved link)
2026-05-08,20260506-223207-340ac9,2026-05-07T04:17:06.863104+00:00,2026-05-07T04:00Z,2026-05-07,Thursday,AMC Deerbrook 24,Houston,CT,Mortal Kombat II,5:30pm,142942733,1093,,Spanish Language Dubbed with No Subtitles,288,0,288,0,,https://www.amctheatres.com/showtimes/142942733/seats,Spanish Language Dubbed with No Subtitles @ 5:30pm (saved link)
2026-05-08,20260506-223207-340ac9,2026-05-07T04:17:06.863104+00:00,2026-05-07T04:00Z,2026-05-07,Thursday,AMC Deerbrook 24,Houston,CT,Mortal Kombat II,5:00pm,142209454,1063,,undefined,260,16,244,6.2,,https://www.amctheatres.com/showtimes/142209454/seats,undefined @ 5:00pm (saved link)
2026-05-08,20260506-223207-340ac9,2026-05-07T04:17:45.641047+00:00,2026-05-07T04:00Z,2026-05-07,Thursday,AMC Eastchase 9,Houston,CT,Mortal Kombat II,9:15pm,142974335,1318,,Laser at AMC,45,0,45,0,,https://www.amctheatres.com/showtimes/142974335/seats,Laser at AMC @ 9:15pm (saved link)
2026-05-08,20260506-223207-340ac9,2026-05-07T04:17:45.641047+00:00,2026-05-07T04:00Z,2026-05-07,Thursday,AMC Eastchase 9,Houston,CT,Mortal Kombat II,7:00pm,142119915,1183,,Laser at AMC,114,32,82,28.1,,https://www.amctheatres.com/showtimes/142119915/seats,Laser at AMC @ 7:00pm (saved link)
2026-05-08,20260506-223207-340ac9,2026-05-07T04:18:08.383806+00:00,2026-05-07T04:00Z,2026-05-07,Thursday,AMC First Colony 24,Houston,CT,Mortal Kombat II,9:30pm,142514731,1332,,IMAX with Laser at AMC,298,31,267,10.4,,https://www.amctheatres.com/showtimes/142514731/seats,IMAX with Laser at AMC @ 9:30pm (saved link)
2026-05-08,20260506-223207-340ac9,2026-05-07T04:18:08.383806+00:00,2026-05-07T04:00Z,2026-05-07,Thursday,AMC First Colony 24,Houston,CT,Mortal Kombat II,6:30pm,142514738,1152,,IMAX with Laser at AMC,298,58,240,19.5,,https://www.amctheatres.com/showtimes/142514738/seats,IMAX with Laser at AMC @ 6:30pm (saved link)
2026-05-08,20260506-223207-340ac9,2026-05-07T04:18:08.383806+00:00,2026-05-07T04:00Z,2026-05-07,Thursday,AMC First Colony 24,Houston,CT,Mortal Kombat II,10:00pm,142107409,1362,,Dolby Cinema at AMC,207,16,191,7.7,,https://www.amctheatres.com/showtimes/142107409/seats,Dolby Cinema at AMC @ 10:00pm (saved link)
2026-05-08,20260506-223207-340ac9,2026-05-07T04:18:08.383806+00:00,2026-05-07T04:00Z,2026-05-07,Thursday,AMC First Colony 24,Houston,CT,Mortal Kombat II,10:30pm,142942779,1392,,Laser at AMC,177,0,177,0,,https://www.amctheatres.com/showtimes/142942779/seats,Laser at AMC @ 10:30pm (saved link)
2026-05-08,20260506-223207-340ac9,2026-05-07T04:18:08.383806+00:00,2026-05-07T04:00Z,2026-05-07,Thursday,AMC First Colony 24,Houston,CT,Mortal Kombat II,9:00pm,142107448,1302,,Laser at AMC,91,9,82,9.9,,https://www.amctheatres.com/showtimes/142107448/seats,Laser at AMC @ 9:00pm (saved link)
2026-05-08,20260506-223207-340ac9,2026-05-07T04:18:08.383806+00:00,2026-05-07T04:00Z,2026-05-07,Thursday,AMC First Colony 24,Houston,CT,Mortal Kombat II,7:30pm,142942778,1212,,Laser at AMC,177,2,175,1.1,,https://www.amctheatres.com/showtimes/142942778/seats,Laser at AMC @ 7:30pm (saved link)
2026-05-08,20260506-223207-340ac9,2026-05-07T04:18:08.383806+00:00,2026-05-07T04:00Z,2026-05-07,Thursday,AMC First Colony 24,Houston,CT,Mortal Kombat II,6:00pm,142107447,1122,,Laser at AMC,91,8,83,8.8,,https://www.amctheatres.com/showtimes/142107447/seats,Laser at AMC @ 6:00pm (saved link)
2026-05-08,20260506-223207-340ac9,2026-05-07T04:18:56.843951+00:00,2026-05-07T04:00Z,2026-05-07,Thursday,AMC Fountains 18,Houston,CT,Mortal Kombat II,9:00pm,142055671,1302,,IMAX at AMC,232,64,168,27.6,,https://www.amctheatres.com/showtimes/142055671/seats,IMAX at AMC @ 9:00pm (saved link)
2026-05-08,20260506-223207-340ac9,2026-05-07T04:18:56.843951+00:00,2026-05-07T04:00Z,2026-05-07,Thursday,AMC Fountains 18,Houston,CT,Mortal Kombat II,6:00pm,142055670,1122,,IMAX at AMC,232,79,153,34.1,,https://www.amctheatres.com/showtimes/142055670/seats,IMAX at AMC @ 6:00pm (saved link)
2026-05-08,20260506-223207-340ac9,2026-05-07T04:18:56.843951+00:00,2026-05-07T04:00Z,2026-05-07,Thursday,AMC Fountains 18,Houston,CT,Mortal Kombat II,10:30pm,142055636,1392,,Dolby Cinema at AMC,171,22,149,12.9,,https://www.amctheatres.com/showtimes/142055636/seats,Dolby Cinema at AMC @ 10:30pm (saved link)
2026-05-08,20260506-223207-340ac9,2026-05-07T04:18:56.843951+00:00,2026-05-07T04:00Z,2026-05-07,Thursday,AMC Fountains 18,Houston,CT,Mortal Kombat II,11:00pm,142055677,1422,,Laser at AMC,109,7,102,6.4,,https://www.amctheatres.com/showtimes/142055677/seats,Laser at AMC @ 11:00pm (saved link)
2026-05-08,20260506-223207-340ac9,2026-05-07T04:18:56.843951+00:00,2026-05-07T04:00Z,2026-05-07,Thursday,AMC Fountains 18,Houston,CT,Mortal Kombat II,10:00pm,142757429,1362,,Laser at AMC,91,0,91,0,,https://www.amctheatres.com/showtimes/142757429/seats,Laser at AMC @ 10:00pm (saved link)
2026-05-08,20260506-223207-340ac9,2026-05-07T04:18:56.843951+00:00,2026-05-07T04:00Z,2026-05-07,Thursday,AMC Fountains 18,Houston,CT,Mortal Kombat II,8:00pm,142055676,1242,,Laser at AMC,109,1,108,0.9,,https://www.amctheatres.com/showtimes/142055676/seats,Laser at AMC @ 8:00pm (saved link)
2026-05-08,20260506-223207-340ac9,2026-05-07T04:18:56.843951+00:00,2026-05-07T04:00Z,2026-05-07,Thursday,AMC Fountains 18,Houston,CT,Mortal Kombat II,7:30pm,142875666,1212,,Laser at AMC,91,5,86,5.5,,https://www.amctheatres.com/showtimes/142875666/seats,Laser at AMC @ 7:30pm (saved link)
2026-05-08,20260506-223207-340ac9,2026-05-07T04:18:56.843951+00:00,2026-05-07T04:00Z,2026-05-07,Thursday,AMC Fountains 18,Houston,CT,Mortal Kombat II,7:00pm,142055635,1182,,Laser at AMC,91,12,79,13.2,,https://www.amctheatres.com/showtimes/142055635/seats,Laser at AMC @ 7:00pm (saved link)
2026-05-08,20260506-223207-340ac9,2026-05-07T04:18:56.843951+00:00,2026-05-07T04:00Z,2026-05-07,Thursday,AMC Fountains 18,Houston,CT,Mortal Kombat II,5:00pm,142055678,1062,,Laser at AMC,109,8,101,7.3,,https://www.amctheatres.com/showtimes/142055678/seats,Laser at AMC @ 5:00pm (saved link)
2026-05-08,20260506-223207-340ac9,2026-05-07T04:19:34.312044+00:00,2026-05-07T04:00Z,2026-05-07,Thursday,AMC Gulf Pointe 30,Houston,CT,Mortal Kombat II,9:00pm,142053794,1301,,IMAX with Laser at AMC,314,32,282,10.2,,https://www.amctheatres.com/showtimes/142053794/seats,IMAX with Laser at AMC @ 9:00pm (saved link)
2026-05-08,20260506-223207-340ac9,2026-05-07T04:19:34.312044+00:00,2026-05-07T04:00Z,2026-05-07,Thursday,AMC Gulf Pointe 30,Houston,CT,Mortal Kombat II,6:00pm,142053793,1121,,IMAX with Laser at AMC,314,98,216,31.2,,https://www.amctheatres.com/showtimes/142053793/seats,IMAX with Laser at AMC @ 6:00pm (saved link)
2026-05-08,20260506-223207-340ac9,2026-05-07T04:19:34.312044+00:00,2026-05-07T04:00Z,2026-05-07,Thursday,AMC Gulf Pointe 30,Houston,CT,Mortal Kombat II,10:00pm,142053790,1361,,Dolby Cinema at AMC,245,32,213,13.1,,https://www.amctheatres.com/showtimes/142053790/seats,Dolby Cinema at AMC @ 10:00pm (saved link)
2026-05-08,20260506-223207-340ac9,2026-05-07T04:19:34.312044+00:00,2026-05-07T04:00Z,2026-05-07,Thursday,AMC Gulf Pointe 30,Houston,CT,Mortal Kombat II,10:30pm,142221420,1391,,XL at AMC,409,0,409,0,,https://www.amctheatres.com/showtimes/142221420/seats,XL at AMC @ 10:30pm (saved link)
2026-05-08,20260506-223207-340ac9,2026-05-07T04:19:34.312044+00:00,2026-05-07T04:00Z,2026-05-07,Thursday,AMC Gulf Pointe 30,Houston,CT,Mortal Kombat II,7:30pm,142053788,1211,,XL at AMC,409,14,395,3.4,,https://www.amctheatres.com/showtimes/142053788/seats,XL at AMC @ 7:30pm (saved link)
2026-05-08,20260506-223207-340ac9,2026-05-07T04:19:34.312044+00:00,2026-05-07T04:00Z,2026-05-07,Thursday,AMC Gulf Pointe 30,Houston,CT,Mortal Kombat II,9:30pm,142674800,1331,,Laser at AMC,241,0,241,0,,https://www.amctheatres.com/showtimes/142674800/seats,Laser at AMC @ 9:30pm (saved link)
2026-05-08,20260506-223207-340ac9,2026-05-07T04:19:34.312044+00:00,2026-05-07T04:00Z,2026-05-07,Thursday,AMC Gulf Pointe 30,Houston,CT,Mortal Kombat II,6:30pm,142674801,1151,,Laser at AMC,241,12,229,5,,https://www.amctheatres.com/showtimes/142674801/seats,Laser at AMC @ 6:30pm (saved link)
2026-05-08,20260506-223207-340ac9,2026-05-07T04:19:34.312044+00:00,2026-05-07T04:00Z,2026-05-07,Thursday,AMC Gulf Pointe 30,Houston,CT,Mortal Kombat II,11:00pm,142053836,1421,,4DX at AMC,151,15,136,9.9,,https://www.amctheatres.com/showtimes/142053836/seats,4DX at AMC @ 11:00pm (saved link)
2026-05-08,20260506-223207-340ac9,2026-05-07T04:19:34.312044+00:00,2026-05-07T04:00Z,2026-05-07,Thursday,AMC Gulf Pointe 30,Houston,CT,Mortal Kombat II,8:00pm,142053837,1241,,4DX at AMC,151,74,77,49,,https://www.amctheatres.com/showtimes/142053837/seats,4DX at AMC @ 8:00pm (saved link)
2026-05-08,20260506-223207-340ac9,2026-05-07T04:19:34.312044+00:00,2026-05-07T04:00Z,2026-05-07,Thursday,AMC Gulf Pointe 30,Houston,CT,Mortal Kombat II,5:00pm,142053838,1061,,4DX at AMC,151,32,119,21.2,,https://www.amctheatres.com/showtimes/142053838/seats,4DX at AMC @ 5:00pm (saved link)
2026-05-08,20260506-223207-340ac9,2026-05-07T04:20:15.592110+00:00,2026-05-07T04:00Z,2026-05-07,Thursday,AMC Houston 8,Houston,CT,Mortal Kombat II,9:00pm,142185017,1300,,XL at AMC,162,9,153,5.6,,https://www.amctheatres.com/showtimes/142185017/seats,XL at AMC @ 9:00pm (saved link)
2026-05-08,20260506-223207-340ac9,2026-05-07T04:20:15.592110+00:00,2026-05-07T04:00Z,2026-05-07,Thursday,AMC Houston 8,Houston,CT,Mortal Kombat II,6:00pm,142185018,1120,,XL at AMC,162,32,130,19.8,,https://www.amctheatres.com/showtimes/142185018/seats,XL at AMC @ 6:00pm (saved link)
2026-05-08,20260506-223207-340ac9,2026-05-07T04:20:15.592110+00:00,2026-05-07T04:00Z,2026-05-07,Thursday,AMC Houston 8,Houston,CT,Mortal Kombat II,7:30pm,142888447,1210,,Laser at AMC,73,2,71,2.7,,https://www.amctheatres.com/showtimes/142888447/seats,Laser at AMC @ 7:30pm (saved link)
2026-05-08,20260506-223207-340ac9,2026-05-07T04:20:39.925509+00:00,2026-05-07T04:00Z,2026-05-07,Thursday,AMC Katy Mills 20,Houston,CT,Mortal Kombat II,9:00pm,142052358,1300,,IMAX with Laser at AMC,140,21,119,15,,https://www.amctheatres.com/showtimes/142052358/seats,IMAX with Laser at AMC @ 9:00pm (saved link)
2026-05-08,20260506-223207-340ac9,2026-05-07T04:20:39.925509+00:00,2026-05-07T04:00Z,2026-05-07,Thursday,AMC Katy Mills 20,Houston,CT,Mortal Kombat II,6:00pm,142052357,1120,,IMAX with Laser at AMC,140,46,94,32.9,,https://www.amctheatres.com/showtimes/142052357/seats,IMAX with Laser at AMC @ 6:00pm (saved link)
2026-05-08,20260506-223207-340ac9,2026-05-07T04:20:39.925509+00:00,2026-05-07T04:00Z,2026-05-07,Thursday,AMC Katy Mills 20,Houston,CT,Mortal Kombat II,10:00pm,142052363,1360,,Dolby Cinema at AMC,131,5,126,3.8,,https://www.amctheatres.com/showtimes/142052363/seats,Dolby Cinema at AMC @ 10:00pm (saved link)
2026-05-08,20260506-223207-340ac9,2026-05-07T04:20:39.925509+00:00,2026-05-07T04:00Z,2026-05-07,Thursday,AMC Katy Mills 20,Houston,CT,Mortal Kombat II,10:30pm,142903600,1390,,Laser at AMC,65,0,65,0,,https://www.amctheatres.com/showtimes/142903600/seats,Laser at AMC @ 10:30pm (saved link)
2026-05-08,20260506-223207-340ac9,2026-05-07T04:20:39.925509+00:00,2026-05-07T04:00Z,2026-05-07,Thursday,AMC Katy Mills 20,Houston,CT,Mortal Kombat II,7:00pm,142052360,1180,,Laser at AMC,128,8,120,6.3,,https://www.amctheatres.com/showtimes/142052360/seats,Laser at AMC @ 7:00pm (saved link)
2026-05-08,20260506-223207-340ac9,2026-05-07T04:20:39.925509+00:00,2026-05-07T04:00Z,2026-05-07,Thursday,AMC Katy Mills 20,Houston,CT,Mortal Kombat II,5:00pm,142902608,1060,,Laser at AMC,85,0,85,0,,https://www.amctheatres.com/showtimes/142902608/seats,Laser at AMC @ 5:00pm (saved link)
2026-05-08,20260506-223207-340ac9,2026-05-07T04:20:39.925509+00:00,2026-05-07T04:00Z,2026-05-07,Thursday,AMC Katy Mills 20,Houston,CT,Mortal Kombat II,8:00pm,142902609,1240,,Spanish Language Dubbed with No Subtitles,85,0,85,0,,https://www.amctheatres.com/showtimes/142902609/seats,Spanish Language Dubbed with No Subtitles @ 8:00pm (saved link)
2026-05-08,20260506-223207-340ac9,2026-05-07T04:21:14.750679+00:00,2026-05-07T04:00Z,2026-05-07,Thursday,AMC Metropark Square 10,Houston,CT,Mortal Kombat II,10:45pm,142156940,1404,,IMAX with Laser at AMC,159,15,144,9.4,,https://www.amctheatres.com/showtimes/142156940/seats,IMAX with Laser at AMC @ 10:45pm (saved link)
2026-05-08,20260506-223207-340ac9,2026-05-07T04:21:14.750679+00:00,2026-05-07T04:00Z,2026-05-07,Thursday,AMC Metropark Square 10,Houston,CT,Mortal Kombat II,7:45pm,142156939,1224,,IMAX with Laser at AMC,159,101,58,63.5,,https://www.amctheatres.com/showtimes/142156939/seats,IMAX with Laser at AMC @ 7:45pm (saved link)
2026-05-08,20260506-223207-340ac9,2026-05-07T04:21:14.750679+00:00,2026-05-07T04:00Z,2026-05-07,Thursday,AMC Metropark Square 10,Houston,CT,Mortal Kombat II,10:10pm,142966000,1369,,Dolby Cinema at AMC,175,2,173,1.1,,https://www.amctheatres.com/showtimes/142966000/seats,Dolby Cinema at AMC @ 10:10pm (saved link)
2026-05-08,20260506-223207-340ac9,2026-05-07T04:21:14.750679+00:00,2026-05-07T04:00Z,2026-05-07,Thursday,AMC Metropark Square 10,Houston,CT,Mortal Kombat II,6:00pm,142156944,1119,,Laser at AMC,118,13,105,11,,https://www.amctheatres.com/showtimes/142156944/seats,Laser at AMC @ 6:00pm (saved link)
2026-05-08,20260506-223207-340ac9,2026-05-07T04:21:42.058877+00:00,2026-05-07T04:00Z,2026-05-07,Thursday,AMC Rio Cinemas 18,Houston,CT,Mortal Kombat II,10:30pm,142172619,1389,,IMAX with Laser at AMC,173,18,155,10.4,,https://www.amctheatres.com/showtimes/142172619/seats,IMAX with Laser at AMC @ 10:30pm (saved link)
2026-05-08,20260506-223207-340ac9,2026-05-07T04:21:42.058877+00:00,2026-05-07T04:00Z,2026-05-07,Thursday,AMC Rio Cinemas 18,Houston,CT,Mortal Kombat II,7:30pm,142172618,1209,,IMAX with Laser at AMC,173,89,84,51.4,,https://www.amctheatres.com/showtimes/142172618/seats,IMAX with Laser at AMC @ 7:30pm (saved link)
2026-05-08,20260506-223207-340ac9,2026-05-07T04:21:42.058877+00:00,2026-05-07T04:00Z,2026-05-07,Thursday,AMC Rio Cinemas 18,Houston,CT,Mortal Kombat II,9:30pm,142172647,1329,,PRIME at AMC,95,23,72,24.2,,https://www.amctheatres.com/showtimes/142172647/seats,PRIME at AMC @ 9:30pm (saved link)
2026-05-08,20260506-223207-340ac9,2026-05-07T04:21:42.058877+00:00,2026-05-07T04:00Z,2026-05-07,Thursday,AMC Rio Cinemas 18,Houston,CT,Mortal Kombat II,10:00pm,142952941,1359,,Laser at AMC,89,0,89,0,,https://www.amctheatres.com/showtimes/142952941/seats,Laser at AMC @ 10:00pm (saved link)
2026-05-08,20260506-223207-340ac9,2026-05-07T04:21:42.058877+00:00,2026-05-07T04:00Z,2026-05-07,Thursday,AMC Rio Cinemas 18,Houston,CT,Mortal Kombat II,8:30pm,142172614,1269,,Laser at AMC,98,11,87,11.2,,https://www.amctheatres.com/showtimes/142172614/seats,Laser at AMC @ 8:30pm (saved link)
2026-05-08,20260506-223207-340ac9,2026-05-07T04:21:42.058877+00:00,2026-05-07T04:00Z,2026-05-07,Thursday,AMC Rio Cinemas 18,Houston,CT,Mortal Kombat II,7:00pm,142952940,1179,,Laser at AMC,89,6,83,6.7,,https://www.amctheatres.com/showtimes/142952940/seats,Laser at AMC @ 7:00pm (saved link)
2026-05-08,20260506-223207-340ac9,2026-05-07T04:21:42.058877+00:00,2026-05-07T04:00Z,2026-05-07,Thursday,AMC Rio Cinemas 18,Houston,CT,Mortal Kombat II,5:30pm,142172613,1089,,Laser at AMC,98,14,84,14.3,,https://www.amctheatres.com/showtimes/142172613/seats,Laser at AMC @ 5:30pm (saved link)
2026-05-08,20260506-223207-340ac9,2026-05-07T04:22:14.304833+00:00,2026-05-07T04:00Z,2026-05-07,Thursday,AMC Spring 10,Houston,CT,Mortal Kombat II,10:30pm,142885028,1388,,Laser at AMC,143,9,134,6.3,,https://www.amctheatres.com/showtimes/142885028/seats,Laser at AMC @ 10:30pm (saved link)
2026-05-08,20260506-223207-340ac9,2026-05-07T04:22:14.304833+00:00,2026-05-07T04:00Z,2026-05-07,Thursday,AMC Spring 10,Houston,CT,Mortal Kombat II,9:00pm,142884994,1298,,Laser at AMC,159,8,151,5,,https://www.amctheatres.com/showtimes/142884994/seats,Laser at AMC @ 9:00pm (saved link)
2026-05-08,20260506-223207-340ac9,2026-05-07T04:22:14.304833+00:00,2026-05-07T04:00Z,2026-05-07,Thursday,AMC Spring 10,Houston,CT,Mortal Kombat II,7:30pm,142094257,1208,,Laser at AMC,143,30,113,21,,https://www.amctheatres.com/showtimes/142094257/seats,Laser at AMC @ 7:30pm (saved link)
2026-05-08,20260506-223207-340ac9,2026-05-07T04:22:14.304833+00:00,2026-05-07T04:00Z,2026-05-07,Thursday,AMC Spring 10,Houston,CT,Mortal Kombat II,6:00pm,142884993,1118,,Laser at AMC,159,3,156,1.9,,https://www.amctheatres.com/showtimes/142884993/seats,Laser at AMC @ 6:00pm (saved link)
2026-05-08,20260506-223207-340ac9,2026-05-07T04:22:40.721024+00:00,2026-05-07T04:00Z,2026-05-07,Thursday,AMC Willowbrook 24,Houston,CT,Mortal Kombat II,10:00pm,142057846,1358,,IMAX with Laser at AMC,136,38,98,27.9,,https://www.amctheatres.com/showtimes/142057846/seats,IMAX with Laser at AMC @ 10:00pm (saved link)
2026-05-08,20260506-223207-340ac9,2026-05-07T04:22:40.721024+00:00,2026-05-07T04:00Z,2026-05-07,Thursday,AMC Willowbrook 24,Houston,CT,Mortal Kombat II,7:00pm,142057845,1178,,IMAX with Laser at AMC,136,96,40,70.6,,https://www.amctheatres.com/showtimes/142057845/seats,IMAX with Laser at AMC @ 7:00pm (saved link)
2026-05-08,20260506-223207-340ac9,2026-05-07T04:22:40.721024+00:00,2026-05-07T04:00Z,2026-05-07,Thursday,AMC Willowbrook 24,Houston,CT,Mortal Kombat II,10:30pm,142057832,1388,,Dolby Cinema at AMC,195,5,190,2.6,,https://www.amctheatres.com/showtimes/142057832/seats,Dolby Cinema at AMC @ 10:30pm (saved link)
2026-05-08,20260506-223207-340ac9,2026-05-07T04:22:40.721024+00:00,2026-05-07T04:00Z,2026-05-07,Thursday,AMC Willowbrook 24,Houston,CT,Mortal Kombat II,9:30pm,142887708,1328,,Laser at AMC,40,0,40,0,,https://www.amctheatres.com/showtimes/142887708/seats,Laser at AMC @ 9:30pm (saved link)
2026-05-08,20260506-223207-340ac9,2026-05-07T04:22:40.721024+00:00,2026-05-07T04:00Z,2026-05-07,Thursday,AMC Willowbrook 24,Houston,CT,Mortal Kombat II,9:00pm,142057819,1298,,Laser at AMC,66,12,54,18.2,,https://www.amctheatres.com/showtimes/142057819/seats,Laser at AMC @ 9:00pm (saved link)
2026-05-08,20260506-223207-340ac9,2026-05-07T04:22:40.721024+00:00,2026-05-07T04:00Z,2026-05-07,Thursday,AMC Willowbrook 24,Houston,CT,Mortal Kombat II,8:00pm,142887717,1238,,Laser at AMC,68,2,66,2.9,,https://www.amctheatres.com/showtimes/142887717/seats,Laser at AMC @ 8:00pm (saved link)
2026-05-08,20260506-223207-340ac9,2026-05-07T04:22:40.721024+00:00,2026-05-07T04:00Z,2026-05-07,Thursday,AMC Willowbrook 24,Houston,CT,Mortal Kombat II,6:00pm,142057889,1118,,Laser at AMC,52,18,34,34.6,,https://www.amctheatres.com/showtimes/142057889/seats,Laser at AMC @ 6:00pm (saved link)
2026-05-08,20260506-223207-340ac9,2026-05-07T04:22:40.721024+00:00,2026-05-07T04:00Z,2026-05-07,Thursday,AMC Willowbrook 24,Houston,CT,Mortal Kombat II,5:10pm,142887726,1068,,Laser at AMC,40,2,38,5,,https://www.amctheatres.com/showtimes/142887726/seats,Laser at AMC @ 5:10pm (saved link)
2026-05-08,20260506-223207-340ac9,2026-05-07T04:23:14.050981+00:00,2026-05-07T04:00Z,2026-05-07,Thursday,AMC Woodlands Square 20,Houston,CT,Mortal Kombat II,10:00pm,142213614,1357,,IMAX with Laser at AMC,356,16,340,4.5,,https://www.amctheatres.com/showtimes/142213614/seats,IMAX with Laser at AMC @ 10:00pm (saved link)
2026-05-08,20260506-223207-340ac9,2026-05-07T04:23:14.050981+00:00,2026-05-07T04:00Z,2026-05-07,Thursday,AMC Woodlands Square 20,Houston,CT,Mortal Kombat II,7:00pm,142213613,1177,,IMAX with Laser at AMC,356,43,313,12.1,,https://www.amctheatres.com/showtimes/142213613/seats,IMAX with Laser at AMC @ 7:00pm (saved link)
2026-05-08,20260506-223207-340ac9,2026-05-07T04:23:14.050981+00:00,2026-05-07T04:00Z,2026-05-07,Thursday,AMC Woodlands Square 20,Houston,CT,Mortal Kombat II,9:00pm,142213595,1297,,Dolby Cinema at AMC,166,39,127,23.5,,https://www.amctheatres.com/showtimes/142213595/seats,Dolby Cinema at AMC @ 9:00pm (saved link)
2026-05-08,20260506-223207-340ac9,2026-05-07T04:23:14.050981+00:00,2026-05-07T04:00Z,2026-05-07,Thursday,AMC Woodlands Square 20,Houston,CT,Mortal Kombat II,6:00pm,142213594,1117,,Dolby Cinema at AMC,166,110,56,66.3,,https://www.amctheatres.com/showtimes/142213594/seats,Dolby Cinema at AMC @ 6:00pm (saved link)
2026-05-08,20260506-223207-340ac9,2026-05-07T04:23:14.050981+00:00,2026-05-07T04:00Z,2026-05-07,Thursday,AMC Woodlands Square 20,Houston,CT,Mortal Kombat II,9:30pm,142867857,1327,,Laser at AMC,66,0,66,0,,https://www.amctheatres.com/showtimes/142867857/seats,Laser at AMC @ 9:30pm (saved link)
2026-05-08,20260506-223207-340ac9,2026-05-07T04:23:14.050981+00:00,2026-05-07T04:00Z,2026-05-07,Thursday,AMC Woodlands Square 20,Houston,CT,Mortal Kombat II,8:00pm,142213700,1237,,Laser at AMC,105,20,85,19,,https://www.amctheatres.com/showtimes/142213700/seats,Laser at AMC @ 8:00pm (saved link)
2026-05-08,20260506-223207-340ac9,2026-05-07T04:23:14.050981+00:00,2026-05-07T04:00Z,2026-05-07,Thursday,AMC Woodlands Square 20,Houston,CT,Mortal Kombat II,5:00pm,142213699,1057,,Laser at AMC,105,5,100,4.8,,https://www.amctheatres.com/showtimes/142213699/seats,Laser at AMC @ 5:00pm (saved link)
2026-05-08,20260506-223207-340ac9,2026-05-07T04:23:47.724570+00:00,2026-05-07T04:00Z,2026-05-07,Thursday,AMC Barrywoods 24,Kansas City,CT,Mortal Kombat II,9:00pm,142189892,1297,,IMAX with Laser at AMC,164,22,142,13.4,,https://www.amctheatres.com/showtimes/142189892/seats,IMAX with Laser at AMC @ 9:00pm (saved link)
2026-05-08,20260506-223207-340ac9,2026-05-07T04:23:47.724570+00:00,2026-05-07T04:00Z,2026-05-07,Thursday,AMC Barrywoods 24,Kansas City,CT,Mortal Kombat II,6:00pm,142189891,1117,,IMAX with Laser at AMC,164,60,104,36.6,,https://www.amctheatres.com/showtimes/142189891/seats,IMAX with Laser at AMC @ 6:00pm (saved link)
2026-05-08,20260506-223207-340ac9,2026-05-07T04:23:47.724570+00:00,2026-05-07T04:00Z,2026-05-07,Thursday,AMC Barrywoods 24,Kansas City,CT,Mortal Kombat II,9:30pm,142189880,1327,,Dolby Cinema at AMC,241,5,236,2.1,,https://www.amctheatres.com/showtimes/142189880/seats,Dolby Cinema at AMC @ 9:30pm (saved link)
2026-05-08,20260506-223207-340ac9,2026-05-07T04:23:47.724570+00:00,2026-05-07T04:00Z,2026-05-07,Thursday,AMC Barrywoods 24,Kansas City,CT,Mortal Kombat II,6:30pm,142189954,1147,,Laser at AMC,235,5,230,2.1,,https://www.amctheatres.com/showtimes/142189954/seats,Laser at AMC @ 6:30pm (saved link)
2026-05-08,20260506-223207-340ac9,2026-05-07T04:23:47.724570+00:00,2026-05-07T04:00Z,2026-05-07,Thursday,AMC Barrywoods 24,Kansas City,CT,Mortal Kombat II,10:30pm,142189835,1387,,4DX at AMC,130,9,121,6.9,,https://www.amctheatres.com/showtimes/142189835/seats,4DX at AMC @ 10:30pm (saved link)
2026-05-08,20260506-223207-340ac9,2026-05-07T04:23:47.724570+00:00,2026-05-07T04:00Z,2026-05-07,Thursday,AMC Barrywoods 24,Kansas City,CT,Mortal Kombat II,7:30pm,142189834,1207,,4DX at AMC,130,56,74,43.1,,https://www.amctheatres.com/showtimes/142189834/seats,4DX at AMC @ 7:30pm (saved link)
2026-05-08,20260506-223207-340ac9,2026-05-07T04:24:17.882381+00:00,2026-05-07T04:00Z,2026-05-07,Thursday,AMC DINE-IN Prairiefire 17,Kansas City,CT,Mortal Kombat II,8:55pm,142033034,1291,,XL at AMC,285,9,276,3.2,,https://www.amctheatres.com/showtimes/142033034/seats,XL at AMC @ 8:55pm (saved link)
2026-05-08,20260506-223207-340ac9,2026-05-07T04:24:17.882381+00:00,2026-05-07T04:00Z,2026-05-07,Thursday,AMC DINE-IN Prairiefire 17,Kansas City,CT,Mortal Kombat II,6:00pm,142033033,1116,,XL at AMC,285,2,283,0.7,,https://www.amctheatres.com/showtimes/142033033/seats,XL at AMC @ 6:00pm (saved link)
2026-05-08,20260506-223207-340ac9,2026-05-07T04:24:17.882381+00:00,2026-05-07T04:00Z,2026-05-07,Thursday,AMC DINE-IN Prairiefire 17,Kansas City,CT,Mortal Kombat II,10:00pm,142943606,1356,,Laser at AMC,77,1,76,1.3,,https://www.amctheatres.com/showtimes/142943606/seats,Laser at AMC @ 10:00pm (saved link)
2026-05-08,20260506-223207-340ac9,2026-05-07T04:24:17.882381+00:00,2026-05-07T04:00Z,2026-05-07,Thursday,AMC DINE-IN Prairiefire 17,Kansas City,CT,Mortal Kombat II,7:00pm,142170581,1176,,Laser at AMC,77,13,64,16.9,,https://www.amctheatres.com/showtimes/142170581/seats,Laser at AMC @ 7:00pm (saved link)
2026-05-08,20260506-223207-340ac9,2026-05-07T04:24:46.744117+00:00,2026-05-07T04:00Z,2026-05-07,Thursday,AMC Independence Commons 20,Kansas City,CT,Mortal Kombat II,7:00pm,142115218,1176,,IMAX with Laser at AMC,190,60,130,31.6,,https://www.amctheatres.com/showtimes/142115218/seats,IMAX with Laser at AMC @ 7:00pm (saved link)
2026-05-08,20260506-223207-340ac9,2026-05-07T04:24:46.744117+00:00,2026-05-07T04:00Z,2026-05-07,Thursday,AMC Independence Commons 20,Kansas City,CT,Mortal Kombat II,9:00pm,142115180,1296,,Laser at AMC,99,5,94,5.1,,https://www.amctheatres.com/showtimes/142115180/seats,Laser at AMC @ 9:00pm (saved link)
2026-05-08,20260506-223207-340ac9,2026-05-07T04:24:46.744117+00:00,2026-05-07T04:00Z,2026-05-07,Thursday,AMC Independence Commons 20,Kansas City,CT,Mortal Kombat II,7:45pm,142785997,1221,,Laser at AMC,99,12,87,12.1,,https://www.amctheatres.com/showtimes/142785997/seats,Laser at AMC @ 7:45pm (saved link)
2026-05-08,20260506-223207-340ac9,2026-05-07T04:24:46.744117+00:00,2026-05-07T04:00Z,2026-05-07,Thursday,AMC Independence Commons 20,Kansas City,CT,Mortal Kombat II,6:00pm,142115179,1116,,Laser at AMC,99,13,86,13.1,,https://www.amctheatres.com/showtimes/142115179/seats,Laser at AMC @ 6:00pm (saved link)
2026-05-08,20260506-223207-340ac9,2026-05-07T04:25:13.965236+00:00,2026-05-07T04:00Z,2026-05-07,Thursday,AMC Legends 14,Kansas City,CT,Mortal Kombat II,9:00pm,142200620,1295,,IMAX with Laser at AMC,348,3,345,0.9,,https://www.amctheatres.com/showtimes/142200620/seats,IMAX with Laser at AMC @ 9:00pm (saved link)
2026-05-08,20260506-223207-340ac9,2026-05-07T04:25:13.965236+00:00,2026-05-07T04:00Z,2026-05-07,Thursday,AMC Legends 14,Kansas City,CT,Mortal Kombat II,6:00pm,142200619,1115,,IMAX with Laser at AMC,348,13,335,3.7,,https://www.amctheatres.com/showtimes/142200619/seats,IMAX with Laser at AMC @ 6:00pm (saved link)
2026-05-08,20260506-223207-340ac9,2026-05-07T04:25:13.965236+00:00,2026-05-07T04:00Z,2026-05-07,Thursday,AMC Legends 14,Kansas City,CT,Mortal Kombat II,10:00pm,142965997,1355,,Laser at AMC,112,0,112,0,,https://www.amctheatres.com/showtimes/142965997/seats,Laser at AMC @ 10:00pm (saved link)
2026-05-08,20260506-223207-340ac9,2026-05-07T04:25:13.965236+00:00,2026-05-07T04:00Z,2026-05-07,Thursday,AMC Legends 14,Kansas City,CT,Mortal Kombat II,7:00pm,142200640,1175,,Laser at AMC,112,25,87,22.3,,https://www.amctheatres.com/showtimes/142200640/seats,Laser at AMC @ 7:00pm (saved link)
2026-05-08,20260506-223207-340ac9,2026-05-07T04:25:39.715939+00:00,2026-05-07T04:00Z,2026-05-07,Thursday,AMC Town Center 20,Kansas City,CT,Mortal Kombat II,10:00pm,142053642,1355,,IMAX with Laser at AMC,206,11,195,5.3,,https://www.amctheatres.com/showtimes/142053642/seats,IMAX with Laser at AMC @ 10:00pm (saved link)
2026-05-08,20260506-223207-340ac9,2026-05-07T04:25:39.715939+00:00,2026-05-07T04:00Z,2026-05-07,Thursday,AMC Town Center 20,Kansas City,CT,Mortal Kombat II,7:00pm,142053641,1175,,IMAX with Laser at AMC,206,71,135,34.5,,https://www.amctheatres.com/showtimes/142053641/seats,IMAX with Laser at AMC @ 7:00pm (saved link)
2026-05-08,20260506-223207-340ac9,2026-05-07T04:25:39.715939+00:00,2026-05-07T04:00Z,2026-05-07,Thursday,AMC Town Center 20,Kansas City,CT,Mortal Kombat II,8:00pm,142053636,1235,,Dolby Cinema at AMC,125,85,40,68,,https://www.amctheatres.com/showtimes/142053636/seats,Dolby Cinema at AMC @ 8:00pm (saved link)
2026-05-08,20260506-223207-340ac9,2026-05-07T04:25:39.715939+00:00,2026-05-07T04:00Z,2026-05-07,Thursday,AMC Town Center 20,Kansas City,CT,Mortal Kombat II,9:00pm,142053604,1295,,Laser at AMC,142,4,138,2.8,,https://www.amctheatres.com/showtimes/142053604/seats,Laser at AMC @ 9:00pm (saved link)
2026-05-08,20260506-223207-340ac9,2026-05-07T04:25:39.715939+00:00,2026-05-07T04:00Z,2026-05-07,Thursday,AMC Town Center 20,Kansas City,CT,Mortal Kombat II,8:30pm,142874577,1265,,Laser at AMC,45,7,38,15.6,,https://www.amctheatres.com/showtimes/142874577/seats,Laser at AMC @ 8:30pm (saved link)
2026-05-08,20260506-223207-340ac9,2026-05-07T04:25:39.715939+00:00,2026-05-07T04:00Z,2026-05-07,Thursday,AMC Town Center 20,Kansas City,CT,Mortal Kombat II,7:30pm,142874529,1205,,Laser at AMC,39,6,33,15.4,,https://www.amctheatres.com/showtimes/142874529/seats,Laser at AMC @ 7:30pm (saved link)
2026-05-08,20260506-223207-340ac9,2026-05-07T04:25:39.715939+00:00,2026-05-07T04:00Z,2026-05-07,Thursday,AMC Town Center 20,Kansas City,CT,Mortal Kombat II,6:30pm,142874665,1145,,Laser at AMC,37,3,34,8.1,,https://www.amctheatres.com/showtimes/142874665/seats,Laser at AMC @ 6:30pm (saved link)
2026-05-08,20260506-223207-340ac9,2026-05-07T04:25:39.715939+00:00,2026-05-07T04:00Z,2026-05-07,Thursday,AMC Town Center 20,Kansas City,CT,Mortal Kombat II,6:00pm,142053603,1115,,Laser at AMC,142,20,122,14.1,,https://www.amctheatres.com/showtimes/142053603/seats,Laser at AMC @ 6:00pm (saved link)
2026-05-08,20260506-223207-340ac9,2026-05-07T04:25:39.715939+00:00,2026-05-07T04:00Z,2026-05-07,Thursday,AMC Town Center 20,Kansas City,CT,Mortal Kombat II,5:30pm,142874578,1085,,Laser at AMC,45,0,45,0,,https://www.amctheatres.com/showtimes/142874578/seats,Laser at AMC @ 5:30pm (saved link)
2026-05-08,20260506-223207-340ac9,2026-05-07T04:26:15.733015+00:00,2026-05-07T04:00Z,2026-05-07,Thursday,AMC Ward Parkway 14,Kansas City,CT,Mortal Kombat II,9:00pm,142192998,1294,,PRIME at AMC,100,9,91,9,,https://www.amctheatres.com/showtimes/142192998/seats,PRIME at AMC @ 9:00pm (saved link)
2026-05-08,20260506-223207-340ac9,2026-05-07T04:26:15.733015+00:00,2026-05-07T04:00Z,2026-05-07,Thursday,AMC Ward Parkway 14,Kansas City,CT,Mortal Kombat II,6:00pm,142192997,1114,,PRIME at AMC,100,17,83,17,,https://www.amctheatres.com/showtimes/142192997/seats,PRIME at AMC @ 6:00pm (saved link)
2026-05-08,20260506-223207-340ac9,2026-05-07T04:26:15.733015+00:00,2026-05-07T04:00Z,2026-05-07,Thursday,AMC Ward Parkway 14,Kansas City,CT,Mortal Kombat II,10:00pm,142214346,1354,,Laser at AMC,94,0,94,0,,https://www.amctheatres.com/showtimes/142214346/seats,Laser at AMC @ 10:00pm (saved link)
2026-05-08,20260506-223207-340ac9,2026-05-07T04:26:15.733015+00:00,2026-05-07T04:00Z,2026-05-07,Thursday,AMC Ward Parkway 14,Kansas City,CT,Mortal Kombat II,7:00pm,142214345,1174,,Laser at AMC,94,16,78,17,,https://www.amctheatres.com/showtimes/142214345/seats,Laser at AMC @ 7:00pm (saved link)
2026-05-08,20260506-223207-340ac9,2026-05-07T04:26:41.226371+00:00,2026-05-07T04:00Z,2026-05-07,Thursday,AMC Birchwood 10,Minneapolis,CT,Mortal Kombat II,10:05pm,142929129,1359,,undefined,63,0,63,0,,https://www.amctheatres.com/showtimes/142929129/seats,undefined @ 10:05pm (saved link)
2026-05-08,20260506-223207-340ac9,2026-05-07T04:26:41.226371+00:00,2026-05-07T04:00Z,2026-05-07,Thursday,AMC Birchwood 10,Minneapolis,CT,Mortal Kombat II,9:10pm,142929123,1304,,undefined,73,0,73,0,,https://www.amctheatres.com/showtimes/142929123/seats,undefined @ 9:10pm (saved link)
2026-05-08,20260506-223207-340ac9,2026-05-07T04:26:41.226371+00:00,2026-05-07T04:00Z,2026-05-07,Thursday,AMC Birchwood 10,Minneapolis,CT,Mortal Kombat II,7:15pm,142929125,1189,,undefined,63,0,63,0,,https://www.amctheatres.com/showtimes/142929125/seats,undefined @ 7:15pm (saved link)
2026-05-08,20260506-223207-340ac9,2026-05-07T04:26:41.226371+00:00,2026-05-07T04:00Z,2026-05-07,Thursday,AMC Birchwood 10,Minneapolis,CT,Mortal Kombat II,6:20pm,142079099,1134,,undefined,73,5,68,6.8,,https://www.amctheatres.com/showtimes/142079099/seats,undefined @ 6:20pm (saved link)
2026-05-08,20260506-223207-340ac9,2026-05-07T04:26:41.226371+00:00,2026-05-07T04:00Z,2026-05-07,Thursday,AMC Birchwood 10,Minneapolis,CT,Mortal Kombat II,5:10pm,142929120,1064,,undefined,43,0,43,0,,https://www.amctheatres.com/showtimes/142929120/seats,undefined @ 5:10pm (saved link)
2026-05-08,20260506-223207-340ac9,2026-05-07T04:30:39.078702+00:00,2026-05-07T04:00Z,2026-05-07,Thursday,AMC Coon Rapids 16,Minneapolis,CT,Mortal Kombat II,9:00pm,142072982,1290,,undefined,109,6,103,5.5,,https://www.amctheatres.com/showtimes/142072982/seats,undefined @ 9:00pm (saved link)
2026-05-08,20260506-223207-340ac9,2026-05-07T04:30:39.078702+00:00,2026-05-07T04:00Z,2026-05-07,Thursday,AMC Coon Rapids 16,Minneapolis,CT,Mortal Kombat II,7:30pm,142073033,1200,,undefined,75,12,63,16,,https://www.amctheatres.com/showtimes/142073033/seats,undefined @ 7:30pm (saved link)
2026-05-08,20260506-223207-340ac9,2026-05-07T04:30:39.078702+00:00,2026-05-07T04:00Z,2026-05-07,Thursday,AMC Coon Rapids 16,Minneapolis,CT,Mortal Kombat II,6:00pm,142072981,1110,,undefined,109,21,88,19.3,,https://www.amctheatres.com/showtimes/142072981/seats,undefined @ 6:00pm (saved link)
2026-05-08,20260506-223207-340ac9,2026-05-07T04:31:01.301289+00:00,2026-05-07T04:00Z,2026-05-07,Thursday,AMC Eden Prairie Mall 18,Minneapolis,CT,Mortal Kombat II,9:00pm,142163156,1289,,IMAX at AMC,235,13,222,5.5,,https://www.amctheatres.com/showtimes/142163156/seats,IMAX at AMC @ 9:00pm (saved link)
2026-05-08,20260506-223207-340ac9,2026-05-07T04:31:01.301289+00:00,2026-05-07T04:00Z,2026-05-07,Thursday,AMC Eden Prairie Mall 18,Minneapolis,CT,Mortal Kombat II,6:00pm,142163155,1109,,IMAX at AMC,235,39,196,16.6,,https://www.amctheatres.com/showtimes/142163155/seats,IMAX at AMC @ 6:00pm (saved link)
2026-05-08,20260506-223207-340ac9,2026-05-07T04:31:01.301289+00:00,2026-05-07T04:00Z,2026-05-07,Thursday,AMC Eden Prairie Mall 18,Minneapolis,CT,Mortal Kombat II,10:00pm,142163175,1349,,PRIME at AMC,91,7,84,7.7,,https://www.amctheatres.com/showtimes/142163175/seats,PRIME at AMC @ 10:00pm (saved link)
2026-05-08,20260506-223207-340ac9,2026-05-07T04:31:01.301289+00:00,2026-05-07T04:00Z,2026-05-07,Thursday,AMC Eden Prairie Mall 18,Minneapolis,CT,Mortal Kombat II,7:30pm,142163187,1199,,undefined,80,7,73,8.8,,https://www.amctheatres.com/showtimes/142163187/seats,undefined @ 7:30pm (saved link)
2026-05-08,20260506-223207-340ac9,2026-05-07T04:31:27.513335+00:00,2026-05-07T04:00Z,2026-05-07,Thursday,AMC Inver Grove 16,Minneapolis,CT,Mortal Kombat II,9:00pm,142214968,1289,,undefined,110,0,110,0,,https://www.amctheatres.com/showtimes/142214968/seats,undefined @ 9:00pm (saved link)
2026-05-08,20260506-223207-340ac9,2026-05-07T04:31:27.513335+00:00,2026-05-07T04:00Z,2026-05-07,Thursday,AMC Inver Grove 16,Minneapolis,CT,Mortal Kombat II,7:45pm,142215000,1214,,undefined,77,8,69,10.4,,https://www.amctheatres.com/showtimes/142215000/seats,undefined @ 7:45pm (saved link)
2026-05-08,20260506-223207-340ac9,2026-05-07T04:31:27.513335+00:00,2026-05-07T04:00Z,2026-05-07,Thursday,AMC Inver Grove 16,Minneapolis,CT,Mortal Kombat II,6:00pm,142214967,1109,,undefined,110,19,91,17.3,,https://www.amctheatres.com/showtimes/142214967/seats,undefined @ 6:00pm (saved link)
2026-05-08,20260506-223207-340ac9,2026-05-07T04:31:27.513335+00:00,2026-05-07T04:00Z,2026-05-07,Thursday,AMC Inver Grove 16,Minneapolis,CT,Mortal Kombat II,5:45pm,142911162,1094,,undefined,77,4,73,5.2,,https://www.amctheatres.com/showtimes/142911162/seats,undefined @ 5:45pm (saved link)
2026-05-08,20260506-223207-340ac9,2026-05-07T04:31:52.651372+00:00,2026-05-07T04:00Z,2026-05-07,Thursday,AMC Rosedale 14,Minneapolis,CT,Mortal Kombat II,10:10pm,142783992,1359,,IMAX with Laser at AMC,202,14,188,6.9,,https://www.amctheatres.com/showtimes/142783992/seats,IMAX with Laser at AMC @ 10:10pm (saved link)
2026-05-08,20260506-223207-340ac9,2026-05-07T04:31:52.651372+00:00,2026-05-07T04:00Z,2026-05-07,Thursday,AMC Rosedale 14,Minneapolis,CT,Mortal Kombat II,7:15pm,142156105,1184,,IMAX with Laser at AMC,202,110,92,54.5,,https://www.amctheatres.com/showtimes/142156105/seats,IMAX with Laser at AMC @ 7:15pm (saved link)
2026-05-08,20260506-223207-340ac9,2026-05-07T04:31:52.651372+00:00,2026-05-07T04:00Z,2026-05-07,Thursday,AMC Rosedale 14,Minneapolis,CT,Mortal Kombat II,9:10pm,142836393,1299,,Dolby Cinema at AMC,149,26,123,17.4,,https://www.amctheatres.com/showtimes/142836393/seats,Dolby Cinema at AMC @ 9:10pm (saved link)
2026-05-08,20260506-223207-340ac9,2026-05-07T04:31:52.651372+00:00,2026-05-07T04:00Z,2026-05-07,Thursday,AMC Rosedale 14,Minneapolis,CT,Mortal Kombat II,6:00pm,142836379,1109,,undefined,241,5,236,2.1,,https://www.amctheatres.com/showtimes/142836379/seats,undefined @ 6:00pm (saved link)
2026-05-08,20260506-223051-147afd,2026-05-07T02:30:53.135272+00:00,2026-05-07T02:00Z,2026-05-07,Thursday,AMC Academy 8,,ET,Mortal Kombat II,9:00pm,142217038,1350,,Laser at AMC,78,8,70,10.3,,https://www.amctheatres.com/showtimes/142217038/seats,Laser at AMC @ 9:00pm (saved link)
2026-05-08,20260506-223051-147afd,2026-05-07T02:30:53.135272+00:00,2026-05-07T02:00Z,2026-05-07,Thursday,AMC Academy 8,,ET,Mortal Kombat II,6:00pm,142217037,1170,,Laser at AMC,78,15,63,19.2,,https://www.amctheatres.com/showtimes/142217037/seats,Laser at AMC @ 6:00pm (saved link)
2026-05-08,20260506-223051-147afd,2026-05-07T02:31:14.967786+00:00,2026-05-07T02:00Z,2026-05-07,Thursday,AMC Allegany 8,,ET,Mortal Kombat II,7:15pm,142059140,1244,,undefined,98,7,91,7.1,,https://www.amctheatres.com/showtimes/142059140/seats,undefined @ 7:15pm (saved link)
2026-05-08,20260506-223051-147afd,2026-05-07T02:31:34.514519+00:00,2026-05-07T02:00Z,2026-05-07,Thursday,AMC Altoona 12,,ET,Mortal Kombat II,10:00pm,142933786,1409,,BigD at AMC,444,4,440,0.9,,https://www.amctheatres.com/showtimes/142933786/seats,BigD at AMC @ 10:00pm (saved link)
2026-05-08,20260506-223051-147afd,2026-05-07T02:31:34.514519+00:00,2026-05-07T02:00Z,2026-05-07,Thursday,AMC Altoona 12,,ET,Mortal Kombat II,8:00pm,142933806,1289,,undefined,128,2,126,1.6,,https://www.amctheatres.com/showtimes/142933806/seats,undefined @ 8:00pm (saved link)
2026-05-08,20260506-223051-147afd,2026-05-07T02:31:34.514519+00:00,2026-05-07T02:00Z,2026-05-07,Thursday,AMC Altoona 12,,ET,Mortal Kombat II,7:00pm,142184719,1229,,BigD at AMC,444,27,417,6.1,,https://www.amctheatres.com/showtimes/142184719/seats,BigD at AMC @ 7:00pm (saved link)
2026-05-08,20260506-223051-147afd,2026-05-07T02:31:34.514519+00:00,2026-05-07T02:00Z,2026-05-07,Thursday,AMC Altoona 12,,ET,Mortal Kombat II,6:00pm,142184758,1169,,undefined,182,0,182,0,,https://www.amctheatres.com/showtimes/142184758/seats,undefined @ 6:00pm (saved link)
2026-05-08,20260506-223051-147afd,2026-05-07T02:31:34.514519+00:00,2026-05-07T02:00Z,2026-05-07,Thursday,AMC Altoona 12,,ET,Mortal Kombat II,5:00pm,142933807,1109,,undefined,128,0,128,0,,https://www.amctheatres.com/showtimes/142933807/seats,undefined @ 5:00pm (saved link)
2026-05-08,20260506-223051-147afd,2026-05-07T02:32:08.748116+00:00,2026-05-07T02:00Z,2026-05-07,Thursday,AMC Anderson Towne Center 9,,ET,Mortal Kombat II,9:00pm,142236394,1348,,PRIME at AMC,217,29,188,13.4,,https://www.amctheatres.com/showtimes/142236394/seats,PRIME at AMC @ 9:00pm (saved link)
2026-05-08,20260506-223051-147afd,2026-05-07T02:32:08.748116+00:00,2026-05-07T02:00Z,2026-05-07,Thursday,AMC Anderson Towne Center 9,,ET,Mortal Kombat II,6:00pm,142236356,1168,,PRIME at AMC,217,40,177,18.4,,https://www.amctheatres.com/showtimes/142236356/seats,PRIME at AMC @ 6:00pm (saved link)
2026-05-08,20260506-223051-147afd,2026-05-07T02:32:08.748116+00:00,2026-05-07T02:00Z,2026-05-07,Thursday,AMC Anderson Towne Center 9,,ET,Mortal Kombat II,5:00pm,142236444,1108,,undefined,114,4,110,3.5,,https://www.amctheatres.com/showtimes/142236444/seats,undefined @ 5:00pm (saved link)
2026-05-08,20260506-223051-147afd,2026-05-07T02:32:37.442677+00:00,2026-05-07T02:00Z,2026-05-07,Thursday,AMC Annapolis Mall 11,,ET,Mortal Kombat II,10:00pm,142208782,1408,,Dolby Cinema at AMC,155,27,128,17.4,,https://www.amctheatres.com/showtimes/142208782/seats,Dolby Cinema at AMC @ 10:00pm (saved link)
2026-05-08,20260506-223051-147afd,2026-05-07T02:32:37.442677+00:00,2026-05-07T02:00Z,2026-05-07,Thursday,AMC Annapolis Mall 11,,ET,Mortal Kombat II,7:00pm,142208780,1228,,Dolby Cinema at AMC,155,101,54,65.2,,https://www.amctheatres.com/showtimes/142208780/seats,Dolby Cinema at AMC @ 7:00pm (saved link)
2026-05-08,20260506-223051-147afd,2026-05-07T02:32:37.442677+00:00,2026-05-07T02:00Z,2026-05-07,Thursday,AMC Annapolis Mall 11,,ET,Mortal Kombat II,9:00pm,142208851,1348,,undefined,99,7,92,7.1,,https://www.amctheatres.com/showtimes/142208851/seats,undefined @ 9:00pm (saved link)
2026-05-08,20260506-223051-147afd,2026-05-07T02:32:37.442677+00:00,2026-05-07T02:00Z,2026-05-07,Thursday,AMC Annapolis Mall 11,,ET,Mortal Kombat II,6:00pm,142208850,1168,,undefined,99,10,89,10.1,,https://www.amctheatres.com/showtimes/142208850/seats,undefined @ 6:00pm (saved link)
2026-05-08,20260506-223051-147afd,2026-05-07T02:33:04.426312+00:00,2026-05-07T02:00Z,2026-05-07,Thursday,AMC Antioch 8,,ET,Mortal Kombat II,9:30pm,142856829,1377,,undefined,89,3,86,3.4,,https://www.amctheatres.com/showtimes/142856829/seats,undefined @ 9:30pm (saved link)
2026-05-08,20260506-223051-147afd,2026-05-07T02:33:04.426312+00:00,2026-05-07T02:00Z,2026-05-07,Thursday,AMC Antioch 8,,ET,Mortal Kombat II,7:30pm,142150233,1257,,undefined,61,8,53,13.1,,https://www.amctheatres.com/showtimes/142150233/seats,undefined @ 7:30pm (saved link)
2026-05-08,20260506-223051-147afd,2026-05-07T02:33:26.481348+00:00,2026-05-07T02:00Z,2026-05-07,Thursday,AMC Avenue 16,,ET,Mortal Kombat II,10:30pm,142055075,1437,,undefined,240,0,240,0,,https://www.amctheatres.com/showtimes/142055075/seats,undefined @ 10:30pm (saved link)
2026-05-08,20260506-223051-147afd,2026-05-07T02:33:26.481348+00:00,2026-05-07T02:00Z,2026-05-07,Thursday,AMC Avenue 16,,ET,Mortal Kombat II,10:00pm,142054876,1407,,BigD at AMC,355,3,352,0.8,,https://www.amctheatres.com/showtimes/142054876/seats,BigD at AMC @ 10:00pm (saved link)
2026-05-08,20260506-223051-147afd,2026-05-07T02:33:26.481348+00:00,2026-05-07T02:00Z,2026-05-07,Thursday,AMC Avenue 16,,ET,Mortal Kombat II,7:30pm,142055074,1257,,undefined,240,0,240,0,,https://www.amctheatres.com/showtimes/142055074/seats,undefined @ 7:30pm (saved link)
2026-05-08,20260506-223051-147afd,2026-05-07T02:33:26.481348+00:00,2026-05-07T02:00Z,2026-05-07,Thursday,AMC Avenue 16,,ET,Mortal Kombat II,7:00pm,142054875,1227,,BigD at AMC,355,32,323,9,,https://www.amctheatres.com/showtimes/142054875/seats,BigD at AMC @ 7:00pm (saved link)
2026-05-08,20260506-223051-147afd,2026-05-07T02:33:26.481348+00:00,2026-05-07T02:00Z,2026-05-07,Thursday,AMC Avenue 16,,ET,Mortal Kombat II,5:00pm,142940255,1107,,undefined,179,1,178,0.6,,https://www.amctheatres.com/showtimes/142940255/seats,undefined @ 5:00pm (saved link)
2026-05-08,20260506-223051-147afd,2026-05-07T02:34:00.129326+00:00,2026-05-07T02:00Z,2026-05-07,Thursday,AMC Avenue Forsyth 12,,ET,Mortal Kombat II,7:30pm,142830192,1256,,IMAX at AMC,256,10,246,3.9,,https://www.amctheatres.com/showtimes/142830192/seats,IMAX at AMC @ 7:30pm (saved link)
2026-05-08,20260506-223051-147afd,2026-05-07T02:34:00.129326+00:00,2026-05-07T02:00Z,2026-05-07,Thursday,AMC Avenue Forsyth 12,,ET,Mortal Kombat II,9:15pm,142204943,1361,,Dolby Cinema at AMC,151,13,138,8.6,,https://www.amctheatres.com/showtimes/142204943/seats,Dolby Cinema at AMC @ 9:15pm (saved link)
2026-05-08,20260506-223051-147afd,2026-05-07T02:34:00.129326+00:00,2026-05-07T02:00Z,2026-05-07,Thursday,AMC Avenue Forsyth 12,,ET,Mortal Kombat II,6:15pm,142204942,1181,,Dolby Cinema at AMC,151,29,122,19.2,,https://www.amctheatres.com/showtimes/142204942/seats,Dolby Cinema at AMC @ 6:15pm (saved link)
2026-05-08,20260506-223051-147afd,2026-05-07T02:34:00.129326+00:00,2026-05-07T02:00Z,2026-05-07,Thursday,AMC Avenue Forsyth 12,,ET,Mortal Kombat II,8:30pm,142204940,1316,,Laser at AMC,94,1,93,1.1,,https://www.amctheatres.com/showtimes/142204940/seats,Laser at AMC @ 8:30pm (saved link)
2026-05-08,20260506-223051-147afd,2026-05-07T02:34:25.581663+00:00,2026-05-07T02:00Z,2026-05-07,Thursday,AMC Aviation 12,,ET,Mortal Kombat II,9:00pm,142215640,1346,,IMAX at AMC,204,26,178,12.7,,https://www.amctheatres.com/showtimes/142215640/seats,IMAX at AMC @ 9:00pm (saved link)
2026-05-08,20260506-223051-147afd,2026-05-07T02:34:25.581663+00:00,2026-05-07T02:00Z,2026-05-07,Thursday,AMC Aviation 12,,ET,Mortal Kombat II,6:00pm,142215639,1166,,IMAX at AMC,204,39,165,19.1,,https://www.amctheatres.com/showtimes/142215639/seats,IMAX at AMC @ 6:00pm (saved link)
2026-05-08,20260506-223051-147afd,2026-05-07T02:34:25.581663+00:00,2026-05-07T02:00Z,2026-05-07,Thursday,AMC Aviation 12,,ET,Mortal Kombat II,10:45pm,142215753,1451,,Dolby Cinema at AMC,141,41,100,29.1,,https://www.amctheatres.com/showtimes/142215753/seats,Dolby Cinema at AMC @ 10:45pm (saved link)
2026-05-08,20260506-223051-147afd,2026-05-07T02:34:25.581663+00:00,2026-05-07T02:00Z,2026-05-07,Thursday,AMC Aviation 12,,ET,Mortal Kombat II,10:00pm,142215660,1406,,XL at AMC,235,2,233,0.9,,https://www.amctheatres.com/showtimes/142215660/seats,XL at AMC @ 10:00pm (saved link)
2026-05-08,20260506-223051-147afd,2026-05-07T02:34:25.581663+00:00,2026-05-07T02:00Z,2026-05-07,Thursday,AMC Aviation 12,,ET,Mortal Kombat II,7:00pm,142215659,1226,,XL at AMC,235,13,222,5.5,,https://www.amctheatres.com/showtimes/142215659/seats,XL at AMC @ 7:00pm (saved link)
2026-05-08,20260506-223051-147afd,2026-05-07T02:34:53.196776+00:00,2026-05-07T02:00Z,2026-05-07,Thursday,AMC Bay Plaza Cinema 13,,ET,Mortal Kombat II,10:00pm,142970967,1406,,Laser at AMC,181,1,180,0.6,,https://www.amctheatres.com/showtimes/142970967/seats,Laser at AMC @ 10:00pm (saved link)
2026-05-08,20260506-223051-147afd,2026-05-07T02:34:53.196776+00:00,2026-05-07T02:00Z,2026-05-07,Thursday,AMC Bay Plaza Cinema 13,,ET,Mortal Kombat II,9:00pm,142077665,1346,,Laser at AMC,108,26,82,24.1,,https://www.amctheatres.com/showtimes/142077665/seats,Laser at AMC @ 9:00pm (saved link)
2026-05-08,20260506-223051-147afd,2026-05-07T02:34:53.196776+00:00,2026-05-07T02:00Z,2026-05-07,Thursday,AMC Bay Plaza Cinema 13,,ET,Mortal Kombat II,7:00pm,142970966,1226,,Laser at AMC,181,8,173,4.4,,https://www.amctheatres.com/showtimes/142970966/seats,Laser at AMC @ 7:00pm (saved link)
2026-05-08,20260506-223051-147afd,2026-05-07T02:34:53.196776+00:00,2026-05-07T02:00Z,2026-05-07,Thursday,AMC Bay Plaza Cinema 13,,ET,Mortal Kombat II,6:00pm,142077664,1166,,Laser at AMC,108,76,32,70.4,,https://www.amctheatres.com/showtimes/142077664/seats,Laser at AMC @ 6:00pm (saved link)
2026-05-08,20260506-223051-147afd,2026-05-07T02:35:19.284203+00:00,2026-05-07T02:00Z,2026-05-07,Thursday,AMC Bayou 15,,ET,Mortal Kombat II,9:00pm,142212793,1345,,undefined,294,26,268,8.8,,https://www.amctheatres.com/showtimes/142212793/seats,undefined @ 9:00pm (saved link)
2026-05-08,20260506-223051-147afd,2026-05-07T02:35:19.284203+00:00,2026-05-07T02:00Z,2026-05-07,Thursday,AMC Bayou 15,,ET,Mortal Kombat II,7:00pm,142985901,1225,,undefined,311,4,307,1.3,,https://www.amctheatres.com/showtimes/142985901/seats,undefined @ 7:00pm (saved link)
2026-05-08,20260506-223051-147afd,2026-05-07T02:35:19.284203+00:00,2026-05-07T02:00Z,2026-05-07,Thursday,AMC Bayou 15,,ET,Mortal Kombat II,6:00pm,142212792,1165,,undefined,294,39,255,13.3,,https://www.amctheatres.com/showtimes/142212792/seats,undefined @ 6:00pm (saved link)
2026-05-08,20260506-223051-147afd,2026-05-07T02:35:44.279135+00:00,2026-05-07T02:00Z,2026-05-07,Thursday,AMC Boulevard 10,,ET,Mortal Kombat II,10:30pm,142120512,1435,,BigD at AMC,411,16,395,3.9,,https://www.amctheatres.com/showtimes/142120512/seats,BigD at AMC @ 10:30pm (saved link)
2026-05-08,20260506-223051-147afd,2026-05-07T02:35:44.279135+00:00,2026-05-07T02:00Z,2026-05-07,Thursday,AMC Boulevard 10,,ET,Mortal Kombat II,9:00pm,142120223,1345,,undefined,130,9,121,6.9,,https://www.amctheatres.com/showtimes/142120223/seats,undefined @ 9:00pm (saved link)
2026-05-08,20260506-223051-147afd,2026-05-07T02:35:44.279135+00:00,2026-05-07T02:00Z,2026-05-07,Thursday,AMC Boulevard 10,,ET,Mortal Kombat II,7:45pm,142120511,1270,,BigD at AMC,411,18,393,4.4,,https://www.amctheatres.com/showtimes/142120511/seats,BigD at AMC @ 7:45pm (saved link)
2026-05-08,20260506-223051-147afd,2026-05-07T02:35:44.279135+00:00,2026-05-07T02:00Z,2026-05-07,Thursday,AMC Boulevard 10,,ET,Mortal Kombat II,6:00pm,142120225,1165,,undefined,130,9,121,6.9,,https://www.amctheatres.com/showtimes/142120225/seats,undefined @ 6:00pm (saved link)
2026-05-08,20260506-223051-147afd,2026-05-07T02:36:10.522909+00:00,2026-05-07T02:00Z,2026-05-07,Thursday,AMC Bradley Square 12,,ET,Mortal Kombat II,10:00pm,142870453,1404,,BigD at AMC,451,0,451,0,,https://www.amctheatres.com/showtimes/142870453/seats,BigD at AMC @ 10:00pm (saved link)
2026-05-08,20260506-223051-147afd,2026-05-07T02:36:10.522909+00:00,2026-05-07T02:00Z,2026-05-07,Thursday,AMC Bradley Square 12,,ET,Mortal Kombat II,8:00pm,142870476,1284,,undefined,98,0,98,0,,https://www.amctheatres.com/showtimes/142870476/seats,undefined @ 8:00pm (saved link)
2026-05-08,20260506-223051-147afd,2026-05-07T02:36:10.522909+00:00,2026-05-07T02:00Z,2026-05-07,Thursday,AMC Bradley Square 12,,ET,Mortal Kombat II,7:00pm,142118441,1224,,BigD at AMC,451,28,423,6.2,,https://www.amctheatres.com/showtimes/142118441/seats,BigD at AMC @ 7:00pm (saved link)
2026-05-08,20260506-223051-147afd,2026-05-07T02:36:34.245482+00:00,2026-05-07T02:00Z,2026-05-07,Thursday,AMC Brick Plaza 10,,ET,Mortal Kombat II,9:20pm,142967253,1363,,Laser at AMC,98,2,96,2,,https://www.amctheatres.com/showtimes/142967253/seats,Laser at AMC @ 9:20pm (saved link)
2026-05-08,20260506-223051-147afd,2026-05-07T02:36:34.245482+00:00,2026-05-07T02:00Z,2026-05-07,Thursday,AMC Brick Plaza 10,,ET,Mortal Kombat II,9:00pm,142213334,1344,,Laser at AMC,109,31,78,28.4,,https://www.amctheatres.com/showtimes/142213334/seats,Laser at AMC @ 9:00pm (saved link)
2026-05-08,20260506-223051-147afd,2026-05-07T02:36:34.245482+00:00,2026-05-07T02:00Z,2026-05-07,Thursday,AMC Brick Plaza 10,,ET,Mortal Kombat II,7:00pm,142967245,1224,,Laser at AMC,98,4,94,4.1,,https://www.amctheatres.com/showtimes/142967245/seats,Laser at AMC @ 7:00pm (saved link)
2026-05-08,20260506-223051-147afd,2026-05-07T02:36:34.245482+00:00,2026-05-07T02:00Z,2026-05-07,Thursday,AMC Brick Plaza 10,,ET,Mortal Kombat II,6:15pm,142967252,1179,,Laser at AMC,98,3,95,3.1,,https://www.amctheatres.com/showtimes/142967252/seats,Laser at AMC @ 6:15pm (saved link)
2026-05-08,20260506-223051-147afd,2026-05-07T02:36:34.245482+00:00,2026-05-07T02:00Z,2026-05-07,Thursday,AMC Brick Plaza 10,,ET,Mortal Kombat II,6:00pm,142213333,1164,,Laser at AMC,109,33,76,30.3,,https://www.amctheatres.com/showtimes/142213333/seats,Laser at AMC @ 6:00pm (saved link)
2026-05-08,20260506-223051-147afd,2026-05-07T02:37:02.966252+00:00,2026-05-07T02:00Z,2026-05-07,Thursday,AMC Broadstreet 7,,ET,Mortal Kombat II,10:30pm,142235991,1433,,Laser at AMC,53,7,46,13.2,,https://www.amctheatres.com/showtimes/142235991/seats,Laser at AMC @ 10:30pm (saved link)
2026-05-08,20260506-223051-147afd,2026-05-07T02:37:02.966252+00:00,2026-05-07T02:00Z,2026-05-07,Thursday,AMC Broadstreet 7,,ET,Mortal Kombat II,7:00pm,142235989,1223,,Laser at AMC,86,16,70,18.6,,https://www.amctheatres.com/showtimes/142235989/seats,Laser at AMC @ 7:00pm (saved link)
2026-05-08,20260506-223051-147afd,2026-05-07T02:37:24.877635+00:00,2026-05-07T02:00Z,2026-05-07,Thursday,AMC Brunswick Square 13,,ET,Mortal Kombat II,10:30pm,142213156,1433,,undefined,43,1,42,2.3,,https://www.amctheatres.com/showtimes/142213156/seats,undefined @ 10:30pm (saved link)
2026-05-08,20260506-223051-147afd,2026-05-07T02:37:24.877635+00:00,2026-05-07T02:00Z,2026-05-07,Thursday,AMC Brunswick Square 13,,ET,Mortal Kombat II,9:00pm,142212866,1343,,undefined,54,5,49,9.3,,https://www.amctheatres.com/showtimes/142212866/seats,undefined @ 9:00pm (saved link)
2026-05-08,20260506-223051-147afd,2026-05-07T02:37:24.877635+00:00,2026-05-07T02:00Z,2026-05-07,Thursday,AMC Brunswick Square 13,,ET,Mortal Kombat II,7:30pm,142212891,1253,,undefined,43,13,30,30.2,,https://www.amctheatres.com/showtimes/142212891/seats,undefined @ 7:30pm (saved link)
2026-05-08,20260506-223051-147afd,2026-05-07T02:37:24.877635+00:00,2026-05-07T02:00Z,2026-05-07,Thursday,AMC Brunswick Square 13,,ET,Mortal Kombat II,6:00pm,142212867,1163,,undefined,54,8,46,14.8,,https://www.amctheatres.com/showtimes/142212867/seats,undefined @ 6:00pm (saved link)
2026-05-08,20260506-223051-147afd,2026-05-07T02:37:50.881510+00:00,2026-05-07T02:00Z,2026-05-07,Thursday,AMC Camp Hill 12,,ET,Mortal Kombat II,7:00pm,142223029,1223,,undefined,287,24,263,8.4,,https://www.amctheatres.com/showtimes/142223029/seats,undefined @ 7:00pm (saved link)
2026-05-08,20260506-223051-147afd,2026-05-07T02:38:10.819878+00:00,2026-05-07T02:00Z,2026-05-07,Thursday,AMC Chattanooga 18,,ET,Mortal Kombat II,9:00pm,142056333,1342,,IMAX at AMC,324,11,313,3.4,,https://www.amctheatres.com/showtimes/142056333/seats,IMAX at AMC @ 9:00pm (saved link)
2026-05-08,20260506-223051-147afd,2026-05-07T02:38:10.819878+00:00,2026-05-07T02:00Z,2026-05-07,Thursday,AMC Chattanooga 18,,ET,Mortal Kombat II,6:00pm,142056332,1162,,IMAX at AMC,324,50,274,15.4,,https://www.amctheatres.com/showtimes/142056332/seats,IMAX at AMC @ 6:00pm (saved link)
2026-05-08,20260506-223051-147afd,2026-05-07T02:38:10.819878+00:00,2026-05-07T02:00Z,2026-05-07,Thursday,AMC Chattanooga 18,,ET,Mortal Kombat II,10:00pm,142056396,1402,,undefined,433,2,431,0.5,,https://www.amctheatres.com/showtimes/142056396/seats,undefined @ 10:00pm (saved link)
2026-05-08,20260506-223051-147afd,2026-05-07T02:38:10.819878+00:00,2026-05-07T02:00Z,2026-05-07,Thursday,AMC Chattanooga 18,,ET,Mortal Kombat II,9:30pm,142931124,1372,,undefined,131,0,131,0,,https://www.amctheatres.com/showtimes/142931124/seats,undefined @ 9:30pm (saved link)
2026-05-08,20260506-223051-147afd,2026-05-07T02:38:10.819878+00:00,2026-05-07T02:00Z,2026-05-07,Thursday,AMC Chattanooga 18,,ET,Mortal Kombat II,8:00pm,142931133,1282,,undefined,439,0,439,0,,https://www.amctheatres.com/showtimes/142931133/seats,undefined @ 8:00pm (saved link)
2026-05-08,20260506-223051-147afd,2026-05-07T02:38:10.819878+00:00,2026-05-07T02:00Z,2026-05-07,Thursday,AMC Chattanooga 18,,ET,Mortal Kombat II,7:00pm,142056395,1222,,undefined,433,2,431,0.5,,https://www.amctheatres.com/showtimes/142056395/seats,undefined @ 7:00pm (saved link)
2026-05-08,20260506-223051-147afd,2026-05-07T02:38:10.819878+00:00,2026-05-07T02:00Z,2026-05-07,Thursday,AMC Chattanooga 18,,ET,Mortal Kombat II,5:00pm,142931132,1102,,undefined,439,0,439,0,,https://www.amctheatres.com/showtimes/142931132/seats,undefined @ 5:00pm (saved link)
2026-05-08,20260506-223051-147afd,2026-05-07T02:38:46.266519+00:00,2026-05-07T02:00Z,2026-05-07,Thursday,AMC Cherry Blossom 14,,ET,Mortal Kombat II,7:00pm,142135172,1222,,IMAX at AMC,422,23,399,5.5,,https://www.amctheatres.com/showtimes/142135172/seats,IMAX at AMC @ 7:00pm (saved link)
2026-05-08,20260506-223051-147afd,2026-05-07T02:38:46.266519+00:00,2026-05-07T02:00Z,2026-05-07,Thursday,AMC Cherry Blossom 14,,ET,Mortal Kombat II,6:00pm,142135308,1162,,undefined,282,1,281,0.4,,https://www.amctheatres.com/showtimes/142135308/seats,undefined @ 6:00pm (saved link)
2026-05-08,20260506-223051-147afd,2026-05-07T02:39:07.347062+00:00,2026-05-07T02:00Z,2026-05-07,Thursday,AMC Clifton Commons 16,,ET,Mortal Kombat II,10:00pm,142146207,1401,,IMAX with Laser at AMC,181,15,166,8.3,,https://www.amctheatres.com/showtimes/142146207/seats,IMAX with Laser at AMC @ 10:00pm (saved link)
2026-05-08,20260506-223051-147afd,2026-05-07T02:39:07.347062+00:00,2026-05-07T02:00Z,2026-05-07,Thursday,AMC Clifton Commons 16,,ET,Mortal Kombat II,6:45pm,142146208,1206,,IMAX with Laser at AMC,181,86,95,47.5,,https://www.amctheatres.com/showtimes/142146208/seats,IMAX with Laser at AMC @ 6:45pm (saved link)
2026-05-08,20260506-223051-147afd,2026-05-07T02:39:07.347062+00:00,2026-05-07T02:00Z,2026-05-07,Thursday,AMC Clifton Commons 16,,ET,Mortal Kombat II,10:45pm,142146182,1446,,Dolby Cinema at AMC,153,22,131,14.4,,https://www.amctheatres.com/showtimes/142146182/seats,Dolby Cinema at AMC @ 10:45pm (saved link)
2026-05-08,20260506-223051-147afd,2026-05-07T02:39:07.347062+00:00,2026-05-07T02:00Z,2026-05-07,Thursday,AMC Clifton Commons 16,,ET,Mortal Kombat II,7:30pm,142873794,1251,,Dolby Cinema at AMC,153,30,123,19.6,,https://www.amctheatres.com/showtimes/142873794/seats,Dolby Cinema at AMC @ 7:30pm (saved link)
2026-05-08,20260506-223051-147afd,2026-05-07T02:39:07.347062+00:00,2026-05-07T02:00Z,2026-05-07,Thursday,AMC Clifton Commons 16,,ET,Mortal Kombat II,9:15pm,142146273,1356,,XL at AMC,289,6,283,2.1,,https://www.amctheatres.com/showtimes/142146273/seats,XL at AMC @ 9:15pm (saved link)
2026-05-08,20260506-223051-147afd,2026-05-07T02:39:07.347062+00:00,2026-05-07T02:00Z,2026-05-07,Thursday,AMC Clifton Commons 16,,ET,Mortal Kombat II,6:00pm,142873801,1161,,XL at AMC,289,0,289,0,,https://www.amctheatres.com/showtimes/142873801/seats,XL at AMC @ 6:00pm (saved link)
2026-05-08,20260506-223051-147afd,2026-05-07T02:39:07.347062+00:00,2026-05-07T02:00Z,2026-05-07,Thursday,AMC Clifton Commons 16,,ET,Mortal Kombat II,8:45pm,142146245,1326,,Laser at AMC,289,4,285,1.4,,https://www.amctheatres.com/showtimes/142146245/seats,Laser at AMC @ 8:45pm (saved link)
2026-05-08,20260506-223051-147afd,2026-05-07T02:39:41.916388+00:00,2026-05-07T02:00Z,2026-05-07,Thursday,AMC Colonial 18,,ET,Mortal Kombat II,10:15pm,142062615,1416,,PRIME at AMC,96,17,79,17.7,,https://www.amctheatres.com/showtimes/142062615/seats,PRIME at AMC @ 10:15pm (saved link)
2026-05-08,20260506-223051-147afd,2026-05-07T02:39:41.916388+00:00,2026-05-07T02:00Z,2026-05-07,Thursday,AMC Colonial 18,,ET,Mortal Kombat II,7:15pm,142062614,1236,,PRIME at AMC,96,42,54,43.8,,https://www.amctheatres.com/showtimes/142062614/seats,PRIME at AMC @ 7:15pm (saved link)
2026-05-08,20260506-223051-147afd,2026-05-07T02:39:41.916388+00:00,2026-05-07T02:00Z,2026-05-07,Thursday,AMC Colonial 18,,ET,Mortal Kombat II,9:15pm,142062536,1356,,Laser at AMC,94,2,92,2.1,,https://www.amctheatres.com/showtimes/142062536/seats,Laser at AMC @ 9:15pm (saved link)
2026-05-08,20260506-223051-147afd,2026-05-07T02:39:41.916388+00:00,2026-05-07T02:00Z,2026-05-07,Thursday,AMC Colonial 18,,ET,Mortal Kombat II,8:00pm,142886268,1281,,Laser at AMC,39,18,21,46.2,,https://www.amctheatres.com/showtimes/142886268/seats,Laser at AMC @ 8:00pm (saved link)
2026-05-08,20260506-223051-147afd,2026-05-07T02:39:41.916388+00:00,2026-05-07T02:00Z,2026-05-07,Thursday,AMC Colonial 18,,ET,Mortal Kombat II,6:15pm,142062535,1176,,Laser at AMC,94,12,82,12.8,,https://www.amctheatres.com/showtimes/142062535/seats,Laser at AMC @ 6:15pm (saved link)
2026-05-08,20260506-223051-147afd,2026-05-07T02:39:41.916388+00:00,2026-05-07T02:00Z,2026-05-07,Thursday,AMC Colonial 18,,ET,Mortal Kombat II,5:00pm,142941177,1101,,Laser at AMC,53,4,49,7.5,,https://www.amctheatres.com/showtimes/142941177/seats,Laser at AMC @ 5:00pm (saved link)
2026-05-08,20260506-223051-147afd,2026-05-07T02:40:13.987096+00:00,2026-05-07T02:00Z,2026-05-07,Thursday,AMC Columbia 14,,ET,Mortal Kombat II,9:00pm,142217947,1340,,IMAX with Laser at AMC,200,50,150,25,,https://www.amctheatres.com/showtimes/142217947/seats,IMAX with Laser at AMC @ 9:00pm (saved link)
2026-05-08,20260506-223051-147afd,2026-05-07T02:40:13.987096+00:00,2026-05-07T02:00Z,2026-05-07,Thursday,AMC Columbia 14,,ET,Mortal Kombat II,6:00pm,142217946,1160,,IMAX with Laser at AMC,200,89,111,44.5,,https://www.amctheatres.com/showtimes/142217946/seats,IMAX with Laser at AMC @ 6:00pm (saved link)
2026-05-08,20260506-223051-147afd,2026-05-07T02:40:13.987096+00:00,2026-05-07T02:00Z,2026-05-07,Thursday,AMC Columbia 14,,ET,Mortal Kombat II,10:30pm,142217966,1430,,Dolby Cinema at AMC,115,27,88,23.5,,https://www.amctheatres.com/showtimes/142217966/seats,Dolby Cinema at AMC @ 10:30pm (saved link)
2026-05-08,20260506-223051-147afd,2026-05-07T02:40:13.987096+00:00,2026-05-07T02:00Z,2026-05-07,Thursday,AMC Columbia 14,,ET,Mortal Kombat II,10:00pm,142979967,1400,,undefined,232,2,230,0.9,,https://www.amctheatres.com/showtimes/142979967/seats,undefined @ 10:00pm (saved link)
2026-05-08,20260506-223051-147afd,2026-05-07T02:40:13.987096+00:00,2026-05-07T02:00Z,2026-05-07,Thursday,AMC Columbia 14,,ET,Mortal Kombat II,7:00pm,142217973,1220,,undefined,232,16,216,6.9,,https://www.amctheatres.com/showtimes/142217973/seats,undefined @ 7:00pm (saved link)
2026-05-08,20260506-223051-147afd,2026-05-07T02:40:47.462366+00:00,2026-05-07T02:00Z,2026-05-07,Thursday,AMC Columbus 10,,ET,Mortal Kombat II,10:15pm,142918059,1415,,undefined,51,0,51,0,,https://www.amctheatres.com/showtimes/142918059/seats,undefined @ 10:15pm (saved link)
2026-05-08,20260506-223051-147afd,2026-05-07T02:40:47.462366+00:00,2026-05-07T02:00Z,2026-05-07,Thursday,AMC Columbus 10,,ET,Mortal Kombat II,9:00pm,142142961,1340,,undefined,79,14,65,17.7,,https://www.amctheatres.com/showtimes/142142961/seats,undefined @ 9:00pm (saved link)
2026-05-08,20260506-223051-147afd,2026-05-07T02:40:47.462366+00:00,2026-05-07T02:00Z,2026-05-07,Thursday,AMC Columbus 10,,ET,Mortal Kombat II,7:45pm,142918097,1265,,undefined,68,2,66,2.9,,https://www.amctheatres.com/showtimes/142918097/seats,undefined @ 7:45pm (saved link)
2026-05-08,20260506-223051-147afd,2026-05-07T02:40:47.462366+00:00,2026-05-07T02:00Z,2026-05-07,Thursday,AMC Columbus 10,,ET,Mortal Kombat II,6:00pm,142142967,1160,,undefined,79,27,52,34.2,,https://www.amctheatres.com/showtimes/142142967/seats,undefined @ 6:00pm (saved link)
2026-05-08,20260506-223051-147afd,2026-05-07T02:41:14.578937+00:00,2026-05-07T02:00Z,2026-05-07,Thursday,AMC Columbus Park 15,,ET,Mortal Kombat II,9:00pm,142218172,1339,,IMAX at AMC,481,26,455,5.4,,https://www.amctheatres.com/showtimes/142218172/seats,IMAX at AMC @ 9:00pm (saved link)
2026-05-08,20260506-223051-147afd,2026-05-07T02:41:14.578937+00:00,2026-05-07T02:00Z,2026-05-07,Thursday,AMC Columbus Park 15,,ET,Mortal Kombat II,6:00pm,142218171,1159,,IMAX at AMC,481,59,422,12.3,,https://www.amctheatres.com/showtimes/142218171/seats,IMAX at AMC @ 6:00pm (saved link)
2026-05-08,20260506-223051-147afd,2026-05-07T02:41:14.578937+00:00,2026-05-07T02:00Z,2026-05-07,Thursday,AMC Columbus Park 15,,ET,Mortal Kombat II,10:00pm,142484870,1399,,BigD at AMC,286,0,286,0,,https://www.amctheatres.com/showtimes/142484870/seats,BigD at AMC @ 10:00pm (saved link)
2026-05-08,20260506-223051-147afd,2026-05-07T02:41:14.578937+00:00,2026-05-07T02:00Z,2026-05-07,Thursday,AMC Columbus Park 15,,ET,Mortal Kombat II,7:00pm,142218215,1219,,undefined,249,3,246,1.2,,https://www.amctheatres.com/showtimes/142218215/seats,undefined @ 7:00pm (saved link)
2026-05-08,20260506-223051-147afd,2026-05-07T02:41:44.798701+00:00,2026-05-07T02:00Z,2026-05-07,Thursday,AMC Courthouse Plaza 8,,ET,Mortal Kombat II,10:00pm,142057137,1399,,Laser at AMC,76,2,74,2.6,,https://www.amctheatres.com/showtimes/142057137/seats,Laser at AMC @ 10:00pm (saved link)
2026-05-08,20260506-223051-147afd,2026-05-07T02:41:44.798701+00:00,2026-05-07T02:00Z,2026-05-07,Thursday,AMC Courthouse Plaza 8,,ET,Mortal Kombat II,7:00pm,142057136,1219,,Laser at AMC,76,29,47,38.2,,https://www.amctheatres.com/showtimes/142057136/seats,Laser at AMC @ 7:00pm (saved link)
2026-05-08,20260506-223051-147afd,2026-05-07T02:42:05.472281+00:00,2026-05-07T02:00Z,2026-05-07,Thursday,AMC Crystal Run 16,,ET,Mortal Kombat II,9:00pm,142051096,1338,,Laser at AMC,62,24,38,38.7,,https://www.amctheatres.com/showtimes/142051096/seats,Laser at AMC @ 9:00pm (saved link)
2026-05-08,20260506-223051-147afd,2026-05-07T02:42:05.472281+00:00,2026-05-07T02:00Z,2026-05-07,Thursday,AMC Crystal Run 16,,ET,Mortal Kombat II,8:15pm,142937946,1293,,Laser at AMC,42,15,27,35.7,,https://www.amctheatres.com/showtimes/142937946/seats,Laser at AMC @ 8:15pm (saved link)
2026-05-08,20260506-223051-147afd,2026-05-07T02:42:05.472281+00:00,2026-05-07T02:00Z,2026-05-07,Thursday,AMC Crystal Run 16,,ET,Mortal Kombat II,6:00pm,142051095,1158,,Laser at AMC,62,40,22,64.5,,https://www.amctheatres.com/showtimes/142051095/seats,Laser at AMC @ 6:00pm (saved link)
2026-05-08,20260506-223051-147afd,2026-05-07T02:42:05.472281+00:00,2026-05-07T02:00Z,2026-05-07,Thursday,AMC Crystal Run 16,,ET,Mortal Kombat II,5:15pm,142937947,1113,,Laser at AMC,42,2,40,4.8,,https://www.amctheatres.com/showtimes/142937947/seats,Laser at AMC @ 5:15pm (saved link)
2026-05-08,20260506-223051-147afd,2026-05-07T02:42:30.747639+00:00,2026-05-07T02:00Z,2026-05-07,Thursday,AMC DINE-IN Berkshire 8,,ET,Mortal Kombat II,10:30pm,142210135,1428,,PRIME at AMC,145,16,129,11,,https://www.amctheatres.com/showtimes/142210135/seats,PRIME at AMC @ 10:30pm (saved link)
2026-05-08,20260506-223051-147afd,2026-05-07T02:42:30.747639+00:00,2026-05-07T02:00Z,2026-05-07,Thursday,AMC DINE-IN Berkshire 8,,ET,Mortal Kombat II,7:30pm,142210134,1248,,PRIME at AMC,145,69,76,47.6,,https://www.amctheatres.com/showtimes/142210134/seats,PRIME at AMC @ 7:30pm (saved link)
2026-05-08,20260506-223051-147afd,2026-05-07T02:42:51.113539+00:00,2026-05-07T02:00Z,2026-05-07,Thursday,AMC DINE-IN Bridgewater 7,,ET,Mortal Kombat II,9:20pm,142917225,1358,,Dine-In Delivery to Seat,152,1,151,0.7,,https://www.amctheatres.com/showtimes/142917225/seats,Dine-In Delivery to Seat @ 9:20pm (saved link)
2026-05-08,20260506-223051-147afd,2026-05-07T02:42:51.113539+00:00,2026-05-07T02:00Z,2026-05-07,Thursday,AMC DINE-IN Bridgewater 7,,ET,Mortal Kombat II,6:00pm,142054090,1158,,Dine-In Delivery to Seat,78,24,54,30.8,,https://www.amctheatres.com/showtimes/142054090/seats,Dine-In Delivery to Seat @ 6:00pm (saved link)
2026-05-08,20260506-223051-147afd,2026-05-07T02:43:13.472646+00:00,2026-05-07T02:00Z,2026-05-07,Thursday,AMC DINE-IN Essex Green 9,,ET,Mortal Kombat II,10:30pm,142875306,1427,,Dine-In Delivery to Seat,61,0,61,0,,https://www.amctheatres.com/showtimes/142875306/seats,Dine-In Delivery to Seat @ 10:30pm (saved link)
2026-05-08,20260506-223051-147afd,2026-05-07T02:43:13.472646+00:00,2026-05-07T02:00Z,2026-05-07,Thursday,AMC DINE-IN Essex Green 9,,ET,Mortal Kombat II,9:00pm,142073853,1337,,Dine-In Delivery to Seat,100,46,54,46,,https://www.amctheatres.com/showtimes/142073853/seats,Dine-In Delivery to Seat @ 9:00pm (saved link)
2026-05-08,20260506-223051-147afd,2026-05-07T02:43:13.472646+00:00,2026-05-07T02:00Z,2026-05-07,Thursday,AMC DINE-IN Essex Green 9,,ET,Mortal Kombat II,7:30pm,142875305,1247,,Dine-In Delivery to Seat,61,19,42,31.1,,https://www.amctheatres.com/showtimes/142875305/seats,Dine-In Delivery to Seat @ 7:30pm (saved link)
2026-05-08,20260506-223051-147afd,2026-05-07T02:43:13.472646+00:00,2026-05-07T02:00Z,2026-05-07,Thursday,AMC DINE-IN Essex Green 9,,ET,Mortal Kombat II,6:00pm,142073852,1157,,Dine-In Delivery to Seat,100,35,65,35,,https://www.amctheatres.com/showtimes/142073852/seats,Dine-In Delivery to Seat @ 6:00pm (saved link)
2026-05-08,20260506-223051-147afd,2026-05-07T02:43:39.807313+00:00,2026-05-07T02:00Z,2026-05-07,Thursday,AMC DINE-IN Holly Springs 9,,ET,Mortal Kombat II,10:30pm,142131076,1427,,Dolby Cinema at AMC,245,17,228,6.9,,https://www.amctheatres.com/showtimes/142131076/seats,Dolby Cinema at AMC @ 10:30pm (saved link)
2026-05-08,20260506-223051-147afd,2026-05-07T02:43:39.807313+00:00,2026-05-07T02:00Z,2026-05-07,Thursday,AMC DINE-IN Holly Springs 9,,ET,Mortal Kombat II,7:15pm,142131075,1232,,Dolby Cinema at AMC,245,106,139,43.3,,https://www.amctheatres.com/showtimes/142131075/seats,Dolby Cinema at AMC @ 7:15pm (saved link)
2026-05-08,20260506-223051-147afd,2026-05-07T02:43:39.807313+00:00,2026-05-07T02:00Z,2026-05-07,Thursday,AMC DINE-IN Holly Springs 9,,ET,Mortal Kombat II,9:30pm,142131036,1367,,Dine-In Delivery to Seat,135,2,133,1.5,,https://www.amctheatres.com/showtimes/142131036/seats,Dine-In Delivery to Seat @ 9:30pm (saved link)
2026-05-08,20260506-223051-147afd,2026-05-07T02:43:39.807313+00:00,2026-05-07T02:00Z,2026-05-07,Thursday,AMC DINE-IN Holly Springs 9,,ET,Mortal Kombat II,6:15pm,142131037,1172,,Dine-In Delivery to Seat,135,17,118,12.6,,https://www.amctheatres.com/showtimes/142131037/seats,Dine-In Delivery to Seat @ 6:15pm (saved link)
2026-05-08,20260506-223051-147afd,2026-05-07T02:44:11.808872+00:00,2026-05-07T02:00Z,2026-05-07,Thursday,AMC DINE-IN Menlo Park 12,,ET,Mortal Kombat II,10:00pm,142916379,1396,,Dine-In Delivery to Seat,74,5,69,6.8,,https://www.amctheatres.com/showtimes/142916379/seats,Dine-In Delivery to Seat @ 10:00pm (saved link)
2026-05-08,20260506-223051-147afd,2026-05-07T02:44:11.808872+00:00,2026-05-07T02:00Z,2026-05-07,Thursday,AMC DINE-IN Menlo Park 12,,ET,Mortal Kombat II,9:00pm,142061887,1336,,Dine-In Delivery to Seat,100,18,82,18,,https://www.amctheatres.com/showtimes/142061887/seats,Dine-In Delivery to Seat @ 9:00pm (saved link)
2026-05-08,20260506-223051-147afd,2026-05-07T02:44:11.808872+00:00,2026-05-07T02:00Z,2026-05-07,Thursday,AMC DINE-IN Menlo Park 12,,ET,Mortal Kombat II,7:00pm,142916378,1216,,Dine-In Delivery to Seat,74,14,60,18.9,,https://www.amctheatres.com/showtimes/142916378/seats,Dine-In Delivery to Seat @ 7:00pm (saved link)
2026-05-08,20260506-223051-147afd,2026-05-07T02:44:11.808872+00:00,2026-05-07T02:00Z,2026-05-07,Thursday,AMC DINE-IN Menlo Park 12,,ET,Mortal Kombat II,6:00pm,142061886,1156,,Dine-In Delivery to Seat,100,21,79,21,,https://www.amctheatres.com/showtimes/142061886/seats,Dine-In Delivery to Seat @ 6:00pm (saved link)
2026-05-08,20260506-223051-147afd,2026-05-07T02:44:37.911125+00:00,2026-05-07T02:00Z,2026-05-07,Thursday,AMC DINE-IN Midlothian 10,,ET,Mortal Kombat II,9:00pm,142181415,1336,,Dine-In Delivery to Seat,83,3,80,3.6,,https://www.amctheatres.com/showtimes/142181415/seats,Dine-In Delivery to Seat @ 9:00pm (saved link)
2026-05-08,20260506-223051-147afd,2026-05-07T02:44:37.911125+00:00,2026-05-07T02:00Z,2026-05-07,Thursday,AMC DINE-IN Midlothian 10,,ET,Mortal Kombat II,7:15pm,142957523,1231,,Dine-In Delivery to Seat,48,0,48,0,,https://www.amctheatres.com/showtimes/142957523/seats,Dine-In Delivery to Seat @ 7:15pm (saved link)
2026-05-08,20260506-223051-147afd,2026-05-07T02:44:37.911125+00:00,2026-05-07T02:00Z,2026-05-07,Thursday,AMC DINE-IN Midlothian 10,,ET,Mortal Kombat II,6:00pm,142181414,1156,,Dine-In Delivery to Seat,83,18,65,21.7,,https://www.amctheatres.com/showtimes/142181414/seats,Dine-In Delivery to Seat @ 6:00pm (saved link)
2026-05-08,20260506-223051-147afd,2026-05-07T02:45:02.485633+00:00,2026-05-07T02:00Z,2026-05-07,Thursday,AMC DINE-IN Painters Crossing 9,,ET,Mortal Kombat II,7:15pm,142165487,1230,,Dine-In Delivery to Seat,60,19,41,31.7,,https://www.amctheatres.com/showtimes/142165487/seats,Dine-In Delivery to Seat @ 7:15pm (saved link)
2026-05-08,20260506-223051-147afd,2026-05-07T02:45:26.258202+00:00,2026-05-07T02:00Z,2026-05-07,Thursday,AMC DINE-IN Shops at Riverside 9,,ET,Mortal Kombat II,10:00pm,142059724,1395,,Dolby Cinema at AMC,194,48,146,24.7,,https://www.amctheatres.com/showtimes/142059724/seats,Dolby Cinema at AMC @ 10:00pm (saved link)
2026-05-08,20260506-223051-147afd,2026-05-07T02:45:26.258202+00:00,2026-05-07T02:00Z,2026-05-07,Thursday,AMC DINE-IN Shops at Riverside 9,,ET,Mortal Kombat II,7:00pm,142059725,1215,,Dolby Cinema at AMC,194,131,63,67.5,,https://www.amctheatres.com/showtimes/142059725/seats,Dolby Cinema at AMC @ 7:00pm (saved link)
2026-05-08,20260506-223051-147afd,2026-05-07T02:45:26.258202+00:00,2026-05-07T02:00Z,2026-05-07,Thursday,AMC DINE-IN Shops at Riverside 9,,ET,Mortal Kombat II,9:00pm,142059790,1335,,Dine-In Delivery to Seat,127,50,77,39.4,,https://www.amctheatres.com/showtimes/142059790/seats,Dine-In Delivery to Seat @ 9:00pm (saved link)
2026-05-08,20260506-223051-147afd,2026-05-07T02:45:26.258202+00:00,2026-05-07T02:00Z,2026-05-07,Thursday,AMC DINE-IN Shops at Riverside 9,,ET,Mortal Kombat II,6:00pm,142059789,1155,,Dine-In Delivery to Seat,127,24,103,18.9,,https://www.amctheatres.com/showtimes/142059789/seats,Dine-In Delivery to Seat @ 6:00pm (saved link)
2026-05-08,20260506-223051-147afd,2026-05-07T02:45:53.722958+00:00,2026-05-07T02:00Z,2026-05-07,Thursday,AMC Danbury 16,,ET,Mortal Kombat II,9:30pm,142196929,1365,,IMAX at AMC,298,5,293,1.7,,https://www.amctheatres.com/showtimes/142196929/seats,IMAX at AMC @ 9:30pm (saved link)
2026-05-08,20260506-223051-147afd,2026-05-07T02:45:53.722958+00:00,2026-05-07T02:00Z,2026-05-07,Thursday,AMC Danbury 16,,ET,Mortal Kombat II,6:30pm,142196932,1185,,IMAX at AMC,298,19,279,6.4,,https://www.amctheatres.com/showtimes/142196932/seats,IMAX at AMC @ 6:30pm (saved link)
2026-05-08,20260506-223051-147afd,2026-05-07T02:45:53.722958+00:00,2026-05-07T02:00Z,2026-05-07,Thursday,AMC Danbury 16,,ET,Mortal Kombat II,10:30pm,142196912,1425,,Dolby Cinema at AMC,123,11,112,8.9,,https://www.amctheatres.com/showtimes/142196912/seats,Dolby Cinema at AMC @ 10:30pm (saved link)
2026-05-08,20260506-223051-147afd,2026-05-07T02:45:53.722958+00:00,2026-05-07T02:00Z,2026-05-07,Thursday,AMC Danbury 16,,ET,Mortal Kombat II,8:30pm,142196858,1305,,Laser at AMC,245,0,245,0,,https://www.amctheatres.com/showtimes/142196858/seats,Laser at AMC @ 8:30pm (saved link)
2026-05-08,20260506-223051-147afd,2026-05-07T02:45:53.722958+00:00,2026-05-07T02:00Z,2026-05-07,Thursday,AMC Danbury 16,,ET,Mortal Kombat II,7:30pm,142196957,1245,,Laser at AMC,291,2,289,0.7,,https://www.amctheatres.com/showtimes/142196957/seats,Laser at AMC @ 7:30pm (saved link)
2026-05-08,20260506-223051-147afd,2026-05-07T02:46:22.509781+00:00,2026-05-07T02:00Z,2026-05-07,Thursday,AMC Dartmouth Mall 11,,ET,Mortal Kombat II,9:15pm,142220623,1349,,undefined,99,17,82,17.2,,https://www.amctheatres.com/showtimes/142220623/seats,undefined @ 9:15pm (saved link)
2026-05-08,20260506-223051-147afd,2026-05-07T02:46:22.509781+00:00,2026-05-07T02:00Z,2026-05-07,Thursday,AMC Dartmouth Mall 11,,ET,Mortal Kombat II,8:15pm,142955974,1289,,undefined,90,11,79,12.2,,https://www.amctheatres.com/showtimes/142955974/seats,undefined @ 8:15pm (saved link)
2026-05-08,20260506-223051-147afd,2026-05-07T02:46:22.509781+00:00,2026-05-07T02:00Z,2026-05-07,Thursday,AMC Dartmouth Mall 11,,ET,Mortal Kombat II,6:00pm,142220629,1154,,undefined,99,41,58,41.4,,https://www.amctheatres.com/showtimes/142220629/seats,undefined @ 6:00pm (saved link)
2026-05-08,20260506-223051-147afd,2026-05-07T02:46:47.145502+00:00,2026-05-07T02:00Z,2026-05-07,Thursday,AMC Deptford 8,,ET,Mortal Kombat II,9:00pm,142152176,1334,,Laser at AMC,116,32,84,27.6,,https://www.amctheatres.com/showtimes/142152176/seats,Laser at AMC @ 9:00pm (saved link)
2026-05-08,20260506-223051-147afd,2026-05-07T02:46:47.145502+00:00,2026-05-07T02:00Z,2026-05-07,Thursday,AMC Deptford 8,,ET,Mortal Kombat II,6:00pm,142152175,1154,,Laser at AMC,116,50,66,43.1,,https://www.amctheatres.com/showtimes/142152175/seats,Laser at AMC @ 6:00pm (saved link)
2026-05-08,20260506-223051-147afd,2026-05-07T02:47:07.571627+00:00,2026-05-07T02:00Z,2026-05-07,Thursday,AMC Destin Commons 14,,ET,Mortal Kombat II,9:00pm,142097884,1333,,IMAX at AMC,271,9,262,3.3,,https://www.amctheatres.com/showtimes/142097884/seats,IMAX at AMC @ 9:00pm (saved link)
2026-05-08,20260506-223051-147afd,2026-05-07T02:47:07.571627+00:00,2026-05-07T02:00Z,2026-05-07,Thursday,AMC Destin Commons 14,,ET,Mortal Kombat II,6:00pm,142097883,1153,,IMAX at AMC,271,34,237,12.5,,https://www.amctheatres.com/showtimes/142097883/seats,IMAX at AMC @ 6:00pm (saved link)
2026-05-08,20260506-223051-147afd,2026-05-07T02:47:07.571627+00:00,2026-05-07T02:00Z,2026-05-07,Thursday,AMC Destin Commons 14,,ET,Mortal Kombat II,6:30pm,142711262,1183,,Dolby Cinema at AMC,163,53,110,32.5,,https://www.amctheatres.com/showtimes/142711262/seats,Dolby Cinema at AMC @ 6:30pm (saved link)
2026-05-08,20260506-223051-147afd,2026-05-07T02:47:07.571627+00:00,2026-05-07T02:00Z,2026-05-07,Thursday,AMC Destin Commons 14,,ET,Mortal Kombat II,7:00pm,142097922,1213,,undefined,385,0,385,0,,https://www.amctheatres.com/showtimes/142097922/seats,undefined @ 7:00pm (saved link)
2026-05-08,20260506-223051-147afd,2026-05-07T02:47:34.885511+00:00,2026-05-07T02:00Z,2026-05-07,Thursday,AMC East Hanover 12,,ET,Mortal Kombat II,9:45pm,142213544,1378,,Laser at AMC,120,0,120,0,,https://www.amctheatres.com/showtimes/142213544/seats,Laser at AMC @ 9:45pm (saved link)
2026-05-08,20260506-223051-147afd,2026-05-07T02:47:34.885511+00:00,2026-05-07T02:00Z,2026-05-07,Thursday,AMC East Hanover 12,,ET,Mortal Kombat II,8:30pm,143010768,1303,,Laser at AMC,59,4,55,6.8,,https://www.amctheatres.com/showtimes/143010768/seats,Laser at AMC @ 8:30pm (saved link)
2026-05-08,20260506-223051-147afd,2026-05-07T02:47:34.885511+00:00,2026-05-07T02:00Z,2026-05-07,Thursday,AMC East Hanover 12,,ET,Mortal Kombat II,7:00pm,142213545,1213,,Laser at AMC,120,20,100,16.7,,https://www.amctheatres.com/showtimes/142213545/seats,Laser at AMC @ 7:00pm (saved link)
2026-05-08,20260506-223051-147afd,2026-05-07T02:47:58.882965+00:00,2026-05-07T02:00Z,2026-05-07,Thursday,AMC Evansville 16,,ET,Mortal Kombat II,9:00pm,142886750,1333,,undefined,65,0,65,0,,https://www.amctheatres.com/showtimes/142886750/seats,undefined @ 9:00pm (saved link)
2026-05-08,20260506-223051-147afd,2026-05-07T02:47:58.882965+00:00,2026-05-07T02:00Z,2026-05-07,Thursday,AMC Evansville 16,,ET,Mortal Kombat II,7:45pm,142815836,1258,,undefined,46,2,44,4.3,,https://www.amctheatres.com/showtimes/142815836/seats,undefined @ 7:45pm (saved link)
2026-05-08,20260506-223051-147afd,2026-05-07T02:47:58.882965+00:00,2026-05-07T02:00Z,2026-05-07,Thursday,AMC Evansville 16,,ET,Mortal Kombat II,6:00pm,142208598,1153,,undefined,65,15,50,23.1,,https://www.amctheatres.com/showtimes/142208598/seats,undefined @ 6:00pm (saved link)
2026-05-08,20260506-223051-147afd,2026-05-07T02:48:20.994696+00:00,2026-05-07T02:00Z,2026-05-07,Thursday,AMC Fayetteville 14,,ET,Mortal Kombat II,10:00pm,142210701,1392,,IMAX with Laser at AMC,473,16,457,3.4,,https://www.amctheatres.com/showtimes/142210701/seats,IMAX with Laser at AMC @ 10:00pm (saved link)
2026-05-08,20260506-223051-147afd,2026-05-07T02:48:20.994696+00:00,2026-05-07T02:00Z,2026-05-07,Thursday,AMC Fayetteville 14,,ET,Mortal Kombat II,7:00pm,142210700,1212,,IMAX with Laser at AMC,473,119,354,25.2,,https://www.amctheatres.com/showtimes/142210700/seats,IMAX with Laser at AMC @ 7:00pm (saved link)
2026-05-08,20260506-223051-147afd,2026-05-07T02:48:20.994696+00:00,2026-05-07T02:00Z,2026-05-07,Thursday,AMC Fayetteville 14,,ET,Mortal Kombat II,9:40pm,142210786,1372,,Dolby Cinema at AMC,113,39,74,34.5,,https://www.amctheatres.com/showtimes/142210786/seats,Dolby Cinema at AMC @ 9:40pm (saved link)
2026-05-08,20260506-223051-147afd,2026-05-07T02:48:20.994696+00:00,2026-05-07T02:00Z,2026-05-07,Thursday,AMC Fayetteville 14,,ET,Mortal Kombat II,9:00pm,142210751,1332,,undefined,242,0,242,0,,https://www.amctheatres.com/showtimes/142210751/seats,undefined @ 9:00pm (saved link)
2026-05-08,20260506-223051-147afd,2026-05-07T02:48:20.994696+00:00,2026-05-07T02:00Z,2026-05-07,Thursday,AMC Fayetteville 14,,ET,Mortal Kombat II,6:00pm,142210750,1152,,undefined,242,0,242,0,,https://www.amctheatres.com/showtimes/142210750/seats,undefined @ 6:00pm (saved link)
2026-05-08,20260506-223051-147afd,2026-05-07T02:49:08.354454+00:00,2026-05-07T02:00Z,2026-05-07,Thursday,AMC Fiesta Square 12,,ET,Mortal Kombat II,9:00pm,142196832,1331,,undefined,120,12,108,10,,https://www.amctheatres.com/showtimes/142196832/seats,undefined @ 9:00pm (saved link)
2026-05-08,20260506-223051-147afd,2026-05-07T02:49:08.354454+00:00,2026-05-07T02:00Z,2026-05-07,Thursday,AMC Fiesta Square 12,,ET,Mortal Kombat II,8:00pm,142870881,1271,,undefined,74,13,61,17.6,,https://www.amctheatres.com/showtimes/142870881/seats,undefined @ 8:00pm (saved link)
2026-05-08,20260506-223051-147afd,2026-05-07T02:49:08.354454+00:00,2026-05-07T02:00Z,2026-05-07,Thursday,AMC Fiesta Square 12,,ET,Mortal Kombat II,6:00pm,142196831,1151,,undefined,120,36,84,30,,https://www.amctheatres.com/showtimes/142196831/seats,undefined @ 6:00pm (saved link)
2026-05-08,20260506-223051-147afd,2026-05-07T02:49:08.354454+00:00,2026-05-07T02:00Z,2026-05-07,Thursday,AMC Fiesta Square 12,,ET,Mortal Kombat II,5:00pm,142870882,1091,,undefined,74,2,72,2.7,,https://www.amctheatres.com/showtimes/142870882/seats,undefined @ 5:00pm (saved link)
2026-05-08,20260506-223051-147afd,2026-05-07T02:49:36.298015+00:00,2026-05-07T02:00Z,2026-05-07,Thursday,AMC Fire Tower 12,,ET,Mortal Kombat II,9:00pm,142056950,1331,,undefined,89,12,77,13.5,,https://www.amctheatres.com/showtimes/142056950/seats,undefined @ 9:00pm (saved link)
2026-05-08,20260506-223051-147afd,2026-05-07T02:49:36.298015+00:00,2026-05-07T02:00Z,2026-05-07,Thursday,AMC Fire Tower 12,,ET,Mortal Kombat II,8:00pm,142996059,1271,,undefined,60,17,43,28.3,,https://www.amctheatres.com/showtimes/142996059/seats,undefined @ 8:00pm (saved link)
2026-05-08,20260506-223051-147afd,2026-05-07T02:49:36.298015+00:00,2026-05-07T02:00Z,2026-05-07,Thursday,AMC Fire Tower 12,,ET,Mortal Kombat II,6:00pm,142056948,1151,,undefined,89,23,66,25.8,,https://www.amctheatres.com/showtimes/142056948/seats,undefined @ 6:00pm (saved link)
2026-05-08,20260506-223051-147afd,2026-05-07T02:49:36.298015+00:00,2026-05-07T02:00Z,2026-05-07,Thursday,AMC Fire Tower 12,,ET,Mortal Kombat II,5:05pm,142996060,1096,,undefined,60,6,54,10,,https://www.amctheatres.com/showtimes/142996060/seats,undefined @ 5:05pm (saved link)
2026-05-08,20260506-223051-147afd,2026-05-07T02:50:02.968041+00:00,2026-05-07T02:00Z,2026-05-07,Thursday,AMC Fleming Island 12,,ET,Mortal Kombat II,9:00pm,142199039,1330,,undefined,92,15,77,16.3,,https://www.amctheatres.com/showtimes/142199039/seats,undefined @ 9:00pm (saved link)
2026-05-08,20260506-223051-147afd,2026-05-07T02:50:02.968041+00:00,2026-05-07T02:00Z,2026-05-07,Thursday,AMC Fleming Island 12,,ET,Mortal Kombat II,7:15pm,142941271,1225,,undefined,139,2,137,1.4,,https://www.amctheatres.com/showtimes/142941271/seats,undefined @ 7:15pm (saved link)
2026-05-08,20260506-223051-147afd,2026-05-07T02:50:02.968041+00:00,2026-05-07T02:00Z,2026-05-07,Thursday,AMC Fleming Island 12,,ET,Mortal Kombat II,6:00pm,142199038,1150,,undefined,92,19,73,20.7,,https://www.amctheatres.com/showtimes/142199038/seats,undefined @ 6:00pm (saved link)
2026-05-08,20260506-223051-147afd,2026-05-07T02:50:27.049281+00:00,2026-05-07T02:00Z,2026-05-07,Thursday,AMC Foothills 12,,ET,Mortal Kombat II,9:15pm,142051593,1345,,undefined,194,7,187,3.6,,https://www.amctheatres.com/showtimes/142051593/seats,undefined @ 9:15pm (saved link)
2026-05-08,20260506-223051-147afd,2026-05-07T02:50:27.049281+00:00,2026-05-07T02:00Z,2026-05-07,Thursday,AMC Foothills 12,,ET,Mortal Kombat II,7:45pm,142051512,1255,,BigD at AMC,421,17,404,4,,https://www.amctheatres.com/showtimes/142051512/seats,BigD at AMC @ 7:45pm (saved link)
2026-05-08,20260506-223051-147afd,2026-05-07T02:50:27.049281+00:00,2026-05-07T02:00Z,2026-05-07,Thursday,AMC Foothills 12,,ET,Mortal Kombat II,6:10pm,142051592,1160,,undefined,194,3,191,1.5,,https://www.amctheatres.com/showtimes/142051592/seats,undefined @ 6:10pm (saved link)
2026-05-08,20260506-223051-147afd,2026-05-07T02:50:52.031165+00:00,2026-05-07T02:00Z,2026-05-07,Thursday,AMC Freehold 14,,ET,Mortal Kombat II,10:00pm,142056482,1390,,Laser at AMC,133,7,126,5.3,,https://www.amctheatres.com/showtimes/142056482/seats,Laser at AMC @ 10:00pm (saved link)
2026-05-08,20260506-223051-147afd,2026-05-07T02:50:52.031165+00:00,2026-05-07T02:00Z,2026-05-07,Thursday,AMC Freehold 14,,ET,Mortal Kombat II,7:00pm,142056481,1210,,Laser at AMC,133,43,90,32.3,,https://www.amctheatres.com/showtimes/142056481/seats,Laser at AMC @ 7:00pm (saved link)
2026-05-08,20260506-223051-147afd,2026-05-07T02:51:13.136190+00:00,2026-05-07T02:00Z,2026-05-07,Thursday,AMC Garden State Plaza 16,,ET,Mortal Kombat II,10:15pm,142052375,1404,,IMAX with Laser at AMC,310,47,263,15.2,,https://www.amctheatres.com/showtimes/142052375/seats,IMAX with Laser at AMC @ 10:15pm (saved link)
2026-05-08,20260506-223051-147afd,2026-05-07T02:51:13.136190+00:00,2026-05-07T02:00Z,2026-05-07,Thursday,AMC Garden State Plaza 16,,ET,Mortal Kombat II,7:15pm,142052374,1224,,IMAX with Laser at AMC,310,154,156,49.7,,https://www.amctheatres.com/showtimes/142052374/seats,IMAX with Laser at AMC @ 7:15pm (saved link)
2026-05-08,20260506-223051-147afd,2026-05-07T02:51:13.136190+00:00,2026-05-07T02:00Z,2026-05-07,Thursday,AMC Garden State Plaza 16,,ET,Mortal Kombat II,11:00pm,142052412,1449,,Dolby Cinema at AMC,200,28,172,14,,https://www.amctheatres.com/showtimes/142052412/seats,Dolby Cinema at AMC @ 11:00pm (saved link)
2026-05-08,20260506-223051-147afd,2026-05-07T02:51:13.136190+00:00,2026-05-07T02:00Z,2026-05-07,Thursday,AMC Garden State Plaza 16,,ET,Mortal Kombat II,9:15pm,142052414,1344,,XL at AMC,362,7,355,1.9,,https://www.amctheatres.com/showtimes/142052414/seats,XL at AMC @ 9:15pm (saved link)
2026-05-08,20260506-223051-147afd,2026-05-07T02:51:13.136190+00:00,2026-05-07T02:00Z,2026-05-07,Thursday,AMC Garden State Plaza 16,,ET,Mortal Kombat II,6:15pm,142052413,1164,,XL at AMC,362,5,357,1.4,,https://www.amctheatres.com/showtimes/142052413/seats,XL at AMC @ 6:15pm (saved link)
2026-05-08,20260506-223051-147afd,2026-05-07T02:51:13.136190+00:00,2026-05-07T02:00Z,2026-05-07,Thursday,AMC Garden State Plaza 16,,ET,Mortal Kombat II,8:00pm,142939604,1269,,Laser at AMC,251,1,250,0.4,,https://www.amctheatres.com/showtimes/142939604/seats,Laser at AMC @ 8:00pm (saved link)
2026-05-08,20260506-223051-147afd,2026-05-07T02:51:13.136190+00:00,2026-05-07T02:00Z,2026-05-07,Thursday,AMC Garden State Plaza 16,,ET,Mortal Kombat II,5:00pm,142052481,1089,,Laser at AMC,251,7,244,2.8,,https://www.amctheatres.com/showtimes/142052481/seats,Laser at AMC @ 5:00pm (saved link)
2026-05-08,20260506-223051-147afd,2026-05-07T02:51:49.386631+00:00,2026-05-07T02:00Z,2026-05-07,Thursday,AMC Glen Cove 6,,ET,Mortal Kombat II,9:00pm,142750722,1329,,Laser at AMC,80,5,75,6.3,,https://www.amctheatres.com/showtimes/142750722/seats,Laser at AMC @ 9:00pm (saved link)
2026-05-08,20260506-223051-147afd,2026-05-07T02:51:49.386631+00:00,2026-05-07T02:00Z,2026-05-07,Thursday,AMC Glen Cove 6,,ET,Mortal Kombat II,6:00pm,142126074,1149,,Laser at AMC,80,0,80,0,,https://www.amctheatres.com/showtimes/142126074/seats,Laser at AMC @ 6:00pm (saved link)
2026-05-08,20260506-223051-147afd,2026-05-07T02:52:15.276954+00:00,2026-05-07T02:00Z,2026-05-07,Thursday,AMC Grand Rapids 18,,ET,Mortal Kombat II,8:00pm,142930965,1268,,undefined,62,0,62,0,,https://www.amctheatres.com/showtimes/142930965/seats,undefined @ 8:00pm (saved link)
2026-05-08,20260506-223051-147afd,2026-05-07T02:52:15.276954+00:00,2026-05-07T02:00Z,2026-05-07,Thursday,AMC Grand Rapids 18,,ET,Mortal Kombat II,7:00pm,142930929,1208,,undefined,84,0,84,0,,https://www.amctheatres.com/showtimes/142930929/seats,undefined @ 7:00pm (saved link)
2026-05-08,20260506-223051-147afd,2026-05-07T02:52:15.276954+00:00,2026-05-07T02:00Z,2026-05-07,Thursday,AMC Grand Rapids 18,,ET,Mortal Kombat II,6:00pm,142219801,1148,,undefined,94,15,79,16,,https://www.amctheatres.com/showtimes/142219801/seats,undefined @ 6:00pm (saved link)
2026-05-08,20260506-223051-147afd,2026-05-07T02:52:15.276954+00:00,2026-05-07T02:00Z,2026-05-07,Thursday,AMC Grand Rapids 18,,ET,Mortal Kombat II,5:00pm,142930964,1088,,undefined,62,3,59,4.8,,https://www.amctheatres.com/showtimes/142930964/seats,undefined @ 5:00pm (saved link)
2026-05-08,20260506-223051-147afd,2026-05-07T02:52:39.995169+00:00,2026-05-07T02:00Z,2026-05-07,Thursday,AMC Hampton Towne Centre 24,,ET,Mortal Kombat II,8:00pm,142110098,1268,,IMAX with Laser at AMC,408,53,355,13,,https://www.amctheatres.com/showtimes/142110098/seats,IMAX with Laser at AMC @ 8:00pm (saved link)
2026-05-08,20260506-223051-147afd,2026-05-07T02:52:39.995169+00:00,2026-05-07T02:00Z,2026-05-07,Thursday,AMC Hampton Towne Centre 24,,ET,Mortal Kombat II,5:00pm,142110097,1088,,IMAX with Laser at AMC,408,46,362,11.3,,https://www.amctheatres.com/showtimes/142110097/seats,IMAX with Laser at AMC @ 5:00pm (saved link)
2026-05-08,20260506-223051-147afd,2026-05-07T02:52:39.995169+00:00,2026-05-07T02:00Z,2026-05-07,Thursday,AMC Hampton Towne Centre 24,,ET,Mortal Kombat II,10:00pm,142110083,1388,,Dolby Cinema at AMC,231,16,215,6.9,,https://www.amctheatres.com/showtimes/142110083/seats,Dolby Cinema at AMC @ 10:00pm (saved link)
2026-05-08,20260506-223051-147afd,2026-05-07T02:52:39.995169+00:00,2026-05-07T02:00Z,2026-05-07,Thursday,AMC Hampton Towne Centre 24,,ET,Mortal Kombat II,7:00pm,142687361,1208,,Dolby Cinema at AMC,231,87,144,37.7,,https://www.amctheatres.com/showtimes/142687361/seats,Dolby Cinema at AMC @ 7:00pm (saved link)
2026-05-08,20260506-223051-147afd,2026-05-07T02:52:39.995169+00:00,2026-05-07T02:00Z,2026-05-07,Thursday,AMC Hampton Towne Centre 24,,ET,Mortal Kombat II,9:00pm,142110064,1328,,undefined,150,3,147,2,,https://www.amctheatres.com/showtimes/142110064/seats,undefined @ 9:00pm (saved link)
2026-05-08,20260506-223051-147afd,2026-05-07T02:52:39.995169+00:00,2026-05-07T02:00Z,2026-05-07,Thursday,AMC Hampton Towne Centre 24,,ET,Mortal Kombat II,8:30pm,142895039,1298,,undefined,46,0,46,0,,https://www.amctheatres.com/showtimes/142895039/seats,undefined @ 8:30pm (saved link)
2026-05-08,20260506-223051-147afd,2026-05-07T02:52:39.995169+00:00,2026-05-07T02:00Z,2026-05-07,Thursday,AMC Hampton Towne Centre 24,,ET,Mortal Kombat II,6:00pm,142110063,1148,,undefined,150,15,135,10,,https://www.amctheatres.com/showtimes/142110063/seats,undefined @ 6:00pm (saved link)
2026-05-08,20260506-223051-147afd,2026-05-07T02:53:15.023128+00:00,2026-05-07T02:00Z,2026-05-07,Thursday,AMC Hanes 12,,ET,Mortal Kombat II,9:00pm,142220177,1327,,undefined,118,9,109,7.6,,https://www.amctheatres.com/showtimes/142220177/seats,undefined @ 9:00pm (saved link)
2026-05-08,20260506-223051-147afd,2026-05-07T02:53:15.023128+00:00,2026-05-07T02:00Z,2026-05-07,Thursday,AMC Hanes 12,,ET,Mortal Kombat II,8:00pm,142864681,1267,,undefined,103,18,85,17.5,,https://www.amctheatres.com/showtimes/142864681/seats,undefined @ 8:00pm (saved link)
2026-05-08,20260506-223051-147afd,2026-05-07T02:53:15.023128+00:00,2026-05-07T02:00Z,2026-05-07,Thursday,AMC Hanes 12,,ET,Mortal Kombat II,6:00pm,142220176,1147,,undefined,118,21,97,17.8,,https://www.amctheatres.com/showtimes/142220176/seats,undefined @ 6:00pm (saved link)
2026-05-08,20260506-223051-147afd,2026-05-07T02:53:15.023128+00:00,2026-05-07T02:00Z,2026-05-07,Thursday,AMC Hanes 12,,ET,Mortal Kombat II,5:00pm,142864680,1087,,undefined,103,6,97,5.8,,https://www.amctheatres.com/showtimes/142864680/seats,undefined @ 5:00pm (saved link)
2026-05-08,20260506-223051-147afd,2026-05-07T02:53:41.735622+00:00,2026-05-07T02:00Z,2026-05-07,Thursday,AMC Harbison 14,,ET,Mortal Kombat II,10:00pm,142214365,1387,,PRIME at AMC,85,15,70,17.6,,https://www.amctheatres.com/showtimes/142214365/seats,PRIME at AMC @ 10:00pm (saved link)
2026-05-08,20260506-223051-147afd,2026-05-07T02:53:41.735622+00:00,2026-05-07T02:00Z,2026-05-07,Thursday,AMC Harbison 14,,ET,Mortal Kombat II,7:00pm,142214364,1207,,PRIME at AMC,85,38,47,44.7,,https://www.amctheatres.com/showtimes/142214364/seats,PRIME at AMC @ 7:00pm (saved link)
2026-05-08,20260506-223051-147afd,2026-05-07T02:53:41.735622+00:00,2026-05-07T02:00Z,2026-05-07,Thursday,AMC Harbison 14,,ET,Mortal Kombat II,9:00pm,142209876,1327,,undefined,96,13,83,13.5,,https://www.amctheatres.com/showtimes/142209876/seats,undefined @ 9:00pm (saved link)
2026-05-08,20260506-223051-147afd,2026-05-07T02:53:41.735622+00:00,2026-05-07T02:00Z,2026-05-07,Thursday,AMC Harbison 14,,ET,Mortal Kombat II,6:00pm,142209875,1147,,undefined,96,17,79,17.7,,https://www.amctheatres.com/showtimes/142209875/seats,undefined @ 6:00pm (saved link)
2026-05-08,20260506-223051-147afd,2026-05-07T02:54:09.000627+00:00,2026-05-07T02:00Z,2026-05-07,Thursday,AMC Headquarters Plaza 10,,ET,Mortal Kombat II,10:30pm,142162809,1416,,Laser at AMC,90,1,89,1.1,,https://www.amctheatres.com/showtimes/142162809/seats,Laser at AMC @ 10:30pm (saved link)
2026-05-08,20260506-223051-147afd,2026-05-07T02:54:09.000627+00:00,2026-05-07T02:00Z,2026-05-07,Thursday,AMC Headquarters Plaza 10,,ET,Mortal Kombat II,9:30pm,142903106,1356,,Laser at AMC,124,0,124,0,,https://www.amctheatres.com/showtimes/142903106/seats,Laser at AMC @ 9:30pm (saved link)
2026-05-08,20260506-223051-147afd,2026-05-07T02:54:09.000627+00:00,2026-05-07T02:00Z,2026-05-07,Thursday,AMC Headquarters Plaza 10,,ET,Mortal Kombat II,8:30pm,142903099,1296,,Laser at AMC,61,0,61,0,,https://www.amctheatres.com/showtimes/142903099/seats,Laser at AMC @ 8:30pm (saved link)
2026-05-08,20260506-223051-147afd,2026-05-07T02:54:09.000627+00:00,2026-05-07T02:00Z,2026-05-07,Thursday,AMC Headquarters Plaza 10,,ET,Mortal Kombat II,7:30pm,142162807,1236,,Laser at AMC,90,8,82,8.9,,https://www.amctheatres.com/showtimes/142162807/seats,Laser at AMC @ 7:30pm (saved link)
2026-05-08,20260506-223051-147afd,2026-05-07T02:54:09.000627+00:00,2026-05-07T02:00Z,2026-05-07,Thursday,AMC Headquarters Plaza 10,,ET,Mortal Kombat II,5:30pm,142903098,1116,,Laser at AMC,61,0,61,0,,https://www.amctheatres.com/showtimes/142903098/seats,Laser at AMC @ 5:30pm (saved link)
2026-05-08,20260506-223051-147afd,2026-05-07T02:54:36.553550+00:00,2026-05-07T02:00Z,2026-05-07,Thursday,AMC Hialeah 12,,ET,Mortal Kombat II,10:00pm,142220518,1386,,English Spoken with Spanish Subtitles,201,2,199,1,,https://www.amctheatres.com/showtimes/142220518/seats,English Spoken with Spanish Subtitles @ 10:00pm (saved link)
2026-05-08,20260506-223051-147afd,2026-05-07T02:54:36.553550+00:00,2026-05-07T02:00Z,2026-05-07,Thursday,AMC Hialeah 12,,ET,Mortal Kombat II,8:00pm,143006879,1266,,Spanish Language Dubbed with No Subtitles,77,0,77,0,,https://www.amctheatres.com/showtimes/143006879/seats,Spanish Language Dubbed with No Subtitles @ 8:00pm (saved link)
2026-05-08,20260506-223051-147afd,2026-05-07T02:54:36.553550+00:00,2026-05-07T02:00Z,2026-05-07,Thursday,AMC Hialeah 12,,ET,Mortal Kombat II,7:00pm,142220519,1206,,undefined,201,3,198,1.5,,https://www.amctheatres.com/showtimes/142220519/seats,undefined @ 7:00pm (saved link)
2026-05-08,20260506-223051-147afd,2026-05-07T02:54:36.553550+00:00,2026-05-07T02:00Z,2026-05-07,Thursday,AMC Hialeah 12,,ET,Mortal Kombat II,5:00pm,143006878,1086,,English Spoken with Spanish Subtitles,77,0,77,0,,https://www.amctheatres.com/showtimes/143006878/seats,English Spoken with Spanish Subtitles @ 5:00pm (saved link)
2026-05-08,20260506-223051-147afd,2026-05-07T02:55:06.321040+00:00,2026-05-07T02:00Z,2026-05-07,Thursday,AMC Hickory 15,,ET,Mortal Kombat II,7:00pm,142085442,1205,,Dolby Cinema at AMC,236,120,116,50.8,,https://www.amctheatres.com/showtimes/142085442/seats,Dolby Cinema at AMC @ 7:00pm (saved link)
2026-05-08,20260506-223051-147afd,2026-05-07T02:55:06.321040+00:00,2026-05-07T02:00Z,2026-05-07,Thursday,AMC Hickory 15,,ET,Mortal Kombat II,9:10pm,143004750,1335,,undefined,272,32,240,11.8,,https://www.amctheatres.com/showtimes/143004750/seats,undefined @ 9:10pm (saved link)
2026-05-08,20260506-223051-147afd,2026-05-07T02:55:06.321040+00:00,2026-05-07T02:00Z,2026-05-07,Thursday,AMC Hickory 15,,ET,Mortal Kombat II,6:15pm,143004749,1160,,undefined,272,32,240,11.8,,https://www.amctheatres.com/showtimes/143004749/seats,undefined @ 6:15pm (saved link)
2026-05-08,20260506-223051-147afd,2026-05-07T02:55:30.843692+00:00,2026-05-07T02:00Z,2026-05-07,Thursday,AMC High Point 8,,ET,Mortal Kombat II,10:15pm,142960879,1400,,undefined,68,0,68,0,,https://www.amctheatres.com/showtimes/142960879/seats,undefined @ 10:15pm (saved link)
2026-05-08,20260506-223051-147afd,2026-05-07T02:55:30.843692+00:00,2026-05-07T02:00Z,2026-05-07,Thursday,AMC High Point 8,,ET,Mortal Kombat II,6:00pm,142089123,1145,,undefined,68,13,55,19.1,,https://www.amctheatres.com/showtimes/142089123/seats,undefined @ 6:00pm (saved link)
2026-05-08,20260506-223051-147afd,2026-05-07T02:55:53.450279+00:00,2026-05-07T02:00Z,2026-05-07,Thursday,AMC Highland 12,,ET,Mortal Kombat II,8:45pm,142066471,1310,,undefined,255,5,250,2,,https://www.amctheatres.com/showtimes/142066471/seats,undefined @ 8:45pm (saved link)
2026-05-08,20260506-223051-147afd,2026-05-07T02:55:53.450279+00:00,2026-05-07T02:00Z,2026-05-07,Thursday,AMC Highland 12,,ET,Mortal Kombat II,7:45pm,142876355,1250,,undefined,193,0,193,0,,https://www.amctheatres.com/showtimes/142876355/seats,undefined @ 7:45pm (saved link)
2026-05-08,20260506-223051-147afd,2026-05-07T02:55:53.450279+00:00,2026-05-07T02:00Z,2026-05-07,Thursday,AMC Highland 12,,ET,Mortal Kombat II,6:00pm,142066470,1145,,undefined,255,15,240,5.9,,https://www.amctheatres.com/showtimes/142066470/seats,undefined @ 6:00pm (saved link)
2026-05-08,20260506-223051-147afd,2026-05-07T02:58:19.096425+00:00,2026-05-07T02:00Z,2026-05-07,Thursday,AMC Holland 8,,ET,Mortal Kombat II,8:30pm,142095421,1292,,undefined,61,7,54,11.5,,https://www.amctheatres.com/showtimes/142095421/seats,undefined @ 8:30pm (saved link)
2026-05-08,20260506-223051-147afd,2026-05-07T02:58:19.096425+00:00,2026-05-07T02:00Z,2026-05-07,Thursday,AMC Holland 8,,ET,Mortal Kombat II,5:30pm,142095422,1112,,undefined,61,7,54,11.5,,https://www.amctheatres.com/showtimes/142095422/seats,undefined @ 5:30pm (saved link)
2026-05-08,20260506-223051-147afd,2026-05-07T02:58:39.433520+00:00,2026-05-07T02:00Z,2026-05-07,Thursday,AMC Huntington Square 12,,ET,Mortal Kombat II,11:00pm,142903484,1442,,Dolby Cinema at AMC,171,6,165,3.5,,https://www.amctheatres.com/showtimes/142903484/seats,Dolby Cinema at AMC @ 11:00pm (saved link)
2026-05-08,20260506-223051-147afd,2026-05-07T02:58:39.433520+00:00,2026-05-07T02:00Z,2026-05-07,Thursday,AMC Huntington Square 12,,ET,Mortal Kombat II,8:15pm,142066738,1277,,Dolby Cinema at AMC,171,98,73,57.3,,https://www.amctheatres.com/showtimes/142066738/seats,Dolby Cinema at AMC @ 8:15pm (saved link)
2026-05-08,20260506-223051-147afd,2026-05-07T02:58:39.433520+00:00,2026-05-07T02:00Z,2026-05-07,Thursday,AMC Huntington Square 12,,ET,Mortal Kombat II,8:45pm,143007301,1307,,PRIME at AMC,117,5,112,4.3,,https://www.amctheatres.com/showtimes/143007301/seats,PRIME at AMC @ 8:45pm (saved link)
2026-05-08,20260506-223051-147afd,2026-05-07T02:58:39.433520+00:00,2026-05-07T02:00Z,2026-05-07,Thursday,AMC Huntington Square 12,,ET,Mortal Kombat II,10:00pm,142145424,1382,,Laser at AMC,81,6,75,7.4,,https://www.amctheatres.com/showtimes/142145424/seats,Laser at AMC @ 10:00pm (saved link)
2026-05-08,20260506-223051-147afd,2026-05-07T02:58:39.433520+00:00,2026-05-07T02:00Z,2026-05-07,Thursday,AMC Huntington Square 12,,ET,Mortal Kombat II,7:00pm,142145423,1202,,Laser at AMC,81,31,50,38.3,,https://www.amctheatres.com/showtimes/142145423/seats,Laser at AMC @ 7:00pm (saved link)
2026-05-08,20260506-223051-147afd,2026-05-07T02:59:08.888503+00:00,2026-05-07T02:00Z,2026-05-07,Thursday,AMC Indian Mound 9,,ET,Mortal Kombat II,9:00pm,142223554,1321,,undefined,92,0,92,0,,https://www.amctheatres.com/showtimes/142223554/seats,undefined @ 9:00pm (saved link)
2026-05-08,20260506-223051-147afd,2026-05-07T02:59:08.888503+00:00,2026-05-07T02:00Z,2026-05-07,Thursday,AMC Indian Mound 9,,ET,Mortal Kombat II,6:00pm,142223552,1141,,undefined,92,12,80,13,,https://www.amctheatres.com/showtimes/142223552/seats,undefined @ 6:00pm (saved link)
2026-05-08,20260506-223051-147afd,2026-05-07T02:59:30.910705+00:00,2026-05-07T02:00Z,2026-05-07,Thursday,AMC Indianapolis 17,,ET,Mortal Kombat II,9:00pm,142095983,1321,,IMAX at AMC,343,45,298,13.1,,https://www.amctheatres.com/showtimes/142095983/seats,IMAX at AMC @ 9:00pm (saved link)
2026-05-08,20260506-223051-147afd,2026-05-07T02:59:30.910705+00:00,2026-05-07T02:00Z,2026-05-07,Thursday,AMC Indianapolis 17,,ET,Mortal Kombat II,6:00pm,142095984,1141,,IMAX at AMC,343,59,284,17.2,,https://www.amctheatres.com/showtimes/142095984/seats,IMAX at AMC @ 6:00pm (saved link)
2026-05-08,20260506-223051-147afd,2026-05-07T02:59:30.910705+00:00,2026-05-07T02:00Z,2026-05-07,Thursday,AMC Indianapolis 17,,ET,Mortal Kombat II,10:00pm,142095866,1381,,Dolby Cinema at AMC,128,37,91,28.9,,https://www.amctheatres.com/showtimes/142095866/seats,Dolby Cinema at AMC @ 10:00pm (saved link)
2026-05-08,20260506-223051-147afd,2026-05-07T02:59:30.910705+00:00,2026-05-07T02:00Z,2026-05-07,Thursday,AMC Indianapolis 17,,ET,Mortal Kombat II,7:30pm,142095863,1231,,undefined,169,26,143,15.4,,https://www.amctheatres.com/showtimes/142095863/seats,undefined @ 7:30pm (saved link)
2026-05-08,20260506-223051-147afd,2026-05-07T02:59:58.089098+00:00,2026-05-07T02:00Z,2026-05-07,Thursday,AMC Jefferson Point 18,,ET,Mortal Kombat II,9:00pm,142212378,1321,,IMAX at AMC,304,27,277,8.9,,https://www.amctheatres.com/showtimes/142212378/seats,IMAX at AMC @ 9:00pm (saved link)
2026-05-08,20260506-223051-147afd,2026-05-07T02:59:58.089098+00:00,2026-05-07T02:00Z,2026-05-07,Thursday,AMC Jefferson Point 18,,ET,Mortal Kombat II,6:00pm,142212377,1141,,IMAX at AMC,304,15,289,4.9,,https://www.amctheatres.com/showtimes/142212377/seats,IMAX at AMC @ 6:00pm (saved link)
2026-05-08,20260506-223051-147afd,2026-05-07T02:59:58.089098+00:00,2026-05-07T02:00Z,2026-05-07,Thursday,AMC Jefferson Point 18,,ET,Mortal Kombat II,10:05pm,142936818,1385,,undefined,141,2,139,1.4,,https://www.amctheatres.com/showtimes/142936818/seats,undefined @ 10:05pm (saved link)
2026-05-08,20260506-223051-147afd,2026-05-07T02:59:58.089098+00:00,2026-05-07T02:00Z,2026-05-07,Thursday,AMC Jefferson Point 18,,ET,Mortal Kombat II,8:15pm,142936764,1276,,undefined,96,0,96,0,,https://www.amctheatres.com/showtimes/142936764/seats,undefined @ 8:15pm (saved link)
2026-05-08,20260506-223051-147afd,2026-05-07T02:59:58.089098+00:00,2026-05-07T02:00Z,2026-05-07,Thursday,AMC Jefferson Point 18,,ET,Mortal Kombat II,7:30pm,142212416,1231,,undefined,141,0,141,0,,https://www.amctheatres.com/showtimes/142212416/seats,undefined @ 7:30pm (saved link)
2026-05-08,20260506-223051-147afd,2026-05-07T03:00:29.310557+00:00,2026-05-07T03:00Z,2026-05-07,Thursday,AMC Jersey Gardens 20,,ET,Mortal Kombat II,10:00pm,142055916,1380,,IMAX with Laser at AMC,203,30,173,14.8,,https://www.amctheatres.com/showtimes/142055916/seats,IMAX with Laser at AMC @ 10:00pm (saved link)
2026-05-08,20260506-223051-147afd,2026-05-07T03:00:29.310557+00:00,2026-05-07T03:00Z,2026-05-07,Thursday,AMC Jersey Gardens 20,,ET,Mortal Kombat II,7:00pm,142055917,1200,,IMAX with Laser at AMC,203,58,145,28.6,,https://www.amctheatres.com/showtimes/142055917/seats,IMAX with Laser at AMC @ 7:00pm (saved link)
2026-05-08,20260506-223051-147afd,2026-05-07T03:00:29.310557+00:00,2026-05-07T03:00Z,2026-05-07,Thursday,AMC Jersey Gardens 20,,ET,Mortal Kombat II,10:45pm,142055891,1425,,Dolby Cinema at AMC,174,7,167,4,,https://www.amctheatres.com/showtimes/142055891/seats,Dolby Cinema at AMC @ 10:45pm (saved link)
2026-05-08,20260506-223051-147afd,2026-05-07T03:00:29.310557+00:00,2026-05-07T03:00Z,2026-05-07,Thursday,AMC Jersey Gardens 20,,ET,Mortal Kombat II,7:45pm,142055892,1245,,Dolby Cinema at AMC,174,65,109,37.4,,https://www.amctheatres.com/showtimes/142055892/seats,Dolby Cinema at AMC @ 7:45pm (saved link)
2026-05-08,20260506-223051-147afd,2026-05-07T03:00:29.310557+00:00,2026-05-07T03:00Z,2026-05-07,Thursday,AMC Jersey Gardens 20,,ET,Mortal Kombat II,9:00pm,142055919,1320,,Laser at AMC,368,0,368,0,,https://www.amctheatres.com/showtimes/142055919/seats,Laser at AMC @ 9:00pm (saved link)
2026-05-08,20260506-223051-147afd,2026-05-07T03:00:29.310557+00:00,2026-05-07T03:00Z,2026-05-07,Thursday,AMC Jersey Gardens 20,,ET,Mortal Kombat II,6:00pm,142055920,1140,,Laser at AMC,368,0,368,0,,https://www.amctheatres.com/showtimes/142055920/seats,Laser at AMC @ 6:00pm (saved link)
2026-05-08,20260506-223051-147afd,2026-05-07T03:00:29.310557+00:00,2026-05-07T03:00Z,2026-05-07,Thursday,AMC Jersey Gardens 20,,ET,Mortal Kombat II,7:20pm,142924127,1220,,Spanish Language Dubbed with No Subtitles,99,0,99,0,,https://www.amctheatres.com/showtimes/142924127/seats,Spanish Language Dubbed with No Subtitles @ 7:20pm (saved link)
2026-05-08,20260506-223051-147afd,2026-05-07T03:01:06.682125+00:00,2026-05-07T03:00Z,2026-05-07,Thursday,AMC Johnson City 14,,ET,Mortal Kombat II,8:50pm,142224358,1309,,undefined,57,22,35,38.6,,https://www.amctheatres.com/showtimes/142224358/seats,undefined @ 8:50pm (saved link)
2026-05-08,20260506-223051-147afd,2026-05-07T03:01:06.682125+00:00,2026-05-07T03:00Z,2026-05-07,Thursday,AMC Johnson City 14,,ET,Mortal Kombat II,7:00pm,142919687,1199,,undefined,50,14,36,28,,https://www.amctheatres.com/showtimes/142919687/seats,undefined @ 7:00pm (saved link)
2026-05-08,20260506-223051-147afd,2026-05-07T03:01:06.682125+00:00,2026-05-07T03:00Z,2026-05-07,Thursday,AMC Johnson City 14,,ET,Mortal Kombat II,5:55pm,142224333,1134,,undefined,57,22,35,38.6,,https://www.amctheatres.com/showtimes/142224333/seats,undefined @ 5:55pm (saved link)
2026-05-08,20260506-223051-147afd,2026-05-07T03:01:30.572208+00:00,2026-05-07T03:00Z,2026-05-07,Thursday,AMC Kalli 12,,ET,Mortal Kombat II,10:00pm,142989990,1379,,undefined,278,1,277,0.4,,https://www.amctheatres.com/showtimes/142989990/seats,undefined @ 10:00pm (saved link)
2026-05-08,20260506-223051-147afd,2026-05-07T03:01:30.572208+00:00,2026-05-07T03:00Z,2026-05-07,Thursday,AMC Kalli 12,,ET,Mortal Kombat II,9:00pm,142354133,1319,,undefined,234,5,229,2.1,,https://www.amctheatres.com/showtimes/142354133/seats,undefined @ 9:00pm (saved link)
2026-05-08,20260506-223051-147afd,2026-05-07T03:01:30.572208+00:00,2026-05-07T03:00Z,2026-05-07,Thursday,AMC Kalli 12,,ET,Mortal Kombat II,7:00pm,142989991,1199,,undefined,278,6,272,2.2,,https://www.amctheatres.com/showtimes/142989991/seats,undefined @ 7:00pm (saved link)
2026-05-08,20260506-223051-147afd,2026-05-07T03:01:30.572208+00:00,2026-05-07T03:00Z,2026-05-07,Thursday,AMC Kalli 12,,ET,Mortal Kombat II,6:00pm,142354132,1139,,undefined,234,18,216,7.7,,https://www.amctheatres.com/showtimes/142354132/seats,undefined @ 6:00pm (saved link)
2026-05-08,20260506-223051-147afd,2026-05-07T03:01:57.969796+00:00,2026-05-07T03:00Z,2026-05-07,Thursday,AMC Lake Square 12,,ET,Mortal Kombat II,10:00pm,142933252,1379,,undefined,68,0,68,0,,https://www.amctheatres.com/showtimes/142933252/seats,undefined @ 10:00pm (saved link)
2026-05-08,20260506-223051-147afd,2026-05-07T03:01:57.969796+00:00,2026-05-07T03:00Z,2026-05-07,Thursday,AMC Lake Square 12,,ET,Mortal Kombat II,9:00pm,142727950,1319,,undefined,113,9,104,8,,https://www.amctheatres.com/showtimes/142727950/seats,undefined @ 9:00pm (saved link)
2026-05-08,20260506-223051-147afd,2026-05-07T03:01:57.969796+00:00,2026-05-07T03:00Z,2026-05-07,Thursday,AMC Lake Square 12,,ET,Mortal Kombat II,7:00pm,142933251,1199,,undefined,68,3,65,4.4,,https://www.amctheatres.com/showtimes/142933251/seats,undefined @ 7:00pm (saved link)
2026-05-08,20260506-223051-147afd,2026-05-07T03:01:57.969796+00:00,2026-05-07T03:00Z,2026-05-07,Thursday,AMC Lake Square 12,,ET,Mortal Kombat II,6:00pm,142103077,1139,,undefined,113,29,84,25.7,,https://www.amctheatres.com/showtimes/142103077/seats,undefined @ 6:00pm (saved link)
2026-05-08,20260506-223051-147afd,2026-05-07T03:02:24.952606+00:00,2026-05-07T03:00Z,2026-05-07,Thursday,AMC Lakeshore 8,,ET,Mortal Kombat II,9:00pm,142221339,1318,,undefined,74,5,69,6.8,,https://www.amctheatres.com/showtimes/142221339/seats,undefined @ 9:00pm (saved link)
2026-05-08,20260506-223051-147afd,2026-05-07T03:02:24.952606+00:00,2026-05-07T03:00Z,2026-05-07,Thursday,AMC Lakeshore 8,,ET,Mortal Kombat II,7:30pm,142221340,1228,,undefined,106,19,87,17.9,,https://www.amctheatres.com/showtimes/142221340/seats,undefined @ 7:30pm (saved link)
2026-05-08,20260506-223051-147afd,2026-05-07T03:02:24.952606+00:00,2026-05-07T03:00Z,2026-05-07,Thursday,AMC Lakeshore 8,,ET,Mortal Kombat II,6:00pm,142222105,1138,,undefined,74,13,61,17.6,,https://www.amctheatres.com/showtimes/142222105/seats,undefined @ 6:00pm (saved link)
2026-05-08,20260506-223051-147afd,2026-05-07T03:02:49.024170+00:00,2026-05-07T03:00Z,2026-05-07,Thursday,AMC Landmark 8,,ET,Mortal Kombat II,9:00pm,142964682,1318,,undefined,94,3,91,3.2,,https://www.amctheatres.com/showtimes/142964682/seats,undefined @ 9:00pm (saved link)
2026-05-08,20260506-223051-147afd,2026-05-07T03:02:49.024170+00:00,2026-05-07T03:00Z,2026-05-07,Thursday,AMC Landmark 8,,ET,Mortal Kombat II,6:00pm,142210434,1138,,undefined,94,4,90,4.3,,https://www.amctheatres.com/showtimes/142210434/seats,undefined @ 6:00pm (saved link)
2026-05-08,20260506-223051-147afd,2026-05-07T03:03:15.717842+00:00,2026-05-07T03:00Z,2026-05-07,Thursday,AMC Loudoun Station 11,,ET,Mortal Kombat II,9:00pm,142200323,1317,,undefined,54,7,47,13,,https://www.amctheatres.com/showtimes/142200323/seats,undefined @ 9:00pm (saved link)
2026-05-08,20260506-223051-147afd,2026-05-07T03:03:15.717842+00:00,2026-05-07T03:00Z,2026-05-07,Thursday,AMC Loudoun Station 11,,ET,Mortal Kombat II,7:30pm,142975355,1227,,undefined,68,0,68,0,,https://www.amctheatres.com/showtimes/142975355/seats,undefined @ 7:30pm (saved link)
2026-05-08,20260506-223051-147afd,2026-05-07T03:03:15.717842+00:00,2026-05-07T03:00Z,2026-05-07,Thursday,AMC Loudoun Station 11,,ET,Mortal Kombat II,6:00pm,142200322,1137,,undefined,54,2,52,3.7,,https://www.amctheatres.com/showtimes/142200322/seats,undefined @ 6:00pm (saved link)
2026-05-08,20260506-223051-147afd,2026-05-07T03:03:40.670664+00:00,2026-05-07T03:00Z,2026-05-07,Thursday,AMC Lynnhaven 18,,ET,Mortal Kombat II,9:20pm,142065760,1337,,IMAX with Laser at AMC,274,114,160,41.6,,https://www.amctheatres.com/showtimes/142065760/seats,IMAX with Laser at AMC @ 9:20pm (saved link)
2026-05-08,20260506-223051-147afd,2026-05-07T03:03:40.670664+00:00,2026-05-07T03:00Z,2026-05-07,Thursday,AMC Lynnhaven 18,,ET,Mortal Kombat II,6:20pm,142065759,1157,,IMAX with Laser at AMC,274,199,75,72.6,,https://www.amctheatres.com/showtimes/142065759/seats,IMAX with Laser at AMC @ 6:20pm (saved link)
2026-05-08,20260506-223051-147afd,2026-05-07T03:03:40.670664+00:00,2026-05-07T03:00Z,2026-05-07,Thursday,AMC Lynnhaven 18,,ET,Mortal Kombat II,8:40pm,142942552,1297,,undefined,278,2,276,0.7,,https://www.amctheatres.com/showtimes/142942552/seats,undefined @ 8:40pm (saved link)
2026-05-08,20260506-223051-147afd,2026-05-07T03:03:40.670664+00:00,2026-05-07T03:00Z,2026-05-07,Thursday,AMC Lynnhaven 18,,ET,Mortal Kombat II,7:20pm,142065928,1217,,undefined,108,38,70,35.2,,https://www.amctheatres.com/showtimes/142065928/seats,undefined @ 7:20pm (saved link)
2026-05-08,20260506-223051-147afd,2026-05-07T03:03:40.670664+00:00,2026-05-07T03:00Z,2026-05-07,Thursday,AMC Lynnhaven 18,,ET,Mortal Kombat II,5:15pm,142065927,1092,,undefined,108,4,104,3.7,,https://www.amctheatres.com/showtimes/142065927/seats,undefined @ 5:15pm (saved link)
2026-05-08,20260506-223051-147afd,2026-05-07T03:04:10.485949+00:00,2026-05-07T03:00Z,2026-05-07,Thursday,AMC Madison Yards 8,,ET,Mortal Kombat II,8:15pm,142106785,1271,,Dolby Cinema at AMC,180,151,29,83.9,,https://www.amctheatres.com/showtimes/142106785/seats,Dolby Cinema at AMC @ 8:15pm (saved link)
2026-05-08,20260506-223051-147afd,2026-05-07T03:04:10.485949+00:00,2026-05-07T03:00Z,2026-05-07,Thursday,AMC Madison Yards 8,,ET,Mortal Kombat II,10:00pm,142106939,1376,,Laser at AMC,98,18,80,18.4,,https://www.amctheatres.com/showtimes/142106939/seats,Laser at AMC @ 10:00pm (saved link)
2026-05-08,20260506-223051-147afd,2026-05-07T03:04:10.485949+00:00,2026-05-07T03:00Z,2026-05-07,Thursday,AMC Madison Yards 8,,ET,Mortal Kombat II,7:05pm,142106940,1201,,Laser at AMC,98,66,32,67.3,,https://www.amctheatres.com/showtimes/142106940/seats,Laser at AMC @ 7:05pm (saved link)
2026-05-08,20260506-223051-147afd,2026-05-07T03:04:34.403867+00:00,2026-05-07T03:00Z,2026-05-07,Thursday,AMC Majestic 12,,ET,Mortal Kombat II,9:00pm,142872240,1316,,undefined,50,0,50,0,,https://www.amctheatres.com/showtimes/142872240/seats,undefined @ 9:00pm (saved link)
2026-05-08,20260506-223051-147afd,2026-05-07T03:05:54.324896+00:00,2026-05-07T03:00Z,2026-05-07,Thursday,AMC Majestic 6,,ET,Mortal Kombat II,10:15pm,142212684,1390,,PRIME at AMC,175,5,170,2.9,,https://www.amctheatres.com/showtimes/142212684/seats,PRIME at AMC @ 10:15pm (saved link)
2026-05-08,20260506-223051-147afd,2026-05-07T03:05:54.324896+00:00,2026-05-07T03:00Z,2026-05-07,Thursday,AMC Majestic 6,,ET,Mortal Kombat II,7:30pm,142212685,1225,,PRIME at AMC,175,43,132,24.6,,https://www.amctheatres.com/showtimes/142212685/seats,PRIME at AMC @ 7:30pm (saved link)
2026-05-08,20260506-223051-147afd,2026-05-07T03:05:54.324896+00:00,2026-05-07T03:00Z,2026-05-07,Thursday,AMC Majestic 6,,ET,Mortal Kombat II,5:45pm,142972695,1120,,undefined,102,0,102,0,,https://www.amctheatres.com/showtimes/142972695/seats,undefined @ 5:45pm (saved link)
2026-05-08,20260506-223051-147afd,2026-05-07T03:06:18.578481+00:00,2026-05-07T03:00Z,2026-05-07,Thursday,AMC Maple Ridge 8,,ET,Mortal Kombat II,9:30pm,142105635,1344,,undefined,135,14,121,10.4,,https://www.amctheatres.com/showtimes/142105635/seats,undefined @ 9:30pm (saved link)
2026-05-08,20260506-223051-147afd,2026-05-07T03:06:18.578481+00:00,2026-05-07T03:00Z,2026-05-07,Thursday,AMC Maple Ridge 8,,ET,Mortal Kombat II,6:30pm,142105634,1164,,undefined,135,48,87,35.6,,https://www.amctheatres.com/showtimes/142105634/seats,undefined @ 6:30pm (saved link)
2026-05-08,20260506-223051-147afd,2026-05-07T03:06:40.262493+00:00,2026-05-07T03:00Z,2026-05-07,Thursday,AMC Market Fair 15,,ET,Mortal Kombat II,9:00pm,142171515,1314,,undefined,109,21,88,19.3,,https://www.amctheatres.com/showtimes/142171515/seats,undefined @ 9:00pm (saved link)
2026-05-08,20260506-223051-147afd,2026-05-07T03:06:40.262493+00:00,2026-05-07T03:00Z,2026-05-07,Thursday,AMC Market Fair 15,,ET,Mortal Kombat II,7:30pm,142915746,1224,,undefined,98,10,88,10.2,,https://www.amctheatres.com/showtimes/142915746/seats,undefined @ 7:30pm (saved link)
2026-05-08,20260506-223051-147afd,2026-05-07T03:06:40.262493+00:00,2026-05-07T03:00Z,2026-05-07,Thursday,AMC Market Fair 15,,ET,Mortal Kombat II,6:00pm,142171514,1134,,undefined,109,44,65,40.4,,https://www.amctheatres.com/showtimes/142171514/seats,undefined @ 6:00pm (saved link)
2026-05-08,20260506-223051-147afd,2026-05-07T03:07:04.843717+00:00,2026-05-07T03:00Z,2026-05-07,Thursday,AMC MarketFair 10,,ET,Mortal Kombat II,10:00pm,142920867,1373,,undefined,34,1,33,2.9,,https://www.amctheatres.com/showtimes/142920867/seats,undefined @ 10:00pm (saved link)
2026-05-08,20260506-223051-147afd,2026-05-07T03:07:04.843717+00:00,2026-05-07T03:00Z,2026-05-07,Thursday,AMC MarketFair 10,,ET,Mortal Kombat II,9:40pm,142090379,1353,,undefined,100,20,80,20,,https://www.amctheatres.com/showtimes/142090379/seats,undefined @ 9:40pm (saved link)
2026-05-08,20260506-223051-147afd,2026-05-07T03:07:04.843717+00:00,2026-05-07T03:00Z,2026-05-07,Thursday,AMC MarketFair 10,,ET,Mortal Kombat II,8:20pm,142920809,1273,,undefined,34,3,31,8.8,,https://www.amctheatres.com/showtimes/142920809/seats,undefined @ 8:20pm (saved link)
2026-05-08,20260506-223051-147afd,2026-05-07T03:07:04.843717+00:00,2026-05-07T03:00Z,2026-05-07,Thursday,AMC MarketFair 10,,ET,Mortal Kombat II,6:40pm,142090385,1173,,undefined,100,32,68,32,,https://www.amctheatres.com/showtimes/142090385/seats,undefined @ 6:40pm (saved link)
2026-05-08,20260506-223051-147afd,2026-05-07T03:07:35.466934+00:00,2026-05-07T03:00Z,2026-05-07,Thursday,AMC Marlton 8,,ET,Mortal Kombat II,8:00pm,142199936,1253,,PRIME at AMC,131,37,94,28.2,,https://www.amctheatres.com/showtimes/142199936/seats,PRIME at AMC @ 8:00pm (saved link)
2026-05-08,20260506-223051-147afd,2026-05-07T03:07:35.466934+00:00,2026-05-07T03:00Z,2026-05-07,Thursday,AMC Marlton 8,,ET,Mortal Kombat II,10:00pm,142199951,1373,,Laser at AMC,104,2,102,1.9,,https://www.amctheatres.com/showtimes/142199951/seats,Laser at AMC @ 10:00pm (saved link)
2026-05-08,20260506-223051-147afd,2026-05-07T03:07:35.466934+00:00,2026-05-07T03:00Z,2026-05-07,Thursday,AMC Marlton 8,,ET,Mortal Kombat II,7:00pm,142199950,1193,,Laser at AMC,104,17,87,16.3,,https://www.amctheatres.com/showtimes/142199950/seats,Laser at AMC @ 7:00pm (saved link)
2026-05-08,20260506-223051-147afd,2026-05-07T03:08:11.424007+00:00,2026-05-07T03:00Z,2026-05-07,Thursday,AMC Marple 10,,ET,Mortal Kombat II,9:00pm,142177390,1312,,Laser at AMC,121,6,115,5,,https://www.amctheatres.com/showtimes/142177390/seats,Laser at AMC @ 9:00pm (saved link)
2026-05-08,20260506-223051-147afd,2026-05-07T03:08:11.424007+00:00,2026-05-07T03:00Z,2026-05-07,Thursday,AMC Marple 10,,ET,Mortal Kombat II,7:15pm,142948857,1207,,Laser at AMC,121,21,100,17.4,,https://www.amctheatres.com/showtimes/142948857/seats,Laser at AMC @ 7:15pm (saved link)
2026-05-08,20260506-223051-147afd,2026-05-07T03:08:11.424007+00:00,2026-05-07T03:00Z,2026-05-07,Thursday,AMC Marple 10,,ET,Mortal Kombat II,6:00pm,142177389,1132,,Laser at AMC,121,46,75,38,,https://www.amctheatres.com/showtimes/142177389/seats,Laser at AMC @ 6:00pm (saved link)
2026-05-08,20260506-223051-147afd,2026-05-07T03:08:39.410293+00:00,2026-05-07T03:00Z,2026-05-07,Thursday,AMC Marquis 16,,ET,Mortal Kombat II,10:00pm,142092677,1372,,Dolby Cinema at AMC,180,41,139,22.8,,https://www.amctheatres.com/showtimes/142092677/seats,Dolby Cinema at AMC @ 10:00pm (saved link)
2026-05-08,20260506-223051-147afd,2026-05-07T03:08:39.410293+00:00,2026-05-07T03:00Z,2026-05-07,Thursday,AMC Marquis 16,,ET,Mortal Kombat II,7:00pm,142092676,1192,,Dolby Cinema at AMC,180,123,57,68.3,,https://www.amctheatres.com/showtimes/142092676/seats,Dolby Cinema at AMC @ 7:00pm (saved link)
2026-05-08,20260506-223051-147afd,2026-05-07T03:08:39.410293+00:00,2026-05-07T03:00Z,2026-05-07,Thursday,AMC Marquis 16,,ET,Mortal Kombat II,9:00pm,142092629,1312,,undefined,98,0,98,0,,https://www.amctheatres.com/showtimes/142092629/seats,undefined @ 9:00pm (saved link)
2026-05-08,20260506-223051-147afd,2026-05-07T03:08:39.410293+00:00,2026-05-07T03:00Z,2026-05-07,Thursday,AMC Marquis 16,,ET,Mortal Kombat II,6:00pm,142092628,1132,,undefined,98,16,82,16.3,,https://www.amctheatres.com/showtimes/142092628/seats,undefined @ 6:00pm (saved link)
2026-05-08,20260506-223051-147afd,2026-05-07T03:09:08.479145+00:00,2026-05-07T03:00Z,2026-05-07,Thursday,AMC Merchants Crossing 16,,ET,Mortal Kombat II,9:00pm,142206288,1311,,undefined,155,3,152,1.9,,https://www.amctheatres.com/showtimes/142206288/seats,undefined @ 9:00pm (saved link)
2026-05-08,20260506-223051-147afd,2026-05-07T03:09:08.479145+00:00,2026-05-07T03:00Z,2026-05-07,Thursday,AMC Merchants Crossing 16,,ET,Mortal Kombat II,8:00pm,142847893,1251,,undefined,134,3,131,2.2,,https://www.amctheatres.com/showtimes/142847893/seats,undefined @ 8:00pm (saved link)
2026-05-08,20260506-223051-147afd,2026-05-07T03:09:08.479145+00:00,2026-05-07T03:00Z,2026-05-07,Thursday,AMC Merchants Crossing 16,,ET,Mortal Kombat II,7:00pm,142206227,1191,,undefined,148,5,143,3.4,,https://www.amctheatres.com/showtimes/142206227/seats,undefined @ 7:00pm (saved link)
2026-05-08,20260506-223051-147afd,2026-05-07T03:09:08.479145+00:00,2026-05-07T03:00Z,2026-05-07,Thursday,AMC Merchants Crossing 16,,ET,Mortal Kombat II,6:00pm,142206287,1131,,undefined,155,9,146,5.8,,https://www.amctheatres.com/showtimes/142206287/seats,undefined @ 6:00pm (saved link)
2026-05-08,20260506-223051-147afd,2026-05-07T03:09:35.085374+00:00,2026-05-07T03:00Z,2026-05-07,Thursday,AMC Mobile 16,,ET,Mortal Kombat II,6:00pm,142136033,1131,,undefined,196,24,172,12.2,,https://www.amctheatres.com/showtimes/142136033/seats,undefined @ 6:00pm (saved link)
2026-05-08,20260506-223051-147afd,2026-05-07T03:09:54.827888+00:00,2026-05-07T03:00Z,2026-05-07,Thursday,AMC Monmouth Mall 15,,ET,Mortal Kombat II,10:00pm,142164374,1371,,IMAX at AMC,224,6,218,2.7,,https://www.amctheatres.com/showtimes/142164374/seats,IMAX at AMC @ 10:00pm (saved link)
2026-05-08,20260506-223051-147afd,2026-05-07T03:09:54.827888+00:00,2026-05-07T03:00Z,2026-05-07,Thursday,AMC Monmouth Mall 15,,ET,Mortal Kombat II,7:00pm,142164373,1191,,IMAX at AMC,224,62,162,27.7,,https://www.amctheatres.com/showtimes/142164373/seats,IMAX at AMC @ 7:00pm (saved link)
2026-05-08,20260506-223051-147afd,2026-05-07T03:09:54.827888+00:00,2026-05-07T03:00Z,2026-05-07,Thursday,AMC Monmouth Mall 15,,ET,Mortal Kombat II,9:00pm,142164321,1311,,Dolby Cinema at AMC,121,40,81,33.1,,https://www.amctheatres.com/showtimes/142164321/seats,Dolby Cinema at AMC @ 9:00pm (saved link)
2026-05-08,20260506-223051-147afd,2026-05-07T03:09:54.827888+00:00,2026-05-07T03:00Z,2026-05-07,Thursday,AMC Monmouth Mall 15,,ET,Mortal Kombat II,8:00pm,142164413,1251,,Laser at AMC,116,9,107,7.8,,https://www.amctheatres.com/showtimes/142164413/seats,Laser at AMC @ 8:00pm (saved link)
2026-05-08,20260506-223051-147afd,2026-05-07T03:09:54.827888+00:00,2026-05-07T03:00Z,2026-05-07,Thursday,AMC Monmouth Mall 15,,ET,Mortal Kombat II,6:00pm,142880419,1131,,Laser at AMC,92,0,92,0,,https://www.amctheatres.com/showtimes/142880419/seats,Laser at AMC @ 6:00pm (saved link)
2026-05-08,20260506-223051-147afd,2026-05-07T03:09:54.827888+00:00,2026-05-07T03:00Z,2026-05-07,Thursday,AMC Monmouth Mall 15,,ET,Mortal Kombat II,5:00pm,142164393,1071,,Laser at AMC,116,11,105,9.5,,https://www.amctheatres.com/showtimes/142164393/seats,Laser at AMC @ 5:00pm (saved link)
2026-05-08,20260506-223051-147afd,2026-05-07T03:10:25.672082+00:00,2026-05-07T03:00Z,2026-05-07,Thursday,AMC Montgomery 16,,ET,Mortal Kombat II,10:30pm,142057464,1400,,PRIME at AMC,105,3,102,2.9,,https://www.amctheatres.com/showtimes/142057464/seats,PRIME at AMC @ 10:30pm (saved link)
2026-05-08,20260506-223051-147afd,2026-05-07T03:10:25.672082+00:00,2026-05-07T03:00Z,2026-05-07,Thursday,AMC Montgomery 16,,ET,Mortal Kombat II,7:30pm,142057463,1220,,PRIME at AMC,105,40,65,38.1,,https://www.amctheatres.com/showtimes/142057463/seats,PRIME at AMC @ 7:30pm (saved link)
2026-05-08,20260506-223051-147afd,2026-05-07T03:10:25.672082+00:00,2026-05-07T03:00Z,2026-05-07,Thursday,AMC Montgomery 16,,ET,Mortal Kombat II,9:00pm,142057428,1310,,Laser at AMC,144,4,140,2.8,,https://www.amctheatres.com/showtimes/142057428/seats,Laser at AMC @ 9:00pm (saved link)
2026-05-08,20260506-223051-147afd,2026-05-07T03:10:25.672082+00:00,2026-05-07T03:00Z,2026-05-07,Thursday,AMC Montgomery 16,,ET,Mortal Kombat II,6:00pm,142057427,1130,,Laser at AMC,144,4,140,2.8,,https://www.amctheatres.com/showtimes/142057427/seats,Laser at AMC @ 6:00pm (saved link)
2026-05-08,20260506-223051-147afd,2026-05-07T03:10:53.781288+00:00,2026-05-07T03:00Z,2026-05-07,Thursday,AMC Morgantown 12,,ET,Mortal Kombat II,9:00pm,142169706,1310,,undefined,89,7,82,7.9,,https://www.amctheatres.com/showtimes/142169706/seats,undefined @ 9:00pm (saved link)
2026-05-08,20260506-223051-147afd,2026-05-07T03:10:53.781288+00:00,2026-05-07T03:00Z,2026-05-07,Thursday,AMC Morgantown 12,,ET,Mortal Kombat II,6:00pm,142169705,1130,,undefined,89,9,80,10.1,,https://www.amctheatres.com/showtimes/142169705/seats,undefined @ 6:00pm (saved link)
2026-05-08,20260506-223051-147afd,2026-05-07T03:11:15.254835+00:00,2026-05-07T03:00Z,2026-05-07,Thursday,AMC Mountainside 10,,ET,Mortal Kombat II,10:15pm,142067247,1384,,XL at AMC,252,1,251,0.4,,https://www.amctheatres.com/showtimes/142067247/seats,XL at AMC @ 10:15pm (saved link)
2026-05-08,20260506-223051-147afd,2026-05-07T03:11:15.254835+00:00,2026-05-07T03:00Z,2026-05-07,Thursday,AMC Mountainside 10,,ET,Mortal Kombat II,7:15pm,142067246,1204,,XL at AMC,252,10,242,4,,https://www.amctheatres.com/showtimes/142067246/seats,XL at AMC @ 7:15pm (saved link)
2026-05-08,20260506-223051-147afd,2026-05-07T03:11:15.254835+00:00,2026-05-07T03:00Z,2026-05-07,Thursday,AMC Mountainside 10,,ET,Mortal Kombat II,8:45pm,142863952,1294,,Laser at AMC,150,0,150,0,,https://www.amctheatres.com/showtimes/142863952/seats,Laser at AMC @ 8:45pm (saved link)
2026-05-08,20260506-223051-147afd,2026-05-07T03:11:39.197765+00:00,2026-05-07T03:00Z,2026-05-07,Thursday,AMC Muncie 12,,ET,Mortal Kombat II,9:00pm,142070287,1309,,IMAX at AMC,120,15,105,12.5,,https://www.amctheatres.com/showtimes/142070287/seats,IMAX at AMC @ 9:00pm (saved link)
2026-05-08,20260506-223051-147afd,2026-05-07T03:11:39.197765+00:00,2026-05-07T03:00Z,2026-05-07,Thursday,AMC Muncie 12,,ET,Mortal Kombat II,6:00pm,142070286,1129,,IMAX at AMC,120,45,75,37.5,,https://www.amctheatres.com/showtimes/142070286/seats,IMAX at AMC @ 6:00pm (saved link)
2026-05-08,20260506-223051-147afd,2026-05-07T03:11:39.197765+00:00,2026-05-07T03:00Z,2026-05-07,Thursday,AMC Muncie 12,,ET,Mortal Kombat II,10:00pm,142070254,1369,,undefined,75,0,75,0,,https://www.amctheatres.com/showtimes/142070254/seats,undefined @ 10:00pm (saved link)
2026-05-08,20260506-223051-147afd,2026-05-07T03:11:39.197765+00:00,2026-05-07T03:00Z,2026-05-07,Thursday,AMC Muncie 12,,ET,Mortal Kombat II,7:00pm,142070253,1189,,undefined,75,0,75,0,,https://www.amctheatres.com/showtimes/142070253/seats,undefined @ 7:00pm (saved link)
2026-05-08,20260506-223051-147afd,2026-05-07T03:12:04.577144+00:00,2026-05-07T03:00Z,2026-05-07,Thursday,AMC New Brunswick 18,,ET,Mortal Kombat II,10:30pm,142061190,1398,,IMAX with Laser at AMC,404,14,390,3.5,,https://www.amctheatres.com/showtimes/142061190/seats,IMAX with Laser at AMC @ 10:30pm (saved link)
2026-05-08,20260506-223051-147afd,2026-05-07T03:12:04.577144+00:00,2026-05-07T03:00Z,2026-05-07,Thursday,AMC New Brunswick 18,,ET,Mortal Kombat II,7:30pm,142061189,1218,,IMAX with Laser at AMC,404,117,287,29,,https://www.amctheatres.com/showtimes/142061189/seats,IMAX with Laser at AMC @ 7:30pm (saved link)
2026-05-08,20260506-223051-147afd,2026-05-07T03:12:04.577144+00:00,2026-05-07T03:00Z,2026-05-07,Thursday,AMC New Brunswick 18,,ET,Mortal Kombat II,9:45pm,142061201,1353,,Dolby Cinema at AMC,150,66,84,44,,https://www.amctheatres.com/showtimes/142061201/seats,Dolby Cinema at AMC @ 9:45pm (saved link)
2026-05-08,20260506-223051-147afd,2026-05-07T03:12:04.577144+00:00,2026-05-07T03:00Z,2026-05-07,Thursday,AMC New Brunswick 18,,ET,Mortal Kombat II,9:00pm,142061170,1308,,undefined,378,0,378,0,,https://www.amctheatres.com/showtimes/142061170/seats,undefined @ 9:00pm (saved link)
2026-05-08,20260506-223051-147afd,2026-05-07T03:12:04.577144+00:00,2026-05-07T03:00Z,2026-05-07,Thursday,AMC New Brunswick 18,,ET,Mortal Kombat II,6:00pm,142061169,1128,,undefined,378,2,376,0.5,,https://www.amctheatres.com/showtimes/142061169/seats,undefined @ 6:00pm (saved link)
2026-05-08,20260506-223051-147afd,2026-05-07T03:12:35.204176+00:00,2026-05-07T03:00Z,2026-05-07,Thursday,AMC North Dekalb 16,,ET,Mortal Kombat II,9:15pm,142210941,1323,,undefined,127,9,118,7.1,,https://www.amctheatres.com/showtimes/142210941/seats,undefined @ 9:15pm (saved link)
2026-05-08,20260506-223051-147afd,2026-05-07T03:12:35.204176+00:00,2026-05-07T03:00Z,2026-05-07,Thursday,AMC North Dekalb 16,,ET,Mortal Kombat II,8:00pm,142924701,1248,,undefined,140,6,134,4.3,,https://www.amctheatres.com/showtimes/142924701/seats,undefined @ 8:00pm (saved link)
2026-05-08,20260506-223051-147afd,2026-05-07T03:12:55.243479+00:00,2026-05-07T03:00Z,2026-05-07,Thursday,AMC Northgate 14,,ET,Mortal Kombat II,9:00pm,142923463,1308,,undefined,112,0,112,0,,https://www.amctheatres.com/showtimes/142923463/seats,undefined @ 9:00pm (saved link)
2026-05-08,20260506-223051-147afd,2026-05-07T03:12:55.243479+00:00,2026-05-07T03:00Z,2026-05-07,Thursday,AMC Northgate 14,,ET,Mortal Kombat II,6:00pm,142923462,1128,,undefined,112,3,109,2.7,,https://www.amctheatres.com/showtimes/142923462/seats,undefined @ 6:00pm (saved link)
2026-05-08,20260506-223051-147afd,2026-05-07T03:12:55.243479+00:00,2026-05-07T03:00Z,2026-05-07,Thursday,AMC Northgate 14,,ET,Mortal Kombat II,6:00pm,142123586,1128,,undefined,252,7,245,2.8,,https://www.amctheatres.com/showtimes/142123586/seats,undefined @ 6:00pm (saved link)
2026-05-08,20260506-223051-147afd,2026-05-07T03:13:18.957188+00:00,2026-05-07T03:00Z,2026-05-07,Thursday,AMC Owings Mills 17,,ET,Mortal Kombat II,9:30pm,142936997,1337,,IMAX at AMC,222,46,176,20.7,,https://www.amctheatres.com/showtimes/142936997/seats,IMAX at AMC @ 9:30pm (saved link)
2026-05-08,20260506-223051-147afd,2026-05-07T03:13:18.957188+00:00,2026-05-07T03:00Z,2026-05-07,Thursday,AMC Owings Mills 17,,ET,Mortal Kombat II,9:00pm,142223831,1307,,PRIME at AMC,141,50,91,35.5,,https://www.amctheatres.com/showtimes/142223831/seats,PRIME at AMC @ 9:00pm (saved link)
2026-05-08,20260506-223051-147afd,2026-05-07T03:13:18.957188+00:00,2026-05-07T03:00Z,2026-05-07,Thursday,AMC Owings Mills 17,,ET,Mortal Kombat II,10:00pm,142223828,1367,,undefined,65,3,62,4.6,,https://www.amctheatres.com/showtimes/142223828/seats,undefined @ 10:00pm (saved link)
2026-05-08,20260506-223051-147afd,2026-05-07T03:13:18.957188+00:00,2026-05-07T03:00Z,2026-05-07,Thursday,AMC Owings Mills 17,,ET,Mortal Kombat II,7:00pm,142223827,1187,,undefined,65,38,27,58.5,,https://www.amctheatres.com/showtimes/142223827/seats,undefined @ 7:00pm (saved link)
2026-05-08,20260506-223051-147afd,2026-05-07T03:13:47.118761+00:00,2026-05-07T03:00Z,2026-05-07,Thursday,AMC Palisades 21,,ET,Mortal Kombat II,10:00pm,142083562,1367,,IMAX at AMC,292,9,283,3.1,,https://www.amctheatres.com/showtimes/142083562/seats,IMAX at AMC @ 10:00pm (saved link)
2026-05-08,20260506-223051-147afd,2026-05-07T03:13:47.118761+00:00,2026-05-07T03:00Z,2026-05-07,Thursday,AMC Palisades 21,,ET,Mortal Kombat II,7:00pm,142083566,1187,,IMAX at AMC,292,30,262,10.3,,https://www.amctheatres.com/showtimes/142083566/seats,IMAX at AMC @ 7:00pm (saved link)
2026-05-08,20260506-223051-147afd,2026-05-07T03:13:47.118761+00:00,2026-05-07T03:00Z,2026-05-07,Thursday,AMC Palisades 21,,ET,Mortal Kombat II,9:00pm,142083530,1307,,Laser at AMC,103,6,97,5.8,,https://www.amctheatres.com/showtimes/142083530/seats,Laser at AMC @ 9:00pm (saved link)
2026-05-08,20260506-223051-147afd,2026-05-07T03:13:47.118761+00:00,2026-05-07T03:00Z,2026-05-07,Thursday,AMC Palisades 21,,ET,Mortal Kombat II,8:30pm,142967985,1277,,Laser at AMC,60,2,58,3.3,,https://www.amctheatres.com/showtimes/142967985/seats,Laser at AMC @ 8:30pm (saved link)
2026-05-08,20260506-223051-147afd,2026-05-07T03:13:47.118761+00:00,2026-05-07T03:00Z,2026-05-07,Thursday,AMC Palisades 21,,ET,Mortal Kombat II,8:00pm,142967947,1247,,Laser at AMC,95,0,95,0,,https://www.amctheatres.com/showtimes/142967947/seats,Laser at AMC @ 8:00pm (saved link)
2026-05-08,20260506-223051-147afd,2026-05-07T03:13:47.118761+00:00,2026-05-07T03:00Z,2026-05-07,Thursday,AMC Palisades 21,,ET,Mortal Kombat II,7:30pm,142967953,1217,,Laser at AMC,36,4,32,11.1,,https://www.amctheatres.com/showtimes/142967953/seats,Laser at AMC @ 7:30pm (saved link)
2026-05-08,20260506-223051-147afd,2026-05-07T03:13:47.118761+00:00,2026-05-07T03:00Z,2026-05-07,Thursday,AMC Palisades 21,,ET,Mortal Kombat II,6:00pm,142083529,1127,,Laser at AMC,103,20,83,19.4,,https://www.amctheatres.com/showtimes/142083529/seats,Laser at AMC @ 6:00pm (saved link)
2026-05-08,20260506-223051-147afd,2026-05-07T03:13:47.118761+00:00,2026-05-07T03:00Z,2026-05-07,Thursday,AMC Palisades 21,,ET,Mortal Kombat II,5:00pm,142967948,1067,,Laser at AMC,95,1,94,1.1,,https://www.amctheatres.com/showtimes/142967948/seats,Laser at AMC @ 5:00pm (saved link)
2026-05-08,20260506-223051-147afd,2026-05-07T03:14:23.646514+00:00,2026-05-07T03:00Z,2026-05-07,Thursday,AMC Park Place 16,,ET,Mortal Kombat II,9:00pm,142223925,1306,,undefined,108,0,108,0,,https://www.amctheatres.com/showtimes/142223925/seats,undefined @ 9:00pm (saved link)
2026-05-08,20260506-223051-147afd,2026-05-07T03:14:23.646514+00:00,2026-05-07T03:00Z,2026-05-07,Thursday,AMC Park Place 16,,ET,Mortal Kombat II,7:45pm,142980509,1231,,undefined,43,5,38,11.6,,https://www.amctheatres.com/showtimes/142980509/seats,undefined @ 7:45pm (saved link)
2026-05-08,20260506-223051-147afd,2026-05-07T03:14:23.646514+00:00,2026-05-07T03:00Z,2026-05-07,Thursday,AMC Park Place 16,,ET,Mortal Kombat II,6:00pm,142223924,1126,,undefined,108,25,83,23.1,,https://www.amctheatres.com/showtimes/142223924/seats,undefined @ 6:00pm (saved link)
2026-05-08,20260506-223051-147afd,2026-05-07T03:14:47.327687+00:00,2026-05-07T03:00Z,2026-05-07,Thursday,AMC Park Terrace 6,,ET,Mortal Kombat II,9:00pm,142226864,1306,,undefined,39,5,34,12.8,,https://www.amctheatres.com/showtimes/142226864/seats,undefined @ 9:00pm (saved link)
2026-05-08,20260506-223051-147afd,2026-05-07T03:14:47.327687+00:00,2026-05-07T03:00Z,2026-05-07,Thursday,AMC Park Terrace 6,,ET,Mortal Kombat II,7:30pm,142226863,1216,,undefined,77,30,47,39,,https://www.amctheatres.com/showtimes/142226863/seats,undefined @ 7:30pm (saved link)
2026-05-08,20260506-223051-147afd,2026-05-07T03:15:09.617469+00:00,2026-05-07T03:00Z,2026-05-07,Thursday,AMC Parkway Pointe 15,,ET,Mortal Kombat II,8:15pm,142216188,1260,,Dolby Cinema at AMC,143,105,38,73.4,,https://www.amctheatres.com/showtimes/142216188/seats,Dolby Cinema at AMC @ 8:15pm (saved link)
2026-05-08,20260506-223051-147afd,2026-05-07T03:15:09.617469+00:00,2026-05-07T03:00Z,2026-05-07,Thursday,AMC Parkway Pointe 15,,ET,Mortal Kombat II,10:30pm,142216184,1395,,Laser at AMC,110,8,102,7.3,,https://www.amctheatres.com/showtimes/142216184/seats,Laser at AMC @ 10:30pm (saved link)
2026-05-08,20260506-223051-147afd,2026-05-07T03:15:09.617469+00:00,2026-05-07T03:00Z,2026-05-07,Thursday,AMC Parkway Pointe 15,,ET,Mortal Kombat II,9:15pm,142964069,1320,,Laser at AMC,77,0,77,0,,https://www.amctheatres.com/showtimes/142964069/seats,Laser at AMC @ 9:15pm (saved link)
2026-05-08,20260506-223051-147afd,2026-05-07T03:15:09.617469+00:00,2026-05-07T03:00Z,2026-05-07,Thursday,AMC Parkway Pointe 15,,ET,Mortal Kombat II,7:30pm,142216183,1215,,Laser at AMC,110,49,61,44.5,,https://www.amctheatres.com/showtimes/142216183/seats,Laser at AMC @ 7:30pm (saved link)
2026-05-08,20260506-223051-147afd,2026-05-07T03:15:09.617469+00:00,2026-05-07T03:00Z,2026-05-07,Thursday,AMC Parkway Pointe 15,,ET,Mortal Kombat II,6:30pm,142964132,1155,,Laser at AMC,84,2,82,2.4,,https://www.amctheatres.com/showtimes/142964132/seats,Laser at AMC @ 6:30pm (saved link)
2026-05-08,20260506-223051-147afd,2026-05-07T03:15:40.933920+00:00,2026-05-07T03:00Z,2026-05-07,Thursday,AMC Plainville 20,,ET,Mortal Kombat II,9:00pm,142181159,1305,,IMAX with Laser at AMC,363,32,331,8.8,,https://www.amctheatres.com/showtimes/142181159/seats,IMAX with Laser at AMC @ 9:00pm (saved link)
2026-05-08,20260506-223051-147afd,2026-05-07T03:15:40.933920+00:00,2026-05-07T03:00Z,2026-05-07,Thursday,AMC Plainville 20,,ET,Mortal Kombat II,6:00pm,142181158,1125,,IMAX with Laser at AMC,363,95,268,26.2,,https://www.amctheatres.com/showtimes/142181158/seats,IMAX with Laser at AMC @ 6:00pm (saved link)
2026-05-08,20260506-223051-147afd,2026-05-07T03:15:40.933920+00:00,2026-05-07T03:00Z,2026-05-07,Thursday,AMC Plainville 20,,ET,Mortal Kombat II,10:00pm,142181145,1365,,Dolby Cinema at AMC,178,35,143,19.7,,https://www.amctheatres.com/showtimes/142181145/seats,Dolby Cinema at AMC @ 10:00pm (saved link)
2026-05-08,20260506-223051-147afd,2026-05-07T03:15:40.933920+00:00,2026-05-07T03:00Z,2026-05-07,Thursday,AMC Plainville 20,,ET,Mortal Kombat II,8:00pm,142181081,1245,,undefined,106,38,68,35.8,,https://www.amctheatres.com/showtimes/142181081/seats,undefined @ 8:00pm (saved link)
2026-05-08,20260506-223051-147afd,2026-05-07T03:15:40.933920+00:00,2026-05-07T03:00Z,2026-05-07,Thursday,AMC Plainville 20,,ET,Mortal Kombat II,5:00pm,142181082,1065,,undefined,106,15,91,14.2,,https://www.amctheatres.com/showtimes/142181082/seats,undefined @ 5:00pm (saved link)
2026-05-08,20260506-223051-147afd,2026-05-07T03:16:10.509834+00:00,2026-05-07T03:00Z,2026-05-07,Thursday,AMC Port Chester 14,,ET,Mortal Kombat II,10:00pm,142218880,1364,,IMAX with Laser at AMC,212,5,207,2.4,,https://www.amctheatres.com/showtimes/142218880/seats,IMAX with Laser at AMC @ 10:00pm (saved link)
2026-05-08,20260506-223051-147afd,2026-05-07T03:16:10.509834+00:00,2026-05-07T03:00Z,2026-05-07,Thursday,AMC Port Chester 14,,ET,Mortal Kombat II,7:00pm,142218886,1184,,IMAX with Laser at AMC,212,43,169,20.3,,https://www.amctheatres.com/showtimes/142218886/seats,IMAX with Laser at AMC @ 7:00pm (saved link)
2026-05-08,20260506-223051-147afd,2026-05-07T03:16:10.509834+00:00,2026-05-07T03:00Z,2026-05-07,Thursday,AMC Port Chester 14,,ET,Mortal Kombat II,9:30pm,142218894,1334,,Dolby Cinema at AMC,159,32,127,20.1,,https://www.amctheatres.com/showtimes/142218894/seats,Dolby Cinema at AMC @ 9:30pm (saved link)
2026-05-08,20260506-223051-147afd,2026-05-07T03:16:10.509834+00:00,2026-05-07T03:00Z,2026-05-07,Thursday,AMC Port Chester 14,,ET,Mortal Kombat II,9:00pm,142218862,1304,,XL at AMC,348,4,344,1.1,,https://www.amctheatres.com/showtimes/142218862/seats,XL at AMC @ 9:00pm (saved link)
2026-05-08,20260506-223051-147afd,2026-05-07T03:16:10.509834+00:00,2026-05-07T03:00Z,2026-05-07,Thursday,AMC Port Chester 14,,ET,Mortal Kombat II,6:00pm,142218861,1124,,XL at AMC,348,5,343,1.4,,https://www.amctheatres.com/showtimes/142218861/seats,XL at AMC @ 6:00pm (saved link)
2026-05-08,20260506-223051-147afd,2026-05-07T03:16:10.509834+00:00,2026-05-07T03:00Z,2026-05-07,Thursday,AMC Port Chester 14,,ET,Mortal Kombat II,8:00pm,142218826,1244,,Laser at AMC,265,1,264,0.4,,https://www.amctheatres.com/showtimes/142218826/seats,Laser at AMC @ 8:00pm (saved link)
2026-05-08,20260506-223051-147afd,2026-05-07T03:16:10.509834+00:00,2026-05-07T03:00Z,2026-05-07,Thursday,AMC Port Chester 14,,ET,Mortal Kombat II,5:00pm,142218825,1064,,Laser at AMC,265,0,265,0,,https://www.amctheatres.com/showtimes/142218825/seats,Laser at AMC @ 5:00pm (saved link)
2026-05-08,20260506-223051-147afd,2026-05-07T03:16:45.991137+00:00,2026-05-07T03:00Z,2026-05-07,Thursday,AMC Port St Lucie 14,,ET,Mortal Kombat II,7:15pm,142875992,1199,,undefined,187,9,178,4.8,,https://www.amctheatres.com/showtimes/142875992/seats,undefined @ 7:15pm (saved link)
2026-05-08,20260506-223051-147afd,2026-05-07T03:16:45.991137+00:00,2026-05-07T03:00Z,2026-05-07,Thursday,AMC Port St Lucie 14,,ET,Mortal Kombat II,6:15pm,142063309,1139,,undefined,218,2,216,0.9,,https://www.amctheatres.com/showtimes/142063309/seats,undefined @ 6:15pm (saved link)
2026-05-08,20260506-223051-147afd,2026-05-07T03:17:07.588139+00:00,2026-05-07T03:00Z,2026-05-07,Thursday,AMC Potomac Mills 18,,ET,Mortal Kombat II,9:00pm,142055351,1303,,IMAX with Laser at AMC,257,20,237,7.8,,https://www.amctheatres.com/showtimes/142055351/seats,IMAX with Laser at AMC @ 9:00pm (saved link)
2026-05-08,20260506-223051-147afd,2026-05-07T03:17:07.588139+00:00,2026-05-07T03:00Z,2026-05-07,Thursday,AMC Potomac Mills 18,,ET,Mortal Kombat II,6:00pm,142055350,1123,,IMAX with Laser at AMC,257,56,201,21.8,,https://www.amctheatres.com/showtimes/142055350/seats,IMAX with Laser at AMC @ 6:00pm (saved link)
2026-05-08,20260506-223051-147afd,2026-05-07T03:17:07.588139+00:00,2026-05-07T03:00Z,2026-05-07,Thursday,AMC Potomac Mills 18,,ET,Mortal Kombat II,9:30pm,142986330,1333,,Dolby Cinema at AMC,147,18,129,12.2,,https://www.amctheatres.com/showtimes/142986330/seats,Dolby Cinema at AMC @ 9:30pm (saved link)
2026-05-08,20260506-223051-147afd,2026-05-07T03:17:07.588139+00:00,2026-05-07T03:00Z,2026-05-07,Thursday,AMC Potomac Mills 18,,ET,Mortal Kombat II,10:00pm,142986324,1363,,XL at AMC,278,0,278,0,,https://www.amctheatres.com/showtimes/142986324/seats,XL at AMC @ 10:00pm (saved link)
2026-05-08,20260506-223051-147afd,2026-05-07T03:17:07.588139+00:00,2026-05-07T03:00Z,2026-05-07,Thursday,AMC Potomac Mills 18,,ET,Mortal Kombat II,7:00pm,142986323,1183,,XL at AMC,278,4,274,1.4,,https://www.amctheatres.com/showtimes/142986323/seats,XL at AMC @ 7:00pm (saved link)
2026-05-08,20260506-223051-147afd,2026-05-07T03:17:07.588139+00:00,2026-05-07T03:00Z,2026-05-07,Thursday,AMC Potomac Mills 18,,ET,Mortal Kombat II,10:30pm,142986273,1393,,Laser at AMC,199,0,199,0,,https://www.amctheatres.com/showtimes/142986273/seats,Laser at AMC @ 10:30pm (saved link)
2026-05-08,20260506-223051-147afd,2026-05-07T03:17:07.588139+00:00,2026-05-07T03:00Z,2026-05-07,Thursday,AMC Potomac Mills 18,,ET,Mortal Kombat II,7:30pm,142986272,1213,,Laser at AMC,199,2,197,1,,https://www.amctheatres.com/showtimes/142986272/seats,Laser at AMC @ 7:30pm (saved link)
2026-05-08,20260506-223051-147afd,2026-05-07T03:17:40.102916+00:00,2026-05-07T03:00Z,2026-05-07,Thursday,AMC Ridge Park Square 8,,ET,Mortal Kombat II,9:00pm,142092746,1303,,undefined,139,23,116,16.5,,https://www.amctheatres.com/showtimes/142092746/seats,undefined @ 9:00pm (saved link)
2026-05-08,20260506-223051-147afd,2026-05-07T03:17:40.102916+00:00,2026-05-07T03:00Z,2026-05-07,Thursday,AMC Ridge Park Square 8,,ET,Mortal Kombat II,6:00pm,142092745,1123,,undefined,139,28,111,20.1,,https://www.amctheatres.com/showtimes/142092745/seats,undefined @ 6:00pm (saved link)
2026-05-08,20260506-223051-147afd,2026-05-07T03:18:01.572694+00:00,2026-05-07T03:00Z,2026-05-07,Thursday,AMC Ridgefield Park 12,,ET,Mortal Kombat II,10:15pm,142220086,1377,,undefined,145,11,134,7.6,,https://www.amctheatres.com/showtimes/142220086/seats,undefined @ 10:15pm (saved link)
2026-05-08,20260506-223051-147afd,2026-05-07T03:18:01.572694+00:00,2026-05-07T03:00Z,2026-05-07,Thursday,AMC Ridgefield Park 12,,ET,Mortal Kombat II,9:15pm,143005801,1317,,undefined,89,0,89,0,,https://www.amctheatres.com/showtimes/143005801/seats,undefined @ 9:15pm (saved link)
2026-05-08,20260506-223051-147afd,2026-05-07T03:18:01.572694+00:00,2026-05-07T03:00Z,2026-05-07,Thursday,AMC Ridgefield Park 12,,ET,Mortal Kombat II,7:15pm,142220085,1197,,undefined,145,51,94,35.2,,https://www.amctheatres.com/showtimes/142220085/seats,undefined @ 7:15pm (saved link)
2026-05-08,20260506-223051-147afd,2026-05-07T03:18:01.572694+00:00,2026-05-07T03:00Z,2026-05-07,Thursday,AMC Ridgefield Park 12,,ET,Mortal Kombat II,6:15pm,143005802,1137,,undefined,89,8,81,9,,https://www.amctheatres.com/showtimes/143005802/seats,undefined @ 6:15pm (saved link)
2026-05-08,20260506-223051-147afd,2026-05-07T03:18:26.731665+00:00,2026-05-07T03:00Z,2026-05-07,Thursday,AMC Ritz 13,,ET,Mortal Kombat II,9:40pm,142968622,1342,,undefined,255,0,255,0,,https://www.amctheatres.com/showtimes/142968622/seats,undefined @ 9:40pm (saved link)
2026-05-08,20260506-223051-147afd,2026-05-07T03:18:26.731665+00:00,2026-05-07T03:00Z,2026-05-07,Thursday,AMC Ritz 13,,ET,Mortal Kombat II,8:10pm,142968633,1252,,undefined,40,11,29,27.5,,https://www.amctheatres.com/showtimes/142968633/seats,undefined @ 8:10pm (saved link)
2026-05-08,20260506-223051-147afd,2026-05-07T03:18:26.731665+00:00,2026-05-07T03:00Z,2026-05-07,Thursday,AMC Ritz 13,,ET,Mortal Kombat II,6:45pm,142219324,1167,,undefined,255,10,245,3.9,,https://www.amctheatres.com/showtimes/142219324/seats,undefined @ 6:45pm (saved link)
2026-05-08,20260506-223051-147afd,2026-05-07T03:18:26.731665+00:00,2026-05-07T03:00Z,2026-05-07,Thursday,AMC Ritz 13,,ET,Mortal Kombat II,5:10pm,142968631,1072,,undefined,40,0,40,0,,https://www.amctheatres.com/showtimes/142968631/seats,undefined @ 5:10pm (saved link)
2026-05-08,20260506-223051-147afd,2026-05-07T03:18:53.469496+00:00,2026-05-07T03:00Z,2026-05-07,Thursday,AMC River Hills 10,,ET,Mortal Kombat II,8:30pm,142745738,1272,,undefined,48,8,40,16.7,,https://www.amctheatres.com/showtimes/142745738/seats,undefined @ 8:30pm (saved link)
2026-05-08,20260506-223051-147afd,2026-05-07T03:18:53.469496+00:00,2026-05-07T03:00Z,2026-05-07,Thursday,AMC River Hills 10,,ET,Mortal Kombat II,6:00pm,142061978,1122,,undefined,101,1,100,1,,https://www.amctheatres.com/showtimes/142061978/seats,undefined @ 6:00pm (saved link)
2026-05-08,20260506-223051-147afd,2026-05-07T03:19:46.479057+00:00,2026-05-07T03:00Z,2026-05-07,Thursday,AMC Rivertowne 12,,ET,Mortal Kombat II,6:00pm,142197385,1121,,Laser at AMC,84,37,47,44,,https://www.amctheatres.com/showtimes/142197385/seats,Laser at AMC @ 6:00pm (saved link)
2026-05-08,20260506-223051-147afd,2026-05-07T03:20:05.358130+00:00,2026-05-07T03:00Z,2026-05-07,Thursday,AMC Riverview 14,,ET,Mortal Kombat II,10:00pm,142056634,1360,,GDX,261,33,228,12.6,,https://www.amctheatres.com/showtimes/142056634/seats,GDX @ 10:00pm (saved link)
2026-05-08,20260506-223051-147afd,2026-05-07T03:20:05.358130+00:00,2026-05-07T03:00Z,2026-05-07,Thursday,AMC Riverview 14,,ET,Mortal Kombat II,8:45pm,142917587,1285,,GDX,261,30,231,11.5,,https://www.amctheatres.com/showtimes/142917587/seats,GDX @ 8:45pm (saved link)
2026-05-08,20260506-223051-147afd,2026-05-07T03:20:05.358130+00:00,2026-05-07T03:00Z,2026-05-07,Thursday,AMC Riverview 14,,ET,Mortal Kombat II,8:00pm,142056666,1240,,undefined,119,18,101,15.1,,https://www.amctheatres.com/showtimes/142056666/seats,undefined @ 8:00pm (saved link)
2026-05-08,20260506-223051-147afd,2026-05-07T03:20:05.358130+00:00,2026-05-07T03:00Z,2026-05-07,Thursday,AMC Riverview 14,,ET,Mortal Kombat II,7:00pm,142056633,1180,,GDX,261,163,98,62.5,,https://www.amctheatres.com/showtimes/142056633/seats,GDX @ 7:00pm (saved link)
2026-05-08,20260506-223051-147afd,2026-05-07T03:20:05.358130+00:00,2026-05-07T03:00Z,2026-05-07,Thursday,AMC Riverview 14,,ET,Mortal Kombat II,6:15pm,142917589,1135,,undefined,90,9,81,10,,https://www.amctheatres.com/showtimes/142917589/seats,undefined @ 6:15pm (saved link)
2026-05-08,20260506-223051-147afd,2026-05-07T03:20:35.306521+00:00,2026-05-07T03:00Z,2026-05-07,Thursday,AMC Rockaway 16,,ET,Mortal Kombat II,10:00pm,142081361,1360,,IMAX with Laser at AMC,219,20,199,9.1,,https://www.amctheatres.com/showtimes/142081361/seats,IMAX with Laser at AMC @ 10:00pm (saved link)
2026-05-08,20260506-223051-147afd,2026-05-07T03:20:35.306521+00:00,2026-05-07T03:00Z,2026-05-07,Thursday,AMC Rockaway 16,,ET,Mortal Kombat II,7:00pm,142081360,1180,,IMAX with Laser at AMC,219,87,132,39.7,,https://www.amctheatres.com/showtimes/142081360/seats,IMAX with Laser at AMC @ 7:00pm (saved link)
2026-05-08,20260506-223051-147afd,2026-05-07T03:20:35.306521+00:00,2026-05-07T03:00Z,2026-05-07,Thursday,AMC Rockaway 16,,ET,Mortal Kombat II,9:00pm,142081547,1300,,XL at AMC,283,11,272,3.9,,https://www.amctheatres.com/showtimes/142081547/seats,XL at AMC @ 9:00pm (saved link)
2026-05-08,20260506-223051-147afd,2026-05-07T03:20:35.306521+00:00,2026-05-07T03:00Z,2026-05-07,Thursday,AMC Rockaway 16,,ET,Mortal Kombat II,6:00pm,142081546,1120,,XL at AMC,283,4,279,1.4,,https://www.amctheatres.com/showtimes/142081546/seats,XL at AMC @ 6:00pm (saved link)
2026-05-08,20260506-223051-147afd,2026-05-07T03:20:35.306521+00:00,2026-05-07T03:00Z,2026-05-07,Thursday,AMC Rockaway 16,,ET,Mortal Kombat II,8:00pm,142934508,1240,,Laser at AMC,113,0,113,0,,https://www.amctheatres.com/showtimes/142934508/seats,Laser at AMC @ 8:00pm (saved link)
2026-05-08,20260506-223051-147afd,2026-05-07T03:21:02.215937+00:00,2026-05-07T03:00Z,2026-05-07,Thursday,AMC Royale 6,,ET,Mortal Kombat II,9:30pm,142056744,1329,,undefined,114,3,111,2.6,,https://www.amctheatres.com/showtimes/142056744/seats,undefined @ 9:30pm (saved link)
2026-05-08,20260506-223051-147afd,2026-05-07T03:21:02.215937+00:00,2026-05-07T03:00Z,2026-05-07,Thursday,AMC Royale 6,,ET,Mortal Kombat II,6:30pm,142056743,1149,,undefined,114,2,112,1.8,,https://www.amctheatres.com/showtimes/142056743/seats,undefined @ 6:30pm (saved link)
2026-05-08,20260506-223051-147afd,2026-05-07T03:21:24.168786+00:00,2026-05-07T03:00Z,2026-05-07,Thursday,AMC Saratoga Springs 11,,ET,Mortal Kombat II,6:45pm,142083609,1164,,XL at AMC,256,11,245,4.3,,https://www.amctheatres.com/showtimes/142083609/seats,XL at AMC @ 6:45pm (saved link)
2026-05-08,20260506-223051-147afd,2026-05-07T03:21:24.168786+00:00,2026-05-07T03:00Z,2026-05-07,Thursday,AMC Saratoga Springs 11,,ET,Mortal Kombat II,9:00pm,142882125,1299,,undefined,131,0,131,0,,https://www.amctheatres.com/showtimes/142882125/seats,undefined @ 9:00pm (saved link)
2026-05-08,20260506-223051-147afd,2026-05-07T03:21:24.168786+00:00,2026-05-07T03:00Z,2026-05-07,Thursday,AMC Saratoga Springs 11,,ET,Mortal Kombat II,8:00pm,142083620,1239,,undefined,252,7,245,2.8,,https://www.amctheatres.com/showtimes/142083620/seats,undefined @ 8:00pm (saved link)
2026-05-08,20260506-223051-147afd,2026-05-07T03:21:48.078921+00:00,2026-05-07T03:00Z,2026-05-07,Thursday,AMC Schererville 12,,ET,Mortal Kombat II,8:00pm,142052624,1239,,XL at AMC,277,2,275,0.7,,https://www.amctheatres.com/showtimes/142052624/seats,XL at AMC @ 8:00pm (saved link)
2026-05-08,20260506-223051-147afd,2026-05-07T03:21:48.078921+00:00,2026-05-07T03:00Z,2026-05-07,Thursday,AMC Schererville 12,,ET,Mortal Kombat II,5:00pm,142052623,1059,,XL at AMC,277,1,276,0.4,,https://www.amctheatres.com/showtimes/142052623/seats,XL at AMC @ 5:00pm (saved link)
2026-05-08,20260506-223051-147afd,2026-05-07T03:21:48.078921+00:00,2026-05-07T03:00Z,2026-05-07,Thursday,AMC Schererville 12,,ET,Mortal Kombat II,9:15pm,142970633,1314,,Laser at AMC,135,0,135,0,,https://www.amctheatres.com/showtimes/142970633/seats,Laser at AMC @ 9:15pm (saved link)
2026-05-08,20260506-223051-147afd,2026-05-07T03:21:48.078921+00:00,2026-05-07T03:00Z,2026-05-07,Thursday,AMC Schererville 12,,ET,Mortal Kombat II,6:00pm,142970632,1119,,Laser at AMC,135,0,135,0,,https://www.amctheatres.com/showtimes/142970632/seats,Laser at AMC @ 6:00pm (saved link)
2026-05-08,20260506-223051-147afd,2026-05-07T03:22:14.029441+00:00,2026-05-07T03:00Z,2026-05-07,Thursday,AMC Schererville 16,,ET,Mortal Kombat II,10:00pm,142052509,1358,,IMAX at AMC,290,6,284,2.1,,https://www.amctheatres.com/showtimes/142052509/seats,IMAX at AMC @ 10:00pm (saved link)
2026-05-08,20260506-223051-147afd,2026-05-07T03:22:14.029441+00:00,2026-05-07T03:00Z,2026-05-07,Thursday,AMC Schererville 16,,ET,Mortal Kombat II,7:15pm,142052510,1193,,IMAX at AMC,290,66,224,22.8,,https://www.amctheatres.com/showtimes/142052510/seats,IMAX at AMC @ 7:15pm (saved link)
2026-05-08,20260506-223051-147afd,2026-05-07T03:22:14.029441+00:00,2026-05-07T03:00Z,2026-05-07,Thursday,AMC Schererville 16,,ET,Mortal Kombat II,9:00pm,142052563,1298,,XL at AMC,362,9,353,2.5,,https://www.amctheatres.com/showtimes/142052563/seats,XL at AMC @ 9:00pm (saved link)
2026-05-08,20260506-223051-147afd,2026-05-07T03:22:14.029441+00:00,2026-05-07T03:00Z,2026-05-07,Thursday,AMC Schererville 16,,ET,Mortal Kombat II,6:15pm,142052561,1133,,XL at AMC,362,3,359,0.8,,https://www.amctheatres.com/showtimes/142052561/seats,XL at AMC @ 6:15pm (saved link)
2026-05-08,20260506-223051-147afd,2026-05-07T03:22:14.029441+00:00,2026-05-07T03:00Z,2026-05-07,Thursday,AMC Schererville 16,,ET,Mortal Kombat II,8:15pm,142970199,1253,,Laser at AMC,174,1,173,0.6,,https://www.amctheatres.com/showtimes/142970199/seats,Laser at AMC @ 8:15pm (saved link)
2026-05-08,20260506-223051-147afd,2026-05-07T03:22:14.029441+00:00,2026-05-07T03:00Z,2026-05-07,Thursday,AMC Schererville 16,,ET,Mortal Kombat II,5:30pm,142787472,1088,,Laser at AMC,174,0,174,0,,https://www.amctheatres.com/showtimes/142787472/seats,Laser at AMC @ 5:30pm (saved link)
2026-05-08,20260506-223051-147afd,2026-05-07T03:22:45.918311+00:00,2026-05-07T03:00Z,2026-05-07,Thursday,AMC Security Square 8,,ET,Mortal Kombat II,8:30pm,142078807,1268,,undefined,114,16,98,14,,https://www.amctheatres.com/showtimes/142078807/seats,undefined @ 8:30pm (saved link)
2026-05-08,20260506-223051-147afd,2026-05-07T03:22:45.918311+00:00,2026-05-07T03:00Z,2026-05-07,Thursday,AMC Security Square 8,,ET,Mortal Kombat II,5:35pm,142078806,1093,,undefined,114,5,109,4.4,,https://www.amctheatres.com/showtimes/142078806/seats,undefined @ 5:35pm (saved link)
2026-05-08,20260506-223051-147afd,2026-05-07T03:23:08.359301+00:00,2026-05-07T03:00Z,2026-05-07,Thursday,AMC SoNo8,,ET,Mortal Kombat II,10:15pm,142864556,1372,,undefined,66,0,66,0,,https://www.amctheatres.com/showtimes/142864556/seats,undefined @ 10:15pm (saved link)
2026-05-08,20260506-223051-147afd,2026-05-07T03:23:08.359301+00:00,2026-05-07T03:00Z,2026-05-07,Thursday,AMC SoNo8,,ET,Mortal Kombat II,7:15pm,142864555,1192,,undefined,66,8,58,12.1,,https://www.amctheatres.com/showtimes/142864555/seats,undefined @ 7:15pm (saved link)
2026-05-08,20260506-223051-147afd,2026-05-07T03:23:31.592542+00:00,2026-05-07T03:00Z,2026-05-07,Thursday,AMC South Bay Center 12,,ET,Mortal Kombat II,9:15pm,142203475,1312,,IMAX at AMC,232,20,212,8.6,,https://www.amctheatres.com/showtimes/142203475/seats,IMAX at AMC @ 9:15pm (saved link)
2026-05-08,20260506-223051-147afd,2026-05-07T03:23:31.592542+00:00,2026-05-07T03:00Z,2026-05-07,Thursday,AMC South Bay Center 12,,ET,Mortal Kombat II,6:15pm,142203474,1132,,IMAX at AMC,232,54,178,23.3,,https://www.amctheatres.com/showtimes/142203474/seats,IMAX at AMC @ 6:15pm (saved link)
2026-05-08,20260506-223051-147afd,2026-05-07T03:23:31.592542+00:00,2026-05-07T03:00Z,2026-05-07,Thursday,AMC South Bay Center 12,,ET,Mortal Kombat II,10:00pm,142203490,1357,,Dolby Cinema at AMC,178,18,160,10.1,,https://www.amctheatres.com/showtimes/142203490/seats,Dolby Cinema at AMC @ 10:00pm (saved link)
2026-05-08,20260506-223051-147afd,2026-05-07T03:23:31.592542+00:00,2026-05-07T03:00Z,2026-05-07,Thursday,AMC South Bay Center 12,,ET,Mortal Kombat II,8:00pm,142203507,1237,,Laser at AMC,106,8,98,7.5,,https://www.amctheatres.com/showtimes/142203507/seats,Laser at AMC @ 8:00pm (saved link)
2026-05-08,20260506-223051-147afd,2026-05-07T03:23:31.592542+00:00,2026-05-07T03:00Z,2026-05-07,Thursday,AMC South Bay Center 12,,ET,Mortal Kombat II,5:00pm,142203506,1057,,Laser at AMC,106,1,105,0.9,,https://www.amctheatres.com/showtimes/142203506/seats,Laser at AMC @ 5:00pm (saved link)
2026-05-08,20260506-223051-147afd,2026-05-07T03:24:04.940657+00:00,2026-05-07T03:00Z,2026-05-07,Thursday,AMC Southington 12,,ET,Mortal Kombat II,9:10pm,142859751,1306,,undefined,55,2,53,3.6,,https://www.amctheatres.com/showtimes/142859751/seats,undefined @ 9:10pm (saved link)
2026-05-08,20260506-223051-147afd,2026-05-07T03:24:04.940657+00:00,2026-05-07T03:00Z,2026-05-07,Thursday,AMC Southington 12,,ET,Mortal Kombat II,8:15pm,142863879,1251,,undefined,54,8,46,14.8,,https://www.amctheatres.com/showtimes/142863879/seats,undefined @ 8:15pm (saved link)
2026-05-08,20260506-223051-147afd,2026-05-07T03:24:04.940657+00:00,2026-05-07T03:00Z,2026-05-07,Thursday,AMC Southington 12,,ET,Mortal Kombat II,7:30pm,142065680,1206,,undefined,186,39,147,21,,https://www.amctheatres.com/showtimes/142065680/seats,undefined @ 7:30pm (saved link)
2026-05-08,20260506-223051-147afd,2026-05-07T03:24:04.940657+00:00,2026-05-07T03:00Z,2026-05-07,Thursday,AMC Southington 12,,ET,Mortal Kombat II,5:55pm,142862208,1111,,undefined,55,3,52,5.5,,https://www.amctheatres.com/showtimes/142862208/seats,undefined @ 5:55pm (saved link)
2026-05-08,20260506-223051-147afd,2026-05-07T03:24:31.771407+00:00,2026-05-07T03:00Z,2026-05-07,Thursday,AMC Southpoint 17,,ET,Mortal Kombat II,9:00pm,142201961,1296,,IMAX with Laser at AMC,308,70,238,22.7,,https://www.amctheatres.com/showtimes/142201961/seats,IMAX with Laser at AMC @ 9:00pm (saved link)
2026-05-08,20260506-223051-147afd,2026-05-07T03:24:31.771407+00:00,2026-05-07T03:00Z,2026-05-07,Thursday,AMC Southpoint 17,,ET,Mortal Kombat II,6:00pm,142201960,1116,,IMAX with Laser at AMC,308,95,213,30.8,,https://www.amctheatres.com/showtimes/142201960/seats,IMAX with Laser at AMC @ 6:00pm (saved link)
2026-05-08,20260506-223051-147afd,2026-05-07T03:24:31.771407+00:00,2026-05-07T03:00Z,2026-05-07,Thursday,AMC Southpoint 17,,ET,Mortal Kombat II,10:45pm,142201804,1401,,Dolby Cinema at AMC,126,15,111,11.9,,https://www.amctheatres.com/showtimes/142201804/seats,Dolby Cinema at AMC @ 10:45pm (saved link)
2026-05-08,20260506-223051-147afd,2026-05-07T03:24:31.771407+00:00,2026-05-07T03:00Z,2026-05-07,Thursday,AMC Southpoint 17,,ET,Mortal Kombat II,10:00pm,142201938,1356,,undefined,126,7,119,5.6,,https://www.amctheatres.com/showtimes/142201938/seats,undefined @ 10:00pm (saved link)
2026-05-08,20260506-223051-147afd,2026-05-07T03:24:31.771407+00:00,2026-05-07T03:00Z,2026-05-07,Thursday,AMC Southpoint 17,,ET,Mortal Kombat II,6:55pm,142201937,1171,,undefined,126,24,102,19,,https://www.amctheatres.com/showtimes/142201937/seats,undefined @ 6:55pm (saved link)
2026-05-08,20260506-223051-147afd,2026-05-07T03:25:01.284409+00:00,2026-05-07T03:00Z,2026-05-07,Thursday,AMC Spring Hill 12,,ET,Mortal Kombat II,8:30pm,142718634,1265,,undefined,152,6,146,3.9,,https://www.amctheatres.com/showtimes/142718634/seats,undefined @ 8:30pm (saved link)
2026-05-08,20260506-223051-147afd,2026-05-07T03:25:01.284409+00:00,2026-05-07T03:00Z,2026-05-07,Thursday,AMC Spring Hill 12,,ET,Mortal Kombat II,7:00pm,142055094,1175,,BigD at AMC,541,6,535,1.1,,https://www.amctheatres.com/showtimes/142055094/seats,BigD at AMC @ 7:00pm (saved link)
2026-05-08,20260506-223051-147afd,2026-05-07T03:25:24.686413+00:00,2026-05-07T03:00Z,2026-05-07,Thursday,AMC Star Gratiot 15,,ET,Mortal Kombat II,10:00pm,142926105,1355,,Dolby Cinema at AMC,160,6,154,3.8,,https://www.amctheatres.com/showtimes/142926105/seats,Dolby Cinema at AMC @ 10:00pm (saved link)
2026-05-08,20260506-223051-147afd,2026-05-07T03:25:24.686413+00:00,2026-05-07T03:00Z,2026-05-07,Thursday,AMC Star Gratiot 15,,ET,Mortal Kombat II,7:00pm,142056086,1175,,Dolby Cinema at AMC,160,66,94,41.3,,https://www.amctheatres.com/showtimes/142056086/seats,Dolby Cinema at AMC @ 7:00pm (saved link)
2026-05-08,20260506-223051-147afd,2026-05-07T03:25:24.686413+00:00,2026-05-07T03:00Z,2026-05-07,Thursday,AMC Star Gratiot 15,,ET,Mortal Kombat II,9:00pm,142769690,1295,,undefined,118,2,116,1.7,,https://www.amctheatres.com/showtimes/142769690/seats,undefined @ 9:00pm (saved link)
2026-05-08,20260506-223051-147afd,2026-05-07T03:25:24.686413+00:00,2026-05-07T03:00Z,2026-05-07,Thursday,AMC Star Gratiot 15,,ET,Mortal Kombat II,8:00pm,142925818,1235,,undefined,77,0,77,0,,https://www.amctheatres.com/showtimes/142925818/seats,undefined @ 8:00pm (saved link)
2026-05-08,20260506-223051-147afd,2026-05-07T03:25:24.686413+00:00,2026-05-07T03:00Z,2026-05-07,Thursday,AMC Star Gratiot 15,,ET,Mortal Kombat II,6:00pm,142055993,1115,,undefined,118,9,109,7.6,,https://www.amctheatres.com/showtimes/142055993/seats,undefined @ 6:00pm (saved link)
2026-05-08,20260506-223051-147afd,2026-05-07T03:25:24.686413+00:00,2026-05-07T03:00Z,2026-05-07,Thursday,AMC Star Gratiot 15,,ET,Mortal Kombat II,5:00pm,142925817,1055,,undefined,77,0,77,0,,https://www.amctheatres.com/showtimes/142925817/seats,undefined @ 5:00pm (saved link)
2026-05-08,20260506-223051-147afd,2026-05-07T03:25:54.892622+00:00,2026-05-07T03:00Z,2026-05-07,Thursday,AMC Staten Island 11,,ET,Mortal Kombat II,9:00pm,142092435,1295,,IMAX with Laser at AMC,260,44,216,16.9,,https://www.amctheatres.com/showtimes/142092435/seats,IMAX with Laser at AMC @ 9:00pm (saved link)
2026-05-08,20260506-223051-147afd,2026-05-07T03:25:54.892622+00:00,2026-05-07T03:00Z,2026-05-07,Thursday,AMC Staten Island 11,,ET,Mortal Kombat II,6:00pm,142092434,1115,,IMAX with Laser at AMC,260,47,213,18.1,,https://www.amctheatres.com/showtimes/142092434/seats,IMAX with Laser at AMC @ 6:00pm (saved link)
2026-05-08,20260506-223051-147afd,2026-05-07T03:25:54.892622+00:00,2026-05-07T03:00Z,2026-05-07,Thursday,AMC Staten Island 11,,ET,Mortal Kombat II,10:00pm,142092459,1355,,Dolby Cinema at AMC,186,22,164,11.8,,https://www.amctheatres.com/showtimes/142092459/seats,Dolby Cinema at AMC @ 10:00pm (saved link)
2026-05-08,20260506-223051-147afd,2026-05-07T03:25:54.892622+00:00,2026-05-07T03:00Z,2026-05-07,Thursday,AMC Staten Island 11,,ET,Mortal Kombat II,7:00pm,142092507,1175,,Laser at AMC,79,8,71,10.1,,https://www.amctheatres.com/showtimes/142092507/seats,Laser at AMC @ 7:00pm (saved link)
2026-05-08,20260506-223051-147afd,2026-05-07T03:25:54.892622+00:00,2026-05-07T03:00Z,2026-05-07,Thursday,AMC Staten Island 11,,ET,Mortal Kombat II,5:00pm,142866891,1055,,Laser at AMC,69,1,68,1.4,,https://www.amctheatres.com/showtimes/142866891/seats,Laser at AMC @ 5:00pm (saved link)
2026-05-08,20260506-223051-147afd,2026-05-07T03:26:24.232298+00:00,2026-05-07T03:00Z,2026-05-07,Thursday,AMC Stones River 9,,ET,Mortal Kombat II,10:30pm,142048275,1384,,Dolby Cinema at AMC,248,20,228,8.1,,https://www.amctheatres.com/showtimes/142048275/seats,Dolby Cinema at AMC @ 10:30pm (saved link)
2026-05-08,20260506-223051-147afd,2026-05-07T03:26:24.232298+00:00,2026-05-07T03:00Z,2026-05-07,Thursday,AMC Stones River 9,,ET,Mortal Kombat II,7:40pm,142048274,1214,,Dolby Cinema at AMC,248,78,170,31.5,,https://www.amctheatres.com/showtimes/142048274/seats,Dolby Cinema at AMC @ 7:40pm (saved link)
2026-05-08,20260506-223051-147afd,2026-05-07T03:26:24.232298+00:00,2026-05-07T03:00Z,2026-05-07,Thursday,AMC Stones River 9,,ET,Mortal Kombat II,10:00pm,142048259,1354,,undefined,114,0,114,0,,https://www.amctheatres.com/showtimes/142048259/seats,undefined @ 10:00pm (saved link)
2026-05-08,20260506-223051-147afd,2026-05-07T03:26:24.232298+00:00,2026-05-07T03:00Z,2026-05-07,Thursday,AMC Stones River 9,,ET,Mortal Kombat II,7:00pm,142048284,1174,,undefined,114,27,87,23.7,,https://www.amctheatres.com/showtimes/142048284/seats,undefined @ 7:00pm (saved link)
2026-05-08,20260506-223051-147afd,2026-05-07T03:26:52.398450+00:00,2026-05-07T03:00Z,2026-05-07,Thursday,AMC Stonybrook 20,,ET,Mortal Kombat II,9:00pm,142149438,1294,,IMAX at AMC,192,34,158,17.7,,https://www.amctheatres.com/showtimes/142149438/seats,IMAX at AMC @ 9:00pm (saved link)
2026-05-08,20260506-223051-147afd,2026-05-07T03:26:52.398450+00:00,2026-05-07T03:00Z,2026-05-07,Thursday,AMC Stonybrook 20,,ET,Mortal Kombat II,6:00pm,142149437,1114,,IMAX at AMC,192,41,151,21.4,,https://www.amctheatres.com/showtimes/142149437/seats,IMAX at AMC @ 6:00pm (saved link)
2026-05-08,20260506-223051-147afd,2026-05-07T03:26:52.398450+00:00,2026-05-07T03:00Z,2026-05-07,Thursday,AMC Stonybrook 20,,ET,Mortal Kombat II,8:15pm,142754832,1249,,undefined,92,0,92,0,,https://www.amctheatres.com/showtimes/142754832/seats,undefined @ 8:15pm (saved link)
2026-05-08,20260506-223051-147afd,2026-05-07T03:26:52.398450+00:00,2026-05-07T03:00Z,2026-05-07,Thursday,AMC Stonybrook 20,,ET,Mortal Kombat II,7:30pm,142149439,1204,,undefined,324,68,256,21,,https://www.amctheatres.com/showtimes/142149439/seats,undefined @ 7:30pm (saved link)
2026-05-08,20260506-223051-147afd,2026-05-07T03:26:52.398450+00:00,2026-05-07T03:00Z,2026-05-07,Thursday,AMC Stonybrook 20,,ET,Mortal Kombat II,5:30pm,142754831,1084,,undefined,92,1,91,1.1,,https://www.amctheatres.com/showtimes/142754831/seats,undefined @ 5:30pm (saved link)
2026-05-08,20260506-223051-147afd,2026-05-07T03:27:22.788159+00:00,2026-05-07T03:00Z,2026-05-07,Thursday,AMC Sunrise 8,,ET,Mortal Kombat II,9:00pm,142051474,1293,,undefined,121,37,84,30.6,,https://www.amctheatres.com/showtimes/142051474/seats,undefined @ 9:00pm (saved link)
2026-05-08,20260506-223051-147afd,2026-05-07T03:27:22.788159+00:00,2026-05-07T03:00Z,2026-05-07,Thursday,AMC Sunrise 8,,ET,Mortal Kombat II,6:00pm,142051473,1113,,undefined,121,28,93,23.1,,https://www.amctheatres.com/showtimes/142051473/seats,undefined @ 6:00pm (saved link)
2026-05-08,20260506-223051-147afd,2026-05-07T03:27:45.884030+00:00,2026-05-07T03:00Z,2026-05-07,Thursday,AMC Tallahassee 20,,ET,Mortal Kombat II,9:00pm,142156010,1293,,IMAX at AMC,361,12,349,3.3,,https://www.amctheatres.com/showtimes/142156010/seats,IMAX at AMC @ 9:00pm (saved link)
2026-05-08,20260506-223051-147afd,2026-05-07T03:27:45.884030+00:00,2026-05-07T03:00Z,2026-05-07,Thursday,AMC Tallahassee 20,,ET,Mortal Kombat II,6:00pm,142156011,1113,,IMAX at AMC,361,65,296,18,,https://www.amctheatres.com/showtimes/142156011/seats,IMAX at AMC @ 6:00pm (saved link)
2026-05-08,20260506-223051-147afd,2026-05-07T03:27:45.884030+00:00,2026-05-07T03:00Z,2026-05-07,Thursday,AMC Tallahassee 20,,ET,Mortal Kombat II,10:00pm,142155908,1353,,Dolby Cinema at AMC,226,35,191,15.5,,https://www.amctheatres.com/showtimes/142155908/seats,Dolby Cinema at AMC @ 10:00pm (saved link)
2026-05-08,20260506-223051-147afd,2026-05-07T03:27:45.884030+00:00,2026-05-07T03:00Z,2026-05-07,Thursday,AMC Tallahassee 20,,ET,Mortal Kombat II,9:30pm,142155925,1323,,undefined,96,2,94,2.1,,https://www.amctheatres.com/showtimes/142155925/seats,undefined @ 9:30pm (saved link)
2026-05-08,20260506-223051-147afd,2026-05-07T03:27:45.884030+00:00,2026-05-07T03:00Z,2026-05-07,Thursday,AMC Tallahassee 20,,ET,Mortal Kombat II,7:45pm,142155952,1218,,undefined,94,15,79,16,,https://www.amctheatres.com/showtimes/142155952/seats,undefined @ 7:45pm (saved link)
2026-05-08,20260506-223051-147afd,2026-05-07T03:27:45.884030+00:00,2026-05-07T03:00Z,2026-05-07,Thursday,AMC Tallahassee 20,,ET,Mortal Kombat II,6:45pm,142801386,1158,,undefined,96,7,89,7.3,,https://www.amctheatres.com/showtimes/142801386/seats,undefined @ 6:45pm (saved link)
2026-05-08,20260506-223051-147afd,2026-05-07T03:28:18.453432+00:00,2026-05-07T03:00Z,2026-05-07,Thursday,AMC Tamiami 18,,ET,Mortal Kombat II,10:30pm,142201780,1382,,Laser at AMC,51,35,16,68.6,,https://www.amctheatres.com/showtimes/142201780/seats,Laser at AMC @ 10:30pm (saved link)
2026-05-08,20260506-223051-147afd,2026-05-07T03:28:18.453432+00:00,2026-05-07T03:00Z,2026-05-07,Thursday,AMC Tamiami 18,,ET,Mortal Kombat II,10:15pm,142991098,1367,,Laser at AMC,162,11,151,6.8,,https://www.amctheatres.com/showtimes/142991098/seats,Laser at AMC @ 10:15pm (saved link)
2026-05-08,20260506-223051-147afd,2026-05-07T03:28:18.453432+00:00,2026-05-07T03:00Z,2026-05-07,Thursday,AMC Tamiami 18,,ET,Mortal Kombat II,9:30pm,142991205,1322,,Laser at AMC,59,5,54,8.5,,https://www.amctheatres.com/showtimes/142991205/seats,Laser at AMC @ 9:30pm (saved link)
2026-05-08,20260506-223051-147afd,2026-05-07T03:28:18.453432+00:00,2026-05-07T03:00Z,2026-05-07,Thursday,AMC Tamiami 18,,ET,Mortal Kombat II,7:40pm,142991151,1212,,Laser at AMC,46,21,25,45.7,,https://www.amctheatres.com/showtimes/142991151/seats,Laser at AMC @ 7:40pm (saved link)
2026-05-08,20260506-223051-147afd,2026-05-07T03:28:18.453432+00:00,2026-05-07T03:00Z,2026-05-07,Thursday,AMC Tamiami 18,,ET,Mortal Kombat II,7:30pm,142201781,1202,,Laser at AMC,51,41,10,80.4,,https://www.amctheatres.com/showtimes/142201781/seats,Laser at AMC @ 7:30pm (saved link)
2026-05-08,20260506-223051-147afd,2026-05-07T03:28:18.453432+00:00,2026-05-07T03:00Z,2026-05-07,Thursday,AMC Tamiami 18,,ET,Mortal Kombat II,6:30pm,142991204,1142,,Spanish Language Dubbed with No Subtitles,59,0,59,0,,https://www.amctheatres.com/showtimes/142991204/seats,Spanish Language Dubbed with No Subtitles @ 6:30pm (saved link)
2026-05-08,20260506-223051-147afd,2026-05-07T03:28:48.694151+00:00,2026-05-07T03:00Z,2026-05-07,Thursday,AMC Tiger 13,,ET,Mortal Kombat II,9:00pm,142057747,1292,,BigD at AMC,529,0,529,0,,https://www.amctheatres.com/showtimes/142057747/seats,BigD at AMC @ 9:00pm (saved link)
2026-05-08,20260506-223051-147afd,2026-05-07T03:28:48.694151+00:00,2026-05-07T03:00Z,2026-05-07,Thursday,AMC Tiger 13,,ET,Mortal Kombat II,7:00pm,142057737,1172,,undefined,284,2,282,0.7,,https://www.amctheatres.com/showtimes/142057737/seats,undefined @ 7:00pm (saved link)
2026-05-08,20260506-223051-147afd,2026-05-07T03:28:48.694151+00:00,2026-05-07T03:00Z,2026-05-07,Thursday,AMC Tiger 13,,ET,Mortal Kombat II,6:00pm,142057745,1112,,BigD at AMC,529,21,508,4,,https://www.amctheatres.com/showtimes/142057745/seats,BigD at AMC @ 6:00pm (saved link)
2026-05-08,20260506-223051-147afd,2026-05-07T03:29:13.878737+00:00,2026-05-07T03:00Z,2026-05-07,Thursday,AMC Tilghman Square 8,,ET,Mortal Kombat II,10:05pm,142920159,1355,,Laser at AMC,51,0,51,0,,https://www.amctheatres.com/showtimes/142920159/seats,Laser at AMC @ 10:05pm (saved link)
2026-05-08,20260506-223051-147afd,2026-05-07T03:29:13.878737+00:00,2026-05-07T03:00Z,2026-05-07,Thursday,AMC Tilghman Square 8,,ET,Mortal Kombat II,9:00pm,142220143,1291,,Laser at AMC,69,5,64,7.2,,https://www.amctheatres.com/showtimes/142220143/seats,Laser at AMC @ 9:00pm (saved link)
2026-05-08,20260506-223051-147afd,2026-05-07T03:29:13.878737+00:00,2026-05-07T03:00Z,2026-05-07,Thursday,AMC Tilghman Square 8,,ET,Mortal Kombat II,7:05pm,142920160,1175,,Laser at AMC,51,5,46,9.8,,https://www.amctheatres.com/showtimes/142920160/seats,Laser at AMC @ 7:05pm (saved link)
2026-05-08,20260506-223051-147afd,2026-05-07T03:29:13.878737+00:00,2026-05-07T03:00Z,2026-05-07,Thursday,AMC Tilghman Square 8,,ET,Mortal Kombat II,6:00pm,142220142,1111,,Laser at AMC,69,19,50,27.5,,https://www.amctheatres.com/showtimes/142220142/seats,Laser at AMC @ 6:00pm (saved link)
2026-05-08,20260506-223051-147afd,2026-05-07T03:29:40.092605+00:00,2026-05-07T03:00Z,2026-05-07,Thursday,AMC Traders Point 12,,ET,Mortal Kombat II,9:20pm,142219027,1310,,IMAX at AMC,274,15,259,5.5,,https://www.amctheatres.com/showtimes/142219027/seats,IMAX at AMC @ 9:20pm (saved link)
2026-05-08,20260506-223051-147afd,2026-05-07T03:29:40.092605+00:00,2026-05-07T03:00Z,2026-05-07,Thursday,AMC Traders Point 12,,ET,Mortal Kombat II,6:10pm,142219026,1121,,IMAX at AMC,274,12,262,4.4,,https://www.amctheatres.com/showtimes/142219026/seats,IMAX at AMC @ 6:10pm (saved link)
2026-05-08,20260506-223051-147afd,2026-05-07T03:29:40.092605+00:00,2026-05-07T03:00Z,2026-05-07,Thursday,AMC Traders Point 12,,ET,Mortal Kombat II,10:00pm,142219046,1351,,undefined,117,8,109,6.8,,https://www.amctheatres.com/showtimes/142219046/seats,undefined @ 10:00pm (saved link)
2026-05-08,20260506-223051-147afd,2026-05-07T03:29:40.092605+00:00,2026-05-07T03:00Z,2026-05-07,Thursday,AMC Traders Point 12,,ET,Mortal Kombat II,7:00pm,142219047,1171,,undefined,117,17,100,14.5,,https://www.amctheatres.com/showtimes/142219047/seats,undefined @ 7:00pm (saved link)
2026-05-08,20260506-223051-147afd,2026-05-07T03:30:06.901349+00:00,2026-05-07T03:00Z,2026-05-07,Thursday,AMC Tyngsboro 12,,ET,Mortal Kombat II,10:00pm,142057688,1350,,Laser at AMC,128,2,126,1.6,,https://www.amctheatres.com/showtimes/142057688/seats,Laser at AMC @ 10:00pm (saved link)
2026-05-08,20260506-223051-147afd,2026-05-07T03:30:06.901349+00:00,2026-05-07T03:00Z,2026-05-07,Thursday,AMC Tyngsboro 12,,ET,Mortal Kombat II,9:00pm,143007714,1290,,Laser at AMC,48,1,47,2.1,,https://www.amctheatres.com/showtimes/143007714/seats,Laser at AMC @ 9:00pm (saved link)
2026-05-08,20260506-223051-147afd,2026-05-07T03:30:06.901349+00:00,2026-05-07T03:00Z,2026-05-07,Thursday,AMC Tyngsboro 12,,ET,Mortal Kombat II,7:40pm,143007759,1210,,Laser at AMC,44,2,42,4.5,,https://www.amctheatres.com/showtimes/143007759/seats,Laser at AMC @ 7:40pm (saved link)
2026-05-08,20260506-223051-147afd,2026-05-07T03:30:06.901349+00:00,2026-05-07T03:00Z,2026-05-07,Thursday,AMC Tyngsboro 12,,ET,Mortal Kombat II,7:00pm,142057687,1170,,Laser at AMC,128,53,75,41.4,,https://www.amctheatres.com/showtimes/142057687/seats,Laser at AMC @ 7:00pm (saved link)
2026-05-08,20260506-223051-147afd,2026-05-07T03:30:06.901349+00:00,2026-05-07T03:00Z,2026-05-07,Thursday,AMC Tyngsboro 12,,ET,Mortal Kombat II,6:00pm,143007713,1110,,Laser at AMC,48,1,47,2.1,,https://www.amctheatres.com/showtimes/143007713/seats,Laser at AMC @ 6:00pm (saved link)
2026-05-08,20260506-223051-147afd,2026-05-07T03:30:45.751711+00:00,2026-05-07T03:00Z,2026-05-07,Thursday,AMC Vestal Town Square 9,,ET,Mortal Kombat II,10:00pm,142925757,1350,,undefined,74,0,74,0,,https://www.amctheatres.com/showtimes/142925757/seats,undefined @ 10:00pm (saved link)
2026-05-08,20260506-223051-147afd,2026-05-07T03:30:45.751711+00:00,2026-05-07T03:00Z,2026-05-07,Thursday,AMC Vestal Town Square 9,,ET,Mortal Kombat II,9:00pm,142688179,1290,,undefined,86,1,85,1.2,,https://www.amctheatres.com/showtimes/142688179/seats,undefined @ 9:00pm (saved link)
2026-05-08,20260506-223051-147afd,2026-05-07T03:30:45.751711+00:00,2026-05-07T03:00Z,2026-05-07,Thursday,AMC Vestal Town Square 9,,ET,Mortal Kombat II,7:05pm,142925756,1175,,undefined,74,0,74,0,,https://www.amctheatres.com/showtimes/142925756/seats,undefined @ 7:05pm (saved link)
2026-05-08,20260506-223051-147afd,2026-05-07T03:30:45.751711+00:00,2026-05-07T03:00Z,2026-05-07,Thursday,AMC Vestal Town Square 9,,ET,Mortal Kombat II,6:00pm,142198304,1110,,undefined,86,24,62,27.9,,https://www.amctheatres.com/showtimes/142198304/seats,undefined @ 6:00pm (saved link)
2026-05-08,20260506-213317-8c2bb8,2026-05-07T04:33:20.607778+00:00,2026-05-07T04:00Z,2026-05-07,Thursday,AMC Anaheim GardenWalk 6,,PT,Mortal Kombat II,10:15pm,142226845,1482,,Laser at AMC,133,14,119,10.5,,https://www.amctheatres.com/showtimes/142226845/seats,Laser at AMC @ 10:15pm (saved link)
2026-05-08,20260506-213317-8c2bb8,2026-05-07T04:33:20.607778+00:00,2026-05-07T04:00Z,2026-05-07,Thursday,AMC Anaheim GardenWalk 6,,PT,Mortal Kombat II,7:15pm,142226844,1302,,Laser at AMC,133,44,89,33.1,,https://www.amctheatres.com/showtimes/142226844/seats,Laser at AMC @ 7:15pm (saved link)
2026-05-08,20260506-213317-8c2bb8,2026-05-07T04:33:43.110082+00:00,2026-05-07T04:00Z,2026-05-07,Thursday,AMC Bakersfield 6,,PT,Mortal Kombat II,10:30pm,142847636,1497,,undefined,149,5,144,3.4,,https://www.amctheatres.com/showtimes/142847636/seats,undefined @ 10:30pm (saved link)
2026-05-08,20260506-213317-8c2bb8,2026-05-07T04:33:43.110082+00:00,2026-05-07T04:00Z,2026-05-07,Thursday,AMC Bakersfield 6,,PT,Mortal Kombat II,9:30pm,142985311,1437,,undefined,29,2,27,6.9,,https://www.amctheatres.com/showtimes/142985311/seats,undefined @ 9:30pm (saved link)
2026-05-08,20260506-213317-8c2bb8,2026-05-07T04:33:43.110082+00:00,2026-05-07T04:00Z,2026-05-07,Thursday,AMC Bakersfield 6,,PT,Mortal Kombat II,7:00pm,142204641,1287,,undefined,143,57,86,39.9,,https://www.amctheatres.com/showtimes/142204641/seats,undefined @ 7:00pm (saved link)
2026-05-08,20260506-213317-8c2bb8,2026-05-07T04:34:07.521881+00:00,2026-05-07T04:00Z,2026-05-07,Thursday,AMC Burbank Town Center 8,,PT,Mortal Kombat II,9:30pm,142208089,1436,,Laser at AMC,98,13,85,13.3,,https://www.amctheatres.com/showtimes/142208089/seats,Laser at AMC @ 9:30pm (saved link)
2026-05-08,20260506-213317-8c2bb8,2026-05-07T04:34:07.521881+00:00,2026-05-07T04:00Z,2026-05-07,Thursday,AMC Burbank Town Center 8,,PT,Mortal Kombat II,6:30pm,142208088,1256,,Laser at AMC,98,39,59,39.8,,https://www.amctheatres.com/showtimes/142208088/seats,Laser at AMC @ 6:30pm (saved link)
2026-05-08,20260506-213317-8c2bb8,2026-05-07T04:34:30.828274+00:00,2026-05-07T04:00Z,2026-05-07,Thursday,AMC Fallbrook 7,,PT,Mortal Kombat II,9:30pm,142110578,1436,,Laser at AMC,145,22,123,15.2,,https://www.amctheatres.com/showtimes/142110578/seats,Laser at AMC @ 9:30pm (saved link)
2026-05-08,20260506-213317-8c2bb8,2026-05-07T04:34:30.828274+00:00,2026-05-07T04:00Z,2026-05-07,Thursday,AMC Fallbrook 7,,PT,Mortal Kombat II,6:30pm,142110577,1256,,Laser at AMC,145,49,96,33.8,,https://www.amctheatres.com/showtimes/142110577/seats,Laser at AMC @ 6:30pm (saved link)
2026-05-08,20260506-213317-8c2bb8,2026-05-07T04:34:53.944974+00:00,2026-05-07T04:00Z,2026-05-07,Thursday,AMC Kitsap 8,,PT,Mortal Kombat II,9:00pm,142974526,1406,,Laser at AMC,93,0,93,0,,https://www.amctheatres.com/showtimes/142974526/seats,Laser at AMC @ 9:00pm (saved link)
2026-05-08,20260506-213317-8c2bb8,2026-05-07T04:34:53.944974+00:00,2026-05-07T04:00Z,2026-05-07,Thursday,AMC Kitsap 8,,PT,Mortal Kombat II,7:45pm,142191256,1331,,Laser at AMC,74,29,45,39.2,,https://www.amctheatres.com/showtimes/142191256/seats,Laser at AMC @ 7:45pm (saved link)
2026-05-08,20260506-213317-8c2bb8,2026-05-07T04:35:15.586497+00:00,2026-05-07T04:00Z,2026-05-07,Thursday,AMC Manteca 16,,PT,Mortal Kombat II,9:00pm,142215412,1405,,Dolby Cinema at AMC,137,50,87,36.5,,https://www.amctheatres.com/showtimes/142215412/seats,Dolby Cinema at AMC @ 9:00pm (saved link)
2026-05-08,20260506-213317-8c2bb8,2026-05-07T04:35:15.586497+00:00,2026-05-07T04:00Z,2026-05-07,Thursday,AMC Manteca 16,,PT,Mortal Kombat II,8:00pm,142215405,1345,,undefined,243,12,231,4.9,,https://www.amctheatres.com/showtimes/142215405/seats,undefined @ 8:00pm (saved link)
2026-05-08,20260506-213317-8c2bb8,2026-05-07T04:35:15.586497+00:00,2026-05-07T04:00Z,2026-05-07,Thursday,AMC Manteca 16,,PT,Mortal Kombat II,5:00pm,142215406,1165,,undefined,243,10,233,4.1,,https://www.amctheatres.com/showtimes/142215406/seats,undefined @ 5:00pm (saved link)
2026-05-08,20260506-213317-8c2bb8,2026-05-07T04:35:40.592144+00:00,2026-05-07T04:00Z,2026-05-07,Thursday,AMC Oak Tree 6,,PT,Mortal Kombat II,10:15pm,142867990,1480,,Laser at AMC,128,5,123,3.9,,https://www.amctheatres.com/showtimes/142867990/seats,Laser at AMC @ 10:15pm (saved link)
2026-05-08,20260506-213317-8c2bb8,2026-05-07T04:35:40.592144+00:00,2026-05-07T04:00Z,2026-05-07,Thursday,AMC Oak Tree 6,,PT,Mortal Kombat II,7:15pm,142210399,1300,,Laser at AMC,128,19,109,14.8,,https://www.amctheatres.com/showtimes/142210399/seats,Laser at AMC @ 7:15pm (saved link)
2026-05-08,20260506-213317-8c2bb8,2026-05-07T04:36:05.712811+00:00,2026-05-07T04:00Z,2026-05-07,Thursday,AMC Porter Ranch 9,,PT,Mortal Kombat II,11:00pm,142166504,1524,,Dolby Cinema at AMC,145,67,78,46.2,,https://www.amctheatres.com/showtimes/142166504/seats,Dolby Cinema at AMC @ 11:00pm (saved link)
2026-05-08,20260506-213317-8c2bb8,2026-05-07T04:36:05.712811+00:00,2026-05-07T04:00Z,2026-05-07,Thursday,AMC Porter Ranch 9,,PT,Mortal Kombat II,8:00pm,142166503,1344,,Dolby Cinema at AMC,145,123,22,84.8,,https://www.amctheatres.com/showtimes/142166503/seats,Dolby Cinema at AMC @ 8:00pm (saved link)
2026-05-08,20260506-213317-8c2bb8,2026-05-07T04:36:05.712811+00:00,2026-05-07T04:00Z,2026-05-07,Thursday,AMC Porter Ranch 9,,PT,Mortal Kombat II,10:10pm,142804929,1474,,Laser at AMC,111,25,86,22.5,,https://www.amctheatres.com/showtimes/142804929/seats,Laser at AMC @ 10:10pm (saved link)
2026-05-08,20260506-213317-8c2bb8,2026-05-07T04:36:05.712811+00:00,2026-05-07T04:00Z,2026-05-07,Thursday,AMC Porter Ranch 9,,PT,Mortal Kombat II,7:15pm,142804930,1299,,Laser at AMC,111,77,34,69.4,,https://www.amctheatres.com/showtimes/142804930/seats,Laser at AMC @ 7:15pm (saved link)
2026-05-08,20260506-213317-8c2bb8,2026-05-07T04:36:05.712811+00:00,2026-05-07T04:00Z,2026-05-07,Thursday,AMC Porter Ranch 9,,PT,Mortal Kombat II,6:00pm,142804965,1224,,Laser at AMC,98,62,36,63.3,,https://www.amctheatres.com/showtimes/142804965/seats,Laser at AMC @ 6:00pm (saved link)
2026-05-08,20260506-213317-8c2bb8,2026-05-07T04:36:32.976978+00:00,2026-05-07T04:00Z,2026-05-07,Thursday,AMC Progress Ridge 13,,PT,Mortal Kombat II,7:00pm,142221026,1284,,GXL,315,18,297,5.7,,https://www.amctheatres.com/showtimes/142221026/seats,GXL @ 7:00pm (saved link)
2026-05-08,20260506-213317-8c2bb8,2026-05-07T04:36:32.976978+00:00,2026-05-07T04:00Z,2026-05-07,Thursday,AMC Progress Ridge 13,,PT,Mortal Kombat II,9:15pm,142221051,1419,,undefined,90,2,88,2.2,,https://www.amctheatres.com/showtimes/142221051/seats,undefined @ 9:15pm (saved link)
2026-05-08,20260506-213317-8c2bb8,2026-05-07T04:36:32.976978+00:00,2026-05-07T04:00Z,2026-05-07,Thursday,AMC Progress Ridge 13,,PT,Mortal Kombat II,6:15pm,142221050,1239,,undefined,90,2,88,2.2,,https://www.amctheatres.com/showtimes/142221050/seats,undefined @ 6:15pm (saved link)
2026-05-08,20260506-213317-8c2bb8,2026-05-07T04:36:56.698679+00:00,2026-05-07T04:00Z,2026-05-07,Thursday,AMC Rainbow Promenade 10,,PT,Mortal Kombat II,7:30pm,142200681,1314,,Laser at AMC,151,68,83,45,,https://www.amctheatres.com/showtimes/142200681/seats,Laser at AMC @ 7:30pm (saved link)
2026-05-08,20260506-213317-8c2bb8,2026-05-07T04:36:56.698679+00:00,2026-05-07T04:00Z,2026-05-07,Thursday,AMC Rainbow Promenade 10,,PT,Mortal Kombat II,6:00pm,142200707,1224,,Laser at AMC,88,44,44,50,,https://www.amctheatres.com/showtimes/142200707/seats,Laser at AMC @ 6:00pm (saved link)
2026-05-08,20260506-213317-8c2bb8,2026-05-07T04:37:19.571582+00:00,2026-05-07T04:00Z,2026-05-07,Thursday,AMC River Park Square 20,,PT,Mortal Kombat II,9:00pm,142215459,1403,,IMAX with Laser at AMC,302,31,271,10.3,,https://www.amctheatres.com/showtimes/142215459/seats,IMAX with Laser at AMC @ 9:00pm (saved link)
2026-05-08,20260506-213317-8c2bb8,2026-05-07T04:37:19.571582+00:00,2026-05-07T04:00Z,2026-05-07,Thursday,AMC River Park Square 20,,PT,Mortal Kombat II,6:00pm,142215458,1223,,IMAX with Laser at AMC,302,55,247,18.2,,https://www.amctheatres.com/showtimes/142215458/seats,IMAX with Laser at AMC @ 6:00pm (saved link)
2026-05-08,20260506-213317-8c2bb8,2026-05-07T04:37:19.571582+00:00,2026-05-07T04:00Z,2026-05-07,Thursday,AMC River Park Square 20,,PT,Mortal Kombat II,10:00pm,142215455,1463,,Dolby Cinema at AMC,151,32,119,21.2,,https://www.amctheatres.com/showtimes/142215455/seats,Dolby Cinema at AMC @ 10:00pm (saved link)
2026-05-08,20260506-213317-8c2bb8,2026-05-07T04:37:19.571582+00:00,2026-05-07T04:00Z,2026-05-07,Thursday,AMC River Park Square 20,,PT,Mortal Kombat II,8:00pm,142898162,1343,,undefined,67,8,59,11.9,,https://www.amctheatres.com/showtimes/142898162/seats,undefined @ 8:00pm (saved link)
2026-05-08,20260506-213317-8c2bb8,2026-05-07T04:37:19.571582+00:00,2026-05-07T04:00Z,2026-05-07,Thursday,AMC River Park Square 20,,PT,Mortal Kombat II,7:00pm,142215461,1283,,undefined,67,20,47,29.9,,https://www.amctheatres.com/showtimes/142215461/seats,undefined @ 7:00pm (saved link)
2026-05-08,20260506-213317-8c2bb8,2026-05-07T04:38:04.433650+00:00,2026-05-07T04:00Z,2026-05-07,Thursday,AMC Santa Anita 16,,PT,Mortal Kombat II,9:30pm,142200179,1432,,IMAX with Laser at AMC,215,72,143,33.5,,https://www.amctheatres.com/showtimes/142200179/seats,IMAX with Laser at AMC @ 9:30pm (saved link)
2026-05-08,20260506-213317-8c2bb8,2026-05-07T04:38:04.433650+00:00,2026-05-07T04:00Z,2026-05-07,Thursday,AMC Santa Anita 16,,PT,Mortal Kombat II,6:15pm,142200178,1237,,IMAX with Laser at AMC,215,143,72,66.5,,https://www.amctheatres.com/showtimes/142200178/seats,IMAX with Laser at AMC @ 6:15pm (saved link)
2026-05-08,20260506-213317-8c2bb8,2026-05-07T04:38:04.433650+00:00,2026-05-07T04:00Z,2026-05-07,Thursday,AMC Santa Anita 16,,PT,Mortal Kombat II,11:00pm,142200195,1522,,Dolby Cinema at AMC,152,49,103,32.2,,https://www.amctheatres.com/showtimes/142200195/seats,Dolby Cinema at AMC @ 11:00pm (saved link)
2026-05-08,20260506-213317-8c2bb8,2026-05-07T04:38:04.433650+00:00,2026-05-07T04:00Z,2026-05-07,Thursday,AMC Santa Anita 16,,PT,Mortal Kombat II,8:15pm,142200157,1357,,XL at AMC,273,25,248,9.2,,https://www.amctheatres.com/showtimes/142200157/seats,XL at AMC @ 8:15pm (saved link)
2026-05-08,20260506-213317-8c2bb8,2026-05-07T04:38:04.433650+00:00,2026-05-07T04:00Z,2026-05-07,Thursday,AMC Santa Anita 16,,PT,Mortal Kombat II,5:00pm,142200158,1162,,XL at AMC,273,13,260,4.8,,https://www.amctheatres.com/showtimes/142200158/seats,XL at AMC @ 5:00pm (saved link)
2026-05-08,20260506-213317-8c2bb8,2026-05-07T04:38:04.433650+00:00,2026-05-07T04:00Z,2026-05-07,Thursday,AMC Santa Anita 16,,PT,Mortal Kombat II,10:15pm,142871642,1477,,Laser at AMC,185,0,185,0,,https://www.amctheatres.com/showtimes/142871642/seats,Laser at AMC @ 10:15pm (saved link)
2026-05-08,20260506-213317-8c2bb8,2026-05-07T04:38:04.433650+00:00,2026-05-07T04:00Z,2026-05-07,Thursday,AMC Santa Anita 16,,PT,Mortal Kombat II,7:05pm,142871641,1287,,Laser at AMC,185,7,178,3.8,,https://www.amctheatres.com/showtimes/142871641/seats,Laser at AMC @ 7:05pm (saved link)
2026-05-08,20260506-213317-8c2bb8,2026-05-07T04:38:39.059115+00:00,2026-05-07T04:00Z,2026-05-07,Thursday,AMC Topanga 12,,PT,Mortal Kombat II,10:00pm,142094344,1462,,IMAX with Laser at AMC,150,93,57,62,,https://www.amctheatres.com/showtimes/142094344/seats,IMAX with Laser at AMC @ 10:00pm (saved link)
2026-05-08,20260506-213317-8c2bb8,2026-05-07T04:38:39.059115+00:00,2026-05-07T04:00Z,2026-05-07,Thursday,AMC Topanga 12,,PT,Mortal Kombat II,7:00pm,142094343,1282,,IMAX with Laser at AMC,150,121,29,80.7,,https://www.amctheatres.com/showtimes/142094343/seats,IMAX with Laser at AMC @ 7:00pm (saved link)
2026-05-08,20260506-213317-8c2bb8,2026-05-07T04:38:39.059115+00:00,2026-05-07T04:00Z,2026-05-07,Thursday,AMC Topanga 12,,PT,Mortal Kombat II,11:00pm,142094317,1522,,Dolby Cinema at AMC,179,27,152,15.1,,https://www.amctheatres.com/showtimes/142094317/seats,Dolby Cinema at AMC @ 11:00pm (saved link)
2026-05-08,20260506-213317-8c2bb8,2026-05-07T04:38:39.059115+00:00,2026-05-07T04:00Z,2026-05-07,Thursday,AMC Topanga 12,,PT,Mortal Kombat II,9:00pm,142094536,1402,,Laser at AMC,107,34,73,31.8,,https://www.amctheatres.com/showtimes/142094536/seats,Laser at AMC @ 9:00pm (saved link)
2026-05-08,20260506-213317-8c2bb8,2026-05-07T04:38:39.059115+00:00,2026-05-07T04:00Z,2026-05-07,Thursday,AMC Topanga 12,,PT,Mortal Kombat II,6:00pm,142094535,1222,,Laser at AMC,107,43,64,40.2,,https://www.amctheatres.com/showtimes/142094535/seats,Laser at AMC @ 6:00pm (saved link)
2026-05-08,20260506-213317-8c2bb8,2026-05-07T04:39:07.797130+00:00,2026-05-07T04:00Z,2026-05-07,Thursday,AMC Town Square 18,,PT,Mortal Kombat II,9:30pm,142064047,1431,,IMAX with Laser at AMC,252,68,184,27,,https://www.amctheatres.com/showtimes/142064047/seats,IMAX with Laser at AMC @ 9:30pm (saved link)
2026-05-08,20260506-213317-8c2bb8,2026-05-07T04:39:07.797130+00:00,2026-05-07T04:00Z,2026-05-07,Thursday,AMC Town Square 18,,PT,Mortal Kombat II,6:15pm,142064046,1236,,IMAX with Laser at AMC,252,159,93,63.1,,https://www.amctheatres.com/showtimes/142064046/seats,IMAX with Laser at AMC @ 6:15pm (saved link)
2026-05-08,20260506-213317-8c2bb8,2026-05-07T04:39:07.797130+00:00,2026-05-07T04:00Z,2026-05-07,Thursday,AMC Town Square 18,,PT,Mortal Kombat II,11:00pm,142064028,1521,,Dolby Cinema at AMC,206,62,144,30.1,,https://www.amctheatres.com/showtimes/142064028/seats,Dolby Cinema at AMC @ 11:00pm (saved link)
2026-05-08,20260506-213317-8c2bb8,2026-05-07T04:39:07.797130+00:00,2026-05-07T04:00Z,2026-05-07,Thursday,AMC Town Square 18,,PT,Mortal Kombat II,10:15pm,142064062,1476,,Laser at AMC,451,9,442,2,,https://www.amctheatres.com/showtimes/142064062/seats,Laser at AMC @ 10:15pm (saved link)
2026-05-08,20260506-213317-8c2bb8,2026-05-07T04:39:07.797130+00:00,2026-05-07T04:00Z,2026-05-07,Thursday,AMC Town Square 18,,PT,Mortal Kombat II,7:15pm,142064061,1296,,Laser at AMC,451,17,434,3.8,,https://www.amctheatres.com/showtimes/142064061/seats,Laser at AMC @ 7:15pm (saved link)
2026-05-08,20260506-213317-8c2bb8,2026-05-07T04:39:07.797130+00:00,2026-05-07T04:00Z,2026-05-07,Thursday,AMC Town Square 18,,PT,Mortal Kombat II,9:00pm,142064133,1401,,SCREENX at AMC,257,43,214,16.7,,https://www.amctheatres.com/showtimes/142064133/seats,SCREENX at AMC @ 9:00pm (saved link)
2026-05-08,20260506-213317-8c2bb8,2026-05-07T04:39:39.044907+00:00,2026-05-07T04:00Z,2026-05-07,Thursday,AMC Vancouver Mall 23,,PT,Mortal Kombat II,10:00pm,142891951,1461,,Dolby Cinema at AMC,31,5,26,16.1,,https://www.amctheatres.com/showtimes/142891951/seats,Dolby Cinema at AMC @ 10:00pm (saved link)
2026-05-08,20260506-213317-8c2bb8,2026-05-07T04:39:39.044907+00:00,2026-05-07T04:00Z,2026-05-07,Thursday,AMC Vancouver Mall 23,,PT,Mortal Kombat II,10:00pm,142211396,1461,,Dolby Cinema at AMC,153,20,133,13.1,,https://www.amctheatres.com/showtimes/142211396/seats,Dolby Cinema at AMC @ 10:00pm (saved link)
2026-05-08,20260506-213317-8c2bb8,2026-05-07T04:39:39.044907+00:00,2026-05-07T04:00Z,2026-05-07,Thursday,AMC Vancouver Mall 23,,PT,Mortal Kombat II,7:00pm,142891950,1281,,Dolby Cinema at AMC,31,12,19,38.7,,https://www.amctheatres.com/showtimes/142891950/seats,Dolby Cinema at AMC @ 7:00pm (saved link)
2026-05-08,20260506-213317-8c2bb8,2026-05-07T04:39:39.044907+00:00,2026-05-07T04:00Z,2026-05-07,Thursday,AMC Vancouver Mall 23,,PT,Mortal Kombat II,7:00pm,142211395,1281,,Dolby Cinema at AMC,153,54,99,35.3,,https://www.amctheatres.com/showtimes/142211395/seats,Dolby Cinema at AMC @ 7:00pm (saved link)
2026-05-08,20260506-213317-8c2bb8,2026-05-07T04:39:39.044907+00:00,2026-05-07T04:00Z,2026-05-07,Thursday,AMC Vancouver Mall 23,,PT,Mortal Kombat II,8:00pm,142211505,1341,,GXL,42,1,41,2.4,,https://www.amctheatres.com/showtimes/142211505/seats,GXL @ 8:00pm (saved link)
2026-05-08,20260506-213317-8c2bb8,2026-05-07T04:39:39.044907+00:00,2026-05-07T04:00Z,2026-05-07,Thursday,AMC Vancouver Mall 23,,PT,Mortal Kombat II,8:00pm,142211432,1341,,GXL,335,5,330,1.5,,https://www.amctheatres.com/showtimes/142211432/seats,GXL @ 8:00pm (saved link)
2026-05-08,20260506-213317-8c2bb8,2026-05-07T04:39:39.044907+00:00,2026-05-07T04:00Z,2026-05-07,Thursday,AMC Vancouver Mall 23,,PT,Mortal Kombat II,5:00pm,142211506,1161,,GXL,42,10,32,23.8,,https://www.amctheatres.com/showtimes/142211506/seats,GXL @ 5:00pm (saved link)
2026-05-08,20260506-213317-8c2bb8,2026-05-07T04:39:39.044907+00:00,2026-05-07T04:00Z,2026-05-07,Thursday,AMC Vancouver Mall 23,,PT,Mortal Kombat II,5:00pm,142211413,1161,,GXL,335,4,331,1.2,,https://www.amctheatres.com/showtimes/142211413/seats,GXL @ 5:00pm (saved link)
2026-05-08,20260506-213317-8c2bb8,2026-05-07T04:39:39.044907+00:00,2026-05-07T04:00Z,2026-05-07,Thursday,AMC Vancouver Mall 23,,PT,Mortal Kombat II,9:30pm,142211435,1431,,undefined,17,7,10,41.2,,https://www.amctheatres.com/showtimes/142211435/seats,undefined @ 9:30pm (saved link)
2026-05-08,20260506-213317-8c2bb8,2026-05-07T04:39:39.044907+00:00,2026-05-07T04:00Z,2026-05-07,Thursday,AMC Vancouver Mall 23,,PT,Mortal Kombat II,8:30pm,142211508,1371,,undefined,12,0,12,0,,https://www.amctheatres.com/showtimes/142211508/seats,undefined @ 8:30pm (saved link)
2026-05-08,20260506-213317-8c2bb8,2026-05-07T04:39:39.044907+00:00,2026-05-07T04:00Z,2026-05-07,Thursday,AMC Vancouver Mall 23,,PT,Mortal Kombat II,8:30pm,142211433,1371,,undefined,151,0,151,0,,https://www.amctheatres.com/showtimes/142211433/seats,undefined @ 8:30pm (saved link)
2026-05-08,20260506-213317-8c2bb8,2026-05-07T04:39:39.044907+00:00,2026-05-07T04:00Z,2026-05-07,Thursday,AMC Vancouver Mall 23,,PT,Mortal Kombat II,5:30pm,142211507,1191,,undefined,12,0,12,0,,https://www.amctheatres.com/showtimes/142211507/seats,undefined @ 5:30pm (saved link)
2026-05-08,20260506-213317-8c2bb8,2026-05-07T04:39:39.044907+00:00,2026-05-07T04:00Z,2026-05-07,Thursday,AMC Vancouver Mall 23,,PT,Mortal Kombat II,5:30pm,142211434,1191,,undefined,151,0,151,0,,https://www.amctheatres.com/showtimes/142211434/seats,undefined @ 5:30pm (saved link)
2026-05-08,20260506-213317-8c2bb8,2026-05-07T04:40:28.873360+00:00,2026-05-07T04:00Z,2026-05-07,Thursday,AMC Victoria Gardens 12,,PT,Mortal Kombat II,10:00pm,142212128,1460,,Dolby Cinema at AMC,146,48,98,32.9,,https://www.amctheatres.com/showtimes/142212128/seats,Dolby Cinema at AMC @ 10:00pm (saved link)
2026-05-08,20260506-213317-8c2bb8,2026-05-07T04:40:28.873360+00:00,2026-05-07T04:00Z,2026-05-07,Thursday,AMC Victoria Gardens 12,,PT,Mortal Kombat II,7:00pm,142212129,1280,,Dolby Cinema at AMC,146,90,56,61.6,,https://www.amctheatres.com/showtimes/142212129/seats,Dolby Cinema at AMC @ 7:00pm (saved link)
2026-05-08,20260506-213317-8c2bb8,2026-05-07T04:40:28.873360+00:00,2026-05-07T04:00Z,2026-05-07,Thursday,AMC Victoria Gardens 12,,PT,Mortal Kombat II,8:45pm,142912629,1385,,XL at AMC,285,5,280,1.8,,https://www.amctheatres.com/showtimes/142912629/seats,XL at AMC @ 8:45pm (saved link)
2026-05-08,20260506-213317-8c2bb8,2026-05-07T04:40:28.873360+00:00,2026-05-07T04:00Z,2026-05-07,Thursday,AMC Victoria Gardens 12,,PT,Mortal Kombat II,5:45pm,142912628,1205,,XL at AMC,285,2,283,0.7,,https://www.amctheatres.com/showtimes/142912628/seats,XL at AMC @ 5:45pm (saved link)
2026-05-08,20260506-213317-8c2bb8,2026-05-07T04:40:54.244570+00:00,2026-05-07T04:00Z,2026-05-07,Thursday,AMC Arapahoe Crossing 16,Denver,PT,Mortal Kombat II,9:30pm,142147612,1430,,IMAX at AMC,321,29,292,9,,https://www.amctheatres.com/showtimes/142147612/seats,IMAX at AMC @ 9:30pm (saved link)
2026-05-08,20260506-213317-8c2bb8,2026-05-07T04:40:54.244570+00:00,2026-05-07T04:00Z,2026-05-07,Thursday,AMC Arapahoe Crossing 16,Denver,PT,Mortal Kombat II,6:30pm,142147613,1250,,IMAX at AMC,321,71,250,22.1,,https://www.amctheatres.com/showtimes/142147613/seats,IMAX at AMC @ 6:30pm (saved link)
2026-05-08,20260506-213317-8c2bb8,2026-05-07T04:40:54.244570+00:00,2026-05-07T04:00Z,2026-05-07,Thursday,AMC Arapahoe Crossing 16,Denver,PT,Mortal Kombat II,8:50pm,142929624,1389,,Laser at AMC,46,4,42,8.7,,https://www.amctheatres.com/showtimes/142929624/seats,Laser at AMC @ 8:50pm (saved link)
2026-05-08,20260506-213317-8c2bb8,2026-05-07T04:40:54.244570+00:00,2026-05-07T04:00Z,2026-05-07,Thursday,AMC Arapahoe Crossing 16,Denver,PT,Mortal Kombat II,7:30pm,142147647,1310,,Laser at AMC,95,32,63,33.7,,https://www.amctheatres.com/showtimes/142147647/seats,Laser at AMC @ 7:30pm (saved link)
2026-05-08,20260506-213317-8c2bb8,2026-05-07T04:40:54.244570+00:00,2026-05-07T04:00Z,2026-05-07,Thursday,AMC Arapahoe Crossing 16,Denver,PT,Mortal Kombat II,5:55pm,142929625,1215,,Laser at AMC,46,6,40,13,,https://www.amctheatres.com/showtimes/142929625/seats,Laser at AMC @ 5:55pm (saved link)
2026-05-08,20260506-213317-8c2bb8,2026-05-07T04:41:23.826272+00:00,2026-05-07T04:00Z,2026-05-07,Thursday,AMC DINE-IN Southlands 16,Denver,PT,Mortal Kombat II,9:00pm,142105599,1399,,Dolby Cinema at AMC,175,22,153,12.6,,https://www.amctheatres.com/showtimes/142105599/seats,Dolby Cinema at AMC @ 9:00pm (saved link)
2026-05-08,20260506-213317-8c2bb8,2026-05-07T04:41:23.826272+00:00,2026-05-07T04:00Z,2026-05-07,Thursday,AMC DINE-IN Southlands 16,Denver,PT,Mortal Kombat II,6:00pm,142105609,1219,,Dolby Cinema at AMC,175,54,121,30.9,,https://www.amctheatres.com/showtimes/142105609/seats,Dolby Cinema at AMC @ 6:00pm (saved link)
2026-05-08,20260506-213317-8c2bb8,2026-05-07T04:41:23.826272+00:00,2026-05-07T04:00Z,2026-05-07,Thursday,AMC DINE-IN Southlands 16,Denver,PT,Mortal Kombat II,9:30pm,142916978,1429,,Laser at AMC,90,0,90,0,,https://www.amctheatres.com/showtimes/142916978/seats,Laser at AMC @ 9:30pm (saved link)
2026-05-08,20260506-213317-8c2bb8,2026-05-07T04:41:23.826272+00:00,2026-05-07T04:00Z,2026-05-07,Thursday,AMC DINE-IN Southlands 16,Denver,PT,Mortal Kombat II,7:30pm,142916962,1309,,Laser at AMC,46,1,45,2.2,,https://www.amctheatres.com/showtimes/142916962/seats,Laser at AMC @ 7:30pm (saved link)
2026-05-08,20260506-213317-8c2bb8,2026-05-07T04:41:23.826272+00:00,2026-05-07T04:00Z,2026-05-07,Thursday,AMC DINE-IN Southlands 16,Denver,PT,Mortal Kombat II,6:30pm,142105430,1249,,Laser at AMC,90,9,81,10,,https://www.amctheatres.com/showtimes/142105430/seats,Laser at AMC @ 6:30pm (saved link)
2026-05-08,20260506-213317-8c2bb8,2026-05-07T04:41:54.041507+00:00,2026-05-07T04:00Z,2026-05-07,Thursday,AMC Flatiron Crossing 14,Denver,PT,Mortal Kombat II,9:00pm,142071239,1399,,IMAX with Laser at AMC,105,15,90,14.3,,https://www.amctheatres.com/showtimes/142071239/seats,IMAX with Laser at AMC @ 9:00pm (saved link)
2026-05-08,20260506-213317-8c2bb8,2026-05-07T04:41:54.041507+00:00,2026-05-07T04:00Z,2026-05-07,Thursday,AMC Flatiron Crossing 14,Denver,PT,Mortal Kombat II,6:00pm,142071238,1219,,IMAX with Laser at AMC,105,28,77,26.7,,https://www.amctheatres.com/showtimes/142071238/seats,IMAX with Laser at AMC @ 6:00pm (saved link)
2026-05-08,20260506-213317-8c2bb8,2026-05-07T04:41:54.041507+00:00,2026-05-07T04:00Z,2026-05-07,Thursday,AMC Flatiron Crossing 14,Denver,PT,Mortal Kombat II,10:00pm,142071264,1459,,Dolby Cinema at AMC,130,6,124,4.6,,https://www.amctheatres.com/showtimes/142071264/seats,Dolby Cinema at AMC @ 10:00pm (saved link)
2026-05-08,20260506-213317-8c2bb8,2026-05-07T04:41:54.041507+00:00,2026-05-07T04:00Z,2026-05-07,Thursday,AMC Flatiron Crossing 14,Denver,PT,Mortal Kombat II,8:15pm,142701743,1354,,Laser at AMC,45,3,42,6.7,,https://www.amctheatres.com/showtimes/142701743/seats,Laser at AMC @ 8:15pm (saved link)
2026-05-08,20260506-213317-8c2bb8,2026-05-07T04:41:54.041507+00:00,2026-05-07T04:00Z,2026-05-07,Thursday,AMC Flatiron Crossing 14,Denver,PT,Mortal Kombat II,7:30pm,142701621,1309,,Laser at AMC,54,4,50,7.4,,https://www.amctheatres.com/showtimes/142701621/seats,Laser at AMC @ 7:30pm (saved link)
2026-05-08,20260506-213317-8c2bb8,2026-05-07T04:42:23.381927+00:00,2026-05-07T04:00Z,2026-05-07,Thursday,AMC Highlands Ranch 24,Denver,PT,Mortal Kombat II,10:00pm,142210584,1458,,IMAX with Laser at AMC,292,30,262,10.3,,https://www.amctheatres.com/showtimes/142210584/seats,IMAX with Laser at AMC @ 10:00pm (saved link)
2026-05-08,20260506-213317-8c2bb8,2026-05-07T04:42:23.381927+00:00,2026-05-07T04:00Z,2026-05-07,Thursday,AMC Highlands Ranch 24,Denver,PT,Mortal Kombat II,7:00pm,142210587,1278,,IMAX with Laser at AMC,292,111,181,38,,https://www.amctheatres.com/showtimes/142210587/seats,IMAX with Laser at AMC @ 7:00pm (saved link)
2026-05-08,20260506-213317-8c2bb8,2026-05-07T04:42:23.381927+00:00,2026-05-07T04:00Z,2026-05-07,Thursday,AMC Highlands Ranch 24,Denver,PT,Mortal Kombat II,10:30pm,142830147,1488,,Dolby Cinema at AMC,210,9,201,4.3,,https://www.amctheatres.com/showtimes/142830147/seats,Dolby Cinema at AMC @ 10:30pm (saved link)
2026-05-08,20260506-213317-8c2bb8,2026-05-07T04:42:23.381927+00:00,2026-05-07T04:00Z,2026-05-07,Thursday,AMC Highlands Ranch 24,Denver,PT,Mortal Kombat II,9:00pm,142210545,1398,,Laser at AMC,155,0,155,0,,https://www.amctheatres.com/showtimes/142210545/seats,Laser at AMC @ 9:00pm (saved link)
2026-05-08,20260506-213317-8c2bb8,2026-05-07T04:42:23.381927+00:00,2026-05-07T04:00Z,2026-05-07,Thursday,AMC Highlands Ranch 24,Denver,PT,Mortal Kombat II,8:00pm,142997513,1338,,Laser at AMC,45,6,39,13.3,,https://www.amctheatres.com/showtimes/142997513/seats,Laser at AMC @ 8:00pm (saved link)
2026-05-08,20260506-213317-8c2bb8,2026-05-07T04:42:23.381927+00:00,2026-05-07T04:00Z,2026-05-07,Thursday,AMC Highlands Ranch 24,Denver,PT,Mortal Kombat II,6:00pm,142210546,1218,,Laser at AMC,155,28,127,18.1,,https://www.amctheatres.com/showtimes/142210546/seats,Laser at AMC @ 6:00pm (saved link)
2026-05-08,20260506-213317-8c2bb8,2026-05-07T04:42:23.381927+00:00,2026-05-07T04:00Z,2026-05-07,Thursday,AMC Highlands Ranch 24,Denver,PT,Mortal Kombat II,5:00pm,142997514,1158,,Laser at AMC,45,0,45,0,,https://www.amctheatres.com/showtimes/142997514/seats,Laser at AMC @ 5:00pm (saved link)
2026-05-08,20260506-213317-8c2bb8,2026-05-07T04:42:56.135473+00:00,2026-05-07T04:00Z,2026-05-07,Thursday,AMC Westminster Promenade 24,Denver,PT,Mortal Kombat II,10:30pm,142215865,1488,,IMAX with Laser at AMC,286,23,263,8,,https://www.amctheatres.com/showtimes/142215865/seats,IMAX with Laser at AMC @ 10:30pm (saved link)
2026-05-08,20260506-213317-8c2bb8,2026-05-07T04:42:56.135473+00:00,2026-05-07T04:00Z,2026-05-07,Thursday,AMC Westminster Promenade 24,Denver,PT,Mortal Kombat II,7:30pm,142215872,1308,,IMAX with Laser at AMC,286,164,122,57.3,,https://www.amctheatres.com/showtimes/142215872/seats,IMAX with Laser at AMC @ 7:30pm (saved link)
2026-05-08,20260506-213317-8c2bb8,2026-05-07T04:42:56.135473+00:00,2026-05-07T04:00Z,2026-05-07,Thursday,AMC Westminster Promenade 24,Denver,PT,Mortal Kombat II,9:30pm,142215846,1428,,Dolby Cinema at AMC,217,58,159,26.7,,https://www.amctheatres.com/showtimes/142215846/seats,Dolby Cinema at AMC @ 9:30pm (saved link)
2026-05-08,20260506-213317-8c2bb8,2026-05-07T04:42:56.135473+00:00,2026-05-07T04:00Z,2026-05-07,Thursday,AMC Westminster Promenade 24,Denver,PT,Mortal Kombat II,8:30pm,142943871,1368,,PRIME at AMC,187,9,178,4.8,,https://www.amctheatres.com/showtimes/142943871/seats,PRIME at AMC @ 8:30pm (saved link)
2026-05-08,20260506-213317-8c2bb8,2026-05-07T04:42:56.135473+00:00,2026-05-07T04:00Z,2026-05-07,Thursday,AMC Westminster Promenade 24,Denver,PT,Mortal Kombat II,5:30pm,142943872,1188,,PRIME at AMC,187,8,179,4.3,,https://www.amctheatres.com/showtimes/142943872/seats,PRIME at AMC @ 5:30pm (saved link)
2026-05-08,20260506-213317-8c2bb8,2026-05-07T04:42:56.135473+00:00,2026-05-07T04:00Z,2026-05-07,Thursday,AMC Westminster Promenade 24,Denver,PT,Mortal Kombat II,10:00pm,142943992,1458,,Laser at AMC,48,0,48,0,,https://www.amctheatres.com/showtimes/142943992/seats,Laser at AMC @ 10:00pm (saved link)
2026-05-08,20260506-213317-8c2bb8,2026-05-07T04:42:56.135473+00:00,2026-05-07T04:00Z,2026-05-07,Thursday,AMC Westminster Promenade 24,Denver,PT,Mortal Kombat II,9:00pm,142215915,1398,,Laser at AMC,92,5,87,5.4,,https://www.amctheatres.com/showtimes/142215915/seats,Laser at AMC @ 9:00pm (saved link)
2026-05-08,20260506-213317-8c2bb8,2026-05-07T04:42:56.135473+00:00,2026-05-07T04:00Z,2026-05-07,Thursday,AMC Westminster Promenade 24,Denver,PT,Mortal Kombat II,7:00pm,142943991,1278,,Laser at AMC,48,5,43,10.4,,https://www.amctheatres.com/showtimes/142943991/seats,Laser at AMC @ 7:00pm (saved link)
2026-05-08,20260506-213317-8c2bb8,2026-05-07T04:42:56.135473+00:00,2026-05-07T04:00Z,2026-05-07,Thursday,AMC Westminster Promenade 24,Denver,PT,Mortal Kombat II,6:00pm,142215914,1218,,Laser at AMC,92,13,79,14.1,,https://www.amctheatres.com/showtimes/142215914/seats,Laser at AMC @ 6:00pm (saved link)
2026-05-08,20260506-213317-8c2bb8,2026-05-07T04:43:34.122872+00:00,2026-05-07T04:00Z,2026-05-07,Thursday,AMC Brentwood 14,Los Angeles,PT,Mortal Kombat II,9:00pm,142220300,1397,,IMAX at AMC,340,24,316,7.1,,https://www.amctheatres.com/showtimes/142220300/seats,IMAX at AMC @ 9:00pm (saved link)
2026-05-08,20260506-213317-8c2bb8,2026-05-07T04:43:34.122872+00:00,2026-05-07T04:00Z,2026-05-07,Thursday,AMC Brentwood 14,Los Angeles,PT,Mortal Kombat II,6:00pm,142220299,1217,,IMAX at AMC,340,51,289,15,,https://www.amctheatres.com/showtimes/142220299/seats,IMAX at AMC @ 6:00pm (saved link)
2026-05-08,20260506-213317-8c2bb8,2026-05-07T04:43:34.122872+00:00,2026-05-07T04:00Z,2026-05-07,Thursday,AMC Brentwood 14,Los Angeles,PT,Mortal Kombat II,7:00pm,142951144,1277,,Dolby Cinema at AMC,196,53,143,27,,https://www.amctheatres.com/showtimes/142951144/seats,Dolby Cinema at AMC @ 7:00pm (saved link)
2026-05-08,20260506-213317-8c2bb8,2026-05-07T04:43:34.122872+00:00,2026-05-07T04:00Z,2026-05-07,Thursday,AMC Brentwood 14,Los Angeles,PT,Mortal Kombat II,8:00pm,142220360,1337,,Laser at AMC,286,2,284,0.7,,https://www.amctheatres.com/showtimes/142220360/seats,Laser at AMC @ 8:00pm (saved link)
2026-05-08,20260506-213317-8c2bb8,2026-05-07T04:43:34.122872+00:00,2026-05-07T04:00Z,2026-05-07,Thursday,AMC Brentwood 14,Los Angeles,PT,Mortal Kombat II,5:00pm,142220359,1157,,Laser at AMC,286,2,284,0.7,,https://www.amctheatres.com/showtimes/142220359/seats,Laser at AMC @ 5:00pm (saved link)
2026-05-08,20260506-213317-8c2bb8,2026-05-07T04:44:03.283284+00:00,2026-05-07T04:00Z,2026-05-07,Thursday,AMC Burbank 16,Los Angeles,PT,Mortal Kombat II,9:00pm,142208154,1396,,IMAX with Laser at AMC,330,239,91,72.4,,https://www.amctheatres.com/showtimes/142208154/seats,IMAX with Laser at AMC @ 9:00pm (saved link)
2026-05-08,20260506-213317-8c2bb8,2026-05-07T04:44:03.283284+00:00,2026-05-07T04:00Z,2026-05-07,Thursday,AMC Burbank 16,Los Angeles,PT,Mortal Kombat II,6:00pm,142208156,1216,,IMAX with Laser at AMC,330,242,88,73.3,,https://www.amctheatres.com/showtimes/142208156/seats,IMAX with Laser at AMC @ 6:00pm (saved link)
2026-05-08,20260506-213317-8c2bb8,2026-05-07T04:44:03.283284+00:00,2026-05-07T04:00Z,2026-05-07,Thursday,AMC Burbank 16,Los Angeles,PT,Mortal Kombat II,10:30pm,142208207,1486,,Dolby Cinema at AMC,261,75,186,28.7,,https://www.amctheatres.com/showtimes/142208207/seats,Dolby Cinema at AMC @ 10:30pm (saved link)
2026-05-08,20260506-213317-8c2bb8,2026-05-07T04:44:03.283284+00:00,2026-05-07T04:00Z,2026-05-07,Thursday,AMC Burbank 16,Los Angeles,PT,Mortal Kombat II,9:45pm,142981429,1441,,XL at AMC,230,4,226,1.7,,https://www.amctheatres.com/showtimes/142981429/seats,XL at AMC @ 9:45pm (saved link)
2026-05-08,20260506-213317-8c2bb8,2026-05-07T04:44:03.283284+00:00,2026-05-07T04:00Z,2026-05-07,Thursday,AMC Burbank 16,Los Angeles,PT,Mortal Kombat II,8:00pm,142981353,1336,,Laser at AMC,139,19,120,13.7,,https://www.amctheatres.com/showtimes/142981353/seats,Laser at AMC @ 8:00pm (saved link)
2026-05-08,20260506-213317-8c2bb8,2026-05-07T04:44:03.283284+00:00,2026-05-07T04:00Z,2026-05-07,Thursday,AMC Burbank 16,Los Angeles,PT,Mortal Kombat II,5:00pm,142981354,1156,,Laser at AMC,139,0,139,0,,https://www.amctheatres.com/showtimes/142981354/seats,Laser at AMC @ 5:00pm (saved link)
2026-05-08,20260506-213317-8c2bb8,2026-05-07T04:44:03.283284+00:00,2026-05-07T04:00Z,2026-05-07,Thursday,AMC Burbank 16,Los Angeles,PT,Mortal Kombat II,7:30pm,142208206,1306,,SCREENX at AMC,227,162,65,71.4,,https://www.amctheatres.com/showtimes/142208206/seats,SCREENX at AMC @ 7:30pm (saved link)
2026-05-08,20260506-213317-8c2bb8,2026-05-07T04:44:36.924526+00:00,2026-05-07T04:00Z,2026-05-07,Thursday,AMC Century City 15,Los Angeles,PT,Mortal Kombat II,9:15pm,142205990,1411,,IMAX with Laser at AMC,199,148,51,74.4,,https://www.amctheatres.com/showtimes/142205990/seats,IMAX with Laser at AMC @ 9:15pm (saved link)
2026-05-08,20260506-213317-8c2bb8,2026-05-07T04:44:36.924526+00:00,2026-05-07T04:00Z,2026-05-07,Thursday,AMC Century City 15,Los Angeles,PT,Mortal Kombat II,6:15pm,142205989,1231,,IMAX with Laser at AMC,199,162,37,81.4,,https://www.amctheatres.com/showtimes/142205989/seats,IMAX with Laser at AMC @ 6:15pm (saved link)
2026-05-08,20260506-213317-8c2bb8,2026-05-07T04:44:36.924526+00:00,2026-05-07T04:00Z,2026-05-07,Thursday,AMC Century City 15,Los Angeles,PT,Mortal Kombat II,11:00pm,142206181,1516,,Dolby Cinema at AMC,158,36,122,22.8,,https://www.amctheatres.com/showtimes/142206181/seats,Dolby Cinema at AMC @ 11:00pm (saved link)
2026-05-08,20260506-213317-8c2bb8,2026-05-07T04:44:36.924526+00:00,2026-05-07T04:00Z,2026-05-07,Thursday,AMC Century City 15,Los Angeles,PT,Mortal Kombat II,10:15pm,142206143,1471,,Laser at AMC,181,3,178,1.7,,https://www.amctheatres.com/showtimes/142206143/seats,Laser at AMC @ 10:15pm (saved link)
2026-05-08,20260506-213317-8c2bb8,2026-05-07T04:44:36.924526+00:00,2026-05-07T04:00Z,2026-05-07,Thursday,AMC Century City 15,Los Angeles,PT,Mortal Kombat II,7:15pm,142206148,1291,,Laser at AMC,181,58,123,32,,https://www.amctheatres.com/showtimes/142206148/seats,Laser at AMC @ 7:15pm (saved link)
2026-05-08,20260506-213317-8c2bb8,2026-05-07T04:45:06.152458+00:00,2026-05-07T04:00Z,2026-05-07,Thursday,AMC DINE-IN Fullerton 20,Los Angeles,PT,Mortal Kombat II,10:20pm,142914014,1475,,Laser at AMC,116,4,112,3.4,,https://www.amctheatres.com/showtimes/142914014/seats,Laser at AMC @ 10:20pm (saved link)
2026-05-08,20260506-213317-8c2bb8,2026-05-07T04:45:06.152458+00:00,2026-05-07T04:00Z,2026-05-07,Thursday,AMC DINE-IN Fullerton 20,Los Angeles,PT,Mortal Kombat II,9:30pm,142104739,1425,,Laser at AMC,108,31,77,28.7,,https://www.amctheatres.com/showtimes/142104739/seats,Laser at AMC @ 9:30pm (saved link)
2026-05-08,20260506-213317-8c2bb8,2026-05-07T04:45:06.152458+00:00,2026-05-07T04:00Z,2026-05-07,Thursday,AMC DINE-IN Fullerton 20,Los Angeles,PT,Mortal Kombat II,9:00pm,142913989,1395,,Laser at AMC,80,10,70,12.5,,https://www.amctheatres.com/showtimes/142913989/seats,Laser at AMC @ 9:00pm (saved link)
2026-05-08,20260506-213317-8c2bb8,2026-05-07T04:45:06.152458+00:00,2026-05-07T04:00Z,2026-05-07,Thursday,AMC DINE-IN Fullerton 20,Los Angeles,PT,Mortal Kombat II,7:30pm,142104599,1305,,Laser at AMC,116,56,60,48.3,,https://www.amctheatres.com/showtimes/142104599/seats,Laser at AMC @ 7:30pm (saved link)
2026-05-08,20260506-213317-8c2bb8,2026-05-07T04:45:06.152458+00:00,2026-05-07T04:00Z,2026-05-07,Thursday,AMC DINE-IN Fullerton 20,Los Angeles,PT,Mortal Kombat II,6:30pm,142104738,1245,,Laser at AMC,108,59,49,54.6,,https://www.amctheatres.com/showtimes/142104738/seats,Laser at AMC @ 6:30pm (saved link)
2026-05-08,20260506-213317-8c2bb8,2026-05-07T04:45:06.152458+00:00,2026-05-07T04:00Z,2026-05-07,Thursday,AMC DINE-IN Fullerton 20,Los Angeles,PT,Mortal Kombat II,6:00pm,142913988,1215,,Laser at AMC,80,6,74,7.5,,https://www.amctheatres.com/showtimes/142913988/seats,Laser at AMC @ 6:00pm (saved link)
2026-05-08,20260506-213317-8c2bb8,2026-05-07T04:45:42.145612+00:00,2026-05-07T04:00Z,2026-05-07,Thursday,AMC DINE-IN Marina 6,Los Angeles,PT,Mortal Kombat II,11:00pm,142875607,1515,,Dine-In Delivery to Seat,32,1,31,3.1,,https://www.amctheatres.com/showtimes/142875607/seats,Dine-In Delivery to Seat @ 11:00pm (saved link)
2026-05-08,20260506-213317-8c2bb8,2026-05-07T04:45:42.145612+00:00,2026-05-07T04:00Z,2026-05-07,Thursday,AMC DINE-IN Marina 6,Los Angeles,PT,Mortal Kombat II,10:30pm,142186291,1485,,Dine-In Delivery to Seat,58,12,46,20.7,,https://www.amctheatres.com/showtimes/142186291/seats,Dine-In Delivery to Seat @ 10:30pm (saved link)
2026-05-08,20260506-213317-8c2bb8,2026-05-07T04:45:42.145612+00:00,2026-05-07T04:00Z,2026-05-07,Thursday,AMC DINE-IN Marina 6,Los Angeles,PT,Mortal Kombat II,7:30pm,142186290,1305,,Dine-In Delivery to Seat,58,45,13,77.6,,https://www.amctheatres.com/showtimes/142186290/seats,Dine-In Delivery to Seat @ 7:30pm (saved link)
2026-05-08,20260506-213317-8c2bb8,2026-05-07T04:45:42.145612+00:00,2026-05-07T04:00Z,2026-05-07,Thursday,AMC DINE-IN Marina 6,Los Angeles,PT,Mortal Kombat II,6:00pm,142875572,1215,,Dine-In Delivery to Seat,58,29,29,50,,https://www.amctheatres.com/showtimes/142875572/seats,Dine-In Delivery to Seat @ 6:00pm (saved link)
2026-05-08,20260506-213317-8c2bb8,2026-05-07T04:46:08.070998+00:00,2026-05-07T04:00Z,2026-05-07,Thursday,AMC La Mirada 7,Los Angeles,PT,Mortal Kombat II,10:15pm,142122195,1469,,Laser at AMC,113,9,104,8,,https://www.amctheatres.com/showtimes/142122195/seats,Laser at AMC @ 10:15pm (saved link)
2026-05-08,20260506-213317-8c2bb8,2026-05-07T04:46:08.070998+00:00,2026-05-07T04:00Z,2026-05-07,Thursday,AMC La Mirada 7,Los Angeles,PT,Mortal Kombat II,9:00pm,143006557,1394,,Laser at AMC,58,0,58,0,,https://www.amctheatres.com/showtimes/143006557/seats,Laser at AMC @ 9:00pm (saved link)
2026-05-08,20260506-213317-8c2bb8,2026-05-07T04:46:08.070998+00:00,2026-05-07T04:00Z,2026-05-07,Thursday,AMC La Mirada 7,Los Angeles,PT,Mortal Kombat II,7:15pm,142122193,1289,,Laser at AMC,113,27,86,23.9,,https://www.amctheatres.com/showtimes/142122193/seats,Laser at AMC @ 7:15pm (saved link)
2026-05-08,20260506-213317-8c2bb8,2026-05-07T04:46:08.070998+00:00,2026-05-07T04:00Z,2026-05-07,Thursday,AMC La Mirada 7,Los Angeles,PT,Mortal Kombat II,6:00pm,143006556,1214,,Laser at AMC,58,3,55,5.2,,https://www.amctheatres.com/showtimes/143006556/seats,Laser at AMC @ 6:00pm (saved link)
2026-05-08,20260506-213317-8c2bb8,2026-05-07T04:46:33.976239+00:00,2026-05-07T04:00Z,2026-05-07,Thursday,AMC Lakewood Mall 12,Los Angeles,PT,Mortal Kombat II,9:15pm,142204175,1409,,Laser at AMC,69,18,51,26.1,,https://www.amctheatres.com/showtimes/142204175/seats,Laser at AMC @ 9:15pm (saved link)
2026-05-08,20260506-213317-8c2bb8,2026-05-07T04:46:33.976239+00:00,2026-05-07T04:00Z,2026-05-07,Thursday,AMC Lakewood Mall 12,Los Angeles,PT,Mortal Kombat II,8:15pm,142959993,1349,,Laser at AMC,91,11,80,12.1,,https://www.amctheatres.com/showtimes/142959993/seats,Laser at AMC @ 8:15pm (saved link)
2026-05-08,20260506-213317-8c2bb8,2026-05-07T04:46:33.976239+00:00,2026-05-07T04:00Z,2026-05-07,Thursday,AMC Lakewood Mall 12,Los Angeles,PT,Mortal Kombat II,7:35pm,142204133,1309,,Laser at AMC,93,46,47,49.5,,https://www.amctheatres.com/showtimes/142204133/seats,Laser at AMC @ 7:35pm (saved link)
2026-05-08,20260506-213317-8c2bb8,2026-05-07T04:46:33.976239+00:00,2026-05-07T04:00Z,2026-05-07,Thursday,AMC Lakewood Mall 12,Los Angeles,PT,Mortal Kombat II,6:10pm,142204174,1224,,Laser at AMC,69,38,31,55.1,,https://www.amctheatres.com/showtimes/142204174/seats,Laser at AMC @ 6:10pm (saved link)
2026-05-08,20260506-213317-8c2bb8,2026-05-07T04:46:33.976239+00:00,2026-05-07T04:00Z,2026-05-07,Thursday,AMC Lakewood Mall 12,Los Angeles,PT,Mortal Kombat II,5:15pm,142959994,1169,,Laser at AMC,91,9,82,9.9,,https://www.amctheatres.com/showtimes/142959994/seats,Laser at AMC @ 5:15pm (saved link)
2026-05-08,20260506-213317-8c2bb8,2026-05-07T04:47:02.868318+00:00,2026-05-07T04:00Z,2026-05-07,Thursday,AMC Marina Pacifica 12,Los Angeles,PT,Mortal Kombat II,10:30pm,142864964,1483,,Laser at AMC,90,0,90,0,,https://www.amctheatres.com/showtimes/142864964/seats,Laser at AMC @ 10:30pm (saved link)
2026-05-08,20260506-213317-8c2bb8,2026-05-07T04:47:02.868318+00:00,2026-05-07T04:00Z,2026-05-07,Thursday,AMC Marina Pacifica 12,Los Angeles,PT,Mortal Kombat II,9:30pm,142237672,1423,,Laser at AMC,90,27,63,30,,https://www.amctheatres.com/showtimes/142237672/seats,Laser at AMC @ 9:30pm (saved link)
2026-05-08,20260506-213317-8c2bb8,2026-05-07T04:47:02.868318+00:00,2026-05-07T04:00Z,2026-05-07,Thursday,AMC Marina Pacifica 12,Los Angeles,PT,Mortal Kombat II,7:15pm,142864963,1288,,Laser at AMC,90,33,57,36.7,,https://www.amctheatres.com/showtimes/142864963/seats,Laser at AMC @ 7:15pm (saved link)
2026-05-08,20260506-213317-8c2bb8,2026-05-07T04:47:02.868318+00:00,2026-05-07T04:00Z,2026-05-07,Thursday,AMC Marina Pacifica 12,Los Angeles,PT,Mortal Kombat II,6:15pm,142237671,1228,,Laser at AMC,90,48,42,53.3,,https://www.amctheatres.com/showtimes/142237671/seats,Laser at AMC @ 6:15pm (saved link)
2026-05-08,20260506-213317-8c2bb8,2026-05-07T04:47:27.486193+00:00,2026-05-07T04:00Z,2026-05-07,Thursday,AMC Montebello 10,Los Angeles,PT,Mortal Kombat II,10:15pm,142086768,1468,,Laser at AMC,117,8,109,6.8,,https://www.amctheatres.com/showtimes/142086768/seats,Laser at AMC @ 10:15pm (saved link)
2026-05-08,20260506-213317-8c2bb8,2026-05-07T04:47:27.486193+00:00,2026-05-07T04:00Z,2026-05-07,Thursday,AMC Montebello 10,Los Angeles,PT,Mortal Kombat II,9:15pm,142086702,1408,,Laser at AMC,162,68,94,42,,https://www.amctheatres.com/showtimes/142086702/seats,Laser at AMC @ 9:15pm (saved link)
2026-05-08,20260506-213317-8c2bb8,2026-05-07T04:47:27.486193+00:00,2026-05-07T04:00Z,2026-05-07,Thursday,AMC Montebello 10,Los Angeles,PT,Mortal Kombat II,7:00pm,142086767,1273,,Laser at AMC,117,59,58,50.4,,https://www.amctheatres.com/showtimes/142086767/seats,Laser at AMC @ 7:00pm (saved link)
2026-05-08,20260506-213317-8c2bb8,2026-05-07T04:47:27.486193+00:00,2026-05-07T04:00Z,2026-05-07,Thursday,AMC Montebello 10,Los Angeles,PT,Mortal Kombat II,6:10pm,142086701,1223,,Laser at AMC,162,66,96,40.7,,https://www.amctheatres.com/showtimes/142086701/seats,Laser at AMC @ 6:10pm (saved link)
2026-05-08,20260506-213317-8c2bb8,2026-05-07T04:47:57.583374+00:00,2026-05-07T04:00Z,2026-05-07,Thursday,AMC Norwalk 20,Los Angeles,PT,Mortal Kombat II,10:15pm,142211894,1468,,IMAX at AMC,329,43,286,13.1,,https://www.amctheatres.com/showtimes/142211894/seats,IMAX at AMC @ 10:15pm (saved link)
2026-05-08,20260506-213317-8c2bb8,2026-05-07T04:47:57.583374+00:00,2026-05-07T04:00Z,2026-05-07,Thursday,AMC Norwalk 20,Los Angeles,PT,Mortal Kombat II,7:00pm,142211892,1273,,IMAX at AMC,329,194,135,59,,https://www.amctheatres.com/showtimes/142211892/seats,IMAX at AMC @ 7:00pm (saved link)
2026-05-08,20260506-213317-8c2bb8,2026-05-07T04:47:57.583374+00:00,2026-05-07T04:00Z,2026-05-07,Thursday,AMC Norwalk 20,Los Angeles,PT,Mortal Kombat II,11:00pm,142211872,1513,,Dolby Cinema at AMC,170,50,120,29.4,,https://www.amctheatres.com/showtimes/142211872/seats,Dolby Cinema at AMC @ 11:00pm (saved link)
2026-05-08,20260506-213317-8c2bb8,2026-05-07T04:47:57.583374+00:00,2026-05-07T04:00Z,2026-05-07,Thursday,AMC Norwalk 20,Los Angeles,PT,Mortal Kombat II,9:00pm,142211841,1393,,Laser at AMC,85,38,47,44.7,,https://www.amctheatres.com/showtimes/142211841/seats,Laser at AMC @ 9:00pm (saved link)
2026-05-08,20260506-213317-8c2bb8,2026-05-07T04:47:57.583374+00:00,2026-05-07T04:00Z,2026-05-07,Thursday,AMC Norwalk 20,Los Angeles,PT,Mortal Kombat II,8:05pm,142891446,1337,,Laser at AMC,90,41,49,45.6,,https://www.amctheatres.com/showtimes/142891446/seats,Laser at AMC @ 8:05pm (saved link)
2026-05-08,20260506-213317-8c2bb8,2026-05-07T04:47:57.583374+00:00,2026-05-07T04:00Z,2026-05-07,Thursday,AMC Norwalk 20,Los Angeles,PT,Mortal Kombat II,6:00pm,142211840,1213,,Laser at AMC,85,51,34,60,,https://www.amctheatres.com/showtimes/142211840/seats,Laser at AMC @ 6:00pm (saved link)
2026-05-08,20260506-213317-8c2bb8,2026-05-07T04:47:57.583374+00:00,2026-05-07T04:00Z,2026-05-07,Thursday,AMC Norwalk 20,Los Angeles,PT,Mortal Kombat II,5:00pm,142818909,1153,,Laser at AMC,90,40,50,44.4,,https://www.amctheatres.com/showtimes/142818909/seats,Laser at AMC @ 5:00pm (saved link)
2026-05-08,20260506-213317-8c2bb8,2026-05-07T04:48:31.630775+00:00,2026-05-07T04:00Z,2026-05-07,Thursday,AMC Orange 30,Los Angeles,PT,Mortal Kombat II,9:30pm,142097129,1422,,IMAX with Laser at AMC,301,105,196,34.9,,https://www.amctheatres.com/showtimes/142097129/seats,IMAX with Laser at AMC @ 9:30pm (saved link)
2026-05-08,20260506-213317-8c2bb8,2026-05-07T04:48:31.630775+00:00,2026-05-07T04:00Z,2026-05-07,Thursday,AMC Orange 30,Los Angeles,PT,Mortal Kombat II,6:15pm,142097130,1227,,IMAX with Laser at AMC,301,175,126,58.1,,https://www.amctheatres.com/showtimes/142097130/seats,IMAX with Laser at AMC @ 6:15pm (saved link)
2026-05-08,20260506-213317-8c2bb8,2026-05-07T04:48:31.630775+00:00,2026-05-07T04:00Z,2026-05-07,Thursday,AMC Orange 30,Los Angeles,PT,Mortal Kombat II,10:00pm,142097066,1452,,XL at AMC,267,2,265,0.7,,https://www.amctheatres.com/showtimes/142097066/seats,XL at AMC @ 10:00pm (saved link)
2026-05-08,20260506-213317-8c2bb8,2026-05-07T04:48:31.630775+00:00,2026-05-07T04:00Z,2026-05-07,Thursday,AMC Orange 30,Los Angeles,PT,Mortal Kombat II,6:45pm,142097065,1257,,XL at AMC,267,13,254,4.9,,https://www.amctheatres.com/showtimes/142097065/seats,XL at AMC @ 6:45pm (saved link)
2026-05-08,20260506-213317-8c2bb8,2026-05-07T04:48:31.630775+00:00,2026-05-07T04:00Z,2026-05-07,Thursday,AMC Orange 30,Los Angeles,PT,Mortal Kombat II,11:00pm,142097063,1512,,Laser at AMC,227,0,227,0,,https://www.amctheatres.com/showtimes/142097063/seats,Laser at AMC @ 11:00pm (saved link)
2026-05-08,20260506-213317-8c2bb8,2026-05-07T04:48:31.630775+00:00,2026-05-07T04:00Z,2026-05-07,Thursday,AMC Orange 30,Los Angeles,PT,Mortal Kombat II,10:30pm,142870782,1482,,Laser at AMC,153,0,153,0,,https://www.amctheatres.com/showtimes/142870782/seats,Laser at AMC @ 10:30pm (saved link)
2026-05-08,20260506-213317-8c2bb8,2026-05-07T04:48:31.630775+00:00,2026-05-07T04:00Z,2026-05-07,Thursday,AMC Orange 30,Los Angeles,PT,Mortal Kombat II,8:45pm,142870809,1377,,Laser at AMC,131,4,127,3.1,,https://www.amctheatres.com/showtimes/142870809/seats,Laser at AMC @ 8:45pm (saved link)
2026-05-08,20260506-213317-8c2bb8,2026-05-07T04:48:31.630775+00:00,2026-05-07T04:00Z,2026-05-07,Thursday,AMC Orange 30,Los Angeles,PT,Mortal Kombat II,8:30pm,142870785,1362,,Laser at AMC,153,0,153,0,,https://www.amctheatres.com/showtimes/142870785/seats,Laser at AMC @ 8:30pm (saved link)
2026-05-08,20260506-213317-8c2bb8,2026-05-07T04:48:31.630775+00:00,2026-05-07T04:00Z,2026-05-07,Thursday,AMC Orange 30,Los Angeles,PT,Mortal Kombat II,7:45pm,142097062,1317,,Laser at AMC,227,4,223,1.8,,https://www.amctheatres.com/showtimes/142097062/seats,Laser at AMC @ 7:45pm (saved link)
2026-05-08,20260506-213317-8c2bb8,2026-05-07T04:48:31.630775+00:00,2026-05-07T04:00Z,2026-05-07,Thursday,AMC Orange 30,Los Angeles,PT,Mortal Kombat II,7:15pm,142870781,1287,,Laser at AMC,153,7,146,4.6,,https://www.amctheatres.com/showtimes/142870781/seats,Laser at AMC @ 7:15pm (saved link)
2026-05-08,20260506-213317-8c2bb8,2026-05-07T04:48:31.630775+00:00,2026-05-07T04:00Z,2026-05-07,Thursday,AMC Orange 30,Los Angeles,PT,Mortal Kombat II,5:15pm,142870786,1167,,Laser at AMC,153,2,151,1.3,,https://www.amctheatres.com/showtimes/142870786/seats,Laser at AMC @ 5:15pm (saved link)
2026-05-08,20260506-213317-8c2bb8,2026-05-07T04:48:31.630775+00:00,2026-05-07T04:00Z,2026-05-07,Thursday,AMC Orange 30,Los Angeles,PT,Mortal Kombat II,5:10pm,142870853,1162,,Laser at AMC,153,4,149,2.6,,https://www.amctheatres.com/showtimes/142870853/seats,Laser at AMC @ 5:10pm (saved link)
2026-05-08,20260506-213317-8c2bb8,2026-05-07T04:49:18.314443+00:00,2026-05-07T04:00Z,2026-05-07,Thursday,AMC Puente Hills 20,Los Angeles,PT,Mortal Kombat II,9:00pm,142207192,1391,,IMAX with Laser at AMC,180,135,45,75,,https://www.amctheatres.com/showtimes/142207192/seats,IMAX with Laser at AMC @ 9:00pm (saved link)
2026-05-08,20260506-213317-8c2bb8,2026-05-07T04:49:18.314443+00:00,2026-05-07T04:00Z,2026-05-07,Thursday,AMC Puente Hills 20,Los Angeles,PT,Mortal Kombat II,6:00pm,142207197,1211,,IMAX with Laser at AMC,180,142,38,78.9,,https://www.amctheatres.com/showtimes/142207197/seats,IMAX with Laser at AMC @ 6:00pm (saved link)
2026-05-08,20260506-213317-8c2bb8,2026-05-07T04:49:18.314443+00:00,2026-05-07T04:00Z,2026-05-07,Thursday,AMC Puente Hills 20,Los Angeles,PT,Mortal Kombat II,10:45pm,142207217,1496,,Dolby Cinema at AMC,214,62,152,29,,https://www.amctheatres.com/showtimes/142207217/seats,Dolby Cinema at AMC @ 10:45pm (saved link)
2026-05-08,20260506-213317-8c2bb8,2026-05-07T04:49:18.314443+00:00,2026-05-07T04:00Z,2026-05-07,Thursday,AMC Puente Hills 20,Los Angeles,PT,Mortal Kombat II,10:35pm,142896437,1486,,Laser at AMC,84,1,83,1.2,,https://www.amctheatres.com/showtimes/142896437/seats,Laser at AMC @ 10:35pm (saved link)
2026-05-08,20260506-213317-8c2bb8,2026-05-07T04:49:18.314443+00:00,2026-05-07T04:00Z,2026-05-07,Thursday,AMC Puente Hills 20,Los Angeles,PT,Mortal Kombat II,10:15pm,142896156,1466,,Laser at AMC,45,0,45,0,,https://www.amctheatres.com/showtimes/142896156/seats,Laser at AMC @ 10:15pm (saved link)
2026-05-08,20260506-213317-8c2bb8,2026-05-07T04:49:18.314443+00:00,2026-05-07T04:00Z,2026-05-07,Thursday,AMC Puente Hills 20,Los Angeles,PT,Mortal Kombat II,10:00pm,142207141,1451,,Laser at AMC,186,4,182,2.2,,https://www.amctheatres.com/showtimes/142207141/seats,Laser at AMC @ 10:00pm (saved link)
2026-05-08,20260506-213317-8c2bb8,2026-05-07T04:49:18.314443+00:00,2026-05-07T04:00Z,2026-05-07,Thursday,AMC Puente Hills 20,Los Angeles,PT,Mortal Kombat II,9:45pm,143000034,1436,,Laser at AMC,109,2,107,1.8,,https://www.amctheatres.com/showtimes/143000034/seats,Laser at AMC @ 9:45pm (saved link)
2026-05-08,20260506-213317-8c2bb8,2026-05-07T04:49:18.314443+00:00,2026-05-07T04:00Z,2026-05-07,Thursday,AMC Puente Hills 20,Los Angeles,PT,Mortal Kombat II,9:30pm,142896157,1421,,Laser at AMC,74,2,72,2.7,,https://www.amctheatres.com/showtimes/142896157/seats,Laser at AMC @ 9:30pm (saved link)
2026-05-08,20260506-213317-8c2bb8,2026-05-07T04:49:18.314443+00:00,2026-05-07T04:00Z,2026-05-07,Thursday,AMC Puente Hills 20,Los Angeles,PT,Mortal Kombat II,8:05pm,142896307,1336,,Laser at AMC,187,19,168,10.2,,https://www.amctheatres.com/showtimes/142896307/seats,Laser at AMC @ 8:05pm (saved link)
2026-05-08,20260506-213317-8c2bb8,2026-05-07T04:49:18.314443+00:00,2026-05-07T04:00Z,2026-05-07,Thursday,AMC Puente Hills 20,Los Angeles,PT,Mortal Kombat II,7:30pm,142896520,1301,,Laser at AMC,74,2,72,2.7,,https://www.amctheatres.com/showtimes/142896520/seats,Laser at AMC @ 7:30pm (saved link)
2026-05-08,20260506-213317-8c2bb8,2026-05-07T04:49:18.314443+00:00,2026-05-07T04:00Z,2026-05-07,Thursday,AMC Puente Hills 20,Los Angeles,PT,Mortal Kombat II,7:00pm,142207140,1271,,Laser at AMC,186,76,110,40.9,,https://www.amctheatres.com/showtimes/142207140/seats,Laser at AMC @ 7:00pm (saved link)
2026-05-08,20260506-213317-8c2bb8,2026-05-07T04:49:18.314443+00:00,2026-05-07T04:00Z,2026-05-07,Thursday,AMC Puente Hills 20,Los Angeles,PT,Mortal Kombat II,6:30pm,142896609,1241,,Laser at AMC,45,20,25,44.4,,https://www.amctheatres.com/showtimes/142896609/seats,Laser at AMC @ 6:30pm (saved link)
2026-05-08,20260506-213317-8c2bb8,2026-05-07T04:50:06.073834+00:00,2026-05-07T04:00Z,2026-05-07,Thursday,AMC Santa Monica 7,Los Angeles,PT,Mortal Kombat II,9:30pm,142815948,1420,,Laser at AMC,75,15,60,20,,https://www.amctheatres.com/showtimes/142815948/seats,Laser at AMC @ 9:30pm (saved link)
2026-05-08,20260506-213317-8c2bb8,2026-05-07T04:50:06.073834+00:00,2026-05-07T04:00Z,2026-05-07,Thursday,AMC Santa Monica 7,Los Angeles,PT,Mortal Kombat II,6:40pm,142815946,1250,,Laser at AMC,75,35,40,46.7,,https://www.amctheatres.com/showtimes/142815946/seats,Laser at AMC @ 6:40pm (saved link)
2026-05-08,20260506-213317-8c2bb8,2026-05-07T04:50:29.249723+00:00,2026-05-07T04:00Z,2026-05-07,Thursday,AMC The Americana at Brand 18,Los Angeles,PT,Mortal Kombat II,9:00pm,142194997,1390,,IMAX with Laser at AMC,135,94,41,69.6,,https://www.amctheatres.com/showtimes/142194997/seats,IMAX with Laser at AMC @ 9:00pm (saved link)
2026-05-08,20260506-213317-8c2bb8,2026-05-07T04:50:29.249723+00:00,2026-05-07T04:00Z,2026-05-07,Thursday,AMC The Americana at Brand 18,Los Angeles,PT,Mortal Kombat II,6:00pm,142194996,1210,,IMAX with Laser at AMC,135,101,34,74.8,,https://www.amctheatres.com/showtimes/142194996/seats,IMAX with Laser at AMC @ 6:00pm (saved link)
2026-05-08,20260506-213317-8c2bb8,2026-05-07T04:50:29.249723+00:00,2026-05-07T04:00Z,2026-05-07,Thursday,AMC The Americana at Brand 18,Los Angeles,PT,Mortal Kombat II,11:00pm,142195038,1510,,Dolby Cinema at AMC,132,25,107,18.9,,https://www.amctheatres.com/showtimes/142195038/seats,Dolby Cinema at AMC @ 11:00pm (saved link)
2026-05-08,20260506-213317-8c2bb8,2026-05-07T04:50:29.249723+00:00,2026-05-07T04:00Z,2026-05-07,Thursday,AMC The Americana at Brand 18,Los Angeles,PT,Mortal Kombat II,10:00pm,142194932,1450,,XL at AMC,183,8,175,4.4,,https://www.amctheatres.com/showtimes/142194932/seats,XL at AMC @ 10:00pm (saved link)
2026-05-08,20260506-213317-8c2bb8,2026-05-07T04:50:29.249723+00:00,2026-05-07T04:00Z,2026-05-07,Thursday,AMC The Americana at Brand 18,Los Angeles,PT,Mortal Kombat II,7:00pm,142194931,1270,,XL at AMC,183,40,143,21.9,,https://www.amctheatres.com/showtimes/142194931/seats,XL at AMC @ 7:00pm (saved link)
2026-05-08,20260506-213317-8c2bb8,2026-05-07T04:50:57.588733+00:00,2026-05-07T04:00Z,2026-05-07,Thursday,AMC The Grove 14,Los Angeles,PT,Mortal Kombat II,9:00pm,142211546,1390,,IMAX with Laser at AMC,203,143,60,70.4,,https://www.amctheatres.com/showtimes/142211546/seats,IMAX with Laser at AMC @ 9:00pm (saved link)
2026-05-08,20260506-213317-8c2bb8,2026-05-07T04:50:57.588733+00:00,2026-05-07T04:00Z,2026-05-07,Thursday,AMC The Grove 14,Los Angeles,PT,Mortal Kombat II,6:00pm,142211545,1210,,IMAX with Laser at AMC,203,155,48,76.4,,https://www.amctheatres.com/showtimes/142211545/seats,IMAX with Laser at AMC @ 6:00pm (saved link)
2026-05-08,20260506-213317-8c2bb8,2026-05-07T04:50:57.588733+00:00,2026-05-07T04:00Z,2026-05-07,Thursday,AMC The Grove 14,Los Angeles,PT,Mortal Kombat II,10:30pm,142211573,1480,,Dolby Cinema at AMC,215,47,168,21.9,,https://www.amctheatres.com/showtimes/142211573/seats,Dolby Cinema at AMC @ 10:30pm (saved link)
2026-05-08,20260506-213317-8c2bb8,2026-05-07T04:50:57.588733+00:00,2026-05-07T04:00Z,2026-05-07,Thursday,AMC The Grove 14,Los Angeles,PT,Mortal Kombat II,10:00pm,142211625,1450,,XL at AMC,271,12,259,4.4,,https://www.amctheatres.com/showtimes/142211625/seats,XL at AMC @ 10:00pm (saved link)
2026-05-08,20260506-213317-8c2bb8,2026-05-07T04:50:57.588733+00:00,2026-05-07T04:00Z,2026-05-07,Thursday,AMC The Grove 14,Los Angeles,PT,Mortal Kombat II,7:00pm,142211624,1270,,XL at AMC,271,74,197,27.3,,https://www.amctheatres.com/showtimes/142211624/seats,XL at AMC @ 7:00pm (saved link)
2026-05-08,20260506-213317-8c2bb8,2026-05-07T04:51:25.883342+00:00,2026-05-07T04:00Z,2026-05-07,Thursday,AMC The Regency 20,Los Angeles,PT,Mortal Kombat II,9:00pm,142095132,1389,,IMAX with Laser at AMC,251,72,179,28.7,,https://www.amctheatres.com/showtimes/142095132/seats,IMAX with Laser at AMC @ 9:00pm (saved link)
2026-05-08,20260506-213317-8c2bb8,2026-05-07T04:51:25.883342+00:00,2026-05-07T04:00Z,2026-05-07,Thursday,AMC The Regency 20,Los Angeles,PT,Mortal Kombat II,6:00pm,142095131,1209,,IMAX with Laser at AMC,251,79,172,31.5,,https://www.amctheatres.com/showtimes/142095131/seats,IMAX with Laser at AMC @ 6:00pm (saved link)
2026-05-08,20260506-213317-8c2bb8,2026-05-07T04:51:25.883342+00:00,2026-05-07T04:00Z,2026-05-07,Thursday,AMC The Regency 20,Los Angeles,PT,Mortal Kombat II,8:00pm,142095150,1329,,Laser at AMC,192,14,178,7.3,,https://www.amctheatres.com/showtimes/142095150/seats,Laser at AMC @ 8:00pm (saved link)
2026-05-08,20260506-213317-8c2bb8,2026-05-07T04:51:25.883342+00:00,2026-05-07T04:00Z,2026-05-07,Thursday,AMC The Regency 20,Los Angeles,PT,Mortal Kombat II,5:00pm,142095149,1149,,Laser at AMC,192,2,190,1,,https://www.amctheatres.com/showtimes/142095149/seats,Laser at AMC @ 5:00pm (saved link)
2026-05-08,20260506-213317-8c2bb8,2026-05-07T04:51:51.651965+00:00,2026-05-07T04:00Z,2026-05-07,Thursday,AMC Tustin 14 @ The District,Los Angeles,PT,Mortal Kombat II,10:15pm,142211709,1464,,IMAX with Laser at AMC,144,80,64,55.6,,https://www.amctheatres.com/showtimes/142211709/seats,IMAX with Laser at AMC @ 10:15pm (saved link)
2026-05-08,20260506-213317-8c2bb8,2026-05-07T04:51:51.651965+00:00,2026-05-07T04:00Z,2026-05-07,Thursday,AMC Tustin 14 @ The District,Los Angeles,PT,Mortal Kombat II,7:00pm,142211710,1269,,IMAX with Laser at AMC,144,118,26,81.9,,https://www.amctheatres.com/showtimes/142211710/seats,IMAX with Laser at AMC @ 7:00pm (saved link)
2026-05-08,20260506-213317-8c2bb8,2026-05-07T04:51:51.651965+00:00,2026-05-07T04:00Z,2026-05-07,Thursday,AMC Tustin 14 @ The District,Los Angeles,PT,Mortal Kombat II,7:40pm,142866077,1309,,PRIME at AMC,154,43,111,27.9,,https://www.amctheatres.com/showtimes/142866077/seats,PRIME at AMC @ 7:40pm (saved link)
2026-05-08,20260506-213317-8c2bb8,2026-05-07T04:51:51.651965+00:00,2026-05-07T04:00Z,2026-05-07,Thursday,AMC Tustin 14 @ The District,Los Angeles,PT,Mortal Kombat II,9:30pm,142211690,1419,,Laser at AMC,126,12,114,9.5,,https://www.amctheatres.com/showtimes/142211690/seats,Laser at AMC @ 9:30pm (saved link)
2026-05-08,20260506-213317-8c2bb8,2026-05-07T04:51:51.651965+00:00,2026-05-07T04:00Z,2026-05-07,Thursday,AMC Tustin 14 @ The District,Los Angeles,PT,Mortal Kombat II,8:30pm,142866095,1359,,Laser at AMC,73,14,59,19.2,,https://www.amctheatres.com/showtimes/142866095/seats,Laser at AMC @ 8:30pm (saved link)
2026-05-08,20260506-213317-8c2bb8,2026-05-07T04:51:51.651965+00:00,2026-05-07T04:00Z,2026-05-07,Thursday,AMC Tustin 14 @ The District,Los Angeles,PT,Mortal Kombat II,6:15pm,142211681,1224,,Laser at AMC,126,57,69,45.2,,https://www.amctheatres.com/showtimes/142211681/seats,Laser at AMC @ 6:15pm (saved link)
2026-05-08,20260506-213317-8c2bb8,2026-05-07T04:51:51.651965+00:00,2026-05-07T04:00Z,2026-05-07,Thursday,AMC Tustin 14 @ The District,Los Angeles,PT,Mortal Kombat II,5:15pm,142866093,1164,,Laser at AMC,73,16,57,21.9,,https://www.amctheatres.com/showtimes/142866093/seats,Laser at AMC @ 5:15pm (saved link)
2026-05-08,20260506-213317-8c2bb8,2026-05-07T04:52:25.235739+00:00,2026-05-07T04:00Z,2026-05-07,Thursday,AMC Ahwatukee 24,Phoenix,PT,Mortal Kombat II,10:00pm,142203121,1448,,PRIME at AMC,93,3,90,3.2,,https://www.amctheatres.com/showtimes/142203121/seats,PRIME at AMC @ 10:00pm (saved link)
2026-05-08,20260506-213317-8c2bb8,2026-05-07T04:52:25.235739+00:00,2026-05-07T04:00Z,2026-05-07,Thursday,AMC Ahwatukee 24,Phoenix,PT,Mortal Kombat II,7:00pm,142203120,1268,,PRIME at AMC,93,65,28,69.9,,https://www.amctheatres.com/showtimes/142203120/seats,PRIME at AMC @ 7:00pm (saved link)
2026-05-08,20260506-213317-8c2bb8,2026-05-07T04:52:25.235739+00:00,2026-05-07T04:00Z,2026-05-07,Thursday,AMC Ahwatukee 24,Phoenix,PT,Mortal Kombat II,9:45pm,142982354,1433,,Laser at AMC,40,0,40,0,,https://www.amctheatres.com/showtimes/142982354/seats,Laser at AMC @ 9:45pm (saved link)
2026-05-08,20260506-213317-8c2bb8,2026-05-07T04:52:25.235739+00:00,2026-05-07T04:00Z,2026-05-07,Thursday,AMC Ahwatukee 24,Phoenix,PT,Mortal Kombat II,9:30pm,142982283,1418,,Laser at AMC,35,0,35,0,,https://www.amctheatres.com/showtimes/142982283/seats,Laser at AMC @ 9:30pm (saved link)
2026-05-08,20260506-213317-8c2bb8,2026-05-07T04:52:25.235739+00:00,2026-05-07T04:00Z,2026-05-07,Thursday,AMC Ahwatukee 24,Phoenix,PT,Mortal Kombat II,9:00pm,142203104,1388,,Laser at AMC,96,5,91,5.2,,https://www.amctheatres.com/showtimes/142203104/seats,Laser at AMC @ 9:00pm (saved link)
2026-05-08,20260506-213317-8c2bb8,2026-05-07T04:52:25.235739+00:00,2026-05-07T04:00Z,2026-05-07,Thursday,AMC Ahwatukee 24,Phoenix,PT,Mortal Kombat II,8:00pm,142808799,1328,,Laser at AMC,91,12,79,13.2,,https://www.amctheatres.com/showtimes/142808799/seats,Laser at AMC @ 8:00pm (saved link)
2026-05-08,20260506-213317-8c2bb8,2026-05-07T04:52:25.235739+00:00,2026-05-07T04:00Z,2026-05-07,Thursday,AMC Ahwatukee 24,Phoenix,PT,Mortal Kombat II,6:30pm,142982282,1238,,Laser at AMC,35,0,35,0,,https://www.amctheatres.com/showtimes/142982282/seats,Laser at AMC @ 6:30pm (saved link)
2026-05-08,20260506-213317-8c2bb8,2026-05-07T04:52:25.235739+00:00,2026-05-07T04:00Z,2026-05-07,Thursday,AMC Ahwatukee 24,Phoenix,PT,Mortal Kombat II,6:00pm,142203103,1208,,Laser at AMC,96,31,65,32.3,,https://www.amctheatres.com/showtimes/142203103/seats,Laser at AMC @ 6:00pm (saved link)
2026-05-08,20260506-213317-8c2bb8,2026-05-07T04:52:25.235739+00:00,2026-05-07T04:00Z,2026-05-07,Thursday,AMC Ahwatukee 24,Phoenix,PT,Mortal Kombat II,5:15pm,142808800,1163,,Laser at AMC,91,10,81,11,,https://www.amctheatres.com/showtimes/142808800/seats,Laser at AMC @ 5:15pm (saved link)
2026-05-08,20260506-213317-8c2bb8,2026-05-07T04:53:05.062988+00:00,2026-05-07T04:00Z,2026-05-07,Thursday,AMC Arizona Center 24,Phoenix,PT,Mortal Kombat II,9:00pm,142897006,1387,,undefined,441,3,438,0.7,,https://www.amctheatres.com/showtimes/142897006/seats,undefined @ 9:00pm (saved link)
2026-05-08,20260506-213317-8c2bb8,2026-05-07T04:53:05.062988+00:00,2026-05-07T04:00Z,2026-05-07,Thursday,AMC Arizona Center 24,Phoenix,PT,Mortal Kombat II,8:00pm,142896835,1327,,undefined,173,2,171,1.2,,https://www.amctheatres.com/showtimes/142896835/seats,undefined @ 8:00pm (saved link)
2026-05-08,20260506-213317-8c2bb8,2026-05-07T04:53:05.062988+00:00,2026-05-07T04:00Z,2026-05-07,Thursday,AMC Arizona Center 24,Phoenix,PT,Mortal Kombat II,7:00pm,142206699,1267,,undefined,286,17,269,5.9,,https://www.amctheatres.com/showtimes/142206699/seats,undefined @ 7:00pm (saved link)
2026-05-08,20260506-213317-8c2bb8,2026-05-07T04:53:05.062988+00:00,2026-05-07T04:00Z,2026-05-07,Thursday,AMC Arizona Center 24,Phoenix,PT,Mortal Kombat II,6:00pm,142897005,1207,,undefined,441,10,431,2.3,,https://www.amctheatres.com/showtimes/142897005/seats,undefined @ 6:00pm (saved link)
2026-05-08,20260506-213317-8c2bb8,2026-05-07T04:53:05.062988+00:00,2026-05-07T04:00Z,2026-05-07,Thursday,AMC Arizona Center 24,Phoenix,PT,Mortal Kombat II,5:00pm,142206697,1147,,undefined,173,8,165,4.6,,https://www.amctheatres.com/showtimes/142206697/seats,undefined @ 5:00pm (saved link)
2026-05-08,20260506-213317-8c2bb8,2026-05-07T04:53:34.339249+00:00,2026-05-07T04:00Z,2026-05-07,Thursday,AMC Deer Valley 17,Phoenix,PT,Mortal Kombat II,9:00pm,142188341,1387,,IMAX with Laser at AMC,309,32,277,10.4,,https://www.amctheatres.com/showtimes/142188341/seats,IMAX with Laser at AMC @ 9:00pm (saved link)
2026-05-08,20260506-213317-8c2bb8,2026-05-07T04:53:34.339249+00:00,2026-05-07T04:00Z,2026-05-07,Thursday,AMC Deer Valley 17,Phoenix,PT,Mortal Kombat II,6:00pm,142188342,1207,,IMAX with Laser at AMC,309,60,249,19.4,,https://www.amctheatres.com/showtimes/142188342/seats,IMAX with Laser at AMC @ 6:00pm (saved link)
2026-05-08,20260506-213317-8c2bb8,2026-05-07T04:53:34.339249+00:00,2026-05-07T04:00Z,2026-05-07,Thursday,AMC Deer Valley 17,Phoenix,PT,Mortal Kombat II,9:30pm,142188311,1417,,Dolby Cinema at AMC,254,37,217,14.6,,https://www.amctheatres.com/showtimes/142188311/seats,Dolby Cinema at AMC @ 9:30pm (saved link)
2026-05-08,20260506-213317-8c2bb8,2026-05-07T04:53:34.339249+00:00,2026-05-07T04:00Z,2026-05-07,Thursday,AMC Deer Valley 17,Phoenix,PT,Mortal Kombat II,10:15pm,142893881,1462,,Laser at AMC,107,0,107,0,,https://www.amctheatres.com/showtimes/142893881/seats,Laser at AMC @ 10:15pm (saved link)
2026-05-08,20260506-213317-8c2bb8,2026-05-07T04:53:34.339249+00:00,2026-05-07T04:00Z,2026-05-07,Thursday,AMC Deer Valley 17,Phoenix,PT,Mortal Kombat II,9:45pm,142893936,1432,,Laser at AMC,41,0,41,0,,https://www.amctheatres.com/showtimes/142893936/seats,Laser at AMC @ 9:45pm (saved link)
2026-05-08,20260506-213317-8c2bb8,2026-05-07T04:53:34.339249+00:00,2026-05-07T04:00Z,2026-05-07,Thursday,AMC Deer Valley 17,Phoenix,PT,Mortal Kombat II,8:00pm,142188324,1327,,Laser at AMC,231,14,217,6.1,,https://www.amctheatres.com/showtimes/142188324/seats,Laser at AMC @ 8:00pm (saved link)
2026-05-08,20260506-213317-8c2bb8,2026-05-07T04:53:34.339249+00:00,2026-05-07T04:00Z,2026-05-07,Thursday,AMC Deer Valley 17,Phoenix,PT,Mortal Kombat II,7:25pm,142893882,1292,,Laser at AMC,107,9,98,8.4,,https://www.amctheatres.com/showtimes/142893882/seats,Laser at AMC @ 7:25pm (saved link)
2026-05-08,20260506-213317-8c2bb8,2026-05-07T04:53:34.339249+00:00,2026-05-07T04:00Z,2026-05-07,Thursday,AMC Deer Valley 17,Phoenix,PT,Mortal Kombat II,7:00pm,142893935,1267,,Laser at AMC,41,6,35,14.6,,https://www.amctheatres.com/showtimes/142893935/seats,Laser at AMC @ 7:00pm (saved link)
2026-05-08,20260506-213317-8c2bb8,2026-05-07T04:53:34.339249+00:00,2026-05-07T04:00Z,2026-05-07,Thursday,AMC Deer Valley 17,Phoenix,PT,Mortal Kombat II,5:00pm,142188323,1147,,Laser at AMC,231,30,201,13,,https://www.amctheatres.com/showtimes/142188323/seats,Laser at AMC @ 5:00pm (saved link)
2026-05-08,20260506-213317-8c2bb8,2026-05-07T04:54:14.427744+00:00,2026-05-07T04:00Z,2026-05-07,Thursday,AMC Desert Ridge 18,Phoenix,PT,Mortal Kombat II,9:00pm,142208982,1386,,IMAX with Laser at AMC,271,12,259,4.4,,https://www.amctheatres.com/showtimes/142208982/seats,IMAX with Laser at AMC @ 9:00pm (saved link)
2026-05-08,20260506-213317-8c2bb8,2026-05-07T04:54:14.427744+00:00,2026-05-07T04:00Z,2026-05-07,Thursday,AMC Desert Ridge 18,Phoenix,PT,Mortal Kombat II,6:00pm,142208981,1206,,IMAX with Laser at AMC,271,51,220,18.8,,https://www.amctheatres.com/showtimes/142208981/seats,IMAX with Laser at AMC @ 6:00pm (saved link)
2026-05-08,20260506-213317-8c2bb8,2026-05-07T04:54:14.427744+00:00,2026-05-07T04:00Z,2026-05-07,Thursday,AMC Desert Ridge 18,Phoenix,PT,Mortal Kombat II,10:30pm,142208968,1476,,Dolby Cinema at AMC,132,21,111,15.9,,https://www.amctheatres.com/showtimes/142208968/seats,Dolby Cinema at AMC @ 10:30pm (saved link)
2026-05-08,20260506-213317-8c2bb8,2026-05-07T04:54:14.427744+00:00,2026-05-07T04:00Z,2026-05-07,Thursday,AMC Desert Ridge 18,Phoenix,PT,Mortal Kombat II,9:30pm,142208914,1416,,Laser at AMC,58,5,53,8.6,,https://www.amctheatres.com/showtimes/142208914/seats,Laser at AMC @ 9:30pm (saved link)
2026-05-08,20260506-213317-8c2bb8,2026-05-07T04:54:14.427744+00:00,2026-05-07T04:00Z,2026-05-07,Thursday,AMC Desert Ridge 18,Phoenix,PT,Mortal Kombat II,6:30pm,142208927,1236,,Laser at AMC,84,18,66,21.4,,https://www.amctheatres.com/showtimes/142208927/seats,Laser at AMC @ 6:30pm (saved link)
2026-05-08,20260506-213317-8c2bb8,2026-05-07T04:54:43.092142+00:00,2026-05-07T04:00Z,2026-05-07,Thursday,AMC Westgate 20,Phoenix,PT,Mortal Kombat II,9:00pm,142202267,1386,,IMAX with Laser at AMC,406,30,376,7.4,,https://www.amctheatres.com/showtimes/142202267/seats,IMAX with Laser at AMC @ 9:00pm (saved link)
2026-05-08,20260506-213317-8c2bb8,2026-05-07T04:54:43.092142+00:00,2026-05-07T04:00Z,2026-05-07,Thursday,AMC Westgate 20,Phoenix,PT,Mortal Kombat II,6:00pm,142202265,1206,,IMAX with Laser at AMC,406,62,344,15.3,,https://www.amctheatres.com/showtimes/142202265/seats,IMAX with Laser at AMC @ 6:00pm (saved link)
2026-05-08,20260506-213317-8c2bb8,2026-05-07T04:54:43.092142+00:00,2026-05-07T04:00Z,2026-05-07,Thursday,AMC Westgate 20,Phoenix,PT,Mortal Kombat II,10:00pm,142202278,1446,,Dolby Cinema at AMC,197,38,159,19.3,,https://www.amctheatres.com/showtimes/142202278/seats,Dolby Cinema at AMC @ 10:00pm (saved link)
2026-05-08,20260506-213317-8c2bb8,2026-05-07T04:54:43.092142+00:00,2026-05-07T04:00Z,2026-05-07,Thursday,AMC Westgate 20,Phoenix,PT,Mortal Kombat II,6:45pm,142905023,1251,,XL at AMC,334,3,331,0.9,,https://www.amctheatres.com/showtimes/142905023/seats,XL at AMC @ 6:45pm (saved link)
2026-05-08,20260506-213317-8c2bb8,2026-05-07T04:54:43.092142+00:00,2026-05-07T04:00Z,2026-05-07,Thursday,AMC Westgate 20,Phoenix,PT,Mortal Kombat II,10:30pm,142202334,1476,,Laser at AMC,224,2,222,0.9,,https://www.amctheatres.com/showtimes/142202334/seats,Laser at AMC @ 10:30pm (saved link)
2026-05-08,20260506-213317-8c2bb8,2026-05-07T04:54:43.092142+00:00,2026-05-07T04:00Z,2026-05-07,Thursday,AMC Westgate 20,Phoenix,PT,Mortal Kombat II,8:15pm,142905014,1341,,Laser at AMC,113,0,113,0,,https://www.amctheatres.com/showtimes/142905014/seats,Laser at AMC @ 8:15pm (saved link)
2026-05-08,20260506-213317-8c2bb8,2026-05-07T04:54:43.092142+00:00,2026-05-07T04:00Z,2026-05-07,Thursday,AMC Westgate 20,Phoenix,PT,Mortal Kombat II,7:30pm,142202336,1296,,Laser at AMC,224,6,218,2.7,,https://www.amctheatres.com/showtimes/142202336/seats,Laser at AMC @ 7:30pm (saved link)
2026-05-08,20260506-213317-8c2bb8,2026-05-07T04:54:43.092142+00:00,2026-05-07T04:00Z,2026-05-07,Thursday,AMC Westgate 20,Phoenix,PT,Mortal Kombat II,5:15pm,142905015,1161,,Laser at AMC,113,0,113,0,,https://www.amctheatres.com/showtimes/142905015/seats,Laser at AMC @ 5:15pm (saved link)
2026-05-08,20260506-213317-8c2bb8,2026-05-07T04:55:19.486024+00:00,2026-05-07T04:00Z,2026-05-07,Thursday,AMC Chula Vista 10,San Diego,PT,Mortal Kombat II,10:30pm,142152384,1475,,Laser at AMC,130,14,116,10.8,,https://www.amctheatres.com/showtimes/142152384/seats,Laser at AMC @ 10:30pm (saved link)
2026-05-08,20260506-213317-8c2bb8,2026-05-07T04:55:19.486024+00:00,2026-05-07T04:00Z,2026-05-07,Thursday,AMC Chula Vista 10,San Diego,PT,Mortal Kombat II,9:00pm,142963218,1385,,Laser at AMC,86,14,72,16.3,,https://www.amctheatres.com/showtimes/142963218/seats,Laser at AMC @ 9:00pm (saved link)
2026-05-08,20260506-213317-8c2bb8,2026-05-07T04:55:19.486024+00:00,2026-05-07T04:00Z,2026-05-07,Thursday,AMC Chula Vista 10,San Diego,PT,Mortal Kombat II,7:45pm,142963223,1310,,Laser at AMC,56,19,37,33.9,,https://www.amctheatres.com/showtimes/142963223/seats,Laser at AMC @ 7:45pm (saved link)
2026-05-08,20260506-213317-8c2bb8,2026-05-07T04:55:19.486024+00:00,2026-05-07T04:00Z,2026-05-07,Thursday,AMC Chula Vista 10,San Diego,PT,Mortal Kombat II,7:30pm,142152385,1295,,Laser at AMC,130,80,50,61.5,,https://www.amctheatres.com/showtimes/142152385/seats,Laser at AMC @ 7:30pm (saved link)
2026-05-08,20260506-213317-8c2bb8,2026-05-07T04:55:19.486024+00:00,2026-05-07T04:00Z,2026-05-07,Thursday,AMC Chula Vista 10,San Diego,PT,Mortal Kombat II,6:00pm,142152321,1205,,Laser at AMC,86,55,31,64,,https://www.amctheatres.com/showtimes/142152321/seats,Laser at AMC @ 6:00pm (saved link)
2026-05-08,20260506-213317-8c2bb8,2026-05-07T04:55:48.087747+00:00,2026-05-07T04:00Z,2026-05-07,Thursday,AMC Fashion Valley 18,San Diego,PT,Mortal Kombat II,9:00pm,142237484,1385,,Laser at AMC,85,4,81,4.7,,https://www.amctheatres.com/showtimes/142237484/seats,Laser at AMC @ 9:00pm (saved link)
2026-05-08,20260506-213317-8c2bb8,2026-05-07T04:55:48.087747+00:00,2026-05-07T04:00Z,2026-05-07,Thursday,AMC Fashion Valley 18,San Diego,PT,Mortal Kombat II,8:15pm,142857490,1340,,Laser at AMC,86,1,85,1.2,,https://www.amctheatres.com/showtimes/142857490/seats,Laser at AMC @ 8:15pm (saved link)
2026-05-08,20260506-213317-8c2bb8,2026-05-07T04:55:48.087747+00:00,2026-05-07T04:00Z,2026-05-07,Thursday,AMC Fashion Valley 18,San Diego,PT,Mortal Kombat II,7:15pm,142237504,1280,,Laser at AMC,76,18,58,23.7,,https://www.amctheatres.com/showtimes/142237504/seats,Laser at AMC @ 7:15pm (saved link)
2026-05-08,20260506-213317-8c2bb8,2026-05-07T04:55:48.087747+00:00,2026-05-07T04:00Z,2026-05-07,Thursday,AMC Fashion Valley 18,San Diego,PT,Mortal Kombat II,6:00pm,142237483,1205,,Laser at AMC,85,15,70,17.6,,https://www.amctheatres.com/showtimes/142237483/seats,Laser at AMC @ 6:00pm (saved link)
2026-05-08,20260506-213317-8c2bb8,2026-05-07T04:55:48.087747+00:00,2026-05-07T04:00Z,2026-05-07,Thursday,AMC Fashion Valley 18,San Diego,PT,Mortal Kombat II,5:15pm,142857489,1160,,Laser at AMC,86,0,86,0,,https://www.amctheatres.com/showtimes/142857489/seats,Laser at AMC @ 5:15pm (saved link)
2026-05-08,20260506-213317-8c2bb8,2026-05-07T04:56:17.125212+00:00,2026-05-07T04:00Z,2026-05-07,Thursday,AMC La Jolla 12,San Diego,PT,Mortal Kombat II,10:30pm,142859581,1474,,Laser at AMC,113,0,113,0,,https://www.amctheatres.com/showtimes/142859581/seats,Laser at AMC @ 10:30pm (saved link)
2026-05-08,20260506-213317-8c2bb8,2026-05-07T04:56:17.125212+00:00,2026-05-07T04:00Z,2026-05-07,Thursday,AMC La Jolla 12,San Diego,PT,Mortal Kombat II,9:00pm,142079429,1384,,Laser at AMC,144,21,123,14.6,,https://www.amctheatres.com/showtimes/142079429/seats,Laser at AMC @ 9:00pm (saved link)
2026-05-08,20260506-213317-8c2bb8,2026-05-07T04:56:17.125212+00:00,2026-05-07T04:00Z,2026-05-07,Thursday,AMC La Jolla 12,San Diego,PT,Mortal Kombat II,7:45pm,142859582,1309,,Laser at AMC,113,14,99,12.4,,https://www.amctheatres.com/showtimes/142859582/seats,Laser at AMC @ 7:45pm (saved link)
2026-05-08,20260506-213317-8c2bb8,2026-05-07T04:56:17.125212+00:00,2026-05-07T04:00Z,2026-05-07,Thursday,AMC La Jolla 12,San Diego,PT,Mortal Kombat II,6:00pm,142079428,1204,,Laser at AMC,144,42,102,29.2,,https://www.amctheatres.com/showtimes/142079428/seats,Laser at AMC @ 6:00pm (saved link)
2026-05-08,20260506-213317-8c2bb8,2026-05-07T04:56:43.749511+00:00,2026-05-07T04:00Z,2026-05-07,Thursday,AMC Mission Valley 20,San Diego,PT,Mortal Kombat II,10:00pm,142206955,1444,,IMAX with Laser at AMC,197,51,146,25.9,,https://www.amctheatres.com/showtimes/142206955/seats,IMAX with Laser at AMC @ 10:00pm (saved link)
2026-05-08,20260506-213317-8c2bb8,2026-05-07T04:56:43.749511+00:00,2026-05-07T04:00Z,2026-05-07,Thursday,AMC Mission Valley 20,San Diego,PT,Mortal Kombat II,7:00pm,142206954,1264,,IMAX with Laser at AMC,197,150,47,76.1,,https://www.amctheatres.com/showtimes/142206954/seats,IMAX with Laser at AMC @ 7:00pm (saved link)
2026-05-08,20260506-213317-8c2bb8,2026-05-07T04:56:43.749511+00:00,2026-05-07T04:00Z,2026-05-07,Thursday,AMC Mission Valley 20,San Diego,PT,Mortal Kombat II,10:45pm,142207028,1489,,Dolby Cinema at AMC,139,71,68,51.1,,https://www.amctheatres.com/showtimes/142207028/seats,Dolby Cinema at AMC @ 10:45pm (saved link)
2026-05-08,20260506-213317-8c2bb8,2026-05-07T04:56:43.749511+00:00,2026-05-07T04:00Z,2026-05-07,Thursday,AMC Mission Valley 20,San Diego,PT,Mortal Kombat II,9:15pm,142206996,1399,,Laser at AMC,297,0,297,0,,https://www.amctheatres.com/showtimes/142206996/seats,Laser at AMC @ 9:15pm (saved link)
2026-05-08,20260506-213317-8c2bb8,2026-05-07T04:56:43.749511+00:00,2026-05-07T04:00Z,2026-05-07,Thursday,AMC Mission Valley 20,San Diego,PT,Mortal Kombat II,8:45pm,142899871,1369,,Laser at AMC,293,9,284,3.1,,https://www.amctheatres.com/showtimes/142899871/seats,Laser at AMC @ 8:45pm (saved link)
2026-05-08,20260506-213317-8c2bb8,2026-05-07T04:56:43.749511+00:00,2026-05-07T04:00Z,2026-05-07,Thursday,AMC Mission Valley 20,San Diego,PT,Mortal Kombat II,6:15pm,142206997,1219,,Laser at AMC,297,38,259,12.8,,https://www.amctheatres.com/showtimes/142206997/seats,Laser at AMC @ 6:15pm (saved link)
2026-05-08,20260506-213317-8c2bb8,2026-05-07T04:56:43.749511+00:00,2026-05-07T04:00Z,2026-05-07,Thursday,AMC Mission Valley 20,San Diego,PT,Mortal Kombat II,5:45pm,142899870,1189,,Laser at AMC,293,0,293,0,,https://www.amctheatres.com/showtimes/142899870/seats,Laser at AMC @ 5:45pm (saved link)
2026-05-08,20260506-213317-8c2bb8,2026-05-07T04:57:18.241601+00:00,2026-05-07T04:00Z,2026-05-07,Thursday,AMC Otay Ranch 12,San Diego,PT,Mortal Kombat II,9:00pm,142203979,1383,,Dolby Cinema at AMC,131,23,108,17.6,,https://www.amctheatres.com/showtimes/142203979/seats,Dolby Cinema at AMC @ 9:00pm (saved link)
2026-05-08,20260506-213317-8c2bb8,2026-05-07T04:57:18.241601+00:00,2026-05-07T04:00Z,2026-05-07,Thursday,AMC Otay Ranch 12,San Diego,PT,Mortal Kombat II,6:00pm,142203978,1203,,Dolby Cinema at AMC,131,67,64,51.1,,https://www.amctheatres.com/showtimes/142203978/seats,Dolby Cinema at AMC @ 6:00pm (saved link)
2026-05-08,20260506-213317-8c2bb8,2026-05-07T04:57:18.241601+00:00,2026-05-07T04:00Z,2026-05-07,Thursday,AMC Otay Ranch 12,San Diego,PT,Mortal Kombat II,7:00pm,142203956,1263,,XL at AMC,275,11,264,4,,https://www.amctheatres.com/showtimes/142203956/seats,XL at AMC @ 7:00pm (saved link)
2026-05-08,20260506-213317-8c2bb8,2026-05-07T04:57:18.241601+00:00,2026-05-07T04:00Z,2026-05-07,Thursday,AMC Otay Ranch 12,San Diego,PT,Mortal Kombat II,8:00pm,142891218,1323,,Laser at AMC,108,0,108,0,,https://www.amctheatres.com/showtimes/142891218/seats,Laser at AMC @ 8:00pm (saved link)
2026-05-08,20260506-213317-8c2bb8,2026-05-07T04:57:18.241601+00:00,2026-05-07T04:00Z,2026-05-07,Thursday,AMC Otay Ranch 12,San Diego,PT,Mortal Kombat II,5:00pm,142891219,1143,,Laser at AMC,108,2,106,1.9,,https://www.amctheatres.com/showtimes/142891219/seats,Laser at AMC @ 5:00pm (saved link)
2026-05-08,20260506-213317-8c2bb8,2026-05-07T04:57:48.177127+00:00,2026-05-07T04:00Z,2026-05-07,Thursday,AMC Palm Promenade 24,San Diego,PT,Mortal Kombat II,10:30pm,142206515,1473,,IMAX with Laser at AMC,271,15,256,5.5,,https://www.amctheatres.com/showtimes/142206515/seats,IMAX with Laser at AMC @ 10:30pm (saved link)
2026-05-08,20260506-213317-8c2bb8,2026-05-07T04:57:48.177127+00:00,2026-05-07T04:00Z,2026-05-07,Thursday,AMC Palm Promenade 24,San Diego,PT,Mortal Kombat II,7:30pm,142206517,1293,,IMAX with Laser at AMC,271,171,100,63.1,,https://www.amctheatres.com/showtimes/142206517/seats,IMAX with Laser at AMC @ 7:30pm (saved link)
2026-05-08,20260506-213317-8c2bb8,2026-05-07T04:57:48.177127+00:00,2026-05-07T04:00Z,2026-05-07,Thursday,AMC Palm Promenade 24,San Diego,PT,Mortal Kombat II,9:45pm,142206491,1428,,Dolby Cinema at AMC,198,35,163,17.7,,https://www.amctheatres.com/showtimes/142206491/seats,Dolby Cinema at AMC @ 9:45pm (saved link)
2026-05-08,20260506-213317-8c2bb8,2026-05-07T04:57:48.177127+00:00,2026-05-07T04:00Z,2026-05-07,Thursday,AMC Palm Promenade 24,San Diego,PT,Mortal Kombat II,9:00pm,142206535,1383,,XL at AMC,402,19,383,4.7,,https://www.amctheatres.com/showtimes/142206535/seats,XL at AMC @ 9:00pm (saved link)
2026-05-08,20260506-213317-8c2bb8,2026-05-07T04:57:48.177127+00:00,2026-05-07T04:00Z,2026-05-07,Thursday,AMC Palm Promenade 24,San Diego,PT,Mortal Kombat II,6:00pm,142206536,1203,,XL at AMC,402,15,387,3.7,,https://www.amctheatres.com/showtimes/142206536/seats,XL at AMC @ 6:00pm (saved link)
2026-05-08,20260506-213317-8c2bb8,2026-05-07T04:57:48.177127+00:00,2026-05-07T04:00Z,2026-05-07,Thursday,AMC Palm Promenade 24,San Diego,PT,Mortal Kombat II,8:15pm,142891133,1338,,Laser at AMC,139,6,133,4.3,,https://www.amctheatres.com/showtimes/142891133/seats,Laser at AMC @ 8:15pm (saved link)
2026-05-08,20260506-213317-8c2bb8,2026-05-07T04:57:48.177127+00:00,2026-05-07T04:00Z,2026-05-07,Thursday,AMC Palm Promenade 24,San Diego,PT,Mortal Kombat II,6:45pm,142891086,1248,,Laser at AMC,88,9,79,10.2,,https://www.amctheatres.com/showtimes/142891086/seats,Laser at AMC @ 6:45pm (saved link)
2026-05-08,20260506-213317-8c2bb8,2026-05-07T04:57:48.177127+00:00,2026-05-07T04:00Z,2026-05-07,Thursday,AMC Palm Promenade 24,San Diego,PT,Mortal Kombat II,5:15pm,142891134,1158,,Laser at AMC,139,4,135,2.9,,https://www.amctheatres.com/showtimes/142891134/seats,Laser at AMC @ 5:15pm (saved link)
2026-05-08,20260506-213317-8c2bb8,2026-05-07T04:58:26.641051+00:00,2026-05-07T04:00Z,2026-05-07,Thursday,AMC Plaza Bonita 14,San Diego,PT,Mortal Kombat II,9:00pm,142119290,1382,,IMAX with Laser at AMC,250,37,213,14.8,,https://www.amctheatres.com/showtimes/142119290/seats,IMAX with Laser at AMC @ 9:00pm (saved link)
2026-05-08,20260506-213317-8c2bb8,2026-05-07T04:58:26.641051+00:00,2026-05-07T04:00Z,2026-05-07,Thursday,AMC Plaza Bonita 14,San Diego,PT,Mortal Kombat II,6:00pm,142119289,1202,,IMAX with Laser at AMC,250,80,170,32,,https://www.amctheatres.com/showtimes/142119289/seats,IMAX with Laser at AMC @ 6:00pm (saved link)
2026-05-08,20260506-213317-8c2bb8,2026-05-07T04:58:26.641051+00:00,2026-05-07T04:00Z,2026-05-07,Thursday,AMC Plaza Bonita 14,San Diego,PT,Mortal Kombat II,10:00pm,142910610,1442,,Dolby Cinema at AMC,133,10,123,7.5,,https://www.amctheatres.com/showtimes/142910610/seats,Dolby Cinema at AMC @ 10:00pm (saved link)
2026-05-08,20260506-213317-8c2bb8,2026-05-07T04:58:26.641051+00:00,2026-05-07T04:00Z,2026-05-07,Thursday,AMC Plaza Bonita 14,San Diego,PT,Mortal Kombat II,7:45pm,142119343,1307,,XL at AMC,272,31,241,11.4,,https://www.amctheatres.com/showtimes/142119343/seats,XL at AMC @ 7:45pm (saved link)
2026-05-08,20260506-213317-8c2bb8,2026-05-07T04:58:26.641051+00:00,2026-05-07T04:00Z,2026-05-07,Thursday,AMC Plaza Bonita 14,San Diego,PT,Mortal Kombat II,8:30pm,142910771,1352,,Laser at AMC,189,2,187,1.1,,https://www.amctheatres.com/showtimes/142910771/seats,Laser at AMC @ 8:30pm (saved link)
2026-05-08,20260506-213317-8c2bb8,2026-05-07T04:58:26.641051+00:00,2026-05-07T04:00Z,2026-05-07,Thursday,AMC Plaza Bonita 14,San Diego,PT,Mortal Kombat II,8:00pm,142910584,1322,,Laser at AMC,81,2,79,2.5,,https://www.amctheatres.com/showtimes/142910584/seats,Laser at AMC @ 8:00pm (saved link)
2026-05-08,20260506-213317-8c2bb8,2026-05-07T04:58:26.641051+00:00,2026-05-07T04:00Z,2026-05-07,Thursday,AMC Plaza Bonita 14,San Diego,PT,Mortal Kombat II,5:30pm,142910772,1172,,Laser at AMC,189,0,189,0,,https://www.amctheatres.com/showtimes/142910772/seats,Laser at AMC @ 5:30pm (saved link)
2026-05-08,20260506-213317-8c2bb8,2026-05-07T04:59:03.065697+00:00,2026-05-07T04:00Z,2026-05-07,Thursday,AMC Poway 10,San Diego,PT,Mortal Kombat II,10:00pm,142090209,1441,,Laser at AMC,96,4,92,4.2,,https://www.amctheatres.com/showtimes/142090209/seats,Laser at AMC @ 10:00pm (saved link)
2026-05-08,20260506-213317-8c2bb8,2026-05-07T04:59:03.065697+00:00,2026-05-07T04:00Z,2026-05-07,Thursday,AMC Poway 10,San Diego,PT,Mortal Kombat II,8:30pm,142853381,1351,,Laser at AMC,68,7,61,10.3,,https://www.amctheatres.com/showtimes/142853381/seats,Laser at AMC @ 8:30pm (saved link)
2026-05-08,20260506-213317-8c2bb8,2026-05-07T04:59:03.065697+00:00,2026-05-07T04:00Z,2026-05-07,Thursday,AMC Poway 10,San Diego,PT,Mortal Kombat II,7:00pm,142090208,1261,,Laser at AMC,96,52,44,54.2,,https://www.amctheatres.com/showtimes/142090208/seats,Laser at AMC @ 7:00pm (saved link)
2026-05-08,20260506-213317-8c2bb8,2026-05-07T04:59:03.065697+00:00,2026-05-07T04:00Z,2026-05-07,Thursday,AMC Poway 10,San Diego,PT,Mortal Kombat II,5:30pm,142853380,1171,,Laser at AMC,68,16,52,23.5,,https://www.amctheatres.com/showtimes/142853380/seats,Laser at AMC @ 5:30pm (saved link)
2026-05-08,20260506-213317-8c2bb8,2026-05-07T04:59:29.428419+00:00,2026-05-07T04:00Z,2026-05-07,Thursday,AMC UTC 14,San Diego,PT,Mortal Kombat II,10:45pm,142235785,1486,,Dolby Cinema at AMC,109,16,93,14.7,,https://www.amctheatres.com/showtimes/142235785/seats,Dolby Cinema at AMC @ 10:45pm (saved link)
2026-05-08,20260506-213317-8c2bb8,2026-05-07T04:59:29.428419+00:00,2026-05-07T04:00Z,2026-05-07,Thursday,AMC UTC 14,San Diego,PT,Mortal Kombat II,7:45pm,142235784,1306,,Dolby Cinema at AMC,109,83,26,76.1,,https://www.amctheatres.com/showtimes/142235784/seats,Dolby Cinema at AMC @ 7:45pm (saved link)
2026-05-08,20260506-213317-8c2bb8,2026-05-07T04:59:29.428419+00:00,2026-05-07T04:00Z,2026-05-07,Thursday,AMC UTC 14,San Diego,PT,Mortal Kombat II,9:00pm,142963374,1381,,PRIME at AMC,82,4,78,4.9,,https://www.amctheatres.com/showtimes/142963374/seats,PRIME at AMC @ 9:00pm (saved link)
2026-05-08,20260506-213317-8c2bb8,2026-05-07T04:59:29.428419+00:00,2026-05-07T04:00Z,2026-05-07,Thursday,AMC UTC 14,San Diego,PT,Mortal Kombat II,6:00pm,142963373,1201,,PRIME at AMC,82,21,61,25.6,,https://www.amctheatres.com/showtimes/142963373/seats,PRIME at AMC @ 6:00pm (saved link)
2026-05-08,20260506-213317-8c2bb8,2026-05-07T04:59:29.428419+00:00,2026-05-07T04:00Z,2026-05-07,Thursday,AMC UTC 14,San Diego,PT,Mortal Kombat II,9:45pm,142963468,1426,,Laser at AMC,84,0,84,0,,https://www.amctheatres.com/showtimes/142963468/seats,Laser at AMC @ 9:45pm (saved link)
2026-05-08,20260506-213317-8c2bb8,2026-05-07T04:59:29.428419+00:00,2026-05-07T04:00Z,2026-05-07,Thursday,AMC UTC 14,San Diego,PT,Mortal Kombat II,6:45pm,142963467,1246,,Laser at AMC,84,10,74,11.9,,https://www.amctheatres.com/showtimes/142963467/seats,Laser at AMC @ 6:45pm (saved link)
2026-05-08,20260506-213317-8c2bb8,2026-05-07T05:00:36.147395+00:00,2026-05-07T05:00Z,2026-05-07,Thursday,AMC Bay Street 16,San Francisco,PT,Mortal Kombat II,9:00pm,142091963,1380,,IMAX with Laser at AMC,243,40,203,16.5,,https://www.amctheatres.com/showtimes/142091963/seats,IMAX with Laser at AMC @ 9:00pm (saved link)
2026-05-08,20260506-213317-8c2bb8,2026-05-07T05:00:36.147395+00:00,2026-05-07T05:00Z,2026-05-07,Thursday,AMC Bay Street 16,San Francisco,PT,Mortal Kombat II,6:00pm,142091962,1200,,IMAX with Laser at AMC,243,100,143,41.2,,https://www.amctheatres.com/showtimes/142091962/seats,IMAX with Laser at AMC @ 6:00pm (saved link)
2026-05-08,20260506-213317-8c2bb8,2026-05-07T05:00:36.147395+00:00,2026-05-07T05:00Z,2026-05-07,Thursday,AMC Bay Street 16,San Francisco,PT,Mortal Kombat II,9:40pm,142092001,1420,,XL at AMC,287,5,282,1.7,,https://www.amctheatres.com/showtimes/142092001/seats,XL at AMC @ 9:40pm (saved link)
2026-05-08,20260506-213317-8c2bb8,2026-05-07T05:00:36.147395+00:00,2026-05-07T05:00Z,2026-05-07,Thursday,AMC Bay Street 16,San Francisco,PT,Mortal Kombat II,6:40pm,142092002,1240,,XL at AMC,287,30,257,10.5,,https://www.amctheatres.com/showtimes/142092002/seats,XL at AMC @ 6:40pm (saved link)
2026-05-08,20260506-213317-8c2bb8,2026-05-07T05:00:36.147395+00:00,2026-05-07T05:00Z,2026-05-07,Thursday,AMC Bay Street 16,San Francisco,PT,Mortal Kombat II,8:15pm,142911268,1335,,Laser at AMC,118,1,117,0.8,,https://www.amctheatres.com/showtimes/142911268/seats,Laser at AMC @ 8:15pm (saved link)
2026-05-08,20260506-213317-8c2bb8,2026-05-07T05:00:36.147395+00:00,2026-05-07T05:00Z,2026-05-07,Thursday,AMC Bay Street 16,San Francisco,PT,Mortal Kombat II,7:45pm,142911222,1305,,Laser at AMC,142,7,135,4.9,,https://www.amctheatres.com/showtimes/142911222/seats,Laser at AMC @ 7:45pm (saved link)
2026-05-08,20260506-213317-8c2bb8,2026-05-07T05:00:36.147395+00:00,2026-05-07T05:00Z,2026-05-07,Thursday,AMC Bay Street 16,San Francisco,PT,Mortal Kombat II,5:15pm,142911267,1155,,Laser at AMC,118,0,118,0,,https://www.amctheatres.com/showtimes/142911267/seats,Laser at AMC @ 5:15pm (saved link)
2026-05-08,20260506-213317-8c2bb8,2026-05-07T05:01:12.026364+00:00,2026-05-07T05:00Z,2026-05-07,Thursday,AMC Eastridge 15,San Francisco,PT,Mortal Kombat II,9:00pm,142199396,1379,,IMAX with Laser at AMC,216,29,187,13.4,,https://www.amctheatres.com/showtimes/142199396/seats,IMAX with Laser at AMC @ 9:00pm (saved link)
2026-05-08,20260506-213317-8c2bb8,2026-05-07T05:01:12.026364+00:00,2026-05-07T05:00Z,2026-05-07,Thursday,AMC Eastridge 15,San Francisco,PT,Mortal Kombat II,6:00pm,142199398,1199,,IMAX with Laser at AMC,216,73,143,33.8,,https://www.amctheatres.com/showtimes/142199398/seats,IMAX with Laser at AMC @ 6:00pm (saved link)
2026-05-08,20260506-213317-8c2bb8,2026-05-07T05:01:12.026364+00:00,2026-05-07T05:00Z,2026-05-07,Thursday,AMC Eastridge 15,San Francisco,PT,Mortal Kombat II,10:00pm,142806296,1439,,Dolby Cinema at AMC,145,15,130,10.3,,https://www.amctheatres.com/showtimes/142806296/seats,Dolby Cinema at AMC @ 10:00pm (saved link)
2026-05-08,20260506-213317-8c2bb8,2026-05-07T05:01:12.026364+00:00,2026-05-07T05:00Z,2026-05-07,Thursday,AMC Eastridge 15,San Francisco,PT,Mortal Kombat II,8:30pm,142203868,1349,,Laser at AMC,234,7,227,3,,https://www.amctheatres.com/showtimes/142203868/seats,Laser at AMC @ 8:30pm (saved link)
2026-05-08,20260506-213317-8c2bb8,2026-05-07T05:01:12.026364+00:00,2026-05-07T05:00Z,2026-05-07,Thursday,AMC Eastridge 15,San Francisco,PT,Mortal Kombat II,7:15pm,142203862,1274,,Laser at AMC,275,3,272,1.1,,https://www.amctheatres.com/showtimes/142203862/seats,Laser at AMC @ 7:15pm (saved link)
2026-05-08,20260506-213317-8c2bb8,2026-05-07T05:01:12.026364+00:00,2026-05-07T05:00Z,2026-05-07,Thursday,AMC Eastridge 15,San Francisco,PT,Mortal Kombat II,5:30pm,142203869,1169,,Laser at AMC,234,0,234,0,,https://www.amctheatres.com/showtimes/142203869/seats,Laser at AMC @ 5:30pm (saved link)
2026-05-08,20260506-213317-8c2bb8,2026-05-07T05:01:42.918560+00:00,2026-05-07T05:00Z,2026-05-07,Thursday,AMC Kabuki 8,San Francisco,PT,Mortal Kombat II,9:00pm,142215364,1379,,Laser at AMC,88,9,79,10.2,,https://www.amctheatres.com/showtimes/142215364/seats,Laser at AMC @ 9:00pm (saved link)
2026-05-08,20260506-213317-8c2bb8,2026-05-07T05:01:42.918560+00:00,2026-05-07T05:00Z,2026-05-07,Thursday,AMC Kabuki 8,San Francisco,PT,Mortal Kombat II,6:00pm,142215363,1199,,Laser at AMC,88,22,66,25,,https://www.amctheatres.com/showtimes/142215363/seats,Laser at AMC @ 6:00pm (saved link)
2026-05-08,20260506-213317-8c2bb8,2026-05-07T05:02:09.094577+00:00,2026-05-07T05:00Z,2026-05-07,Thursday,AMC Mercado 20,San Francisco,PT,Mortal Kombat II,9:00pm,142144589,1378,,IMAX with Laser at AMC,241,72,169,29.9,,https://www.amctheatres.com/showtimes/142144589/seats,IMAX with Laser at AMC @ 9:00pm (saved link)
2026-05-08,20260506-213317-8c2bb8,2026-05-07T05:02:09.094577+00:00,2026-05-07T05:00Z,2026-05-07,Thursday,AMC Mercado 20,San Francisco,PT,Mortal Kombat II,6:00pm,142144588,1198,,IMAX with Laser at AMC,241,112,129,46.5,,https://www.amctheatres.com/showtimes/142144588/seats,IMAX with Laser at AMC @ 6:00pm (saved link)
2026-05-08,20260506-213317-8c2bb8,2026-05-07T05:02:09.094577+00:00,2026-05-07T05:00Z,2026-05-07,Thursday,AMC Mercado 20,San Francisco,PT,Mortal Kombat II,10:40pm,142144557,1478,,Dolby Cinema at AMC,220,31,189,14.1,,https://www.amctheatres.com/showtimes/142144557/seats,Dolby Cinema at AMC @ 10:40pm (saved link)
2026-05-08,20260506-213317-8c2bb8,2026-05-07T05:02:09.094577+00:00,2026-05-07T05:00Z,2026-05-07,Thursday,AMC Mercado 20,San Francisco,PT,Mortal Kombat II,9:30pm,142972355,1408,,PRIME at AMC,195,2,193,1,,https://www.amctheatres.com/showtimes/142972355/seats,PRIME at AMC @ 9:30pm (saved link)
2026-05-08,20260506-213317-8c2bb8,2026-05-07T05:02:09.094577+00:00,2026-05-07T05:00Z,2026-05-07,Thursday,AMC Mercado 20,San Francisco,PT,Mortal Kombat II,10:00pm,142144681,1438,,Laser at AMC,104,5,99,4.8,,https://www.amctheatres.com/showtimes/142144681/seats,Laser at AMC @ 10:00pm (saved link)
2026-05-08,20260506-213317-8c2bb8,2026-05-07T05:02:09.094577+00:00,2026-05-07T05:00Z,2026-05-07,Thursday,AMC Mercado 20,San Francisco,PT,Mortal Kombat II,7:00pm,142144683,1258,,Laser at AMC,104,38,66,36.5,,https://www.amctheatres.com/showtimes/142144683/seats,Laser at AMC @ 7:00pm (saved link)
2026-05-08,20260506-213317-8c2bb8,2026-05-07T05:02:39.145942+00:00,2026-05-07T05:00Z,2026-05-07,Thursday,AMC Metreon 16,San Francisco,PT,Mortal Kombat II,9:00pm,142183526,1378,,IMAX with Laser at AMC,419,79,340,18.9,,https://www.amctheatres.com/showtimes/142183526/seats,IMAX with Laser at AMC @ 9:00pm (saved link)
2026-05-08,20260506-213317-8c2bb8,2026-05-07T05:02:39.145942+00:00,2026-05-07T05:00Z,2026-05-07,Thursday,AMC Metreon 16,San Francisco,PT,Mortal Kombat II,6:00pm,142183525,1198,,IMAX with Laser at AMC,419,180,239,43,,https://www.amctheatres.com/showtimes/142183525/seats,IMAX with Laser at AMC @ 6:00pm (saved link)
2026-05-08,20260506-213317-8c2bb8,2026-05-07T05:02:39.145942+00:00,2026-05-07T05:00Z,2026-05-07,Thursday,AMC Metreon 16,San Francisco,PT,Mortal Kombat II,10:45pm,142183483,1483,,Dolby Cinema at AMC,173,25,148,14.5,,https://www.amctheatres.com/showtimes/142183483/seats,Dolby Cinema at AMC @ 10:45pm (saved link)
2026-05-08,20260506-213317-8c2bb8,2026-05-07T05:02:39.145942+00:00,2026-05-07T05:00Z,2026-05-07,Thursday,AMC Metreon 16,San Francisco,PT,Mortal Kombat II,8:00pm,142889895,1318,,Laser at AMC,90,0,90,0,,https://www.amctheatres.com/showtimes/142889895/seats,Laser at AMC @ 8:00pm (saved link)
2026-05-08,20260506-213317-8c2bb8,2026-05-07T05:02:39.145942+00:00,2026-05-07T05:00Z,2026-05-07,Thursday,AMC Metreon 16,San Francisco,PT,Mortal Kombat II,5:00pm,142889894,1138,,Laser at AMC,90,1,89,1.1,,https://www.amctheatres.com/showtimes/142889894/seats,Laser at AMC @ 5:00pm (saved link)
2026-05-08,20260506-213317-8c2bb8,2026-05-07T05:02:39.145942+00:00,2026-05-07T05:00Z,2026-05-07,Thursday,AMC Metreon 16,San Francisco,PT,Mortal Kombat II,10:00pm,142661025,1438,,SCREENX at AMC,100,4,96,4,,https://www.amctheatres.com/showtimes/142661025/seats,SCREENX at AMC @ 10:00pm (saved link)
2026-05-08,20260506-213317-8c2bb8,2026-05-07T05:02:39.145942+00:00,2026-05-07T05:00Z,2026-05-07,Thursday,AMC Metreon 16,San Francisco,PT,Mortal Kombat II,7:00pm,142661021,1258,,SCREENX at AMC,100,19,81,19,,https://www.amctheatres.com/showtimes/142661021/seats,SCREENX at AMC @ 7:00pm (saved link)
2026-05-08,20260506-213317-8c2bb8,2026-05-07T05:03:13.041357+00:00,2026-05-07T05:00Z,2026-05-07,Thursday,AMC NewPark 12,San Francisco,PT,Mortal Kombat II,9:30pm,142160087,1407,,IMAX with Laser at AMC,241,26,215,10.8,,https://www.amctheatres.com/showtimes/142160087/seats,IMAX with Laser at AMC @ 9:30pm (saved link)
2026-05-08,20260506-213317-8c2bb8,2026-05-07T05:03:13.041357+00:00,2026-05-07T05:00Z,2026-05-07,Thursday,AMC NewPark 12,San Francisco,PT,Mortal Kombat II,6:15pm,142160086,1212,,IMAX with Laser at AMC,241,70,171,29,,https://www.amctheatres.com/showtimes/142160086/seats,IMAX with Laser at AMC @ 6:15pm (saved link)
2026-05-08,20260506-213317-8c2bb8,2026-05-07T05:03:13.041357+00:00,2026-05-07T05:00Z,2026-05-07,Thursday,AMC NewPark 12,San Francisco,PT,Mortal Kombat II,10:30pm,142160117,1467,,Dolby Cinema at AMC,224,14,210,6.3,,https://www.amctheatres.com/showtimes/142160117/seats,Dolby Cinema at AMC @ 10:30pm (saved link)
2026-05-08,20260506-213317-8c2bb8,2026-05-07T05:03:13.041357+00:00,2026-05-07T05:00Z,2026-05-07,Thursday,AMC NewPark 12,San Francisco,PT,Mortal Kombat II,10:00pm,142160133,1437,,Laser at AMC,87,6,81,6.9,,https://www.amctheatres.com/showtimes/142160133/seats,Laser at AMC @ 10:00pm (saved link)
2026-05-08,20260506-213317-8c2bb8,2026-05-07T05:03:13.041357+00:00,2026-05-07T05:00Z,2026-05-07,Thursday,AMC NewPark 12,San Francisco,PT,Mortal Kombat II,7:00pm,142160132,1257,,Laser at AMC,87,27,60,31,,https://www.amctheatres.com/showtimes/142160132/seats,Laser at AMC @ 7:00pm (saved link)
2026-05-08,20260506-213317-8c2bb8,2026-05-07T05:03:42.353419+00:00,2026-05-07T05:00Z,2026-05-07,Thursday,AMC Saratoga 14,San Francisco,PT,Mortal Kombat II,9:30pm,142209901,1407,,IMAX with Laser at AMC,283,15,268,5.3,,https://www.amctheatres.com/showtimes/142209901/seats,IMAX with Laser at AMC @ 9:30pm (saved link)
2026-05-08,20260506-213317-8c2bb8,2026-05-07T05:03:42.353419+00:00,2026-05-07T05:00Z,2026-05-07,Thursday,AMC Saratoga 14,San Francisco,PT,Mortal Kombat II,6:30pm,142209902,1227,,IMAX with Laser at AMC,283,28,255,9.9,,https://www.amctheatres.com/showtimes/142209902/seats,IMAX with Laser at AMC @ 6:30pm (saved link)
2026-05-08,20260506-213317-8c2bb8,2026-05-07T05:03:42.353419+00:00,2026-05-07T05:00Z,2026-05-07,Thursday,AMC Saratoga 14,San Francisco,PT,Mortal Kombat II,9:00pm,142209947,1377,,Dolby Cinema at AMC,198,44,154,22.2,,https://www.amctheatres.com/showtimes/142209947/seats,Dolby Cinema at AMC @ 9:00pm (saved link)
2026-05-08,20260506-213317-8c2bb8,2026-05-07T05:03:42.353419+00:00,2026-05-07T05:00Z,2026-05-07,Thursday,AMC Saratoga 14,San Francisco,PT,Mortal Kombat II,6:00pm,142937684,1197,,Dolby Cinema at AMC,198,15,183,7.6,,https://www.amctheatres.com/showtimes/142937684/seats,Dolby Cinema at AMC @ 6:00pm (saved link)
2026-05-08,20260506-213317-8c2bb8,2026-05-07T05:03:42.353419+00:00,2026-05-07T05:00Z,2026-05-07,Thursday,AMC Saratoga 14,San Francisco,PT,Mortal Kombat II,8:00pm,142937678,1317,,XL at AMC,315,0,315,0,,https://www.amctheatres.com/showtimes/142937678/seats,XL at AMC @ 8:00pm (saved link)
2026-05-08,20260506-213317-8c2bb8,2026-05-07T05:03:42.353419+00:00,2026-05-07T05:00Z,2026-05-07,Thursday,AMC Saratoga 14,San Francisco,PT,Mortal Kombat II,5:00pm,142937679,1137,,XL at AMC,315,0,315,0,,https://www.amctheatres.com/showtimes/142937679/seats,XL at AMC @ 5:00pm (saved link)
2026-05-08,20260506-213317-8c2bb8,2026-05-07T05:03:42.353419+00:00,2026-05-07T05:00Z,2026-05-07,Thursday,AMC Saratoga 14,San Francisco,PT,Mortal Kombat II,7:15pm,142210006,1272,,Laser at AMC,106,0,106,0,,https://www.amctheatres.com/showtimes/142210006/seats,Laser at AMC @ 7:15pm (saved link)
2026-05-08,20260506-213317-8c2bb8,2026-05-07T05:04:16.350845+00:00,2026-05-07T05:00Z,2026-05-07,Thursday,AMC Sunnyvale 12,San Francisco,PT,Mortal Kombat II,9:00pm,142135336,1376,,IMAX with Laser at AMC,116,65,51,56,,https://www.amctheatres.com/showtimes/142135336/seats,IMAX with Laser at AMC @ 9:00pm (saved link)
2026-05-08,20260506-213317-8c2bb8,2026-05-07T05:04:16.350845+00:00,2026-05-07T05:00Z,2026-05-07,Thursday,AMC Sunnyvale 12,San Francisco,PT,Mortal Kombat II,6:00pm,142135335,1196,,IMAX with Laser at AMC,116,75,41,64.7,,https://www.amctheatres.com/showtimes/142135335/seats,IMAX with Laser at AMC @ 6:00pm (saved link)
2026-05-08,20260506-213317-8c2bb8,2026-05-07T05:04:16.350845+00:00,2026-05-07T05:00Z,2026-05-07,Thursday,AMC Sunnyvale 12,San Francisco,PT,Mortal Kombat II,10:45pm,142135357,1481,,Dolby Cinema at AMC,155,18,137,11.6,,https://www.amctheatres.com/showtimes/142135357/seats,Dolby Cinema at AMC @ 10:45pm (saved link)
2026-05-08,20260506-213317-8c2bb8,2026-05-07T05:04:16.350845+00:00,2026-05-07T05:00Z,2026-05-07,Thursday,AMC Sunnyvale 12,San Francisco,PT,Mortal Kombat II,10:00pm,142135395,1436,,Laser at AMC,108,7,101,6.5,,https://www.amctheatres.com/showtimes/142135395/seats,Laser at AMC @ 10:00pm (saved link)
2026-05-08,20260506-213317-8c2bb8,2026-05-07T05:04:16.350845+00:00,2026-05-07T05:00Z,2026-05-07,Thursday,AMC Sunnyvale 12,San Francisco,PT,Mortal Kombat II,7:00pm,142135393,1256,,Laser at AMC,108,32,76,29.6,,https://www.amctheatres.com/showtimes/142135393/seats,Laser at AMC @ 7:00pm (saved link)
2026-05-08,20260506-213317-8c2bb8,2026-05-07T05:04:48.820626+00:00,2026-05-07T05:00Z,2026-05-07,Thursday,AMC Alderwood Mall 16,Seattle,PT,Mortal Kombat II,11:00pm,142186485,1496,,IMAX with Laser at AMC,264,16,248,6.1,,https://www.amctheatres.com/showtimes/142186485/seats,IMAX with Laser at AMC @ 11:00pm (saved link)
2026-05-08,20260506-213317-8c2bb8,2026-05-07T05:04:48.820626+00:00,2026-05-07T05:00Z,2026-05-07,Thursday,AMC Alderwood Mall 16,Seattle,PT,Mortal Kombat II,8:00pm,142186486,1316,,IMAX with Laser at AMC,264,77,187,29.2,,https://www.amctheatres.com/showtimes/142186486/seats,IMAX with Laser at AMC @ 8:00pm (saved link)
2026-05-08,20260506-213317-8c2bb8,2026-05-07T05:04:48.820626+00:00,2026-05-07T05:00Z,2026-05-07,Thursday,AMC Alderwood Mall 16,Seattle,PT,Mortal Kombat II,5:00pm,142186487,1136,,IMAX with Laser at AMC,264,64,200,24.2,,https://www.amctheatres.com/showtimes/142186487/seats,IMAX with Laser at AMC @ 5:00pm (saved link)
2026-05-08,20260506-213317-8c2bb8,2026-05-07T05:04:48.820626+00:00,2026-05-07T05:00Z,2026-05-07,Thursday,AMC Alderwood Mall 16,Seattle,PT,Mortal Kombat II,10:00pm,142186460,1436,,Dolby Cinema at AMC,204,25,179,12.3,,https://www.amctheatres.com/showtimes/142186460/seats,Dolby Cinema at AMC @ 10:00pm (saved link)
2026-05-08,20260506-213317-8c2bb8,2026-05-07T05:04:48.820626+00:00,2026-05-07T05:00Z,2026-05-07,Thursday,AMC Alderwood Mall 16,Seattle,PT,Mortal Kombat II,10:30pm,142956254,1466,,XL at AMC,349,0,349,0,,https://www.amctheatres.com/showtimes/142956254/seats,XL at AMC @ 10:30pm (saved link)
2026-05-08,20260506-213317-8c2bb8,2026-05-07T05:04:48.820626+00:00,2026-05-07T05:00Z,2026-05-07,Thursday,AMC Alderwood Mall 16,Seattle,PT,Mortal Kombat II,9:00pm,142186390,1376,,Laser at AMC,271,4,267,1.5,,https://www.amctheatres.com/showtimes/142186390/seats,Laser at AMC @ 9:00pm (saved link)
2026-05-08,20260506-213317-8c2bb8,2026-05-07T05:04:48.820626+00:00,2026-05-07T05:00Z,2026-05-07,Thursday,AMC Alderwood Mall 16,Seattle,PT,Mortal Kombat II,7:00pm,142956413,1256,,Laser at AMC,166,13,153,7.8,,https://www.amctheatres.com/showtimes/142956413/seats,Laser at AMC @ 7:00pm (saved link)
2026-05-08,20260506-213317-8c2bb8,2026-05-07T05:04:48.820626+00:00,2026-05-07T05:00Z,2026-05-07,Thursday,AMC Alderwood Mall 16,Seattle,PT,Mortal Kombat II,6:00pm,142186389,1196,,Laser at AMC,271,2,269,0.7,,https://www.amctheatres.com/showtimes/142186389/seats,Laser at AMC @ 6:00pm (saved link)
2026-05-08,20260506-213317-8c2bb8,2026-05-07T05:05:25.127088+00:00,2026-05-07T05:00Z,2026-05-07,Thursday,AMC Factoria 8,Seattle,PT,Mortal Kombat II,8:00pm,142218103,1315,,Laser at AMC,133,23,110,17.3,,https://www.amctheatres.com/showtimes/142218103/seats,Laser at AMC @ 8:00pm (saved link)
2026-05-08,20260506-213317-8c2bb8,2026-05-07T05:05:46.671505+00:00,2026-05-07T05:00Z,2026-05-07,Thursday,AMC Kent Station 14,Seattle,PT,Mortal Kombat II,8:30pm,142119619,1345,,IMAX with Laser at AMC,261,55,206,21.1,,https://www.amctheatres.com/showtimes/142119619/seats,IMAX with Laser at AMC @ 8:30pm (saved link)
2026-05-08,20260506-213317-8c2bb8,2026-05-07T05:05:46.671505+00:00,2026-05-07T05:00Z,2026-05-07,Thursday,AMC Kent Station 14,Seattle,PT,Mortal Kombat II,5:45pm,142119618,1180,,IMAX with Laser at AMC,261,29,232,11.1,,https://www.amctheatres.com/showtimes/142119618/seats,IMAX with Laser at AMC @ 5:45pm (saved link)
2026-05-08,20260506-213317-8c2bb8,2026-05-07T05:05:46.671505+00:00,2026-05-07T05:00Z,2026-05-07,Thursday,AMC Kent Station 14,Seattle,PT,Mortal Kombat II,10:15pm,142119662,1450,,Dolby Cinema at AMC,146,10,136,6.8,,https://www.amctheatres.com/showtimes/142119662/seats,Dolby Cinema at AMC @ 10:15pm (saved link)
2026-05-08,20260506-213317-8c2bb8,2026-05-07T05:05:46.671505+00:00,2026-05-07T05:00Z,2026-05-07,Thursday,AMC Kent Station 14,Seattle,PT,Mortal Kombat II,9:15pm,142119606,1390,,Laser at AMC,73,10,63,13.7,,https://www.amctheatres.com/showtimes/142119606/seats,Laser at AMC @ 9:15pm (saved link)
2026-05-08,20260506-213317-8c2bb8,2026-05-07T05:05:46.671505+00:00,2026-05-07T05:00Z,2026-05-07,Thursday,AMC Kent Station 14,Seattle,PT,Mortal Kombat II,7:30pm,142119616,1285,,Laser at AMC,123,40,83,32.5,,https://www.amctheatres.com/showtimes/142119616/seats,Laser at AMC @ 7:30pm (saved link)
2026-05-08,20260506-213317-8c2bb8,2026-05-07T05:06:15.125610+00:00,2026-05-07T05:00Z,2026-05-07,Thursday,AMC Pacific Place 11,Seattle,PT,Mortal Kombat II,10:00pm,142195375,1434,,undefined,290,2,288,0.7,,https://www.amctheatres.com/showtimes/142195375/seats,undefined @ 10:00pm (saved link)
2026-05-08,20260506-213317-8c2bb8,2026-05-07T05:06:15.125610+00:00,2026-05-07T05:00Z,2026-05-07,Thursday,AMC Pacific Place 11,Seattle,PT,Mortal Kombat II,7:00pm,142195374,1254,,undefined,290,15,275,5.2,,https://www.amctheatres.com/showtimes/142195374/seats,undefined @ 7:00pm (saved link)
2026-05-08,20260506-213317-8c2bb8,2026-05-07T05:06:37.432981+00:00,2026-05-07T05:00Z,2026-05-07,Thursday,AMC Southcenter 16,Seattle,PT,Mortal Kombat II,9:00pm,142195096,1374,,IMAX with Laser at AMC,200,49,151,24.5,,https://www.amctheatres.com/showtimes/142195096/seats,IMAX with Laser at AMC @ 9:00pm (saved link)
2026-05-08,20260506-213317-8c2bb8,2026-05-07T05:06:37.432981+00:00,2026-05-07T05:00Z,2026-05-07,Thursday,AMC Southcenter 16,Seattle,PT,Mortal Kombat II,6:00pm,142195095,1194,,IMAX with Laser at AMC,200,71,129,35.5,,https://www.amctheatres.com/showtimes/142195095/seats,IMAX with Laser at AMC @ 6:00pm (saved link)
2026-05-08,20260506-213317-8c2bb8,2026-05-07T05:06:37.432981+00:00,2026-05-07T05:00Z,2026-05-07,Thursday,AMC Southcenter 16,Seattle,PT,Mortal Kombat II,10:30pm,142195250,1464,,Dolby Cinema at AMC,147,16,131,10.9,,https://www.amctheatres.com/showtimes/142195250/seats,Dolby Cinema at AMC @ 10:30pm (saved link)
2026-05-08,20260506-213317-8c2bb8,2026-05-07T05:06:37.432981+00:00,2026-05-07T05:00Z,2026-05-07,Thursday,AMC Southcenter 16,Seattle,PT,Mortal Kombat II,10:00pm,142195130,1434,,XL at AMC,285,0,285,0,,https://www.amctheatres.com/showtimes/142195130/seats,XL at AMC @ 10:00pm (saved link)
2026-05-08,20260506-213317-8c2bb8,2026-05-07T05:06:37.432981+00:00,2026-05-07T05:00Z,2026-05-07,Thursday,AMC Southcenter 16,Seattle,PT,Mortal Kombat II,7:00pm,142195132,1254,,XL at AMC,285,13,272,4.6,,https://www.amctheatres.com/showtimes/142195132/seats,XL at AMC @ 7:00pm (saved link)
2026-05-08,20260506-213317-8c2bb8,2026-05-07T05:06:37.432981+00:00,2026-05-07T05:00Z,2026-05-07,Thursday,AMC Southcenter 16,Seattle,PT,Mortal Kombat II,9:30pm,142991363,1404,,Laser at AMC,95,0,95,0,,https://www.amctheatres.com/showtimes/142991363/seats,Laser at AMC @ 9:30pm (saved link)
2026-05-08,20260506-213317-8c2bb8,2026-05-07T05:06:37.432981+00:00,2026-05-07T05:00Z,2026-05-07,Thursday,AMC Southcenter 16,Seattle,PT,Mortal Kombat II,8:00pm,142195291,1314,,Laser at AMC,210,2,208,1,,https://www.amctheatres.com/showtimes/142195291/seats,Laser at AMC @ 8:00pm (saved link)
2026-05-08,20260506-213317-8c2bb8,2026-05-07T05:06:37.432981+00:00,2026-05-07T05:00Z,2026-05-07,Thursday,AMC Southcenter 16,Seattle,PT,Mortal Kombat II,5:00pm,142195290,1134,,Laser at AMC,210,1,209,0.5,,https://www.amctheatres.com/showtimes/142195290/seats,Laser at AMC @ 5:00pm (saved link)
2026-05-08,20260506-213317-8c2bb8,2026-05-07T05:07:13.934426+00:00,2026-05-07T05:00Z,2026-05-07,Thursday,AMC Woodinville 12,Seattle,PT,Mortal Kombat II,10:45pm,142128878,1478,,Dolby Cinema at AMC,125,10,115,8,,https://www.amctheatres.com/showtimes/142128878/seats,Dolby Cinema at AMC @ 10:45pm (saved link)
2026-05-08,20260506-213317-8c2bb8,2026-05-07T05:07:13.934426+00:00,2026-05-07T05:00Z,2026-05-07,Thursday,AMC Woodinville 12,Seattle,PT,Mortal Kombat II,7:50pm,142128877,1303,,Dolby Cinema at AMC,125,70,55,56,,https://www.amctheatres.com/showtimes/142128877/seats,Dolby Cinema at AMC @ 7:50pm (saved link)
2026-05-08,20260506-213317-8c2bb8,2026-05-07T05:07:13.934426+00:00,2026-05-07T05:00Z,2026-05-07,Thursday,AMC Woodinville 12,Seattle,PT,Mortal Kombat II,9:00pm,142128918,1373,,Laser at AMC,111,3,108,2.7,,https://www.amctheatres.com/showtimes/142128918/seats,Laser at AMC @ 9:00pm (saved link)
2026-05-08,20260506-213317-8c2bb8,2026-05-07T05:07:13.934426+00:00,2026-05-07T05:00Z,2026-05-07,Thursday,AMC Woodinville 12,Seattle,PT,Mortal Kombat II,6:00pm,142128919,1193,,Laser at AMC,111,20,91,18,,https://www.amctheatres.com/showtimes/142128919/seats,Laser at AMC @ 6:00pm (saved link)
2026-05-08,20260506-213317-8c2bb8,2026-05-07T05:07:40.690515+00:00,2026-05-07T05:00Z,2026-05-07,Thursday,AMC Atlantic Times Square 14,Los Angeles,PT,Mortal Kombat II,10:45pm,142863458,1478,,undefined,116,5,111,4.3,,https://www.amctheatres.com/showtimes/142863458/seats,undefined @ 10:45pm (saved link); cohort=expansion
2026-05-08,20260506-213317-8c2bb8,2026-05-07T05:07:40.690515+00:00,2026-05-07T05:00Z,2026-05-07,Thursday,AMC Atlantic Times Square 14,Los Angeles,PT,Mortal Kombat II,9:30pm,142114332,1403,,undefined,253,3,250,1.2,,https://www.amctheatres.com/showtimes/142114332/seats,undefined @ 9:30pm (saved link); cohort=expansion
2026-05-08,20260506-213317-8c2bb8,2026-05-07T05:07:40.690515+00:00,2026-05-07T05:00Z,2026-05-07,Thursday,AMC Atlantic Times Square 14,Los Angeles,PT,Mortal Kombat II,8:45pm,142863452,1358,,English Spoken with Spanish Subtitles,170,5,165,2.9,,https://www.amctheatres.com/showtimes/142863452/seats,English Spoken with Spanish Subtitles @ 8:45pm (saved link); cohort=expansion
2026-05-08,20260506-213317-8c2bb8,2026-05-07T05:07:40.690515+00:00,2026-05-07T05:00Z,2026-05-07,Thursday,AMC Atlantic Times Square 14,Los Angeles,PT,Mortal Kombat II,8:00pm,142863454,1313,,undefined,169,14,155,8.3,,https://www.amctheatres.com/showtimes/142863454/seats,undefined @ 8:00pm (saved link); cohort=expansion
2026-05-08,20260506-213317-8c2bb8,2026-05-07T05:07:40.690515+00:00,2026-05-07T05:00Z,2026-05-07,Thursday,AMC Atlantic Times Square 14,Los Angeles,PT,Mortal Kombat II,6:30pm,142114331,1223,,undefined,253,23,230,9.1,,https://www.amctheatres.com/showtimes/142114331/seats,undefined @ 6:30pm (saved link); cohort=expansion
2026-05-08,20260506-213317-8c2bb8,2026-05-07T05:07:40.690515+00:00,2026-05-07T05:00Z,2026-05-07,Thursday,AMC Atlantic Times Square 14,Los Angeles,PT,Mortal Kombat II,5:00pm,142863453,1133,,undefined,169,2,167,1.2,,https://www.amctheatres.com/showtimes/142863453/seats,undefined @ 5:00pm (saved link); cohort=expansion
2026-05-08,20260506-213317-8c2bb8,2026-05-07T05:08:13.203599+00:00,2026-05-07T05:00Z,2026-05-07,Thursday,AMC Burbank Town Center 6,Los Angeles,PT,Mortal Kombat II,10:00pm,142208328,1432,,Laser at AMC,91,21,70,23.1,,https://www.amctheatres.com/showtimes/142208328/seats,Laser at AMC @ 10:00pm (saved link); cohort=expansion
2026-05-08,20260506-213317-8c2bb8,2026-05-07T05:08:13.203599+00:00,2026-05-07T05:00Z,2026-05-07,Thursday,AMC Burbank Town Center 6,Los Angeles,PT,Mortal Kombat II,8:30pm,142980130,1342,,Laser at AMC,92,14,78,15.2,,https://www.amctheatres.com/showtimes/142980130/seats,Laser at AMC @ 8:30pm (saved link); cohort=expansion
2026-05-08,20260506-213317-8c2bb8,2026-05-07T05:08:13.203599+00:00,2026-05-07T05:00Z,2026-05-07,Thursday,AMC Burbank Town Center 6,Los Angeles,PT,Mortal Kombat II,7:00pm,142208327,1252,,Laser at AMC,91,53,38,58.2,,https://www.amctheatres.com/showtimes/142208327/seats,Laser at AMC @ 7:00pm (saved link); cohort=expansion
2026-05-08,20260506-213317-8c2bb8,2026-05-07T05:08:13.203599+00:00,2026-05-07T05:00Z,2026-05-07,Thursday,AMC Burbank Town Center 6,Los Angeles,PT,Mortal Kombat II,5:45pm,142980128,1177,,Laser at AMC,92,11,81,12,,https://www.amctheatres.com/showtimes/142980128/seats,Laser at AMC @ 5:45pm (saved link); cohort=expansion
2026-05-08,20260506-213317-8c2bb8,2026-05-07T05:08:39.166580+00:00,2026-05-07T05:00Z,2026-05-07,Thursday,AMC Covina 17,Los Angeles,PT,Mortal Kombat II,9:00pm,142159760,1372,,IMAX with Laser at AMC,360,21,339,5.8,,https://www.amctheatres.com/showtimes/142159760/seats,IMAX with Laser at AMC @ 9:00pm (saved link); cohort=expansion
2026-05-08,20260506-213317-8c2bb8,2026-05-07T05:08:39.166580+00:00,2026-05-07T05:00Z,2026-05-07,Thursday,AMC Covina 17,Los Angeles,PT,Mortal Kombat II,6:00pm,142159761,1192,,IMAX with Laser at AMC,360,57,303,15.8,,https://www.amctheatres.com/showtimes/142159761/seats,IMAX with Laser at AMC @ 6:00pm (saved link); cohort=expansion
2026-05-08,20260506-213317-8c2bb8,2026-05-07T05:08:39.166580+00:00,2026-05-07T05:00Z,2026-05-07,Thursday,AMC Covina 17,Los Angeles,PT,Mortal Kombat II,10:00pm,142159781,1432,,XL at AMC,322,3,319,0.9,,https://www.amctheatres.com/showtimes/142159781/seats,XL at AMC @ 10:00pm (saved link); cohort=expansion
2026-05-08,20260506-213317-8c2bb8,2026-05-07T05:08:39.166580+00:00,2026-05-07T05:00Z,2026-05-07,Thursday,AMC Covina 17,Los Angeles,PT,Mortal Kombat II,7:00pm,142159782,1252,,XL at AMC,322,19,303,5.9,,https://www.amctheatres.com/showtimes/142159782/seats,XL at AMC @ 7:00pm (saved link); cohort=expansion
2026-05-08,20260506-213317-8c2bb8,2026-05-07T05:08:39.166580+00:00,2026-05-07T05:00Z,2026-05-07,Thursday,AMC Covina 17,Los Angeles,PT,Mortal Kombat II,9:30pm,142946291,1402,,Laser at AMC,76,1,75,1.3,,https://www.amctheatres.com/showtimes/142946291/seats,Laser at AMC @ 9:30pm (saved link); cohort=expansion
2026-05-08,20260506-213317-8c2bb8,2026-05-07T05:08:39.166580+00:00,2026-05-07T05:00Z,2026-05-07,Thursday,AMC Covina 17,Los Angeles,PT,Mortal Kombat II,8:00pm,142865221,1312,,Laser at AMC,86,0,86,0,,https://www.amctheatres.com/showtimes/142865221/seats,Laser at AMC @ 8:00pm (saved link); cohort=expansion
2026-05-08,20260506-213317-8c2bb8,2026-05-07T05:08:39.166580+00:00,2026-05-07T05:00Z,2026-05-07,Thursday,AMC Covina 17,Los Angeles,PT,Mortal Kombat II,5:00pm,142865222,1132,,Laser at AMC,86,0,86,0,,https://www.amctheatres.com/showtimes/142865222/seats,Laser at AMC @ 5:00pm (saved link); cohort=expansion
2026-05-08,20260506-213317-8c2bb8,2026-05-07T05:09:13.474912+00:00,2026-05-07T05:00Z,2026-05-07,Thursday,AMC Del Amo 18,Los Angeles,PT,Mortal Kombat II,10:00pm,142115560,1431,,IMAX with Laser at AMC,199,52,147,26.1,,https://www.amctheatres.com/showtimes/142115560/seats,IMAX with Laser at AMC @ 10:00pm (saved link); cohort=expansion
2026-05-08,20260506-213317-8c2bb8,2026-05-07T05:09:13.474912+00:00,2026-05-07T05:00Z,2026-05-07,Thursday,AMC Del Amo 18,Los Angeles,PT,Mortal Kombat II,7:00pm,142115559,1251,,IMAX with Laser at AMC,199,145,54,72.9,,https://www.amctheatres.com/showtimes/142115559/seats,IMAX with Laser at AMC @ 7:00pm (saved link); cohort=expansion
2026-05-08,20260506-213317-8c2bb8,2026-05-07T05:09:13.474912+00:00,2026-05-07T05:00Z,2026-05-07,Thursday,AMC Del Amo 18,Los Angeles,PT,Mortal Kombat II,9:00pm,142115647,1371,,Dolby Cinema at AMC,168,95,73,56.5,,https://www.amctheatres.com/showtimes/142115647/seats,Dolby Cinema at AMC @ 9:00pm (saved link); cohort=expansion
2026-05-08,20260506-213317-8c2bb8,2026-05-07T05:09:13.474912+00:00,2026-05-07T05:00Z,2026-05-07,Thursday,AMC Del Amo 18,Los Angeles,PT,Mortal Kombat II,8:20pm,142115590,1331,,XL at AMC,289,6,283,2.1,,https://www.amctheatres.com/showtimes/142115590/seats,XL at AMC @ 8:20pm (saved link); cohort=expansion
2026-05-08,20260506-213317-8c2bb8,2026-05-07T05:09:13.474912+00:00,2026-05-07T05:00Z,2026-05-07,Thursday,AMC Del Amo 18,Los Angeles,PT,Mortal Kombat II,5:15pm,142115591,1146,,XL at AMC,289,25,264,8.7,,https://www.amctheatres.com/showtimes/142115591/seats,XL at AMC @ 5:15pm (saved link); cohort=expansion
2026-05-08,20260506-213317-8c2bb8,2026-05-07T05:09:13.474912+00:00,2026-05-07T05:00Z,2026-05-07,Thursday,AMC Del Amo 18,Los Angeles,PT,Mortal Kombat II,9:20pm,142999121,1391,,Laser at AMC,160,0,160,0,,https://www.amctheatres.com/showtimes/142999121/seats,Laser at AMC @ 9:20pm (saved link); cohort=expansion
2026-05-08,20260506-213317-8c2bb8,2026-05-07T05:09:13.474912+00:00,2026-05-07T05:00Z,2026-05-07,Thursday,AMC Del Amo 18,Los Angeles,PT,Mortal Kombat II,7:50pm,142115620,1301,,Laser at AMC,160,29,131,18.1,,https://www.amctheatres.com/showtimes/142115620/seats,Laser at AMC @ 7:50pm (saved link); cohort=expansion
2026-05-08,20260506-213317-8c2bb8,2026-05-07T05:09:13.474912+00:00,2026-05-07T05:00Z,2026-05-07,Thursday,AMC Del Amo 18,Los Angeles,PT,Mortal Kombat II,6:10pm,142998910,1201,,Laser at AMC,110,2,108,1.8,,https://www.amctheatres.com/showtimes/142998910/seats,Laser at AMC @ 6:10pm (saved link); cohort=expansion
2026-05-08,20260506-213317-8c2bb8,2026-05-07T05:09:49.267352+00:00,2026-05-07T05:00Z,2026-05-07,Thursday,AMC Glendora 12 @ 210/57,Los Angeles,PT,Mortal Kombat II,9:00pm,142120890,1371,,IMAX at AMC,256,29,227,11.3,,https://www.amctheatres.com/showtimes/142120890/seats,IMAX at AMC @ 9:00pm (saved link); cohort=expansion
2026-05-08,20260506-213317-8c2bb8,2026-05-07T05:09:49.267352+00:00,2026-05-07T05:00Z,2026-05-07,Thursday,AMC Glendora 12 @ 210/57,Los Angeles,PT,Mortal Kombat II,6:00pm,142120889,1191,,IMAX at AMC,256,72,184,28.1,,https://www.amctheatres.com/showtimes/142120889/seats,IMAX at AMC @ 6:00pm (saved link); cohort=expansion
2026-05-08,20260506-213317-8c2bb8,2026-05-07T05:09:49.267352+00:00,2026-05-07T05:00Z,2026-05-07,Thursday,AMC Glendora 12 @ 210/57,Los Angeles,PT,Mortal Kombat II,10:45pm,142120870,1476,,Dolby Cinema at AMC,143,21,122,14.7,,https://www.amctheatres.com/showtimes/142120870/seats,Dolby Cinema at AMC @ 10:45pm (saved link); cohort=expansion
2026-05-08,20260506-213317-8c2bb8,2026-05-07T05:09:49.267352+00:00,2026-05-07T05:00Z,2026-05-07,Thursday,AMC Glendora 12 @ 210/57,Los Angeles,PT,Mortal Kombat II,10:00pm,142120927,1431,,Laser at AMC,203,0,203,0,,https://www.amctheatres.com/showtimes/142120927/seats,Laser at AMC @ 10:00pm (saved link); cohort=expansion
2026-05-08,20260506-213317-8c2bb8,2026-05-07T05:09:49.267352+00:00,2026-05-07T05:00Z,2026-05-07,Thursday,AMC Glendora 12 @ 210/57,Los Angeles,PT,Mortal Kombat II,7:00pm,142120926,1251,,Laser at AMC,203,6,197,3,,https://www.amctheatres.com/showtimes/142120926/seats,Laser at AMC @ 7:00pm (saved link); cohort=expansion
2026-05-08,20260506-213317-8c2bb8,2026-05-07T05:10:25.399923+00:00,2026-05-07T05:00Z,2026-05-07,Thursday,AMC Marina Marketplace 6,Los Angeles,PT,Mortal Kombat II,9:45pm,142216868,1415,,undefined,136,1,135,0.7,,https://www.amctheatres.com/showtimes/142216868/seats,undefined @ 9:45pm (saved link); cohort=expansion
2026-05-08,20260506-213317-8c2bb8,2026-05-07T05:10:25.399923+00:00,2026-05-07T05:00Z,2026-05-07,Thursday,AMC Marina Marketplace 6,Los Angeles,PT,Mortal Kombat II,6:45pm,142216867,1235,,undefined,136,17,119,12.5,,https://www.amctheatres.com/showtimes/142216867/seats,undefined @ 6:45pm (saved link); cohort=expansion
2026-05-08,20260506-213317-8c2bb8,2026-05-07T05:10:48.790880+00:00,2026-05-07T05:00Z,2026-05-07,Thursday,AMC Montclair Place 12,Los Angeles,PT,Mortal Kombat II,9:15pm,142071507,1385,,IMAX with Laser at AMC,147,101,46,68.7,,https://www.amctheatres.com/showtimes/142071507/seats,IMAX with Laser at AMC @ 9:15pm (saved link); cohort=expansion
2026-05-08,20260506-213317-8c2bb8,2026-05-07T05:10:48.790880+00:00,2026-05-07T05:00Z,2026-05-07,Thursday,AMC Montclair Place 12,Los Angeles,PT,Mortal Kombat II,6:15pm,142071506,1205,,IMAX with Laser at AMC,147,114,33,77.6,,https://www.amctheatres.com/showtimes/142071506/seats,IMAX with Laser at AMC @ 6:15pm (saved link); cohort=expansion
2026-05-08,20260506-213317-8c2bb8,2026-05-07T05:10:48.790880+00:00,2026-05-07T05:00Z,2026-05-07,Thursday,AMC Montclair Place 12,Los Angeles,PT,Mortal Kombat II,10:30pm,142071527,1460,,Dolby Cinema at AMC,150,38,112,25.3,,https://www.amctheatres.com/showtimes/142071527/seats,Dolby Cinema at AMC @ 10:30pm (saved link); cohort=expansion
2026-05-08,20260506-213317-8c2bb8,2026-05-07T05:10:48.790880+00:00,2026-05-07T05:00Z,2026-05-07,Thursday,AMC Montclair Place 12,Los Angeles,PT,Mortal Kombat II,9:45pm,142071530,1415,,Laser at AMC,86,22,64,25.6,,https://www.amctheatres.com/showtimes/142071530/seats,Laser at AMC @ 9:45pm (saved link); cohort=expansion
2026-05-08,20260506-213317-8c2bb8,2026-05-07T05:10:48.790880+00:00,2026-05-07T05:00Z,2026-05-07,Thursday,AMC Montclair Place 12,Los Angeles,PT,Mortal Kombat II,7:30pm,142071596,1280,,Laser at AMC,119,69,50,58,,https://www.amctheatres.com/showtimes/142071596/seats,Laser at AMC @ 7:30pm (saved link); cohort=expansion
2026-05-08,20260506-213317-8c2bb8,2026-05-07T05:11:17.972610+00:00,2026-05-07T05:00Z,2026-05-07,Thursday,AMC Northridge 10,Los Angeles,PT,Mortal Kombat II,9:00pm,142206748,1369,,undefined,461,34,427,7.4,,https://www.amctheatres.com/showtimes/142206748/seats,undefined @ 9:00pm (saved link); cohort=expansion
2026-05-08,20260506-213317-8c2bb8,2026-05-07T05:11:17.972610+00:00,2026-05-07T05:00Z,2026-05-07,Thursday,AMC Northridge 10,Los Angeles,PT,Mortal Kombat II,7:15pm,142877847,1264,,English Spoken with Spanish Subtitles,461,3,458,0.7,,https://www.amctheatres.com/showtimes/142877847/seats,English Spoken with Spanish Subtitles @ 7:15pm (saved link); cohort=expansion
2026-05-08,20260506-213317-8c2bb8,2026-05-07T05:11:17.972610+00:00,2026-05-07T05:00Z,2026-05-07,Thursday,AMC Northridge 10,Los Angeles,PT,Mortal Kombat II,6:00pm,142206747,1189,,undefined,461,36,425,7.8,,https://www.amctheatres.com/showtimes/142206747/seats,undefined @ 6:00pm (saved link); cohort=expansion
2026-05-08,20260506-213317-8c2bb8,2026-05-07T05:11:45.898653+00:00,2026-05-07T05:00Z,2026-05-07,Thursday,AMC Ontario Mills 30,Los Angeles,PT,Mortal Kombat II,8:15pm,142076656,1324,,Dolby Cinema at AMC,191,143,48,74.9,,https://www.amctheatres.com/showtimes/142076656/seats,Dolby Cinema at AMC @ 8:15pm (saved link); cohort=expansion
2026-05-08,20260506-213317-8c2bb8,2026-05-07T05:11:45.898653+00:00,2026-05-07T05:00Z,2026-05-07,Thursday,AMC Ontario Mills 30,Los Angeles,PT,Mortal Kombat II,5:00pm,142076655,1129,,Dolby Cinema at AMC,191,145,46,75.9,,https://www.amctheatres.com/showtimes/142076655/seats,Dolby Cinema at AMC @ 5:00pm (saved link); cohort=expansion
2026-05-08,20260506-213317-8c2bb8,2026-05-07T05:11:45.898653+00:00,2026-05-07T05:00Z,2026-05-07,Thursday,AMC Ontario Mills 30,Los Angeles,PT,Mortal Kombat II,10:30pm,142888261,1459,,Laser at AMC,70,16,54,22.9,,https://www.amctheatres.com/showtimes/142888261/seats,Laser at AMC @ 10:30pm (saved link); cohort=expansion
2026-05-08,20260506-213317-8c2bb8,2026-05-07T05:11:45.898653+00:00,2026-05-07T05:00Z,2026-05-07,Thursday,AMC Ontario Mills 30,Los Angeles,PT,Mortal Kombat II,10:00pm,142888231,1429,,Laser at AMC,69,0,69,0,,https://www.amctheatres.com/showtimes/142888231/seats,Laser at AMC @ 10:00pm (saved link); cohort=expansion
2026-05-08,20260506-213317-8c2bb8,2026-05-07T05:11:45.898653+00:00,2026-05-07T05:00Z,2026-05-07,Thursday,AMC Ontario Mills 30,Los Angeles,PT,Mortal Kombat II,9:30pm,142076660,1399,,Laser at AMC,202,45,157,22.3,,https://www.amctheatres.com/showtimes/142076660/seats,Laser at AMC @ 9:30pm (saved link); cohort=expansion
2026-05-08,20260506-213317-8c2bb8,2026-05-07T05:11:45.898653+00:00,2026-05-07T05:00Z,2026-05-07,Thursday,AMC Ontario Mills 30,Los Angeles,PT,Mortal Kombat II,9:00pm,142888242,1369,,Laser at AMC,55,0,55,0,,https://www.amctheatres.com/showtimes/142888242/seats,Laser at AMC @ 9:00pm (saved link); cohort=expansion
2026-05-08,20260506-213317-8c2bb8,2026-05-07T05:11:45.898653+00:00,2026-05-07T05:00Z,2026-05-07,Thursday,AMC Ontario Mills 30,Los Angeles,PT,Mortal Kombat II,8:30pm,142944654,1339,,Laser at AMC,44,2,42,4.5,,https://www.amctheatres.com/showtimes/142944654/seats,Laser at AMC @ 8:30pm (saved link); cohort=expansion
2026-05-08,20260506-213317-8c2bb8,2026-05-07T05:11:45.898653+00:00,2026-05-07T05:00Z,2026-05-07,Thursday,AMC Ontario Mills 30,Los Angeles,PT,Mortal Kombat II,8:00pm,142944649,1309,,Laser at AMC,38,8,30,21.1,,https://www.amctheatres.com/showtimes/142944649/seats,Laser at AMC @ 8:00pm (saved link); cohort=expansion
2026-05-08,20260506-213317-8c2bb8,2026-05-07T05:11:45.898653+00:00,2026-05-07T05:00Z,2026-05-07,Thursday,AMC Ontario Mills 30,Los Angeles,PT,Mortal Kombat II,7:45pm,142888267,1294,,Laser at AMC,102,12,90,11.8,,https://www.amctheatres.com/showtimes/142888267/seats,Laser at AMC @ 7:45pm (saved link); cohort=expansion
2026-05-08,20260506-213317-8c2bb8,2026-05-07T05:11:45.898653+00:00,2026-05-07T05:00Z,2026-05-07,Thursday,AMC Ontario Mills 30,Los Angeles,PT,Mortal Kombat II,7:15pm,142888262,1264,,Laser at AMC,70,19,51,27.1,,https://www.amctheatres.com/showtimes/142888262/seats,Laser at AMC @ 7:15pm (saved link); cohort=expansion
2026-05-08,20260506-213317-8c2bb8,2026-05-07T05:11:45.898653+00:00,2026-05-07T05:00Z,2026-05-07,Thursday,AMC Ontario Mills 30,Los Angeles,PT,Mortal Kombat II,6:45pm,142888230,1234,,Laser at AMC,69,21,48,30.4,,https://www.amctheatres.com/showtimes/142888230/seats,Laser at AMC @ 6:45pm (saved link); cohort=expansion
2026-05-08,20260506-213317-8c2bb8,2026-05-07T05:11:45.898653+00:00,2026-05-07T05:00Z,2026-05-07,Thursday,AMC Ontario Mills 30,Los Angeles,PT,Mortal Kombat II,6:15pm,142076659,1204,,Laser at AMC,202,69,133,34.2,,https://www.amctheatres.com/showtimes/142076659/seats,Laser at AMC @ 6:15pm (saved link); cohort=expansion
2026-05-08,20260506-213317-8c2bb8,2026-05-07T05:11:45.898653+00:00,2026-05-07T05:00Z,2026-05-07,Thursday,AMC Ontario Mills 30,Los Angeles,PT,Mortal Kombat II,6:00pm,142944653,1189,,Laser at AMC,41,0,41,0,,https://www.amctheatres.com/showtimes/142944653/seats,Laser at AMC @ 6:00pm (saved link); cohort=expansion
2026-05-08,20260506-213317-8c2bb8,2026-05-07T05:11:45.898653+00:00,2026-05-07T05:00Z,2026-05-07,Thursday,AMC Ontario Mills 30,Los Angeles,PT,Mortal Kombat II,5:30pm,142888270,1159,,Laser at AMC,40,7,33,17.5,,https://www.amctheatres.com/showtimes/142888270/seats,Laser at AMC @ 5:30pm (saved link); cohort=expansion
2026-05-08,20260506-213317-8c2bb8,2026-05-07T05:11:45.898653+00:00,2026-05-07T05:00Z,2026-05-07,Thursday,AMC Ontario Mills 30,Los Angeles,PT,Mortal Kombat II,5:15pm,142944652,1144,,Laser at AMC,40,2,38,5,,https://www.amctheatres.com/showtimes/142944652/seats,Laser at AMC @ 5:15pm (saved link); cohort=expansion
2026-05-08,20260506-213317-8c2bb8,2026-05-07T05:12:36.207246+00:00,2026-05-07T05:00Z,2026-05-07,Thursday,AMC Rolling Hills 20,Los Angeles,PT,Mortal Kombat II,8:00pm,142194798,1308,,IMAX at AMC,172,58,114,33.7,,https://www.amctheatres.com/showtimes/142194798/seats,IMAX at AMC @ 8:00pm (saved link); cohort=expansion
2026-05-08,20260506-213317-8c2bb8,2026-05-07T05:12:36.207246+00:00,2026-05-07T05:00Z,2026-05-07,Thursday,AMC Rolling Hills 20,Los Angeles,PT,Mortal Kombat II,5:00pm,142194799,1128,,IMAX at AMC,172,48,124,27.9,,https://www.amctheatres.com/showtimes/142194799/seats,IMAX at AMC @ 5:00pm (saved link); cohort=expansion
2026-05-08,20260506-213317-8c2bb8,2026-05-07T05:12:36.207246+00:00,2026-05-07T05:00Z,2026-05-07,Thursday,AMC Rolling Hills 20,Los Angeles,PT,Mortal Kombat II,9:00pm,142868740,1368,,XL at AMC,187,7,180,3.7,,https://www.amctheatres.com/showtimes/142868740/seats,XL at AMC @ 9:00pm (saved link); cohort=expansion
2026-05-08,20260506-213317-8c2bb8,2026-05-07T05:12:36.207246+00:00,2026-05-07T05:00Z,2026-05-07,Thursday,AMC Rolling Hills 20,Los Angeles,PT,Mortal Kombat II,6:00pm,142868739,1188,,XL at AMC,187,4,183,2.1,,https://www.amctheatres.com/showtimes/142868739/seats,XL at AMC @ 6:00pm (saved link); cohort=expansion
2026-05-08,20260506-213317-8c2bb8,2026-05-07T05:12:36.207246+00:00,2026-05-07T05:00Z,2026-05-07,Thursday,AMC Rolling Hills 20,Los Angeles,PT,Mortal Kombat II,7:00pm,142194764,1248,,Laser at AMC,236,7,229,3,,https://www.amctheatres.com/showtimes/142194764/seats,Laser at AMC @ 7:00pm (saved link); cohort=expansion
2026-05-08,20260506-213317-8c2bb8,2026-05-07T05:13:04.634436+00:00,2026-05-07T05:00Z,2026-05-07,Thursday,AMC South Bay Galleria 16,Los Angeles,PT,Mortal Kombat II,11:00pm,142189093,1487,,Dolby Cinema at AMC,156,28,128,17.9,,https://www.amctheatres.com/showtimes/142189093/seats,Dolby Cinema at AMC @ 11:00pm (saved link); cohort=expansion
2026-05-08,20260506-213317-8c2bb8,2026-05-07T05:13:04.634436+00:00,2026-05-07T05:00Z,2026-05-07,Thursday,AMC South Bay Galleria 16,Los Angeles,PT,Mortal Kombat II,7:45pm,142189090,1292,,Dolby Cinema at AMC,156,123,33,78.8,,https://www.amctheatres.com/showtimes/142189090/seats,Dolby Cinema at AMC @ 7:45pm (saved link); cohort=expansion
2026-05-08,20260506-213317-8c2bb8,2026-05-07T05:13:04.634436+00:00,2026-05-07T05:00Z,2026-05-07,Thursday,AMC South Bay Galleria 16,Los Angeles,PT,Mortal Kombat II,10:00pm,142902210,1427,,Laser at AMC,157,17,140,10.8,,https://www.amctheatres.com/showtimes/142902210/seats,Laser at AMC @ 10:00pm (saved link); cohort=expansion
2026-05-08,20260506-213317-8c2bb8,2026-05-07T05:13:04.634436+00:00,2026-05-07T05:00Z,2026-05-07,Thursday,AMC South Bay Galleria 16,Los Angeles,PT,Mortal Kombat II,9:15pm,142189144,1382,,Laser at AMC,100,16,84,16,,https://www.amctheatres.com/showtimes/142189144/seats,Laser at AMC @ 9:15pm (saved link); cohort=expansion
2026-05-08,20260506-213317-8c2bb8,2026-05-07T05:13:04.634436+00:00,2026-05-07T05:00Z,2026-05-07,Thursday,AMC South Bay Galleria 16,Los Angeles,PT,Mortal Kombat II,8:15pm,142902415,1322,,Laser at AMC,68,10,58,14.7,,https://www.amctheatres.com/showtimes/142902415/seats,Laser at AMC @ 8:15pm (saved link); cohort=expansion
2026-05-08,20260506-213317-8c2bb8,2026-05-07T05:13:04.634436+00:00,2026-05-07T05:00Z,2026-05-07,Thursday,AMC South Bay Galleria 16,Los Angeles,PT,Mortal Kombat II,7:00pm,142235121,1247,,Laser at AMC,157,73,84,46.5,,https://www.amctheatres.com/showtimes/142235121/seats,Laser at AMC @ 7:00pm (saved link); cohort=expansion
2026-05-08,20260506-213317-8c2bb8,2026-05-07T05:13:04.634436+00:00,2026-05-07T05:00Z,2026-05-07,Thursday,AMC South Bay Galleria 16,Los Angeles,PT,Mortal Kombat II,5:00pm,142189135,1127,,Laser at AMC,112,30,82,26.8,,https://www.amctheatres.com/showtimes/142189135/seats,Laser at AMC @ 5:00pm (saved link); cohort=expansion
2026-05-08,20260506-213317-8c2bb8,2026-05-07T05:13:40.533285+00:00,2026-05-07T05:00Z,2026-05-07,Thursday,AMC Thousand Oaks 14,Los Angeles,PT,Mortal Kombat II,9:00pm,142146695,1367,,Dolby Cinema at AMC,180,39,141,21.7,,https://www.amctheatres.com/showtimes/142146695/seats,Dolby Cinema at AMC @ 9:00pm (saved link); cohort=expansion
2026-05-08,20260506-213317-8c2bb8,2026-05-07T05:13:40.533285+00:00,2026-05-07T05:00Z,2026-05-07,Thursday,AMC Thousand Oaks 14,Los Angeles,PT,Mortal Kombat II,6:00pm,142146694,1187,,Dolby Cinema at AMC,180,84,96,46.7,,https://www.amctheatres.com/showtimes/142146694/seats,Dolby Cinema at AMC @ 6:00pm (saved link); cohort=expansion
2026-05-08,20260506-213317-8c2bb8,2026-05-07T05:13:40.533285+00:00,2026-05-07T05:00Z,2026-05-07,Thursday,AMC Thousand Oaks 14,Los Angeles,PT,Mortal Kombat II,10:15pm,142146925,1442,,Laser at AMC,106,7,99,6.6,,https://www.amctheatres.com/showtimes/142146925/seats,Laser at AMC @ 10:15pm (saved link); cohort=expansion
2026-05-08,20260506-213317-8c2bb8,2026-05-07T05:13:40.533285+00:00,2026-05-07T05:00Z,2026-05-07,Thursday,AMC Thousand Oaks 14,Los Angeles,PT,Mortal Kombat II,8:35pm,142938287,1342,,Laser at AMC,68,5,63,7.4,,https://www.amctheatres.com/showtimes/142938287/seats,Laser at AMC @ 8:35pm (saved link); cohort=expansion
2026-05-08,20260506-213317-8c2bb8,2026-05-07T05:13:40.533285+00:00,2026-05-07T05:00Z,2026-05-07,Thursday,AMC Thousand Oaks 14,Los Angeles,PT,Mortal Kombat II,7:15pm,142146924,1262,,Laser at AMC,106,30,76,28.3,,https://www.amctheatres.com/showtimes/142146924/seats,Laser at AMC @ 7:15pm (saved link); cohort=expansion
2026-05-08,20260506-213317-8c2bb8,2026-05-07T05:14:15.466852+00:00,2026-05-07T05:00Z,2026-05-07,Thursday,AMC Tyler Galleria 16,Los Angeles,PT,Mortal Kombat II,10:45pm,142212082,1471,,Dolby Cinema at AMC,140,84,56,60,,https://www.amctheatres.com/showtimes/142212082/seats,Dolby Cinema at AMC @ 10:45pm (saved link); cohort=expansion
2026-05-08,20260506-213317-8c2bb8,2026-05-07T05:14:15.466852+00:00,2026-05-07T05:00Z,2026-05-07,Thursday,AMC Tyler Galleria 16,Los Angeles,PT,Mortal Kombat II,7:45pm,142212081,1291,,Dolby Cinema at AMC,140,116,24,82.9,,https://www.amctheatres.com/showtimes/142212081/seats,Dolby Cinema at AMC @ 7:45pm (saved link); cohort=expansion
2026-05-08,20260506-213317-8c2bb8,2026-05-07T05:14:15.466852+00:00,2026-05-07T05:00Z,2026-05-07,Thursday,AMC Tyler Galleria 16,Los Angeles,PT,Mortal Kombat II,10:00pm,142211988,1426,,XL at AMC,289,23,266,8,,https://www.amctheatres.com/showtimes/142211988/seats,XL at AMC @ 10:00pm (saved link); cohort=expansion
2026-05-08,20260506-213317-8c2bb8,2026-05-07T05:14:15.466852+00:00,2026-05-07T05:00Z,2026-05-07,Thursday,AMC Tyler Galleria 16,Los Angeles,PT,Mortal Kombat II,7:00pm,142211990,1246,,XL at AMC,289,63,226,21.8,,https://www.amctheatres.com/showtimes/142211990/seats,XL at AMC @ 7:00pm (saved link); cohort=expansion
2026-05-08,20260506-213317-8c2bb8,2026-05-07T05:14:15.466852+00:00,2026-05-07T05:00Z,2026-05-07,Thursday,AMC Tyler Galleria 16,Los Angeles,PT,Mortal Kombat II,9:00pm,142212044,1366,,Laser at AMC,160,11,149,6.9,,https://www.amctheatres.com/showtimes/142212044/seats,Laser at AMC @ 9:00pm (saved link); cohort=expansion
2026-05-08,20260506-213317-8c2bb8,2026-05-07T05:14:15.466852+00:00,2026-05-07T05:00Z,2026-05-07,Thursday,AMC Tyler Galleria 16,Los Angeles,PT,Mortal Kombat II,6:00pm,142212046,1186,,Laser at AMC,160,28,132,17.5,,https://www.amctheatres.com/showtimes/142212046/seats,Laser at AMC @ 6:00pm (saved link); cohort=expansion
2026-05-08,20260506-213317-8c2bb8,2026-05-07T05:14:46.148250+00:00,2026-05-07T05:00Z,2026-05-07,Thursday,AMC Woodbridge 5,Los Angeles,PT,Mortal Kombat II,10:00pm,142083136,1426,,Laser at AMC,80,2,78,2.5,,https://www.amctheatres.com/showtimes/142083136/seats,Laser at AMC @ 10:00pm (saved link); cohort=expansion
2026-05-08,20260506-213317-8c2bb8,2026-05-07T05:14:46.148250+00:00,2026-05-07T05:00Z,2026-05-07,Thursday,AMC Woodbridge 5,Los Angeles,PT,Mortal Kombat II,7:00pm,142083135,1246,,Laser at AMC,80,4,76,5,,https://www.amctheatres.com/showtimes/142083135/seats,Laser at AMC @ 7:00pm (saved link); cohort=expansion
2026-05-08,20260506-213317-8c2bb8,2026-05-07T05:15:07.075117+00:00,2026-05-07T05:00Z,2026-05-07,Thursday,Universal Cinema AMC at CityWalk Hollywood,Los Angeles,PT,Mortal Kombat II,9:00pm,142199904,1365,,IMAX with Laser at AMC,361,226,135,62.6,,https://www.amctheatres.com/showtimes/142199904/seats,IMAX with Laser at AMC @ 9:00pm (saved link); cohort=expansion
2026-05-08,20260506-213317-8c2bb8,2026-05-07T05:15:07.075117+00:00,2026-05-07T05:00Z,2026-05-07,Thursday,Universal Cinema AMC at CityWalk Hollywood,Los Angeles,PT,Mortal Kombat II,6:00pm,142199903,1185,,IMAX with Laser at AMC,361,218,143,60.4,,https://www.amctheatres.com/showtimes/142199903/seats,IMAX with Laser at AMC @ 6:00pm (saved link); cohort=expansion
2026-05-08,20260506-213317-8c2bb8,2026-05-07T05:15:07.075117+00:00,2026-05-07T05:00Z,2026-05-07,Thursday,Universal Cinema AMC at CityWalk Hollywood,Los Angeles,PT,Mortal Kombat II,9:50pm,142199799,1415,,PRIME at AMC,165,75,90,45.5,,https://www.amctheatres.com/showtimes/142199799/seats,PRIME at AMC @ 9:50pm (saved link); cohort=expansion
2026-05-08,20260506-213317-8c2bb8,2026-05-07T05:15:07.075117+00:00,2026-05-07T05:00Z,2026-05-07,Thursday,Universal Cinema AMC at CityWalk Hollywood,Los Angeles,PT,Mortal Kombat II,10:15pm,142199850,1440,,XL at AMC,108,24,84,22.2,,https://www.amctheatres.com/showtimes/142199850/seats,XL at AMC @ 10:15pm (saved link); cohort=expansion
2026-05-08,20260506-213317-8c2bb8,2026-05-07T05:15:07.075117+00:00,2026-05-07T05:00Z,2026-05-07,Thursday,Universal Cinema AMC at CityWalk Hollywood,Los Angeles,PT,Mortal Kombat II,7:15pm,142199849,1260,,XL at AMC,108,69,39,63.9,,https://www.amctheatres.com/showtimes/142199849/seats,XL at AMC @ 7:15pm (saved link); cohort=expansion
2026-05-08,20260506-213317-8c2bb8,2026-05-07T05:15:07.075117+00:00,2026-05-07T05:00Z,2026-05-07,Thursday,Universal Cinema AMC at CityWalk Hollywood,Los Angeles,PT,Mortal Kombat II,8:00pm,142848071,1305,,Laser at AMC,78,34,44,43.6,,https://www.amctheatres.com/showtimes/142848071/seats,Laser at AMC @ 8:00pm (saved link); cohort=expansion
2026-05-08,20260506-213317-8c2bb8,2026-05-07T05:17:19.631541+00:00,2026-05-07T05:00Z,2026-05-07,Thursday,AMC CLASSIC Mill Plain 8,Portland,PT,Mortal Kombat II,8:30pm,142081967,1333,,undefined,86,0,86,0,,https://www.amctheatres.com/showtimes/142081967/seats,undefined @ 8:30pm (saved link); cohort=expansion
2026-05-08,20260506-213317-8c2bb8,2026-05-07T05:17:19.631541+00:00,2026-05-07T05:00Z,2026-05-07,Thursday,AMC CLASSIC Mill Plain 8,Portland,PT,Mortal Kombat II,5:50pm,142081966,1172,,undefined,86,2,84,2.3,,https://www.amctheatres.com/showtimes/142081966/seats,undefined @ 5:50pm (saved link); cohort=expansion
2026-05-08,20260506-213317-8c2bb8,2026-05-07T05:17:40.216219+00:00,2026-05-07T05:00Z,2026-05-07,Thursday,AMC Temecula 10,San Diego,PT,Mortal Kombat II,9:00pm,142227506,1363,,Laser at AMC,115,17,98,14.8,,https://www.amctheatres.com/showtimes/142227506/seats,Laser at AMC @ 9:00pm (saved link); cohort=expansion
2026-05-08,20260506-213317-8c2bb8,2026-05-07T05:17:40.216219+00:00,2026-05-07T05:00Z,2026-05-07,Thursday,AMC Temecula 10,San Diego,PT,Mortal Kombat II,7:30pm,142941659,1273,,Laser at AMC,54,10,44,18.5,,https://www.amctheatres.com/showtimes/142941659/seats,Laser at AMC @ 7:30pm (saved link); cohort=expansion
2026-05-08,20260506-213317-8c2bb8,2026-05-07T05:17:40.216219+00:00,2026-05-07T05:00Z,2026-05-07,Thursday,AMC Temecula 10,San Diego,PT,Mortal Kombat II,6:00pm,142227505,1183,,Laser at AMC,115,20,95,17.4,,https://www.amctheatres.com/showtimes/142227505/seats,Laser at AMC @ 6:00pm (saved link); cohort=expansion
2026-05-08,20260506-213317-8c2bb8,2026-05-07T05:18:06.034842+00:00,2026-05-07T05:00Z,2026-05-07,Thursday,AMC CLASSIC Cascade Mall 14,Seattle,PT,Mortal Kombat II,9:00pm,143001695,1362,,Laser at AMC,238,1,237,0.4,,https://www.amctheatres.com/showtimes/143001695/seats,Laser at AMC @ 9:00pm (saved link); cohort=expansion
2026-05-08,20260506-213317-8c2bb8,2026-05-07T05:18:06.034842+00:00,2026-05-07T05:00Z,2026-05-07,Thursday,AMC CLASSIC Cascade Mall 14,Seattle,PT,Mortal Kombat II,7:00pm,142224003,1242,,Laser at AMC,238,14,224,5.9,,https://www.amctheatres.com/showtimes/142224003/seats,Laser at AMC @ 7:00pm (saved link); cohort=expansion
2026-05-08,20260506-213317-8c2bb8,2026-05-07T05:18:06.034842+00:00,2026-05-07T05:00Z,2026-05-07,Thursday,AMC CLASSIC Cascade Mall 14,Seattle,PT,Mortal Kombat II,6:00pm,143001696,1182,,Laser at AMC,238,8,230,3.4,,https://www.amctheatres.com/showtimes/143001696/seats,Laser at AMC @ 6:00pm (saved link); cohort=expansion
