weekend_of,run_id,snapshot_time,snapshot_bucket,show_date,day_of_week,theatre_name,theatre_city,timezone,movie_title,showtime,showtime_id,minutes_until_showtime,auditorium_name,auditorium_type,total_seats,reserved_seats,available_seats,occupancy_pct,delta_reserved_since_previous,amc_seat_map_url,notes,chain,discovered_showtimes,unavailable_seats,row_kind
2026-09-25,webedia-2026-09-27T18:45Z,2026-09-27T18:45:50.381126+00:00,2026-09-27T18:00Z,2026-09-27,Sunday,"Landmark Aquarius Theatre, Palo Alto",,America/Los_Angeles,Primetime,14:00,X00TM:2026-09-27T14:00:00:2,134,Screen 2,Digital,,,,0.0,,https://booking.landmarktheatres.com/launch/ticketing/2ea83cc7-d9fc-511d-bedb-b5e42d65d56c,webedia-api; occupancy_rate=0; reserved=y,LMRK,,,webedia-api
2026-09-25,webedia-2026-09-27T18:45Z,2026-09-27T18:45:50.381126+00:00,2026-09-27T18:00Z,2026-09-27,Sunday,"Landmark Aquarius Theatre, Palo Alto",,America/Los_Angeles,Primetime,16:45,X00TM:2026-09-27T16:45:00:1,299,Screen 1,Digital,,,,15.0,,https://booking.landmarktheatres.com/launch/ticketing/f8f0ed1d-1ab5-5e0c-82b2-5f67b0024cc1,webedia-api; occupancy_rate=15; reserved=y,LMRK,,,webedia-api
2026-09-25,webedia-2026-09-27T18:45Z,2026-09-27T18:45:50.381126+00:00,2026-09-27T18:00Z,2026-09-27,Sunday,"Landmark Aquarius Theatre, Palo Alto",,America/Los_Angeles,Primetime,19:00,X00TM:2026-09-27T19:00:00:2,434,Screen 2,Digital,,,,6.0,,https://booking.landmarktheatres.com/launch/ticketing/7b43ee02-5dcc-5fdd-bcdf-0c1f6e7dbdd4,webedia-api; occupancy_rate=6; reserved=y,LMRK,,,webedia-api
2026-09-25,webedia-2026-09-27T18:45Z,2026-09-27T18:45:50.381126+00:00,2026-09-27T18:00Z,2026-09-27,Sunday,Landmark Atlantic Plumbing Cinema,,America/New_York,Heart of the Beast,13:30,X0WLT:2026-09-27T13:30:00:Screen 6,0,Screen Screen 6,Scope,,,,13.0,,https://booking.landmarktheatres.com/launch/ticketing/61694139-d1f0-534f-8db5-47e1d89654ad,webedia-api; post-show-census; occupancy_rate=13; reserved=y,LMRK,,,post-show-census
2026-09-25,webedia-2026-09-27T18:45Z,2026-09-27T18:45:50.381126+00:00,2026-09-27T18:00Z,2026-09-27,Sunday,Landmark Atlantic Plumbing Cinema,,America/New_York,Heart of the Beast,16:20,X0WLT:2026-09-27T16:20:00:Screen 6,94,Screen Screen 6,Scope,,,,0.0,,https://booking.landmarktheatres.com/launch/ticketing/e52f03bf-619e-54dd-8247-ce70d8798005,webedia-api; occupancy_rate=0; reserved=y,LMRK,,,webedia-api
2026-09-25,webedia-2026-09-27T18:45Z,2026-09-27T18:45:50.381126+00:00,2026-09-27T18:00Z,2026-09-27,Sunday,Landmark Atlantic Plumbing Cinema,,America/New_York,Heart of the Beast,19:00,X0WLT:2026-09-27T19:00:00:Screen 6,254,Screen Screen 6,Scope,,,,0.0,,https://booking.landmarktheatres.com/launch/ticketing/2141e7f8-8ea8-5d64-a519-ec39cc2e131c,webedia-api; occupancy_rate=0; reserved=y,LMRK,,,webedia-api
2026-09-25,webedia-2026-09-27T18:45Z,2026-09-27T18:45:50.381126+00:00,2026-09-27T18:00Z,2026-09-27,Sunday,Landmark Atlantic Plumbing Cinema,,America/New_York,Primetime,13:45,X0WLT:2026-09-27T13:45:00:5,0,Screen 5,Digital,,,,61.0,,https://booking.landmarktheatres.com/launch/ticketing/45e05ee4-ceed-5a5c-b0ff-02b72c570d77,webedia-api; post-show-census; occupancy_rate=61; reserved=y,LMRK,,,post-show-census
2026-09-25,webedia-2026-09-27T18:45Z,2026-09-27T18:45:50.381126+00:00,2026-09-27T18:00Z,2026-09-27,Sunday,Landmark Atlantic Plumbing Cinema,,America/New_York,Primetime,15:40,X0WLT:2026-09-27T15:40:00:Screen 2,54,Screen Screen 2,Digital,,,,64.0,,https://booking.landmarktheatres.com/launch/ticketing/b58b51bc-23d3-5670-a4c1-ba0c38b1abe7,webedia-api; occupancy_rate=64; reserved=y,LMRK,,,webedia-api
2026-09-25,webedia-2026-09-27T18:45Z,2026-09-27T18:45:50.381126+00:00,2026-09-27T18:00Z,2026-09-27,Sunday,Landmark Atlantic Plumbing Cinema,,America/New_York,Primetime,16:40,X0WLT:2026-09-27T16:40:00:5,114,Screen 5,Digital,,,,49.0,,https://booking.landmarktheatres.com/launch/ticketing/78b1ca15-fed8-56db-8836-45b0a8a31354,webedia-api; occupancy_rate=49; reserved=y,LMRK,,,webedia-api
2026-09-25,webedia-2026-09-27T18:45Z,2026-09-27T18:45:50.381126+00:00,2026-09-27T18:00Z,2026-09-27,Sunday,Landmark Atlantic Plumbing Cinema,,America/New_York,Primetime,18:20,X0WLT:2026-09-27T18:20:00:Screen 2,214,Screen Screen 2,Digital,,,,55.0,,https://booking.landmarktheatres.com/launch/ticketing/bcae5f8c-1c22-57fe-a6f5-3c56bba0e1bf,webedia-api; occupancy_rate=55; reserved=y,LMRK,,,webedia-api
2026-09-25,webedia-2026-09-27T18:45Z,2026-09-27T18:45:50.381126+00:00,2026-09-27T18:00Z,2026-09-27,Sunday,Landmark Atlantic Plumbing Cinema,,America/New_York,Primetime,19:20,X0WLT:2026-09-27T19:20:00:5,274,Screen 5,Digital,,,,54.0,,https://booking.landmarktheatres.com/launch/ticketing/df32e49d-3e85-57ae-b2d9-90e53737f32c,webedia-api; occupancy_rate=54; reserved=y,LMRK,,,webedia-api
2026-09-25,webedia-2026-09-27T18:45Z,2026-09-27T18:45:50.381126+00:00,2026-09-27T18:00Z,2026-09-27,Sunday,Landmark Bethesda Row Cinema,,America/New_York,Forgotten Island,12:15,X06C1:2026-09-27T12:15:00:2,0,Screen 2,Scope,,,,5.0,,https://booking.landmarktheatres.com/launch/ticketing/e25fce76-ecf7-586e-bfb0-208ff2cfbd28,webedia-api; post-show-census; occupancy_rate=5; reserved=y,LMRK,,,post-show-census
2026-09-25,webedia-2026-09-27T18:45Z,2026-09-27T18:45:50.381126+00:00,2026-09-27T18:00Z,2026-09-27,Sunday,Landmark Bethesda Row Cinema,,America/New_York,Forgotten Island,13:15,X06C1:2026-09-27T13:15:00:5,0,Screen 5,"Scope,DolbyDigital",,,,15.0,,https://booking.landmarktheatres.com/launch/ticketing/4667369b-a766-5e47-9cb6-90664eb3c16e,webedia-api; post-show-census; occupancy_rate=15; reserved=y,LMRK,,,post-show-census
2026-09-25,webedia-2026-09-27T18:45Z,2026-09-27T18:45:50.381126+00:00,2026-09-27T18:00Z,2026-09-27,Sunday,Landmark Bethesda Row Cinema,,America/New_York,Forgotten Island,16:15,X06C1:2026-09-27T16:15:00:5,89,Screen 5,"Scope,DolbyDigital",,,,3.0,,https://booking.landmarktheatres.com/launch/ticketing/0e929383-c3a9-50a6-865e-a049104b783c,webedia-api; occupancy_rate=3; reserved=y,LMRK,,,webedia-api
2026-09-25,webedia-2026-09-27T18:45Z,2026-09-27T18:45:50.381126+00:00,2026-09-27T18:00Z,2026-09-27,Sunday,Landmark Bethesda Row Cinema,,America/New_York,Forgotten Island,19:15,X06C1:2026-09-27T19:15:00:5,269,Screen 5,"Scope,DolbyDigital",,,,0.0,,https://booking.landmarktheatres.com/launch/ticketing/64440155-60c5-500f-8d98-076124e48f7d,webedia-api; occupancy_rate=0; reserved=y,LMRK,,,webedia-api
2026-09-25,webedia-2026-09-27T18:45Z,2026-09-27T18:45:50.381126+00:00,2026-09-27T18:00Z,2026-09-27,Sunday,Landmark Bethesda Row Cinema,,America/New_York,Heart of the Beast,14:30,X06C1:2026-09-27T14:30:00:3,0,Screen 3,Scope,,,,8.0,,https://booking.landmarktheatres.com/launch/ticketing/4841438d-2225-543c-aa57-dae500618b8e,webedia-api; post-show-census; occupancy_rate=8; reserved=y,LMRK,,,post-show-census
2026-09-25,webedia-2026-09-27T18:45Z,2026-09-27T18:45:50.381126+00:00,2026-09-27T18:00Z,2026-09-27,Sunday,Landmark Bethesda Row Cinema,,America/New_York,Heart of the Beast,16:45,X06C1:2026-09-27T16:45:00:3,119,Screen 3,Scope,,,,12.0,,https://booking.landmarktheatres.com/launch/ticketing/38c6ccf0-5e46-5479-a5d2-4455f85a9b97,webedia-api; occupancy_rate=12; reserved=y,LMRK,,,webedia-api
2026-09-25,webedia-2026-09-27T18:45Z,2026-09-27T18:45:50.381126+00:00,2026-09-27T18:00Z,2026-09-27,Sunday,Landmark Bethesda Row Cinema,,America/New_York,Heart of the Beast,19:10,X06C1:2026-09-27T19:10:00:3,264,Screen 3,Scope,,,,3.0,,https://booking.landmarktheatres.com/launch/ticketing/d99e53c9-8c45-5ea4-8cc8-4beb4b8e8781,webedia-api; occupancy_rate=3; reserved=y,LMRK,,,webedia-api
2026-09-25,webedia-2026-09-27T18:45Z,2026-09-27T18:45:50.381126+00:00,2026-09-27T18:00Z,2026-09-27,Sunday,Landmark Bethesda Row Cinema,,America/New_York,Primetime,13:30,X06C1:2026-09-27T13:30:00:6,0,Screen 6,Digital,,,,14.0,,https://booking.landmarktheatres.com/launch/ticketing/58e0fa2f-91a3-55f8-9c42-addb1a9e5df0,webedia-api; post-show-census; occupancy_rate=14; reserved=y,LMRK,,,post-show-census
2026-09-25,webedia-2026-09-27T18:45Z,2026-09-27T18:45:50.381126+00:00,2026-09-27T18:00Z,2026-09-27,Sunday,Landmark Bethesda Row Cinema,,America/New_York,Primetime,16:30,X06C1:2026-09-27T16:30:00:6,104,Screen 6,Digital,,,,8.0,,https://booking.landmarktheatres.com/launch/ticketing/c72dac8b-79e7-5966-929a-8fa7adef801f,webedia-api; occupancy_rate=8; reserved=y,LMRK,,,webedia-api
2026-09-25,webedia-2026-09-27T18:45Z,2026-09-27T18:45:50.381126+00:00,2026-09-27T18:00Z,2026-09-27,Sunday,Landmark Bethesda Row Cinema,,America/New_York,Primetime,18:30,X06C1:2026-09-27T18:30:00:7,224,Screen 7,Digital,,,,16.0,,https://booking.landmarktheatres.com/launch/ticketing/695ced37-9932-5765-a2db-3ba323ee1590,webedia-api; occupancy_rate=16; reserved=y,LMRK,,,webedia-api
2026-09-25,webedia-2026-09-27T18:45Z,2026-09-27T18:45:50.381126+00:00,2026-09-27T18:00Z,2026-09-27,Sunday,Landmark Bethesda Row Cinema,,America/New_York,Primetime,19:30,X06C1:2026-09-27T19:30:00:6,284,Screen 6,Digital,,,,3.0,,https://booking.landmarktheatres.com/launch/ticketing/05890ace-a2a7-5839-a4e6-d9a4feff68b2,webedia-api; occupancy_rate=3; reserved=y,LMRK,,,webedia-api
2026-09-25,webedia-2026-09-27T18:45Z,2026-09-27T18:45:50.381126+00:00,2026-09-27T18:00Z,2026-09-27,Sunday,"Landmark Century Centre Cinema, Chicago",,America/Chicago,Primetime,12:30,X05IO:2026-09-27T12:30:00:Screen 3,0,Screen Screen 3,Digital,,,,9.0,,https://booking.landmarktheatres.com/launch/ticketing/d92ad7c9-9f5d-53f2-aa9d-19cf4c3e3198,webedia-api; post-show-census; occupancy_rate=9; reserved=y,LMRK,,,post-show-census
2026-09-25,webedia-2026-09-27T18:45Z,2026-09-27T18:45:50.381126+00:00,2026-09-27T18:00Z,2026-09-27,Sunday,"Landmark Century Centre Cinema, Chicago",,America/Chicago,Primetime,13:30,X05IO:2026-09-27T13:30:00:7,0,Screen 7,Digital,,,,15.0,,https://booking.landmarktheatres.com/launch/ticketing/c0bc0305-02e5-50dc-ab2f-4f0a9b939134,webedia-api; post-show-census; occupancy_rate=15; reserved=y,LMRK,,,post-show-census
2026-09-25,webedia-2026-09-27T18:45Z,2026-09-27T18:45:50.381126+00:00,2026-09-27T18:00Z,2026-09-27,Sunday,"Landmark Century Centre Cinema, Chicago",,America/Chicago,Primetime,15:15,X05IO:2026-09-27T15:15:00:Screen 3,89,Screen Screen 3,Digital,,,,5.0,,https://booking.landmarktheatres.com/launch/ticketing/74d3e82d-f0ae-5b15-a0a1-8cb0efdde884,webedia-api; occupancy_rate=5; reserved=y,LMRK,,,webedia-api
2026-09-25,webedia-2026-09-27T18:45Z,2026-09-27T18:45:50.381126+00:00,2026-09-27T18:00Z,2026-09-27,Sunday,"Landmark Century Centre Cinema, Chicago",,America/Chicago,Primetime,15:45,X05IO:2026-09-27T15:45:00:Screen 5,119,Screen Screen 5,Digital,,,,26.0,,https://booking.landmarktheatres.com/launch/ticketing/ed69ec2d-00e3-55b6-bf3d-9430fc4f51ed,webedia-api; occupancy_rate=26; reserved=y,LMRK,,,webedia-api
2026-09-25,webedia-2026-09-27T18:45Z,2026-09-27T18:45:50.381126+00:00,2026-09-27T18:00Z,2026-09-27,Sunday,"Landmark Century Centre Cinema, Chicago",,America/Chicago,Primetime,16:15,X05IO:2026-09-27T16:15:00:7,149,Screen 7,Digital,,,,6.0,,https://booking.landmarktheatres.com/launch/ticketing/062f7897-d541-5b1d-ab7c-0a651442d09f,webedia-api; occupancy_rate=6; reserved=y,LMRK,,,webedia-api
2026-09-25,webedia-2026-09-27T18:45Z,2026-09-27T18:45:50.381126+00:00,2026-09-27T18:00Z,2026-09-27,Sunday,"Landmark Century Centre Cinema, Chicago",,America/Chicago,Primetime,18:00,X05IO:2026-09-27T18:00:00:Screen 3,254,Screen Screen 3,Digital,,,,2.0,,https://booking.landmarktheatres.com/launch/ticketing/399ca3e5-4449-5414-b380-4263ad58b7a8,webedia-api; occupancy_rate=2; reserved=y,LMRK,,,webedia-api
2026-09-25,webedia-2026-09-27T18:45Z,2026-09-27T18:45:50.381126+00:00,2026-09-27T18:00Z,2026-09-27,Sunday,"Landmark Century Centre Cinema, Chicago",,America/Chicago,Primetime,18:15,X05IO:2026-09-27T18:15:00:Screen 5,269,Screen Screen 5,Digital,,,,24.0,,https://booking.landmarktheatres.com/launch/ticketing/913176b1-29c7-5961-892a-7d5289ff061e,webedia-api; occupancy_rate=24; reserved=y,LMRK,,,webedia-api
2026-09-25,webedia-2026-09-27T18:45Z,2026-09-27T18:45:50.381126+00:00,2026-09-27T18:00Z,2026-09-27,Sunday,"Landmark Century Centre Cinema, Chicago",,America/Chicago,Primetime,19:00,X05IO:2026-09-27T19:00:00:7,314,Screen 7,Digital,,,,13.0,,https://booking.landmarktheatres.com/launch/ticketing/cc6e5f22-13f9-5e8d-947f-403ce7474d01,webedia-api; occupancy_rate=13; reserved=y,LMRK,,,webedia-api
2026-09-25,webedia-2026-09-27T18:45Z,2026-09-27T18:45:50.381126+00:00,2026-09-27T18:00Z,2026-09-27,Sunday,Landmark Closter Plaza,,America/New_York,Forgotten Island,11:30,G01AA:2026-09-27T11:30:00:Screen 1,0,Screen Screen 1,Scope,,,,28.0,,https://booking.landmarktheatres.com/launch/ticketing/c54959ee-a541-5cd3-be1e-bfeeed838870,webedia-api; post-show-census; occupancy_rate=28; reserved=y,LMRK,,,post-show-census
2026-09-25,webedia-2026-09-27T18:45Z,2026-09-27T18:45:50.381126+00:00,2026-09-27T18:00Z,2026-09-27,Sunday,Landmark Closter Plaza,,America/New_York,Forgotten Island,14:00,G01AA:2026-09-27T14:00:00:Screen 1,0,Screen Screen 1,Scope,,,,75.0,,https://booking.landmarktheatres.com/launch/ticketing/16ba8103-be11-5e35-96be-66c0c5f2789f,webedia-api; post-show-census; occupancy_rate=75; reserved=y,LMRK,,,post-show-census
2026-09-25,webedia-2026-09-27T18:45Z,2026-09-27T18:45:50.381126+00:00,2026-09-27T18:00Z,2026-09-27,Sunday,Landmark Closter Plaza,,America/New_York,Forgotten Island,15:30,G01AA:2026-09-27T15:30:00:Screen 2,44,Screen Screen 2,Scope,,,,100.0,,https://booking.landmarktheatres.com/launch/ticketing/8721a252-be7f-59ed-934e-3b5a6e351608,webedia-api; occupancy_rate=100; reserved=y,LMRK,,,webedia-api
2026-09-25,webedia-2026-09-27T18:45Z,2026-09-27T18:45:50.381126+00:00,2026-09-27T18:00Z,2026-09-27,Sunday,Landmark Closter Plaza,,America/New_York,Forgotten Island,16:30,G01AA:2026-09-27T16:30:00:Screen 1,104,Screen Screen 1,Scope,,,,42.0,,https://booking.landmarktheatres.com/launch/ticketing/dd64e9eb-fb5a-5e37-8a3a-9cff7b57cba5,webedia-api; occupancy_rate=42; reserved=y,LMRK,,,webedia-api
2026-09-25,webedia-2026-09-27T18:45Z,2026-09-27T18:45:50.381126+00:00,2026-09-27T18:00Z,2026-09-27,Sunday,Landmark Closter Plaza,,America/New_York,Forgotten Island,19:00,G01AA:2026-09-27T19:00:00:Screen 1,254,Screen Screen 1,Scope,,,,2.0,,https://booking.landmarktheatres.com/launch/ticketing/7a81efab-1a53-5b24-90cb-b900853bdd91,webedia-api; occupancy_rate=2; reserved=y,LMRK,,,webedia-api
2026-09-25,webedia-2026-09-27T18:45Z,2026-09-27T18:45:50.381126+00:00,2026-09-27T18:00Z,2026-09-27,Sunday,"Landmark Crest Cinema Center, Shoreline",,America/Los_Angeles,Forgotten Island,14:00,X00MT:2026-09-27T14:00:00:Screen 2,134,Screen Screen 2,Scope,,,,1.0,,https://booking.landmarktheatres.com/launch/ticketing/c1662404-099d-5473-afbf-7dcab80d54ce,webedia-api; occupancy_rate=1; reserved=n,LMRK,,,webedia-api
2026-09-25,webedia-2026-09-27T18:45Z,2026-09-27T18:45:50.381126+00:00,2026-09-27T18:00Z,2026-09-27,Sunday,"Landmark Crest Cinema Center, Shoreline",,America/Los_Angeles,Forgotten Island,16:30,X00MT:2026-09-27T16:30:00:Screen 2,284,Screen Screen 2,Scope,,,,0.0,,https://booking.landmarktheatres.com/launch/ticketing/cbc4d716-3f60-52b6-83e1-2f2317a06ce2,webedia-api; occupancy_rate=0; reserved=n,LMRK,,,webedia-api
2026-09-25,webedia-2026-09-27T18:45Z,2026-09-27T18:45:50.381126+00:00,2026-09-27T18:00Z,2026-09-27,Sunday,"Landmark Crest Cinema Center, Shoreline",,America/Los_Angeles,Forgotten Island,19:00,X00MT:2026-09-27T19:00:00:Screen 2,434,Screen Screen 2,Scope,,,,0.0,,https://booking.landmarktheatres.com/launch/ticketing/d27f16b8-3098-539c-ac49-02ba07652cdf,webedia-api; occupancy_rate=0; reserved=n,LMRK,,,webedia-api
2026-09-25,webedia-2026-09-27T18:45Z,2026-09-27T18:45:50.381126+00:00,2026-09-27T18:00Z,2026-09-27,Sunday,"Landmark Crest Cinema Center, Shoreline",,America/Los_Angeles,Primetime,14:20,X00MT:2026-09-27T14:20:00:1,154,Screen 1,Digital,,,,0.0,,https://booking.landmarktheatres.com/launch/ticketing/676571bb-92ed-55ef-9cd2-b3ed947aa57e,webedia-api; occupancy_rate=0; reserved=n,LMRK,,,webedia-api
2026-09-25,webedia-2026-09-27T18:45Z,2026-09-27T18:45:50.381126+00:00,2026-09-27T18:00Z,2026-09-27,Sunday,"Landmark Crest Cinema Center, Shoreline",,America/Los_Angeles,Primetime,16:50,X00MT:2026-09-27T16:50:00:1,304,Screen 1,Digital,,,,3.0,,https://booking.landmarktheatres.com/launch/ticketing/493f29dc-1016-5723-b436-77a9fef49165,webedia-api; occupancy_rate=3; reserved=n,LMRK,,,webedia-api
2026-09-25,webedia-2026-09-27T18:45Z,2026-09-27T18:45:50.381126+00:00,2026-09-27T18:00Z,2026-09-27,Sunday,"Landmark Crest Cinema Center, Shoreline",,America/Los_Angeles,Primetime,19:20,X00MT:2026-09-27T19:20:00:1,454,Screen 1,Digital,,,,0.0,,https://booking.landmarktheatres.com/launch/ticketing/fe64b510-8281-51b4-9c4b-60baed32a97d,webedia-api; occupancy_rate=0; reserved=n,LMRK,,,webedia-api
2026-09-25,webedia-2026-09-27T18:45Z,2026-09-27T18:45:50.381126+00:00,2026-09-27T18:00Z,2026-09-27,Sunday,"Landmark Del Mar Theatre, Santa Cruz",,America/Los_Angeles,Primetime,13:45,X00QV:2026-09-27T13:45:00:1,119,Screen 1,Digital,,,,1.0,,https://booking.landmarktheatres.com/launch/ticketing/9f59517e-dcf5-5c94-a10c-875fd568cce4,webedia-api; occupancy_rate=1; reserved=y,LMRK,,,webedia-api
2026-09-25,webedia-2026-09-27T18:45Z,2026-09-27T18:45:50.381126+00:00,2026-09-27T18:00Z,2026-09-27,Sunday,"Landmark Del Mar Theatre, Santa Cruz",,America/Los_Angeles,Primetime,16:20,X00QV:2026-09-27T16:20:00:1,274,Screen 1,Digital,,,,2.0,,https://booking.landmarktheatres.com/launch/ticketing/f078485d-2878-5a1e-a1e0-144db18e7586,webedia-api; occupancy_rate=2; reserved=y,LMRK,,,webedia-api
2026-09-25,webedia-2026-09-27T18:45Z,2026-09-27T18:45:50.381126+00:00,2026-09-27T18:00Z,2026-09-27,Sunday,"Landmark Del Mar Theatre, Santa Cruz",,America/Los_Angeles,Primetime,19:00,X00QV:2026-09-27T19:00:00:1,434,Screen 1,Digital,,,,0.0,,https://booking.landmarktheatres.com/launch/ticketing/624b8503-ad73-57ba-8f60-8f3ebddf84ad,webedia-api; occupancy_rate=0; reserved=y,LMRK,,,webedia-api
2026-09-25,webedia-2026-09-27T18:45Z,2026-09-27T18:45:50.381126+00:00,2026-09-27T18:00Z,2026-09-27,Sunday,"Landmark Glendale 12, Indianapolis",,America/Indiana/Indianapolis,Forgotten Island,12:40,X0KAO:2026-09-27T12:40:00:3,0,Screen 3,Scope,,,,5.0,,https://booking.landmarktheatres.com/launch/ticketing/2f941c6e-1a84-5ad0-9055-9eb377018da8,webedia-api; post-show-census; occupancy_rate=5; reserved=y,LMRK,,,post-show-census
2026-09-25,webedia-2026-09-27T18:45Z,2026-09-27T18:45:50.381126+00:00,2026-09-27T18:00Z,2026-09-27,Sunday,"Landmark Glendale 12, Indianapolis",,America/Indiana/Indianapolis,Forgotten Island,13:45,X0KAO:2026-09-27T13:45:00:8,0,Screen 8,Scope,,,,5.0,,https://booking.landmarktheatres.com/launch/ticketing/d7ed4c6d-9f20-56cd-8904-be7bb9dd77d8,webedia-api; post-show-census; occupancy_rate=5; reserved=y,LMRK,,,post-show-census
2026-09-25,webedia-2026-09-27T18:45Z,2026-09-27T18:45:50.381126+00:00,2026-09-27T18:00Z,2026-09-27,Sunday,"Landmark Glendale 12, Indianapolis",,America/Indiana/Indianapolis,Forgotten Island,15:10,X0KAO:2026-09-27T15:10:00:3,24,Screen 3,Scope,,,,1.0,,https://booking.landmarktheatres.com/launch/ticketing/a596141a-22fa-5e54-8ffd-e47c4c026e37,webedia-api; occupancy_rate=1; reserved=y,LMRK,,,webedia-api
2026-09-25,webedia-2026-09-27T18:45Z,2026-09-27T18:45:50.381126+00:00,2026-09-27T18:00Z,2026-09-27,Sunday,"Landmark Glendale 12, Indianapolis",,America/Indiana/Indianapolis,Forgotten Island,16:20,X0KAO:2026-09-27T16:20:00:8,94,Screen 8,Scope,,,,13.0,,https://booking.landmarktheatres.com/launch/ticketing/96945edc-a776-519b-9e2a-b3c8a7baf7cc,webedia-api; occupancy_rate=13; reserved=y,LMRK,,,webedia-api
2026-09-25,webedia-2026-09-27T18:45Z,2026-09-27T18:45:50.381126+00:00,2026-09-27T18:00Z,2026-09-27,Sunday,"Landmark Glendale 12, Indianapolis",,America/Indiana/Indianapolis,Forgotten Island,18:00,X0KAO:2026-09-27T18:00:00:9,194,Screen 9,Scope,,,,0.0,,https://booking.landmarktheatres.com/launch/ticketing/52ce0de0-47d5-51ff-bfd0-bc61a31e9a63,webedia-api; occupancy_rate=0; reserved=y,LMRK,,,webedia-api
2026-09-25,webedia-2026-09-27T18:45Z,2026-09-27T18:45:50.381126+00:00,2026-09-27T18:00Z,2026-09-27,Sunday,"Landmark Glendale 12, Indianapolis",,America/Indiana/Indianapolis,Forgotten Island,19:05,X0KAO:2026-09-27T19:05:00:8,259,Screen 8,Scope,,,,0.0,,https://booking.landmarktheatres.com/launch/ticketing/24c55343-94ce-5065-b116-9be630c0ea60,webedia-api; occupancy_rate=0; reserved=y,LMRK,,,webedia-api
2026-09-25,webedia-2026-09-27T18:45Z,2026-09-27T18:45:50.381126+00:00,2026-09-27T18:00Z,2026-09-27,Sunday,"Landmark Glendale 12, Indianapolis",,America/Indiana/Indianapolis,Heart of the Beast,12:30,X0KAO:2026-09-27T12:30:00:1,0,Screen 1,Scope,,,,0.0,,https://booking.landmarktheatres.com/launch/ticketing/7d3105ab-eb1d-5f98-ac3d-c4852f1cbc93,webedia-api; post-show-census; occupancy_rate=0; reserved=y,LMRK,,,post-show-census
2026-09-25,webedia-2026-09-27T18:45Z,2026-09-27T18:45:50.381126+00:00,2026-09-27T18:00Z,2026-09-27,Sunday,"Landmark Glendale 12, Indianapolis",,America/Indiana/Indianapolis,Heart of the Beast,13:40,X0KAO:2026-09-27T13:40:00:10,0,Screen 10,Scope,,,,3.0,,https://booking.landmarktheatres.com/launch/ticketing/5f449d65-836d-5cc1-a27b-e79fef2674d8,webedia-api; post-show-census; occupancy_rate=3; reserved=y,LMRK,,,post-show-census
2026-09-25,webedia-2026-09-27T18:45Z,2026-09-27T18:45:50.381126+00:00,2026-09-27T18:00Z,2026-09-27,Sunday,"Landmark Glendale 12, Indianapolis",,America/Indiana/Indianapolis,Heart of the Beast,14:50,X0KAO:2026-09-27T14:50:00:1,4,Screen 1,Scope,,,,1.0,,https://booking.landmarktheatres.com/launch/ticketing/775e3c56-6139-56cb-aed8-c0219dc7ee72,webedia-api; occupancy_rate=1; reserved=y,LMRK,,,webedia-api
2026-09-25,webedia-2026-09-27T18:45Z,2026-09-27T18:45:50.381126+00:00,2026-09-27T18:00Z,2026-09-27,Sunday,"Landmark Glendale 12, Indianapolis",,America/Indiana/Indianapolis,Heart of the Beast,16:00,X0KAO:2026-09-27T16:00:00:10,74,Screen 10,Scope,,,,0.0,,https://booking.landmarktheatres.com/launch/ticketing/3eeae28f-9ab0-5aa3-b235-3ddca1e85c31,webedia-api; occupancy_rate=0; reserved=y,LMRK,,,webedia-api
2026-09-25,webedia-2026-09-27T18:45Z,2026-09-27T18:45:50.381126+00:00,2026-09-27T18:00Z,2026-09-27,Sunday,"Landmark Glendale 12, Indianapolis",,America/Indiana/Indianapolis,Heart of the Beast,17:10,X0KAO:2026-09-27T17:10:00:1,144,Screen 1,Scope,,,,0.0,,https://booking.landmarktheatres.com/launch/ticketing/d34699f7-f3c9-5170-9e7f-ab4ab89c8e19,webedia-api; occupancy_rate=0; reserved=y,LMRK,,,webedia-api
2026-09-25,webedia-2026-09-27T18:45Z,2026-09-27T18:45:50.381126+00:00,2026-09-27T18:00Z,2026-09-27,Sunday,"Landmark Glendale 12, Indianapolis",,America/Indiana/Indianapolis,Heart of the Beast,18:20,X0KAO:2026-09-27T18:20:00:10,214,Screen 10,Scope,,,,3.0,,https://booking.landmarktheatres.com/launch/ticketing/16371641-2e3e-520f-82e8-7477827786d6,webedia-api; occupancy_rate=3; reserved=y,LMRK,,,webedia-api
2026-09-25,webedia-2026-09-27T18:45Z,2026-09-27T18:45:50.381126+00:00,2026-09-27T18:00Z,2026-09-27,Sunday,"Landmark Glendale 12, Indianapolis",,America/Indiana/Indianapolis,Heart of the Beast,19:30,X0KAO:2026-09-27T19:30:00:1,284,Screen 1,Scope,,,,0.0,,https://booking.landmarktheatres.com/launch/ticketing/9b46bdac-eb7b-55f9-a3e1-69c42816ca0c,webedia-api; occupancy_rate=0; reserved=y,LMRK,,,webedia-api
2026-09-25,webedia-2026-09-27T18:45Z,2026-09-27T18:45:50.381126+00:00,2026-09-27T18:00Z,2026-09-27,Sunday,"Landmark Glendale 12, Indianapolis",,America/Indiana/Indianapolis,Primetime,13:55,X0KAO:2026-09-27T13:55:00:12,0,Screen 12,Digital,,,,10.0,,https://booking.landmarktheatres.com/launch/ticketing/9d2b17dd-8696-5045-975e-a3051dd26759,webedia-api; post-show-census; occupancy_rate=10; reserved=y,LMRK,,,post-show-census
2026-09-25,webedia-2026-09-27T18:45Z,2026-09-27T18:45:50.381126+00:00,2026-09-27T18:00Z,2026-09-27,Sunday,"Landmark Glendale 12, Indianapolis",,America/Indiana/Indianapolis,Primetime,16:30,X0KAO:2026-09-27T16:30:00:12,104,Screen 12,Digital,,,,3.0,,https://booking.landmarktheatres.com/launch/ticketing/aed08f7e-d4f6-5250-bee9-7eaed95b4e1a,webedia-api; occupancy_rate=3; reserved=y,LMRK,,,webedia-api
2026-09-25,webedia-2026-09-27T18:45Z,2026-09-27T18:45:50.381126+00:00,2026-09-27T18:00Z,2026-09-27,Sunday,"Landmark Glendale 12, Indianapolis",,America/Indiana/Indianapolis,Primetime,18:05,X0KAO:2026-09-27T18:05:00:3,199,Screen 3,Digital,,,,1.0,,https://booking.landmarktheatres.com/launch/ticketing/aba26ff4-97f6-5ca3-ae5c-4588ec6b6bc9,webedia-api; occupancy_rate=1; reserved=y,LMRK,,,webedia-api
2026-09-25,webedia-2026-09-27T18:45Z,2026-09-27T18:45:50.381126+00:00,2026-09-27T18:00Z,2026-09-27,Sunday,"Landmark Glendale 12, Indianapolis",,America/Indiana/Indianapolis,Primetime,19:00,X0KAO:2026-09-27T19:00:00:12,254,Screen 12,Digital,,,,0.0,,https://booking.landmarktheatres.com/launch/ticketing/675d929f-30f8-5f41-8876-0a392580d672,webedia-api; occupancy_rate=0; reserved=y,LMRK,,,webedia-api
2026-09-25,webedia-2026-09-27T18:45Z,2026-09-27T18:45:50.381126+00:00,2026-09-27T18:00Z,2026-09-27,Sunday,"Landmark Inwood Theatre, Dallas",,America/Chicago,Forgotten Island,14:00,X02KC:2026-09-27T14:00:00:Screen 1,14,Screen Screen 1,Scope,,,,4.0,,https://booking.landmarktheatres.com/launch/ticketing/9763cd18-5809-54d2-9e78-4b05e87b1cfa,webedia-api; occupancy_rate=4; reserved=n,LMRK,,,webedia-api
2026-09-25,webedia-2026-09-27T18:45Z,2026-09-27T18:45:50.381126+00:00,2026-09-27T18:00Z,2026-09-27,Sunday,"Landmark Inwood Theatre, Dallas",,America/Chicago,Forgotten Island,16:30,X02KC:2026-09-27T16:30:00:Screen 1,164,Screen Screen 1,Scope,,,,0.0,,https://booking.landmarktheatres.com/launch/ticketing/d7f6126c-9346-5fda-9e13-8af398d7cfcc,webedia-api; occupancy_rate=0; reserved=n,LMRK,,,webedia-api
2026-09-25,webedia-2026-09-27T18:45Z,2026-09-27T18:45:50.381126+00:00,2026-09-27T18:00Z,2026-09-27,Sunday,"Landmark Inwood Theatre, Dallas",,America/Chicago,Forgotten Island,19:10,X02KC:2026-09-27T19:10:00:Screen 1,324,Screen Screen 1,Scope,,,,0.0,,https://booking.landmarktheatres.com/launch/ticketing/7ba9e87d-e3b5-5471-880f-0bff6b1f2ce1,webedia-api; occupancy_rate=0; reserved=n,LMRK,,,webedia-api
2026-09-25,webedia-2026-09-27T18:45Z,2026-09-27T18:45:50.381126+00:00,2026-09-27T18:00Z,2026-09-27,Sunday,"Landmark Inwood Theatre, Dallas",,America/Chicago,Heart of the Beast,14:15,X02KC:2026-09-27T14:15:00:3,29,Screen 3,Scope,,,,0.0,,https://booking.landmarktheatres.com/launch/ticketing/2d9b84c7-9d67-5da2-a55d-1edcaf9e93ea,webedia-api; occupancy_rate=0; reserved=n,LMRK,,,webedia-api
2026-09-25,webedia-2026-09-27T18:45Z,2026-09-27T18:45:50.381126+00:00,2026-09-27T18:00Z,2026-09-27,Sunday,"Landmark Inwood Theatre, Dallas",,America/Chicago,Heart of the Beast,16:35,X02KC:2026-09-27T16:35:00:3,169,Screen 3,Scope,,,,0.0,,https://booking.landmarktheatres.com/launch/ticketing/2c4f8719-2b79-5959-87da-97a89d873b4c,webedia-api; occupancy_rate=0; reserved=n,LMRK,,,webedia-api
2026-09-25,webedia-2026-09-27T18:45Z,2026-09-27T18:45:50.381126+00:00,2026-09-27T18:00Z,2026-09-27,Sunday,"Landmark Inwood Theatre, Dallas",,America/Chicago,Heart of the Beast,19:15,X02KC:2026-09-27T19:15:00:3,329,Screen 3,Scope,,,,0.0,,https://booking.landmarktheatres.com/launch/ticketing/cf1aa740-bed9-5fb3-b2ee-a6fdfe8708ba,webedia-api; occupancy_rate=0; reserved=n,LMRK,,,webedia-api
2026-09-25,webedia-2026-09-27T18:45Z,2026-09-27T18:45:50.381126+00:00,2026-09-27T18:00Z,2026-09-27,Sunday,"Landmark Kendall Square Cinema, Cambridge",,America/New_York,Heart of the Beast,13:40,X019B:2026-09-27T13:40:00:Screen 6,0,Screen Screen 6,Scope,,,,25.0,,https://booking.landmarktheatres.com/launch/ticketing/3c3639b5-af3d-5ba7-abc1-da0bbc00a599,webedia-api; post-show-census; occupancy_rate=25; reserved=y,LMRK,,,post-show-census
2026-09-25,webedia-2026-09-27T18:45Z,2026-09-27T18:45:50.381126+00:00,2026-09-27T18:00Z,2026-09-27,Sunday,"Landmark Kendall Square Cinema, Cambridge",,America/New_York,Heart of the Beast,16:20,X019B:2026-09-27T16:20:00:Screen 6,94,Screen Screen 6,Scope,,,,3.0,,https://booking.landmarktheatres.com/launch/ticketing/2f91b441-91a7-53b0-a6ba-31da9adf52fe,webedia-api; occupancy_rate=3; reserved=y,LMRK,,,webedia-api
2026-09-25,webedia-2026-09-27T18:45Z,2026-09-27T18:45:50.381126+00:00,2026-09-27T18:00Z,2026-09-27,Sunday,"Landmark Kendall Square Cinema, Cambridge",,America/New_York,Heart of the Beast,19:10,X019B:2026-09-27T19:10:00:Screen 6,264,Screen Screen 6,Scope,,,,6.0,,https://booking.landmarktheatres.com/launch/ticketing/7256fd1a-5670-5496-9f72-a660bf398434,webedia-api; occupancy_rate=6; reserved=y,LMRK,,,webedia-api
2026-09-25,webedia-2026-09-27T18:45Z,2026-09-27T18:45:50.381126+00:00,2026-09-27T18:00Z,2026-09-27,Sunday,"Landmark Kendall Square Cinema, Cambridge",,America/New_York,Primetime,12:50,X019B:2026-09-27T12:50:00:Screen 4,0,Screen Screen 4,Digital,,,,32.0,,https://booking.landmarktheatres.com/launch/ticketing/72edd891-9e88-5b32-bc6c-e3144bb9c9b2,webedia-api; post-show-census; occupancy_rate=32; reserved=y,LMRK,,,post-show-census
2026-09-25,webedia-2026-09-27T18:45Z,2026-09-27T18:45:50.381126+00:00,2026-09-27T18:00Z,2026-09-27,Sunday,"Landmark Kendall Square Cinema, Cambridge",,America/New_York,Primetime,13:50,X019B:2026-09-27T13:50:00:Screen 5,0,Screen Screen 5,Digital,,,,31.0,,https://booking.landmarktheatres.com/launch/ticketing/bc05a0e0-b77c-5bb3-825f-899b702b7372,webedia-api; post-show-census; occupancy_rate=31; reserved=y,LMRK,,,post-show-census
2026-09-25,webedia-2026-09-27T18:45Z,2026-09-27T18:45:50.381126+00:00,2026-09-27T18:00Z,2026-09-27,Sunday,"Landmark Kendall Square Cinema, Cambridge",,America/New_York,Primetime,15:30,X019B:2026-09-27T15:30:00:Screen 4,44,Screen Screen 4,Digital,,,,30.0,,https://booking.landmarktheatres.com/launch/ticketing/b7124e75-0dbb-55c1-82e7-cffbf00d53e7,webedia-api; occupancy_rate=30; reserved=y,LMRK,,,webedia-api
2026-09-25,webedia-2026-09-27T18:45Z,2026-09-27T18:45:50.381126+00:00,2026-09-27T18:00Z,2026-09-27,Sunday,"Landmark Kendall Square Cinema, Cambridge",,America/New_York,Primetime,16:30,X019B:2026-09-27T16:30:00:Screen 5,104,Screen Screen 5,Digital,,,,25.0,,https://booking.landmarktheatres.com/launch/ticketing/a20fff64-5276-55bf-9427-3189afc42ff2,webedia-api; occupancy_rate=25; reserved=y,LMRK,,,webedia-api
2026-09-25,webedia-2026-09-27T18:45Z,2026-09-27T18:45:50.381126+00:00,2026-09-27T18:00Z,2026-09-27,Sunday,"Landmark Kendall Square Cinema, Cambridge",,America/New_York,Primetime,18:05,X019B:2026-09-27T18:05:00:Screen 4,199,Screen Screen 4,Digital,,,,35.0,,https://booking.landmarktheatres.com/launch/ticketing/c6ea664c-170a-51a2-bbf5-8b0f9ddb348f,webedia-api; occupancy_rate=35; reserved=y,LMRK,,,webedia-api
2026-09-25,webedia-2026-09-27T18:45Z,2026-09-27T18:45:50.381126+00:00,2026-09-27T18:00Z,2026-09-27,Sunday,"Landmark Kendall Square Cinema, Cambridge",,America/New_York,Primetime,19:05,X019B:2026-09-27T19:05:00:Screen 5,259,Screen Screen 5,Digital,,,,28.0,,https://booking.landmarktheatres.com/launch/ticketing/3b83bb54-864c-5c2e-bab1-f76c90c5989c,webedia-api; occupancy_rate=28; reserved=y,LMRK,,,webedia-api
2026-09-25,webedia-2026-09-27T18:45Z,2026-09-27T18:45:50.381126+00:00,2026-09-27T18:00Z,2026-09-27,Sunday,"Landmark Keystone Art Cinema, Indianapolis",,America/Indiana/Indianapolis,Heart of the Beast,13:30,X07M6:2026-09-27T13:30:00:5,0,Screen 5,Scope,,,,3.0,,https://booking.landmarktheatres.com/launch/ticketing/5eed11ce-533c-58ab-bdf7-81f5b9920eeb,webedia-api; post-show-census; occupancy_rate=3; reserved=y,LMRK,,,post-show-census
2026-09-25,webedia-2026-09-27T18:45Z,2026-09-27T18:45:50.381126+00:00,2026-09-27T18:00Z,2026-09-27,Sunday,"Landmark Keystone Art Cinema, Indianapolis",,America/Indiana/Indianapolis,Heart of the Beast,16:20,X07M6:2026-09-27T16:20:00:5,94,Screen 5,Scope,,,,0.0,,https://booking.landmarktheatres.com/launch/ticketing/f52cef7c-5c6d-51ed-8249-ebc62b06737b,webedia-api; occupancy_rate=0; reserved=y,LMRK,,,webedia-api
2026-09-25,webedia-2026-09-27T18:45Z,2026-09-27T18:45:50.381126+00:00,2026-09-27T18:00Z,2026-09-27,Sunday,"Landmark Keystone Art Cinema, Indianapolis",,America/Indiana/Indianapolis,Heart of the Beast,19:00,X07M6:2026-09-27T19:00:00:5,254,Screen 5,Scope,,,,0.0,,https://booking.landmarktheatres.com/launch/ticketing/97d6bcc1-ef1c-5c72-a439-58f338003da7,webedia-api; occupancy_rate=0; reserved=y,LMRK,,,webedia-api
2026-09-25,webedia-2026-09-27T18:45Z,2026-09-27T18:45:50.381126+00:00,2026-09-27T18:00Z,2026-09-27,Sunday,"Landmark Keystone Art Cinema, Indianapolis",,America/Indiana/Indianapolis,Primetime,13:20,X07M6:2026-09-27T13:20:00:4,0,Screen 4,Digital,,,,6.0,,https://booking.landmarktheatres.com/launch/ticketing/8aca6f5f-b047-5255-ba40-a866e35ef4d1,webedia-api; post-show-census; occupancy_rate=6; reserved=y,LMRK,,,post-show-census
2026-09-25,webedia-2026-09-27T18:45Z,2026-09-27T18:45:50.381126+00:00,2026-09-27T18:00Z,2026-09-27,Sunday,"Landmark Keystone Art Cinema, Indianapolis",,America/Indiana/Indianapolis,Primetime,16:00,X07M6:2026-09-27T16:00:00:4,74,Screen 4,Digital,,,,0.0,,https://booking.landmarktheatres.com/launch/ticketing/8f52d608-df83-5619-ba91-65d6a276efc3,webedia-api; occupancy_rate=0; reserved=y,LMRK,,,webedia-api
2026-09-25,webedia-2026-09-27T18:45Z,2026-09-27T18:45:50.381126+00:00,2026-09-27T18:00Z,2026-09-27,Sunday,"Landmark Keystone Art Cinema, Indianapolis",,America/Indiana/Indianapolis,Primetime,18:50,X07M6:2026-09-27T18:50:00:4,244,Screen 4,Digital,,,,2.0,,https://booking.landmarktheatres.com/launch/ticketing/987344a5-759c-5302-a619-00243b14ce0c,webedia-api; occupancy_rate=2; reserved=y,LMRK,,,webedia-api
2026-09-25,webedia-2026-09-27T18:45Z,2026-09-27T18:45:50.381126+00:00,2026-09-27T18:00Z,2026-09-27,Sunday,"Landmark Keystone Art Cinema, Indianapolis",,America/Indiana/Indianapolis,Primetime,19:50,X07M6:2026-09-27T19:50:00:7,304,Screen 7,Digital,,,,3.0,,https://booking.landmarktheatres.com/launch/ticketing/a88067b6-0c83-50d5-bede-5c182b9aee00,webedia-api; occupancy_rate=3; reserved=y,LMRK,,,webedia-api
2026-09-25,webedia-2026-09-27T18:45Z,2026-09-27T18:45:50.381126+00:00,2026-09-27T18:00Z,2026-09-27,Sunday,"Landmark Lagoon Cinema, Minneapolis",,America/Chicago,Primetime,14:00,X01QW:2026-09-27T14:00:00:1,14,Screen 1,Digital,,,,2.0,,https://booking.landmarktheatres.com/launch/ticketing/eceb7233-fd2a-5c33-adfe-e3eaf6bac692,webedia-api; occupancy_rate=2; reserved=n,LMRK,,,webedia-api
2026-09-25,webedia-2026-09-27T18:45Z,2026-09-27T18:45:50.381126+00:00,2026-09-27T18:00Z,2026-09-27,Sunday,"Landmark Lagoon Cinema, Minneapolis",,America/Chicago,Primetime,15:00,X01QW:2026-09-27T15:00:00:5,74,Screen 5,Digital,,,,1.0,,https://booking.landmarktheatres.com/launch/ticketing/52ab80a2-9fde-501b-8a21-a6eed0af3b8f,webedia-api; occupancy_rate=1; reserved=n,LMRK,,,webedia-api
2026-09-25,webedia-2026-09-27T18:45Z,2026-09-27T18:45:50.381126+00:00,2026-09-27T18:00Z,2026-09-27,Sunday,"Landmark Lagoon Cinema, Minneapolis",,America/Chicago,Primetime,16:30,X01QW:2026-09-27T16:30:00:1,164,Screen 1,Digital,,,,2.0,,https://booking.landmarktheatres.com/launch/ticketing/869a4a0e-0b2a-569c-9474-15ed6693fb85,webedia-api; occupancy_rate=2; reserved=n,LMRK,,,webedia-api
2026-09-25,webedia-2026-09-27T18:45Z,2026-09-27T18:45:50.381126+00:00,2026-09-27T18:00Z,2026-09-27,Sunday,"Landmark Lagoon Cinema, Minneapolis",,America/Chicago,Primetime,17:30,X01QW:2026-09-27T17:30:00:5,224,Screen 5,Digital,,,,0.0,,https://booking.landmarktheatres.com/launch/ticketing/6b8f0f3a-937d-574d-b0f4-ff5fee8f7987,webedia-api; occupancy_rate=0; reserved=n,LMRK,,,webedia-api
2026-09-25,webedia-2026-09-27T18:45Z,2026-09-27T18:45:50.381126+00:00,2026-09-27T18:00Z,2026-09-27,Sunday,"Landmark Lagoon Cinema, Minneapolis",,America/Chicago,Primetime,18:30,X01QW:2026-09-27T18:30:00:4,284,Screen 4,Digital,,,,0.0,,https://booking.landmarktheatres.com/launch/ticketing/7312eb13-b285-534e-bf5f-164ef57ab645,webedia-api; occupancy_rate=0; reserved=n,LMRK,,,webedia-api
2026-09-25,webedia-2026-09-27T18:45Z,2026-09-27T18:45:50.381126+00:00,2026-09-27T18:00Z,2026-09-27,Sunday,"Landmark Lagoon Cinema, Minneapolis",,America/Chicago,Primetime,19:30,X01QW:2026-09-27T19:30:00:1,344,Screen 1,Digital,,,,2.0,,https://booking.landmarktheatres.com/launch/ticketing/9e0b5804-83cc-540b-8613-5c22f67f5c5f,webedia-api; occupancy_rate=2; reserved=n,LMRK,,,webedia-api
2026-09-25,webedia-2026-09-27T18:45Z,2026-09-27T18:45:50.381126+00:00,2026-09-27T18:00Z,2026-09-27,Sunday,"Landmark Mayan Theatre, Denver",,America/Denver,Primetime,14:00,X02AK:2026-09-27T14:00:00:Screen 1,74,Screen Screen 1,Digital,,,,3.0,,https://booking.landmarktheatres.com/launch/ticketing/9cb7909a-5f2e-550d-989a-4aebf1509c05,webedia-api; occupancy_rate=3; reserved=n,LMRK,,,webedia-api
2026-09-25,webedia-2026-09-27T18:45Z,2026-09-27T18:45:50.381126+00:00,2026-09-27T18:00Z,2026-09-27,Sunday,"Landmark Mayan Theatre, Denver",,America/Denver,Primetime,16:30,X02AK:2026-09-27T16:30:00:Screen 1,224,Screen Screen 1,Digital,,,,3.0,,https://booking.landmarktheatres.com/launch/ticketing/9174251b-b1d3-5646-8e93-adb91338adaa,webedia-api; occupancy_rate=3; reserved=n,LMRK,,,webedia-api
2026-09-25,webedia-2026-09-27T18:45Z,2026-09-27T18:45:50.381126+00:00,2026-09-27T18:00Z,2026-09-27,Sunday,"Landmark Mayan Theatre, Denver",,America/Denver,Primetime,19:00,X02AK:2026-09-27T19:00:00:Screen 1,374,Screen Screen 1,Digital,,,,2.0,,https://booking.landmarktheatres.com/launch/ticketing/a1207945-e043-5129-8f23-17bef68d37ae,webedia-api; occupancy_rate=2; reserved=n,LMRK,,,webedia-api
2026-09-25,webedia-2026-09-27T18:45Z,2026-09-27T18:45:50.381126+00:00,2026-09-27T18:00Z,2026-09-27,Sunday,"Landmark Midtown Art Cinema, Atlanta",,America/New_York,Heart of the Beast,13:10,X00QM:2026-09-27T13:10:00:Screen 7,0,Screen Screen 7,Scope,,,,7.0,,https://booking.landmarktheatres.com/launch/ticketing/8be2078d-8b00-5df6-9436-9ab8bd54102d,webedia-api; post-show-census; occupancy_rate=7; reserved=y,LMRK,,,post-show-census
2026-09-25,webedia-2026-09-27T18:45Z,2026-09-27T18:45:50.381126+00:00,2026-09-27T18:00Z,2026-09-27,Sunday,"Landmark Midtown Art Cinema, Atlanta",,America/New_York,Heart of the Beast,15:10,X00QM:2026-09-27T15:10:00:Screen 7,24,Screen Screen 7,Scope,,,,2.0,,https://booking.landmarktheatres.com/launch/ticketing/46c4fea6-f0b8-575a-a364-9b4315d23f9d,webedia-api; occupancy_rate=2; reserved=y,LMRK,,,webedia-api
2026-09-25,webedia-2026-09-27T18:45Z,2026-09-27T18:45:50.381126+00:00,2026-09-27T18:00Z,2026-09-27,Sunday,"Landmark Midtown Art Cinema, Atlanta",,America/New_York,Heart of the Beast,17:10,X00QM:2026-09-27T17:10:00:Screen 7,144,Screen Screen 7,Scope,,,,0.0,,https://booking.landmarktheatres.com/launch/ticketing/6bb1baa4-1cfd-5e19-a9a8-25094feab000,webedia-api; occupancy_rate=0; reserved=y,LMRK,,,webedia-api
2026-09-25,webedia-2026-09-27T18:45Z,2026-09-27T18:45:50.381126+00:00,2026-09-27T18:00Z,2026-09-27,Sunday,"Landmark Midtown Art Cinema, Atlanta",,America/New_York,Heart of the Beast,19:15,X00QM:2026-09-27T19:15:00:Screen 7,269,Screen Screen 7,Scope,,,,0.0,,https://booking.landmarktheatres.com/launch/ticketing/ca0ccc09-de6c-5441-b790-e3d3db100787,webedia-api; occupancy_rate=0; reserved=y,LMRK,,,webedia-api
2026-09-25,webedia-2026-09-27T18:45Z,2026-09-27T18:45:50.381126+00:00,2026-09-27T18:00Z,2026-09-27,Sunday,"Landmark Midtown Art Cinema, Atlanta",,America/New_York,Primetime,13:05,X00QM:2026-09-27T13:05:00:Screen 6,0,Screen Screen 6,Digital,,,,23.0,,https://booking.landmarktheatres.com/launch/ticketing/40bc53b6-7eab-5926-b19a-8dba61737f4d,webedia-api; post-show-census; occupancy_rate=23; reserved=y,LMRK,,,post-show-census
2026-09-25,webedia-2026-09-27T18:45Z,2026-09-27T18:45:50.381126+00:00,2026-09-27T18:00Z,2026-09-27,Sunday,"Landmark Midtown Art Cinema, Atlanta",,America/New_York,Primetime,16:05,X00QM:2026-09-27T16:05:00:Screen 6,79,Screen Screen 6,Digital,,,,8.0,,https://booking.landmarktheatres.com/launch/ticketing/725514a5-5f15-5d94-b544-4c63b0e76311,webedia-api; occupancy_rate=8; reserved=y,LMRK,,,webedia-api
2026-09-25,webedia-2026-09-27T18:45Z,2026-09-27T18:45:50.381126+00:00,2026-09-27T18:00Z,2026-09-27,Sunday,"Landmark Midtown Art Cinema, Atlanta",,America/New_York,Primetime,19:05,X00QM:2026-09-27T19:05:00:Screen 6,259,Screen Screen 6,Digital,,,,11.0,,https://booking.landmarktheatres.com/launch/ticketing/57c5b97b-d00b-5f18-974b-326c47151b17,webedia-api; occupancy_rate=11; reserved=y,LMRK,,,webedia-api
2026-09-25,webedia-2026-09-27T18:45Z,2026-09-27T18:45:50.381126+00:00,2026-09-27T18:00Z,2026-09-27,Sunday,"Landmark Opera Plaza Cinema, San Francisco",,America/Los_Angeles,Primetime,14:30,X00U8:2026-09-27T14:30:00:1,164,Screen 1,Digital,,,,15.0,,https://booking.landmarktheatres.com/launch/ticketing/c89d734d-6456-590d-9b42-23b59cce1553,webedia-api; occupancy_rate=15; reserved=y,LMRK,,,webedia-api
2026-09-25,webedia-2026-09-27T18:45Z,2026-09-27T18:45:50.381126+00:00,2026-09-27T18:00Z,2026-09-27,Sunday,"Landmark Opera Plaza Cinema, San Francisco",,America/Los_Angeles,Primetime,17:00,X00U8:2026-09-27T17:00:00:1,314,Screen 1,Digital,,,,3.0,,https://booking.landmarktheatres.com/launch/ticketing/e96b574f-1b0e-5130-b880-2b437058c425,webedia-api; occupancy_rate=3; reserved=y,LMRK,,,webedia-api
2026-09-25,webedia-2026-09-27T18:45Z,2026-09-27T18:45:50.381126+00:00,2026-09-27T18:00Z,2026-09-27,Sunday,"Landmark Opera Plaza Cinema, San Francisco",,America/Los_Angeles,Primetime,19:30,X00U8:2026-09-27T19:30:00:1,464,Screen 1,Digital,,,,5.0,,https://booking.landmarktheatres.com/launch/ticketing/23cdfbab-3722-5b42-806b-7abf719ca487,webedia-api; occupancy_rate=5; reserved=y,LMRK,,,webedia-api
2026-09-25,webedia-2026-09-27T18:45Z,2026-09-27T18:45:50.381126+00:00,2026-09-27T18:00Z,2026-09-27,Sunday,"Landmark Piedmont Theatre, Oakland",,America/Los_Angeles,Primetime,13:50,X00Y7:2026-09-27T13:50:00:Screen 1,124,Screen Screen 1,Digital,,,,2.0,,https://booking.landmarktheatres.com/launch/ticketing/01124e55-ab66-50ac-8b4b-0a98fc354723,webedia-api; occupancy_rate=2; reserved=n,LMRK,,,webedia-api
2026-09-25,webedia-2026-09-27T18:45Z,2026-09-27T18:45:50.381126+00:00,2026-09-27T18:00Z,2026-09-27,Sunday,"Landmark Piedmont Theatre, Oakland",,America/Los_Angeles,Primetime,16:30,X00Y7:2026-09-27T16:30:00:Screen 1,284,Screen Screen 1,Digital,,,,1.0,,https://booking.landmarktheatres.com/launch/ticketing/3777a773-28ce-5e25-b993-fc25e9be3c10,webedia-api; occupancy_rate=1; reserved=n,LMRK,,,webedia-api
2026-09-25,webedia-2026-09-27T18:45Z,2026-09-27T18:45:50.381126+00:00,2026-09-27T18:00Z,2026-09-27,Sunday,"Landmark Piedmont Theatre, Oakland",,America/Los_Angeles,Primetime,19:00,X00Y7:2026-09-27T19:00:00:Screen 1,434,Screen Screen 1,Digital,,,,3.0,,https://booking.landmarktheatres.com/launch/ticketing/57b73141-9a92-543b-a2dd-5f34333a89d7,webedia-api; occupancy_rate=3; reserved=n,LMRK,,,webedia-api
2026-09-25,webedia-2026-09-27T18:45Z,2026-09-27T18:45:50.381126+00:00,2026-09-27T18:00Z,2026-09-27,Sunday,"Landmark Ritz Five, Philadelphia",,America/New_York,Primetime,12:45,X081D:2026-09-27T12:45:00:5,0,Screen 5,Digital,,,,23.0,,https://booking.landmarktheatres.com/launch/ticketing/554a8b1f-7762-5d62-9d56-d310b492de31,webedia-api; post-show-census; occupancy_rate=23; reserved=n,LMRK,,,post-show-census
2026-09-25,webedia-2026-09-27T18:45Z,2026-09-27T18:45:50.381126+00:00,2026-09-27T18:00Z,2026-09-27,Sunday,"Landmark Ritz Five, Philadelphia",,America/New_York,Primetime,15:00,X081D:2026-09-27T15:00:00:1,14,Screen 1,Digital,,,,10.0,,https://booking.landmarktheatres.com/launch/ticketing/3f556b7d-846c-5daf-a65b-8c50719c6753,webedia-api; occupancy_rate=10; reserved=n,LMRK,,,webedia-api
2026-09-25,webedia-2026-09-27T18:45Z,2026-09-27T18:45:50.381126+00:00,2026-09-27T18:00Z,2026-09-27,Sunday,"Landmark Ritz Five, Philadelphia",,America/New_York,Primetime,17:15,X081D:2026-09-27T17:15:00:1,149,Screen 1,Digital,,,,2.0,,https://booking.landmarktheatres.com/launch/ticketing/fb514ea9-e009-5611-9b4c-40869986f5af,webedia-api; occupancy_rate=2; reserved=n,LMRK,,,webedia-api
2026-09-25,webedia-2026-09-27T18:45Z,2026-09-27T18:45:50.381126+00:00,2026-09-27T18:00Z,2026-09-27,Sunday,"Landmark Ritz Five, Philadelphia",,America/New_York,Primetime,19:30,X081D:2026-09-27T19:30:00:1,284,Screen 1,Digital,,,,1.0,,https://booking.landmarktheatres.com/launch/ticketing/43c48c8b-cafe-51c6-a50e-f4fbab44881a,webedia-api; occupancy_rate=1; reserved=n,LMRK,,,webedia-api
2026-09-25,webedia-2026-09-27T18:45Z,2026-09-27T18:45:50.381126+00:00,2026-09-27T18:00Z,2026-09-27,Sunday,Landmark Scottsdale Quarter Theatre,,America/Phoenix,Forgotten Island,13:15,X03C1:2026-09-27T13:15:00:1,89,Screen 1,Scope,,,,0.0,,https://booking.landmarktheatres.com/launch/ticketing/67cf1c69-946f-5dc4-9e48-3d497f5a5747,webedia-api; occupancy_rate=0; reserved=y,LMRK,,,webedia-api
2026-09-25,webedia-2026-09-27T18:45Z,2026-09-27T18:45:50.381126+00:00,2026-09-27T18:00Z,2026-09-27,Sunday,Landmark Scottsdale Quarter Theatre,,America/Phoenix,Forgotten Island,14:15,X03C1:2026-09-27T14:15:00:Screen 3,149,Screen Screen 3,Scope,,,,4.0,,https://booking.landmarktheatres.com/launch/ticketing/ad54a2e5-fda5-5412-9be5-5f587f94dfea,webedia-api; occupancy_rate=4; reserved=y,LMRK,,,webedia-api
2026-09-25,webedia-2026-09-27T18:45Z,2026-09-27T18:45:50.381126+00:00,2026-09-27T18:00Z,2026-09-27,Sunday,Landmark Scottsdale Quarter Theatre,,America/Phoenix,Forgotten Island,16:45,X03C1:2026-09-27T16:45:00:Screen 3,299,Screen Screen 3,Scope,,,,0.0,,https://booking.landmarktheatres.com/launch/ticketing/60648388-9a36-5482-9b55-963b4c367f3b,webedia-api; occupancy_rate=0; reserved=y,LMRK,,,webedia-api
2026-09-25,webedia-2026-09-27T18:45Z,2026-09-27T18:45:50.381126+00:00,2026-09-27T18:00Z,2026-09-27,Sunday,Landmark Scottsdale Quarter Theatre,,America/Phoenix,Forgotten Island,19:15,X03C1:2026-09-27T19:15:00:Screen 3,449,Screen Screen 3,Scope,,,,0.0,,https://booking.landmarktheatres.com/launch/ticketing/ff614f20-4498-5b38-88d8-d08ae451f322,webedia-api; occupancy_rate=0; reserved=y,LMRK,,,webedia-api
2026-09-25,webedia-2026-09-27T18:45Z,2026-09-27T18:45:50.381126+00:00,2026-09-27T18:00Z,2026-09-27,Sunday,Landmark Scottsdale Quarter Theatre,,America/Phoenix,Heart of the Beast,13:00,X03C1:2026-09-27T13:00:00:2,74,Screen 2,Scope,,,,10.0,,https://booking.landmarktheatres.com/launch/ticketing/717e7fe2-dd81-5ca6-9ab4-ce9844e4b8a8,webedia-api; occupancy_rate=10; reserved=y,LMRK,,,webedia-api
2026-09-25,webedia-2026-09-27T18:45Z,2026-09-27T18:45:50.381126+00:00,2026-09-27T18:00Z,2026-09-27,Sunday,Landmark Scottsdale Quarter Theatre,,America/Phoenix,Heart of the Beast,14:00,X03C1:2026-09-27T14:00:00:5,134,Screen 5,Scope,,,,18.0,,https://booking.landmarktheatres.com/launch/ticketing/806f4ef5-8fea-5386-99cb-c20af9513f23,webedia-api; occupancy_rate=18; reserved=y,LMRK,,,webedia-api
2026-09-25,webedia-2026-09-27T18:45Z,2026-09-27T18:45:50.381126+00:00,2026-09-27T18:00Z,2026-09-27,Sunday,Landmark Scottsdale Quarter Theatre,,America/Phoenix,Heart of the Beast,15:30,X03C1:2026-09-27T15:30:00:2,224,Screen 2,Scope,,,,0.0,,https://booking.landmarktheatres.com/launch/ticketing/2b5d43b5-8a20-5d78-acaa-3cf57f9cb4b6,webedia-api; occupancy_rate=0; reserved=y,LMRK,,,webedia-api
2026-09-25,webedia-2026-09-27T18:45Z,2026-09-27T18:45:50.381126+00:00,2026-09-27T18:00Z,2026-09-27,Sunday,Landmark Scottsdale Quarter Theatre,,America/Phoenix,Heart of the Beast,16:30,X03C1:2026-09-27T16:30:00:5,284,Screen 5,Scope,,,,3.0,,https://booking.landmarktheatres.com/launch/ticketing/a180af4c-8d02-54f1-95df-dad83743c867,webedia-api; occupancy_rate=3; reserved=y,LMRK,,,webedia-api
2026-09-25,webedia-2026-09-27T18:45Z,2026-09-27T18:45:50.381126+00:00,2026-09-27T18:00Z,2026-09-27,Sunday,Landmark Scottsdale Quarter Theatre,,America/Phoenix,Heart of the Beast,18:00,X03C1:2026-09-27T18:00:00:2,374,Screen 2,Scope,,,,3.0,,https://booking.landmarktheatres.com/launch/ticketing/ccba88f1-059c-522d-9df2-2c9361f70fe8,webedia-api; occupancy_rate=3; reserved=y,LMRK,,,webedia-api
2026-09-25,webedia-2026-09-27T18:45Z,2026-09-27T18:45:50.381126+00:00,2026-09-27T18:00Z,2026-09-27,Sunday,Landmark Scottsdale Quarter Theatre,,America/Phoenix,Heart of the Beast,19:00,X03C1:2026-09-27T19:00:00:5,434,Screen 5,Scope,,,,0.0,,https://booking.landmarktheatres.com/launch/ticketing/b3df69f3-6981-585d-9cf0-fe58b404dd92,webedia-api; occupancy_rate=0; reserved=y,LMRK,,,webedia-api
2026-09-25,webedia-2026-09-27T18:45Z,2026-09-27T18:45:50.381126+00:00,2026-09-27T18:00Z,2026-09-27,Sunday,Landmark Scottsdale Quarter Theatre,,America/Phoenix,Primetime,14:05,X03C1:2026-09-27T14:05:00:4,139,Screen 4,Digital,,,,10.0,,https://booking.landmarktheatres.com/launch/ticketing/ec5d27dd-a250-5109-ae5e-328fe0c15265,webedia-api; occupancy_rate=10; reserved=y,LMRK,,,webedia-api
2026-09-25,webedia-2026-09-27T18:45Z,2026-09-27T18:45:50.381126+00:00,2026-09-27T18:00Z,2026-09-27,Sunday,Landmark Scottsdale Quarter Theatre,,America/Phoenix,Primetime,15:45,X03C1:2026-09-27T15:45:00:1,239,Screen 1,Digital,,,,4.0,,https://booking.landmarktheatres.com/launch/ticketing/7b63c1a2-a12a-53a8-aebb-29eacfe0408f,webedia-api; occupancy_rate=4; reserved=y,LMRK,,,webedia-api
2026-09-25,webedia-2026-09-27T18:45Z,2026-09-27T18:45:50.381126+00:00,2026-09-27T18:00Z,2026-09-27,Sunday,Landmark Scottsdale Quarter Theatre,,America/Phoenix,Primetime,16:40,X03C1:2026-09-27T16:40:00:4,294,Screen 4,Digital,,,,19.0,,https://booking.landmarktheatres.com/launch/ticketing/94f0f84d-e30e-5a7a-ab17-926f8982581a,webedia-api; occupancy_rate=19; reserved=y,LMRK,,,webedia-api
2026-09-25,webedia-2026-09-27T18:45Z,2026-09-27T18:45:50.381126+00:00,2026-09-27T18:00Z,2026-09-27,Sunday,Landmark Scottsdale Quarter Theatre,,America/Phoenix,Primetime,18:15,X03C1:2026-09-27T18:15:00:1,389,Screen 1,Digital,,,,0.0,,https://booking.landmarktheatres.com/launch/ticketing/48d88c8c-6028-5216-a4d1-777cef5281e6,webedia-api; occupancy_rate=0; reserved=y,LMRK,,,webedia-api
2026-09-25,webedia-2026-09-27T18:45Z,2026-09-27T18:45:50.381126+00:00,2026-09-27T18:00Z,2026-09-27,Sunday,Landmark Scottsdale Quarter Theatre,,America/Phoenix,Primetime,19:10,X03C1:2026-09-27T19:10:00:4,444,Screen 4,Digital,,,,8.0,,https://booking.landmarktheatres.com/launch/ticketing/8f6b3ed0-9337-5fc1-824b-be69aedc3f2b,webedia-api; occupancy_rate=8; reserved=y,LMRK,,,webedia-api
2026-09-25,webedia-2026-09-27T18:45Z,2026-09-27T18:45:50.381126+00:00,2026-09-27T18:00Z,2026-09-27,Sunday,Landmark Sunset Hollywood,,America/Los_Angeles,Primetime,13:00,G01SI:2026-09-27T13:00:00:Screen 1,74,Screen Screen 1,"Digital,DolbyDigital",,,,12.0,,https://booking.landmarktheatres.com/launch/ticketing/abe27b57-d5f5-55a0-93d2-c23aa4f58172,webedia-api; occupancy_rate=12; reserved=y,LMRK,,,webedia-api
2026-09-25,webedia-2026-09-27T18:45Z,2026-09-27T18:45:50.381126+00:00,2026-09-27T18:00Z,2026-09-27,Sunday,Landmark Sunset Hollywood,,America/Los_Angeles,Primetime,15:00,G01SI:2026-09-27T15:00:00:Screen 5,194,Screen Screen 5,"Digital,DolbyDigital",,,,8.0,,https://booking.landmarktheatres.com/launch/ticketing/a033583e-edca-58f6-b72f-fd98d7d6adfa,webedia-api; occupancy_rate=8; reserved=y,LMRK,,,webedia-api
2026-09-25,webedia-2026-09-27T18:45Z,2026-09-27T18:45:50.381126+00:00,2026-09-27T18:00Z,2026-09-27,Sunday,Landmark Sunset Hollywood,,America/Los_Angeles,Primetime,16:00,G01SI:2026-09-27T16:00:00:Screen 1,254,Screen Screen 1,"Digital,DolbyDigital",,,,4.0,,https://booking.landmarktheatres.com/launch/ticketing/42232143-f0b6-5634-8121-11babfd64ae4,webedia-api; occupancy_rate=4; reserved=y,LMRK,,,webedia-api
2026-09-25,webedia-2026-09-27T18:45Z,2026-09-27T18:45:50.381126+00:00,2026-09-27T18:00Z,2026-09-27,Sunday,Landmark Sunset Hollywood,,America/Los_Angeles,Primetime,17:40,G01SI:2026-09-27T17:40:00:Screen 5,354,Screen Screen 5,"Digital,DolbyDigital",,,,15.0,,https://booking.landmarktheatres.com/launch/ticketing/4a07b71f-0088-50ad-96ae-5cf0f2a928f5,webedia-api; occupancy_rate=15; reserved=y,LMRK,,,webedia-api
2026-09-25,webedia-2026-09-27T18:45Z,2026-09-27T18:45:50.381126+00:00,2026-09-27T18:00Z,2026-09-27,Sunday,Landmark Sunset Hollywood,,America/Los_Angeles,Primetime,19:00,G01SI:2026-09-27T19:00:00:Screen 1,434,Screen Screen 1,"Digital,DolbyDigital",,,,12.0,,https://booking.landmarktheatres.com/launch/ticketing/8529ec83-726d-520e-af6c-f9cfa9d21a65,webedia-api; occupancy_rate=12; reserved=y,LMRK,,,webedia-api
2026-09-25,webedia-2026-09-27T18:45Z,2026-09-27T18:45:50.381126+00:00,2026-09-27T18:00Z,2026-09-27,Sunday,Landmark Sunset Hollywood,,America/Los_Angeles,Primetime,20:00,G01SI:2026-09-27T20:00:00:Screen 5,494,Screen Screen 5,"Digital,DolbyDigital",,,,6.0,,https://booking.landmarktheatres.com/launch/ticketing/9c64718e-aa74-5db6-917d-28a830be83b3,webedia-api; occupancy_rate=6; reserved=y,LMRK,,,webedia-api
2026-09-25,webedia-2026-09-27T18:45Z,2026-09-27T18:45:50.381126+00:00,2026-09-27T18:00Z,2026-09-27,Sunday,Landmark Theatres Pasadena,,America/Los_Angeles,Heart of the Beast,12:00,G01CH:2026-09-27T12:00:00:Screen 3,14,Screen Screen 3,Scope,,,,9.0,,https://booking.landmarktheatres.com/launch/ticketing/733778d9-ae5c-5f06-b7a4-49a945e0cc64,webedia-api; occupancy_rate=9; reserved=y,LMRK,,,webedia-api
2026-09-25,webedia-2026-09-27T18:45Z,2026-09-27T18:45:50.381126+00:00,2026-09-27T18:00Z,2026-09-27,Sunday,Landmark Theatres Pasadena,,America/Los_Angeles,Heart of the Beast,14:15,G01CH:2026-09-27T14:15:00:Screen 3,149,Screen Screen 3,Scope,,,,14.0,,https://booking.landmarktheatres.com/launch/ticketing/fb2d24f6-1c0b-59db-bff1-7e1e55aece6e,webedia-api; occupancy_rate=14; reserved=y,LMRK,,,webedia-api
2026-09-25,webedia-2026-09-27T18:45Z,2026-09-27T18:45:50.381126+00:00,2026-09-27T18:00Z,2026-09-27,Sunday,Landmark Theatres Pasadena,,America/Los_Angeles,Heart of the Beast,16:45,G01CH:2026-09-27T16:45:00:Screen 3,299,Screen Screen 3,Scope,,,,5.0,,https://booking.landmarktheatres.com/launch/ticketing/19ddbb88-625f-5596-979f-742491121732,webedia-api; occupancy_rate=5; reserved=y,LMRK,,,webedia-api
2026-09-25,webedia-2026-09-27T18:45Z,2026-09-27T18:45:50.381126+00:00,2026-09-27T18:00Z,2026-09-27,Sunday,Landmark Theatres Pasadena,,America/Los_Angeles,Heart of the Beast,19:15,G01CH:2026-09-27T19:15:00:Screen 3,449,Screen Screen 3,Scope,,,,5.0,,https://booking.landmarktheatres.com/launch/ticketing/a0464988-384b-5da4-9fb3-35db5ccf0fd9,webedia-api; occupancy_rate=5; reserved=y,LMRK,,,webedia-api
2026-09-25,webedia-2026-09-27T18:45Z,2026-09-27T18:45:50.381126+00:00,2026-09-27T18:00Z,2026-09-27,Sunday,Landmark Theatres Pasadena,,America/Los_Angeles,Primetime,12:10,G01CH:2026-09-27T12:10:00:Screen 2,24,Screen Screen 2,Digital,,,,17.0,,https://booking.landmarktheatres.com/launch/ticketing/23f72d76-6a26-5122-ad59-f40d50b79f80,webedia-api; occupancy_rate=17; reserved=y,LMRK,,,webedia-api
2026-09-25,webedia-2026-09-27T18:45Z,2026-09-27T18:45:50.381126+00:00,2026-09-27T18:00Z,2026-09-27,Sunday,Landmark Theatres Pasadena,,America/Los_Angeles,Primetime,14:30,G01CH:2026-09-27T14:30:00:Screen 2,164,Screen Screen 2,Digital,,,,36.0,,https://booking.landmarktheatres.com/launch/ticketing/30a4357e-d86e-505c-a9f4-35cac861002e,webedia-api; occupancy_rate=36; reserved=y,LMRK,,,webedia-api
2026-09-25,webedia-2026-09-27T18:45Z,2026-09-27T18:45:50.381126+00:00,2026-09-27T18:00Z,2026-09-27,Sunday,Landmark Theatres Pasadena,,America/Los_Angeles,Primetime,15:30,G01CH:2026-09-27T15:30:00:Screen 7,224,Screen Screen 7,Digital,,,,17.0,,https://booking.landmarktheatres.com/launch/ticketing/842b4dd4-323d-5595-86a9-238e269faa8e,webedia-api; occupancy_rate=17; reserved=y,LMRK,,,webedia-api
2026-09-25,webedia-2026-09-27T18:45Z,2026-09-27T18:45:50.381126+00:00,2026-09-27T18:00Z,2026-09-27,Sunday,Landmark Theatres Pasadena,,America/Los_Angeles,Primetime,17:00,G01CH:2026-09-27T17:00:00:Screen 2,314,Screen Screen 2,Digital,,,,11.0,,https://booking.landmarktheatres.com/launch/ticketing/c14eab25-a97e-503d-8f7b-99d292d190ab,webedia-api; occupancy_rate=11; reserved=y,LMRK,,,webedia-api
2026-09-25,webedia-2026-09-27T18:45Z,2026-09-27T18:45:50.381126+00:00,2026-09-27T18:00Z,2026-09-27,Sunday,Landmark Theatres Pasadena,,America/Los_Angeles,Primetime,18:30,G01CH:2026-09-27T18:30:00:Screen 7,404,Screen Screen 7,Digital,,,,10.0,,https://booking.landmarktheatres.com/launch/ticketing/40e5d1ad-0a76-5c5d-ab80-4ac1c384ec86,webedia-api; occupancy_rate=10; reserved=y,LMRK,,,webedia-api
2026-09-25,webedia-2026-09-27T18:45Z,2026-09-27T18:45:50.381126+00:00,2026-09-27T18:00Z,2026-09-27,Sunday,Landmark Theatres Pasadena,,America/Los_Angeles,Primetime,19:30,G01CH:2026-09-27T19:30:00:Screen 2,464,Screen Screen 2,Digital,,,,13.0,,https://booking.landmarktheatres.com/launch/ticketing/0d046d6f-0bc7-5f18-ba48-ad760c75fd1a,webedia-api; occupancy_rate=13; reserved=y,LMRK,,,webedia-api
2026-09-25,webedia-2026-09-27T18:45Z,2026-09-27T18:45:50.381126+00:00,2026-09-27T18:00Z,2026-09-27,Sunday,"Landmark Westwood, Los Angeles",,America/Los_Angeles,Primetime,14:00,X00D9:2026-09-27T14:00:00:Screen 1,134,Screen Screen 1,Digital,,,,9.0,,https://booking.landmarktheatres.com/launch/ticketing/5b05bc1f-ac6e-5764-bb9a-486a4636fd3d,webedia-api; occupancy_rate=9; reserved=y,LMRK,,,webedia-api
2026-09-25,webedia-2026-09-27T18:45Z,2026-09-27T18:45:50.381126+00:00,2026-09-27T18:00Z,2026-09-27,Sunday,"Landmark Westwood, Los Angeles",,America/Los_Angeles,Primetime,16:30,X00D9:2026-09-27T16:30:00:Screen 1,284,Screen Screen 1,Digital,,,,3.0,,https://booking.landmarktheatres.com/launch/ticketing/06a05ad1-08f0-519c-ba30-917c6eab8c4e,webedia-api; occupancy_rate=3; reserved=y,LMRK,,,webedia-api
2026-09-25,webedia-2026-09-27T18:45Z,2026-09-27T18:45:50.381126+00:00,2026-09-27T18:00Z,2026-09-27,Sunday,"Landmark Westwood, Los Angeles",,America/Los_Angeles,Primetime,19:00,X00D9:2026-09-27T19:00:00:Screen 1,434,Screen Screen 1,Digital,,,,8.0,,https://booking.landmarktheatres.com/launch/ticketing/fb13cb3b-c463-53cd-930e-0d2531dde4de,webedia-api; occupancy_rate=8; reserved=y,LMRK,,,webedia-api
2026-09-25,webedia-2026-09-27T18:45Z,2026-09-27T18:45:50.381126+00:00,2026-09-27T18:00Z,2026-09-27,Sunday,Landmark at Annapolis Harbour Center,,America/New_York,Forgotten Island,12:55,G019L:2026-09-27T12:55:00:Screen 1,0,Screen Screen 1,"Scope,DolbyDigital",,,,24.0,,https://booking.landmarktheatres.com/launch/ticketing/fc34e38d-8a1f-534a-a21c-adca94f6107d,webedia-api; post-show-census; occupancy_rate=24; reserved=y,LMRK,,,post-show-census
2026-09-25,webedia-2026-09-27T18:45Z,2026-09-27T18:45:50.381126+00:00,2026-09-27T18:00Z,2026-09-27,Sunday,Landmark at Annapolis Harbour Center,,America/New_York,Forgotten Island,14:00,G019L:2026-09-27T14:00:00:Screen 2,0,Screen Screen 2,"Scope,DolbyDigital",,,,24.0,,https://booking.landmarktheatres.com/launch/ticketing/643420af-f7bf-5204-9f7b-3fb13f5905e2,webedia-api; post-show-census; occupancy_rate=24; reserved=y,LMRK,,,post-show-census
2026-09-25,webedia-2026-09-27T18:45Z,2026-09-27T18:45:50.381126+00:00,2026-09-27T18:00Z,2026-09-27,Sunday,Landmark at Annapolis Harbour Center,,America/New_York,Forgotten Island,15:30,G019L:2026-09-27T15:30:00:Screen 1,44,Screen Screen 1,"Scope,DolbyDigital",,,,17.0,,https://booking.landmarktheatres.com/launch/ticketing/a33fee4a-6920-5971-a178-6b2c263425ef,webedia-api; occupancy_rate=17; reserved=y,LMRK,,,webedia-api
2026-09-25,webedia-2026-09-27T18:45Z,2026-09-27T18:45:50.381126+00:00,2026-09-27T18:00Z,2026-09-27,Sunday,Landmark at Annapolis Harbour Center,,America/New_York,Forgotten Island,16:30,G019L:2026-09-27T16:30:00:Screen 2,104,Screen Screen 2,"Scope,DolbyDigital",,,,0.0,,https://booking.landmarktheatres.com/launch/ticketing/4257452b-5724-52f7-896a-5a875e75451f,webedia-api; occupancy_rate=0; reserved=y,LMRK,,,webedia-api
2026-09-25,webedia-2026-09-27T18:45Z,2026-09-27T18:45:50.381126+00:00,2026-09-27T18:00Z,2026-09-27,Sunday,Landmark at Annapolis Harbour Center,,America/New_York,Forgotten Island,19:30,G019L:2026-09-27T19:30:00:Screen 2,284,Screen Screen 2,"Scope,DolbyDigital",,,,0.0,,https://booking.landmarktheatres.com/launch/ticketing/cd2cb51a-50f1-51b8-91ab-f77ac25cb074,webedia-api; occupancy_rate=0; reserved=y,LMRK,,,webedia-api
2026-09-25,webedia-2026-09-27T18:45Z,2026-09-27T18:45:50.381126+00:00,2026-09-27T18:00Z,2026-09-27,Sunday,Landmark at Annapolis Harbour Center,,America/New_York,Heart of the Beast,13:10,G019L:2026-09-27T13:10:00:Screen 3,0,Screen Screen 3,"Scope,DolbyDigital",,,,57.0,,https://booking.landmarktheatres.com/launch/ticketing/677b887b-03ef-573e-81b6-ae677d6ac899,webedia-api; post-show-census; occupancy_rate=57; reserved=y,LMRK,,,post-show-census
2026-09-25,webedia-2026-09-27T18:45Z,2026-09-27T18:45:50.381126+00:00,2026-09-27T18:00Z,2026-09-27,Sunday,Landmark at Annapolis Harbour Center,,America/New_York,Heart of the Beast,16:10,G019L:2026-09-27T16:10:00:Screen 3,84,Screen Screen 3,"Scope,DolbyDigital",,,,10.0,,https://booking.landmarktheatres.com/launch/ticketing/8bb17e66-617d-55e0-8a01-cbe99e74eb20,webedia-api; occupancy_rate=10; reserved=y,LMRK,,,webedia-api
2026-09-25,webedia-2026-09-27T18:45Z,2026-09-27T18:45:50.381126+00:00,2026-09-27T18:00Z,2026-09-27,Sunday,Landmark at Annapolis Harbour Center,,America/New_York,Heart of the Beast,19:10,G019L:2026-09-27T19:10:00:Screen 3,264,Screen Screen 3,"Scope,DolbyDigital",,,,17.0,,https://booking.landmarktheatres.com/launch/ticketing/f4443638-0216-5409-aba6-e6ae2ffe49d5,webedia-api; occupancy_rate=17; reserved=y,LMRK,,,webedia-api
2026-09-25,webedia-2026-09-27T18:45Z,2026-09-27T18:45:50.381126+00:00,2026-09-27T18:00Z,2026-09-27,Sunday,Landmark at Annapolis Harbour Center,,America/New_York,Primetime,13:20,G019L:2026-09-27T13:20:00:Screen 4,0,Screen Screen 4,"Digital,DolbyDigital",,,,13.0,,https://booking.landmarktheatres.com/launch/ticketing/e898c8d9-b1d3-5988-8b04-48bc86873396,webedia-api; post-show-census; occupancy_rate=13; reserved=y,LMRK,,,post-show-census
2026-09-25,webedia-2026-09-27T18:45Z,2026-09-27T18:45:50.381126+00:00,2026-09-27T18:00Z,2026-09-27,Sunday,Landmark at Annapolis Harbour Center,,America/New_York,Primetime,16:20,G019L:2026-09-27T16:20:00:Screen 4,94,Screen Screen 4,"Digital,DolbyDigital",,,,9.0,,https://booking.landmarktheatres.com/launch/ticketing/c5d7d6e6-9cc7-5839-93e0-61fefbf87dea,webedia-api; occupancy_rate=9; reserved=y,LMRK,,,webedia-api
2026-09-25,webedia-2026-09-27T18:45Z,2026-09-27T18:45:50.381126+00:00,2026-09-27T18:00Z,2026-09-27,Sunday,Landmark at Annapolis Harbour Center,,America/New_York,Primetime,19:20,G019L:2026-09-27T19:20:00:Screen 4,274,Screen Screen 4,"Digital,DolbyDigital",,,,1.0,,https://booking.landmarktheatres.com/launch/ticketing/13eae6c4-7a97-54b8-b49e-c10e5dffe73d,webedia-api; occupancy_rate=1; reserved=y,LMRK,,,webedia-api
2026-09-25,webedia-2026-09-27T18:45Z,2026-09-27T18:45:50.381126+00:00,2026-09-27T18:00Z,2026-09-27,Sunday,"Landmark at The Glen, Glenview",,America/Chicago,Forgotten Island,13:00,X0JYT:2026-09-27T13:00:00:3,0,Screen 3,Scope,,,,0.0,,https://booking.landmarktheatres.com/launch/ticketing/7ac957af-0e6d-5ced-ac0f-430a01b512a0,webedia-api; post-show-census; occupancy_rate=0; reserved=y,LMRK,,,post-show-census
2026-09-25,webedia-2026-09-27T18:45Z,2026-09-27T18:45:50.381126+00:00,2026-09-27T18:00Z,2026-09-27,Sunday,"Landmark at The Glen, Glenview",,America/Chicago,Forgotten Island,15:30,X0JYT:2026-09-27T15:30:00:3,104,Screen 3,Scope,,,,0.0,,https://booking.landmarktheatres.com/launch/ticketing/e30ac65a-d51d-5794-9bdf-ddd916bc9586,webedia-api; occupancy_rate=0; reserved=y,LMRK,,,webedia-api
2026-09-25,webedia-2026-09-27T18:45Z,2026-09-27T18:45:50.381126+00:00,2026-09-27T18:00Z,2026-09-27,Sunday,"Landmark at The Glen, Glenview",,America/Chicago,Forgotten Island,19:10,X0JYT:2026-09-27T19:10:00:1,324,Screen 1,Scope,,,,0.0,,https://booking.landmarktheatres.com/launch/ticketing/20b8c5ac-a725-53e0-93e3-092d86c76ffb,webedia-api; occupancy_rate=0; reserved=y,LMRK,,,webedia-api
2026-09-25,webedia-2026-09-27T18:45Z,2026-09-27T18:45:50.381126+00:00,2026-09-27T18:00Z,2026-09-27,Sunday,"Landmark at The Glen, Glenview",,America/Chicago,Heart of the Beast,14:00,X0JYT:2026-09-27T14:00:00:Screen 7,14,Screen Screen 7,Scope,,,,2.0,,https://booking.landmarktheatres.com/launch/ticketing/6ccb15c9-6189-5bb7-a17a-a95376bd93e9,webedia-api; occupancy_rate=2; reserved=y,LMRK,,,webedia-api
2026-09-25,webedia-2026-09-27T18:45Z,2026-09-27T18:45:50.381126+00:00,2026-09-27T18:00Z,2026-09-27,Sunday,"Landmark at The Glen, Glenview",,America/Chicago,Heart of the Beast,16:30,X0JYT:2026-09-27T16:30:00:Screen 7,164,Screen Screen 7,Scope,,,,0.0,,https://booking.landmarktheatres.com/launch/ticketing/65f72823-611e-5325-b7f6-26b6f3cac822,webedia-api; occupancy_rate=0; reserved=y,LMRK,,,webedia-api
2026-09-25,webedia-2026-09-27T18:45Z,2026-09-27T18:45:50.381126+00:00,2026-09-27T18:00Z,2026-09-27,Sunday,"Landmark at The Glen, Glenview",,America/Chicago,Heart of the Beast,19:00,X0JYT:2026-09-27T19:00:00:Screen 7,314,Screen Screen 7,Scope,,,,2.0,,https://booking.landmarktheatres.com/launch/ticketing/5f7cd529-71be-5a4d-8b77-40d8b59f6c34,webedia-api; occupancy_rate=2; reserved=y,LMRK,,,webedia-api
2026-09-25,webedia-2026-09-27T18:45Z,2026-09-27T18:45:50.381126+00:00,2026-09-27T18:00Z,2026-09-27,Sunday,"Landmark at The Glen, Glenview",,America/Chicago,Primetime,14:10,X0JYT:2026-09-27T14:10:00:1,24,Screen 1,Digital,,,,2.0,,https://booking.landmarktheatres.com/launch/ticketing/634b522b-655b-5f28-a0d4-3906baec9058,webedia-api; occupancy_rate=2; reserved=y,LMRK,,,webedia-api
2026-09-25,webedia-2026-09-27T18:45Z,2026-09-27T18:45:50.381126+00:00,2026-09-27T18:00Z,2026-09-27,Sunday,"Landmark at The Glen, Glenview",,America/Chicago,Primetime,16:40,X0JYT:2026-09-27T16:40:00:1,174,Screen 1,Digital,,,,2.0,,https://booking.landmarktheatres.com/launch/ticketing/88d87636-f955-55d3-9c45-c638097b367a,webedia-api; occupancy_rate=2; reserved=y,LMRK,,,webedia-api
2026-09-25,webedia-2026-09-27T18:45Z,2026-09-27T18:45:50.381126+00:00,2026-09-27T18:00Z,2026-09-27,Sunday,"Landmark at The Glen, Glenview",,America/Chicago,Primetime,19:15,X0JYT:2026-09-27T19:15:00:5,329,Screen 5,Digital,,,,2.0,,https://booking.landmarktheatres.com/launch/ticketing/9f1c3a3f-1556-510a-b5e3-a4adf671a37b,webedia-api; occupancy_rate=2; reserved=y,LMRK,,,webedia-api
2026-09-25,webedia-2026-09-27T18:45Z,2026-09-27T18:45:50.381126+00:00,2026-09-27T18:00Z,2026-09-27,Sunday,The Landmark Greenwood Village,,America/Denver,Forgotten Island,12:30,X0873:2026-09-27T12:30:00:2,0,Screen 2,Scope,,,,0.0,,https://booking.landmarktheatres.com/launch/ticketing/02a32134-c35e-509d-9a64-6c3b870efc8b,webedia-api; post-show-census; occupancy_rate=0; reserved=y,LMRK,,,post-show-census
2026-09-25,webedia-2026-09-27T18:45Z,2026-09-27T18:45:50.381126+00:00,2026-09-27T18:00Z,2026-09-27,Sunday,The Landmark Greenwood Village,,America/Denver,Forgotten Island,13:20,X0873:2026-09-27T13:20:00:5,34,Screen 5,Scope,,,,6.0,,https://booking.landmarktheatres.com/launch/ticketing/4c82f1c3-edb7-5320-8060-963a9dd01b72,webedia-api; occupancy_rate=6; reserved=y,LMRK,,,webedia-api
2026-09-25,webedia-2026-09-27T18:45Z,2026-09-27T18:45:50.381126+00:00,2026-09-27T18:00Z,2026-09-27,Sunday,The Landmark Greenwood Village,,America/Denver,Forgotten Island,15:10,X0873:2026-09-27T15:10:00:2,144,Screen 2,Scope,,,,0.0,,https://booking.landmarktheatres.com/launch/ticketing/89bc128a-3e17-5683-a473-8397f7f6b9d9,webedia-api; occupancy_rate=0; reserved=y,LMRK,,,webedia-api
2026-09-25,webedia-2026-09-27T18:45Z,2026-09-27T18:45:50.381126+00:00,2026-09-27T18:00Z,2026-09-27,Sunday,The Landmark Greenwood Village,,America/Denver,Forgotten Island,16:10,X0873:2026-09-27T16:10:00:5,204,Screen 5,Scope,,,,0.0,,https://booking.landmarktheatres.com/launch/ticketing/b1f530cf-c7f4-532f-964f-c59eb903f5b7,webedia-api; occupancy_rate=0; reserved=y,LMRK,,,webedia-api
2026-09-25,webedia-2026-09-27T18:45Z,2026-09-27T18:45:50.381126+00:00,2026-09-27T18:00Z,2026-09-27,Sunday,The Landmark Greenwood Village,,America/Denver,Forgotten Island,19:00,X0873:2026-09-27T19:00:00:5,374,Screen 5,Scope,,,,1.0,,https://booking.landmarktheatres.com/launch/ticketing/1421f166-d628-5c3a-a8ec-2db343924528,webedia-api; occupancy_rate=1; reserved=y,LMRK,,,webedia-api
2026-09-25,webedia-2026-09-27T18:45Z,2026-09-27T18:45:50.381126+00:00,2026-09-27T18:00Z,2026-09-27,Sunday,The Landmark Greenwood Village,,America/Denver,Heart of the Beast,13:30,X0873:2026-09-27T13:30:00:6,44,Screen 6,Scope,,,,4.0,,https://booking.landmarktheatres.com/launch/ticketing/15e77bbf-cbe7-5eb1-9331-027317488d4b,webedia-api; occupancy_rate=4; reserved=y,LMRK,,,webedia-api
2026-09-25,webedia-2026-09-27T18:45Z,2026-09-27T18:45:50.381126+00:00,2026-09-27T18:00Z,2026-09-27,Sunday,The Landmark Greenwood Village,,America/Denver,Heart of the Beast,16:20,X0873:2026-09-27T16:20:00:6,214,Screen 6,Scope,,,,5.0,,https://booking.landmarktheatres.com/launch/ticketing/d2d016f0-3910-5746-8e22-d15a64c0562f,webedia-api; occupancy_rate=5; reserved=y,LMRK,,,webedia-api
2026-09-25,webedia-2026-09-27T18:45Z,2026-09-27T18:45:50.381126+00:00,2026-09-27T18:00Z,2026-09-27,Sunday,The Landmark Greenwood Village,,America/Denver,Heart of the Beast,19:10,X0873:2026-09-27T19:10:00:6,384,Screen 6,Scope,,,,0.0,,https://booking.landmarktheatres.com/launch/ticketing/e4a9c18d-7ac2-5bfb-8c92-914e6371eb0b,webedia-api; occupancy_rate=0; reserved=y,LMRK,,,webedia-api
2026-09-25,webedia-2026-09-27T18:45Z,2026-09-27T18:45:50.381126+00:00,2026-09-27T18:00Z,2026-09-27,Sunday,The Landmark Greenwood Village,,America/Denver,Primetime,14:00,X0873:2026-09-27T14:00:00:Screen 3,74,Screen Screen 3,Digital,,,,3.0,,https://booking.landmarktheatres.com/launch/ticketing/997601fb-6226-50a9-a0d0-620d49f3e3b2,webedia-api; occupancy_rate=3; reserved=y,LMRK,,,webedia-api
2026-09-25,webedia-2026-09-27T18:45Z,2026-09-27T18:45:50.381126+00:00,2026-09-27T18:00Z,2026-09-27,Sunday,The Landmark Greenwood Village,,America/Denver,Primetime,16:45,X0873:2026-09-27T16:45:00:Screen 3,239,Screen Screen 3,Digital,,,,5.0,,https://booking.landmarktheatres.com/launch/ticketing/076171d1-be16-5c73-bc29-fcc0140318f8,webedia-api; occupancy_rate=5; reserved=y,LMRK,,,webedia-api
2026-09-25,webedia-2026-09-27T18:45Z,2026-09-27T18:45:50.381126+00:00,2026-09-27T18:00Z,2026-09-27,Sunday,The Landmark Greenwood Village,,America/Denver,Primetime,18:00,X0873:2026-09-27T18:00:00:2,314,Screen 2,Digital,,,,2.0,,https://booking.landmarktheatres.com/launch/ticketing/bb580ed3-9304-5406-8234-cac005dc22b7,webedia-api; occupancy_rate=2; reserved=y,LMRK,,,webedia-api
2026-09-25,webedia-2026-09-27T18:45Z,2026-09-27T18:45:50.381126+00:00,2026-09-27T18:00Z,2026-09-27,Sunday,The Landmark Greenwood Village,,America/Denver,Primetime,19:20,X0873:2026-09-27T19:20:00:Screen 3,394,Screen Screen 3,Digital,,,,3.0,,https://booking.landmarktheatres.com/launch/ticketing/c59d27a7-f7f9-52c4-a7ae-fff6575af815,webedia-api; occupancy_rate=3; reserved=y,LMRK,,,webedia-api
2026-09-25,webedia-2026-09-27T18:45Z,2026-09-27T18:45:50.381126+00:00,2026-09-27T18:00Z,2026-09-27,Sunday,"The Landmark at Merrick Park, Coral Gables",,America/New_York,Forgotten Island,10:15,X0XDF:2026-09-27T10:15:00:2,0,Screen 2,Scope,,,,9.0,,https://booking.landmarktheatres.com/launch/ticketing/e5968d23-02ac-57ca-bb43-397366405a79,webedia-api; post-show-census; occupancy_rate=9; reserved=y,LMRK,,,post-show-census
2026-09-25,webedia-2026-09-27T18:45Z,2026-09-27T18:45:50.381126+00:00,2026-09-27T18:00Z,2026-09-27,Sunday,"The Landmark at Merrick Park, Coral Gables",,America/New_York,Forgotten Island,12:00,X0XDF:2026-09-27T12:00:00:1,0,Screen 1,Scope,,,,6.0,,https://booking.landmarktheatres.com/launch/ticketing/25cf8edc-9970-5c0e-9761-8cb600893e6b,webedia-api; post-show-census; occupancy_rate=6; reserved=y,LMRK,,,post-show-census
2026-09-25,webedia-2026-09-27T18:45Z,2026-09-27T18:45:50.381126+00:00,2026-09-27T18:00Z,2026-09-27,Sunday,"The Landmark at Merrick Park, Coral Gables",,America/New_York,Forgotten Island,12:45,X0XDF:2026-09-27T12:45:00:6,0,Screen 6,Scope,,,,12.0,,https://booking.landmarktheatres.com/launch/ticketing/9c06874e-6767-5f9e-ae9a-95244153eb6a,webedia-api; post-show-census; occupancy_rate=12; reserved=y,LMRK,,,post-show-census
2026-09-25,webedia-2026-09-27T18:45Z,2026-09-27T18:45:50.381126+00:00,2026-09-27T18:00Z,2026-09-27,Sunday,"The Landmark at Merrick Park, Coral Gables",,America/New_York,Forgotten Island,13:45,X0XDF:2026-09-27T13:45:00:3,0,Screen 3,Scope,,,,5.0,,https://booking.landmarktheatres.com/launch/ticketing/c921ef12-0ffd-53b7-b098-2ffceb186d3d,webedia-api; post-show-census; occupancy_rate=5; reserved=y,LMRK,,,post-show-census
2026-09-25,webedia-2026-09-27T18:45Z,2026-09-27T18:45:50.381126+00:00,2026-09-27T18:00Z,2026-09-27,Sunday,"The Landmark at Merrick Park, Coral Gables",,America/New_York,Forgotten Island,16:30,X0XDF:2026-09-27T16:30:00:3,104,Screen 3,Scope,,,,4.0,,https://booking.landmarktheatres.com/launch/ticketing/9e7af95b-f5b2-5e9c-80ee-6e1cc5c3e3f4,webedia-api; occupancy_rate=4; reserved=y,LMRK,,,webedia-api
2026-09-25,webedia-2026-09-27T18:45Z,2026-09-27T18:45:50.381126+00:00,2026-09-27T18:00Z,2026-09-27,Sunday,"The Landmark at Merrick Park, Coral Gables",,America/New_York,Forgotten Island,18:30,X0XDF:2026-09-27T18:30:00:1,224,Screen 1,Scope,,,,7.0,,https://booking.landmarktheatres.com/launch/ticketing/16f0ab4c-f2b6-545a-9a27-6a64ccbd5bdd,webedia-api; occupancy_rate=7; reserved=y,LMRK,,,webedia-api
2026-09-25,webedia-2026-09-27T18:45Z,2026-09-27T18:45:50.381126+00:00,2026-09-27T18:00Z,2026-09-27,Sunday,"The Landmark at Merrick Park, Coral Gables",,America/New_York,Forgotten Island,19:15,X0XDF:2026-09-27T19:15:00:3,269,Screen 3,Scope,,,,0.0,,https://booking.landmarktheatres.com/launch/ticketing/4fef2167-5a76-5674-808d-f4ff9c26a913,webedia-api; occupancy_rate=0; reserved=y,LMRK,,,webedia-api
2026-09-25,webedia-2026-09-27T18:45Z,2026-09-27T18:45:50.381126+00:00,2026-09-27T18:00Z,2026-09-27,Sunday,"The Landmark at Merrick Park, Coral Gables",,America/New_York,Heart of the Beast,14:15,X0XDF:2026-09-27T14:15:00:4,0,Screen 4,Scope,,,,42.0,,https://booking.landmarktheatres.com/launch/ticketing/707ad21c-94a3-502d-a170-164da6f640d6,webedia-api; post-show-census; occupancy_rate=42; reserved=y,LMRK,,,post-show-census
2026-09-25,webedia-2026-09-27T18:45Z,2026-09-27T18:45:50.381126+00:00,2026-09-27T18:00Z,2026-09-27,Sunday,"The Landmark at Merrick Park, Coral Gables",,America/New_York,Heart of the Beast,16:45,X0XDF:2026-09-27T16:45:00:4,119,Screen 4,Scope,,,,64.0,,https://booking.landmarktheatres.com/launch/ticketing/b5fbaa31-1407-597a-8108-4a04c6972e04,webedia-api; occupancy_rate=64; reserved=y,LMRK,,,webedia-api
2026-09-25,webedia-2026-09-27T18:45Z,2026-09-27T18:45:50.381126+00:00,2026-09-27T18:00Z,2026-09-27,Sunday,"The Landmark at Merrick Park, Coral Gables",,America/New_York,Heart of the Beast,19:45,X0XDF:2026-09-27T19:45:00:Screen 5,299,Screen Screen 5,Scope,,,,17.0,,https://booking.landmarktheatres.com/launch/ticketing/79a393ea-f0cb-557d-94f7-5ef3624956b9,webedia-api; occupancy_rate=17; reserved=y,LMRK,,,webedia-api
2026-09-25,webedia-2026-09-27T18:45Z,2026-09-27T18:45:50.381126+00:00,2026-09-27T18:00Z,2026-09-27,Sunday,Blackstone Valley 14: Cinema de Lux,,America/New_York,Forgotten Island,15:10,X06PR:2026-09-27T15:10:00:7,24,Screen 7,Digital,,,,3.0,,https://tickets.showcasecinemas.com/launch/ticketing/80a56011-ee36-5522-b628-1087bc8dd5b0,webedia-api; occupancy_rate=3; reserved=y,SHOW,,,webedia-api
2026-09-25,webedia-2026-09-27T18:45Z,2026-09-27T18:45:50.381126+00:00,2026-09-27T18:00Z,2026-09-27,Sunday,Blackstone Valley 14: Cinema de Lux,,America/New_York,Forgotten Island,16:00,X06PR:2026-09-27T16:00:00:11,74,Screen 11,3d,,,,6.0,,https://tickets.showcasecinemas.com/launch/ticketing/5c3dc8d6-80e3-5f6e-8351-4c0bb4e52afb,webedia-api; occupancy_rate=6; reserved=y,SHOW,,,webedia-api
2026-09-25,webedia-2026-09-27T18:45Z,2026-09-27T18:45:50.381126+00:00,2026-09-27T18:00Z,2026-09-27,Sunday,Blackstone Valley 14: Cinema de Lux,,America/New_York,Forgotten Island,18:50,X06PR:2026-09-27T18:50:00:11,244,Screen 11,Digital,,,,0.0,,https://tickets.showcasecinemas.com/launch/ticketing/396ba634-c461-5336-a90a-d118c904bef3,webedia-api; occupancy_rate=0; reserved=y,SHOW,,,webedia-api
2026-09-25,webedia-2026-09-27T18:45Z,2026-09-27T18:45:50.381126+00:00,2026-09-27T18:00Z,2026-09-27,Sunday,Blackstone Valley 14: Cinema de Lux,,America/New_York,Forgotten Island,21:40,X06PR:2026-09-27T21:40:00:11,414,Screen 11,Digital,,,,0.0,,https://tickets.showcasecinemas.com/launch/ticketing/e7241b9b-d7f3-5913-b1ec-29e9fc062018,webedia-api; occupancy_rate=0; reserved=y,SHOW,,,webedia-api
2026-09-25,webedia-2026-09-27T18:45Z,2026-09-27T18:45:50.381126+00:00,2026-09-27T18:00Z,2026-09-27,Sunday,Blackstone Valley 14: Cinema de Lux,,America/New_York,Heart of the Beast,14:05,X06PR:2026-09-27T14:05:00:13,0,Screen 13,Digital,,,,50.0,,https://tickets.showcasecinemas.com/launch/ticketing/cfec380c-e60e-50a2-8ff5-af836b9c78be,webedia-api; post-show-census; occupancy_rate=50; reserved=y,SHOW,,,post-show-census
2026-09-25,webedia-2026-09-27T18:45Z,2026-09-27T18:45:50.381126+00:00,2026-09-27T18:00Z,2026-09-27,Sunday,Blackstone Valley 14: Cinema de Lux,,America/New_York,Heart of the Beast,16:35,X06PR:2026-09-27T16:35:00:13,109,Screen 13,Digital,,,,30.0,,https://tickets.showcasecinemas.com/launch/ticketing/570c7f34-2d60-5a17-84fa-5d90fb52cd62,webedia-api; occupancy_rate=30; reserved=y,SHOW,,,webedia-api
2026-09-25,webedia-2026-09-27T18:45Z,2026-09-27T18:45:50.381126+00:00,2026-09-27T18:00Z,2026-09-27,Sunday,Blackstone Valley 14: Cinema de Lux,,America/New_York,Heart of the Beast,19:10,X06PR:2026-09-27T19:10:00:13,264,Screen 13,Digital,,,,0.0,,https://tickets.showcasecinemas.com/launch/ticketing/40524984-4b48-5736-905e-612d1e5766f8,webedia-api; occupancy_rate=0; reserved=y,SHOW,,,webedia-api
2026-09-25,webedia-2026-09-27T18:45Z,2026-09-27T18:45:50.381126+00:00,2026-09-27T18:00Z,2026-09-27,Sunday,Blackstone Valley 14: Cinema de Lux,,America/New_York,Heart of the Beast,21:45,X06PR:2026-09-27T21:45:00:13,419,Screen 13,Digital,,,,0.0,,https://tickets.showcasecinemas.com/launch/ticketing/aaed8cdf-c9d7-56dc-8484-c094d79b91ab,webedia-api; occupancy_rate=0; reserved=y,SHOW,,,webedia-api
2026-09-25,webedia-2026-09-27T18:45Z,2026-09-27T18:45:50.381126+00:00,2026-09-27T18:00Z,2026-09-27,Sunday,Blackstone Valley 14: Cinema de Lux,,America/New_York,Primetime,15:45,X06PR:2026-09-27T15:45:00:12,59,Screen 12,Digital,,,,28.0,,https://tickets.showcasecinemas.com/launch/ticketing/5ff2a8b9-8872-553e-92ce-5b14419babfd,webedia-api; occupancy_rate=28; reserved=y,SHOW,,,webedia-api
2026-09-25,webedia-2026-09-27T18:45Z,2026-09-27T18:45:50.381126+00:00,2026-09-27T18:00Z,2026-09-27,Sunday,Blackstone Valley 14: Cinema de Lux,,America/New_York,Primetime,18:45,X06PR:2026-09-27T18:45:00:12,239,Screen 12,Digital,,,,15.0,,https://tickets.showcasecinemas.com/launch/ticketing/3b7cb6d9-9b18-5c98-acfd-1b68ced105f2,webedia-api; occupancy_rate=15; reserved=y,SHOW,,,webedia-api
2026-09-25,webedia-2026-09-27T18:45Z,2026-09-27T18:45:50.381126+00:00,2026-09-27T18:00Z,2026-09-27,Sunday,Blackstone Valley 14: Cinema de Lux,,America/New_York,Primetime,21:30,X06PR:2026-09-27T21:30:00:12,404,Screen 12,Digital,,,,2.0,,https://tickets.showcasecinemas.com/launch/ticketing/4042efe1-f9be-5257-a056-febeb0e700d8,webedia-api; occupancy_rate=2; reserved=y,SHOW,,,webedia-api
2026-09-25,webedia-2026-09-27T18:45Z,2026-09-27T18:45:50.381126+00:00,2026-09-27T18:00Z,2026-09-27,Sunday,Island 16: Cinema de Lux,,America/New_York,Forgotten Island,15:50,X06DU:2026-09-27T15:50:00:9,64,Screen 9,3d,,,,14.0,,https://tickets.showcasecinemas.com/launch/ticketing/6b64afe6-4a5b-5aeb-ad73-2873913d1e0f,webedia-api; occupancy_rate=14; reserved=y,SHOW,,,webedia-api
2026-09-25,webedia-2026-09-27T18:45Z,2026-09-27T18:45:50.381126+00:00,2026-09-27T18:00Z,2026-09-27,Sunday,Island 16: Cinema de Lux,,America/New_York,Forgotten Island,18:45,X06DU:2026-09-27T18:45:00:9,239,Screen 9,Digital,,,,5.0,,https://tickets.showcasecinemas.com/launch/ticketing/ab4065bd-2272-5ad2-9a79-d2661f3df933,webedia-api; occupancy_rate=5; reserved=y,SHOW,,,webedia-api
2026-09-25,webedia-2026-09-27T18:45Z,2026-09-27T18:45:50.381126+00:00,2026-09-27T18:00Z,2026-09-27,Sunday,Island 16: Cinema de Lux,,America/New_York,Forgotten Island,21:35,X06DU:2026-09-27T21:35:00:9,409,Screen 9,Digital,,,,0.0,,https://tickets.showcasecinemas.com/launch/ticketing/2b97e0e3-944b-5de2-982d-9f06542c5adb,webedia-api; occupancy_rate=0; reserved=y,SHOW,,,webedia-api
2026-09-25,webedia-2026-09-27T18:45Z,2026-09-27T18:45:50.381126+00:00,2026-09-27T18:00Z,2026-09-27,Sunday,Island 16: Cinema de Lux,,America/New_York,Heart of the Beast,14:05,X06DU:2026-09-27T14:05:00:8,0,Screen 8,Digital,,,,62.0,,https://tickets.showcasecinemas.com/launch/ticketing/b8108f6c-77d1-5e57-8dd5-8fe2f4644215,webedia-api; post-show-census; occupancy_rate=62; reserved=y,SHOW,,,post-show-census
2026-09-25,webedia-2026-09-27T18:45Z,2026-09-27T18:45:50.381126+00:00,2026-09-27T18:00Z,2026-09-27,Sunday,Island 16: Cinema de Lux,,America/New_York,Heart of the Beast,16:40,X06DU:2026-09-27T16:40:00:8,114,Screen 8,Digital,,,,44.0,,https://tickets.showcasecinemas.com/launch/ticketing/ac2f5e9e-47f9-5863-a03c-e2036aad42a4,webedia-api; occupancy_rate=44; reserved=y,SHOW,,,webedia-api
2026-09-25,webedia-2026-09-27T18:45Z,2026-09-27T18:45:50.381126+00:00,2026-09-27T18:00Z,2026-09-27,Sunday,Island 16: Cinema de Lux,,America/New_York,Heart of the Beast,19:20,X06DU:2026-09-27T19:20:00:8,274,Screen 8,Digital,,,,21.0,,https://tickets.showcasecinemas.com/launch/ticketing/59282e56-5276-5663-b80e-f31bf7dcb5ac,webedia-api; occupancy_rate=21; reserved=y,SHOW,,,webedia-api
2026-09-25,webedia-2026-09-27T18:45Z,2026-09-27T18:45:50.381126+00:00,2026-09-27T18:00Z,2026-09-27,Sunday,Island 16: Cinema de Lux,,America/New_York,Heart of the Beast,22:00,X06DU:2026-09-27T22:00:00:8,434,Screen 8,Digital,,,,2.0,,https://tickets.showcasecinemas.com/launch/ticketing/6aec800c-9022-52bf-92f7-e3a2a712c7e4,webedia-api; occupancy_rate=2; reserved=y,SHOW,,,webedia-api
2026-09-25,webedia-2026-09-27T18:45Z,2026-09-27T18:45:50.381126+00:00,2026-09-27T18:00Z,2026-09-27,Sunday,Island 16: Cinema de Lux,,America/New_York,Primetime,13:30,X06DU:2026-09-27T13:30:00:15,0,Screen 15,Digital,,,,36.0,,https://tickets.showcasecinemas.com/launch/ticketing/906c07cb-8d02-587f-a5f0-8352b2307ed2,webedia-api; post-show-census; occupancy_rate=36; reserved=y,SHOW,,,post-show-census
2026-09-25,webedia-2026-09-27T18:45Z,2026-09-27T18:45:50.381126+00:00,2026-09-27T18:00Z,2026-09-27,Sunday,Island 16: Cinema de Lux,,America/New_York,Primetime,16:20,X06DU:2026-09-27T16:20:00:15,94,Screen 15,Digital,,,,39.0,,https://tickets.showcasecinemas.com/launch/ticketing/c3f22e4d-c3da-5e76-aa07-e4858e9f71f5,webedia-api; occupancy_rate=39; reserved=y,SHOW,,,webedia-api
2026-09-25,webedia-2026-09-27T18:45Z,2026-09-27T18:45:50.381126+00:00,2026-09-27T18:00Z,2026-09-27,Sunday,Island 16: Cinema de Lux,,America/New_York,Primetime,19:10,X06DU:2026-09-27T19:10:00:15,264,Screen 15,Digital,,,,21.0,,https://tickets.showcasecinemas.com/launch/ticketing/ea8e31e1-01eb-5ca2-bbd8-de19884715aa,webedia-api; occupancy_rate=21; reserved=y,SHOW,,,webedia-api
2026-09-25,webedia-2026-09-27T18:45Z,2026-09-27T18:45:50.381126+00:00,2026-09-27T18:00Z,2026-09-27,Sunday,Island 16: Cinema de Lux,,America/New_York,Primetime,22:00,X06DU:2026-09-27T22:00:00:15,434,Screen 15,Digital,,,,0.0,,https://tickets.showcasecinemas.com/launch/ticketing/5ede80c8-ef33-57e6-8210-ccf822632e8a,webedia-api; occupancy_rate=0; reserved=y,SHOW,,,webedia-api
2026-09-25,webedia-2026-09-27T18:45Z,2026-09-27T18:45:50.381126+00:00,2026-09-27T18:00Z,2026-09-27,Sunday,Showcase Cinema de Lux Cross County,,America/New_York,Forgotten Island,15:50,X000P:2026-09-27T15:50:00:3,64,Screen 3,3d,,,,16.0,,https://tickets.showcasecinemas.com/launch/ticketing/a62a83fe-901b-586a-a325-bf20d050553e,webedia-api; occupancy_rate=16; reserved=y,SHOW,,,webedia-api
2026-09-25,webedia-2026-09-27T18:45Z,2026-09-27T18:45:50.381126+00:00,2026-09-27T18:00Z,2026-09-27,Sunday,Showcase Cinema de Lux Cross County,,America/New_York,Forgotten Island,18:45,X000P:2026-09-27T18:45:00:3,239,Screen 3,Digital,,,,2.0,,https://tickets.showcasecinemas.com/launch/ticketing/59b35f76-e5c9-5cc2-a938-9f7046f1b302,webedia-api; occupancy_rate=2; reserved=y,SHOW,,,webedia-api
2026-09-25,webedia-2026-09-27T18:45Z,2026-09-27T18:45:50.381126+00:00,2026-09-27T18:00Z,2026-09-27,Sunday,Showcase Cinema de Lux Cross County,,America/New_York,Forgotten Island,21:35,X000P:2026-09-27T21:35:00:3,409,Screen 3,Digital,,,,0.0,,https://tickets.showcasecinemas.com/launch/ticketing/783b4f69-8a6d-51c6-b7b6-8b81ba0e9881,webedia-api; occupancy_rate=0; reserved=y,SHOW,,,webedia-api
2026-09-25,webedia-2026-09-27T18:45Z,2026-09-27T18:45:50.381126+00:00,2026-09-27T18:00Z,2026-09-27,Sunday,Showcase Cinema de Lux Cross County,,America/New_York,Heart of the Beast,14:05,X000P:2026-09-27T14:05:00:5,0,Screen 5,Digital,,,,54.0,,https://tickets.showcasecinemas.com/launch/ticketing/fd44ed2a-b671-5056-bf24-bf07eb06e776,webedia-api; post-show-census; occupancy_rate=54; reserved=y,SHOW,,,post-show-census
2026-09-25,webedia-2026-09-27T18:45Z,2026-09-27T18:45:50.381126+00:00,2026-09-27T18:00Z,2026-09-27,Sunday,Showcase Cinema de Lux Cross County,,America/New_York,Heart of the Beast,16:40,X000P:2026-09-27T16:40:00:5,114,Screen 5,Digital,,,,51.0,,https://tickets.showcasecinemas.com/launch/ticketing/8e250615-4696-5307-9a5c-593671b617a0,webedia-api; occupancy_rate=51; reserved=y,SHOW,,,webedia-api
2026-09-25,webedia-2026-09-27T18:45Z,2026-09-27T18:45:50.381126+00:00,2026-09-27T18:00Z,2026-09-27,Sunday,Showcase Cinema de Lux Cross County,,America/New_York,Heart of the Beast,19:20,X000P:2026-09-27T19:20:00:5,274,Screen 5,Digital,,,,8.0,,https://tickets.showcasecinemas.com/launch/ticketing/487b0709-8dd2-5517-9eb1-86e71d70dc90,webedia-api; occupancy_rate=8; reserved=y,SHOW,,,webedia-api
2026-09-25,webedia-2026-09-27T18:45Z,2026-09-27T18:45:50.381126+00:00,2026-09-27T18:00Z,2026-09-27,Sunday,Showcase Cinema de Lux Cross County,,America/New_York,Heart of the Beast,22:00,X000P:2026-09-27T22:00:00:5,434,Screen 5,Digital,,,,0.0,,https://tickets.showcasecinemas.com/launch/ticketing/b7305c5c-dc17-5bda-90d7-5e3a84ff4b4b,webedia-api; occupancy_rate=0; reserved=y,SHOW,,,webedia-api
2026-09-25,webedia-2026-09-27T18:45Z,2026-09-27T18:45:50.381126+00:00,2026-09-27T18:00Z,2026-09-27,Sunday,Showcase Cinema de Lux Cross County,,America/New_York,Primetime,13:30,X000P:2026-09-27T13:30:00:2,0,Screen 2,Digital,,,,19.0,,https://tickets.showcasecinemas.com/launch/ticketing/370fae33-6a99-5e00-a5a4-aaa7e66d73d1,webedia-api; post-show-census; occupancy_rate=19; reserved=y,SHOW,,,post-show-census
2026-09-25,webedia-2026-09-27T18:45Z,2026-09-27T18:45:50.381126+00:00,2026-09-27T18:00Z,2026-09-27,Sunday,Showcase Cinema de Lux Cross County,,America/New_York,Primetime,16:20,X000P:2026-09-27T16:20:00:2,94,Screen 2,Digital,,,,3.0,,https://tickets.showcasecinemas.com/launch/ticketing/3646a3a1-55f2-5b18-ba69-bebe16923735,webedia-api; occupancy_rate=3; reserved=y,SHOW,,,webedia-api
2026-09-25,webedia-2026-09-27T18:45Z,2026-09-27T18:45:50.381126+00:00,2026-09-27T18:00Z,2026-09-27,Sunday,Showcase Cinema de Lux Cross County,,America/New_York,Primetime,19:10,X000P:2026-09-27T19:10:00:2,264,Screen 2,Digital,,,,16.0,,https://tickets.showcasecinemas.com/launch/ticketing/8ac0380d-56d5-5540-a983-c90e819419a3,webedia-api; occupancy_rate=16; reserved=y,SHOW,,,webedia-api
2026-09-25,webedia-2026-09-27T18:45Z,2026-09-27T18:45:50.381126+00:00,2026-09-27T18:00Z,2026-09-27,Sunday,Showcase Cinema de Lux Cross County,,America/New_York,Primetime,22:00,X000P:2026-09-27T22:00:00:2,434,Screen 2,Digital,,,,0.0,,https://tickets.showcasecinemas.com/launch/ticketing/524f6461-eff3-512f-a958-be7e671fbfdd,webedia-api; occupancy_rate=0; reserved=y,SHOW,,,webedia-api
2026-09-25,webedia-2026-09-27T18:45Z,2026-09-27T18:45:50.381126+00:00,2026-09-27T18:00Z,2026-09-27,Sunday,Showcase Cinema de Lux Farmingdale,,America/New_York,Forgotten Island,15:50,X00UF:2026-09-27T15:50:00:10,64,Screen 10,3d,,,,0.0,,https://tickets.showcasecinemas.com/launch/ticketing/146bfb52-2a87-56c7-af25-80a1ab60b612,webedia-api; occupancy_rate=0; reserved=y,SHOW,,,webedia-api
2026-09-25,webedia-2026-09-27T18:45Z,2026-09-27T18:45:50.381126+00:00,2026-09-27T18:00Z,2026-09-27,Sunday,Showcase Cinema de Lux Farmingdale,,America/New_York,Forgotten Island,18:45,X00UF:2026-09-27T18:45:00:10,239,Screen 10,Digital,,,,2.0,,https://tickets.showcasecinemas.com/launch/ticketing/1eef9764-8927-5ef3-b368-d3404565f585,webedia-api; occupancy_rate=2; reserved=y,SHOW,,,webedia-api
2026-09-25,webedia-2026-09-27T18:45Z,2026-09-27T18:45:50.381126+00:00,2026-09-27T18:00Z,2026-09-27,Sunday,Showcase Cinema de Lux Farmingdale,,America/New_York,Forgotten Island,21:35,X00UF:2026-09-27T21:35:00:10,409,Screen 10,Digital,,,,0.0,,https://tickets.showcasecinemas.com/launch/ticketing/1e5432de-4473-5b58-8b7c-8a7e4cc49480,webedia-api; occupancy_rate=0; reserved=y,SHOW,,,webedia-api
2026-09-25,webedia-2026-09-27T18:45Z,2026-09-27T18:45:50.381126+00:00,2026-09-27T18:00Z,2026-09-27,Sunday,Showcase Cinema de Lux Farmingdale,,America/New_York,Heart of the Beast,14:05,X00UF:2026-09-27T14:05:00:5,0,Screen 5,Digital,,,,41.0,,https://tickets.showcasecinemas.com/launch/ticketing/16427a7d-935b-500c-a9d8-0300d0310e0d,webedia-api; post-show-census; occupancy_rate=41; reserved=y,SHOW,,,post-show-census
2026-09-25,webedia-2026-09-27T18:45Z,2026-09-27T18:45:50.381126+00:00,2026-09-27T18:00Z,2026-09-27,Sunday,Showcase Cinema de Lux Farmingdale,,America/New_York,Heart of the Beast,16:40,X00UF:2026-09-27T16:40:00:5,114,Screen 5,Digital,,,,11.0,,https://tickets.showcasecinemas.com/launch/ticketing/548e2dc5-330e-5f62-b133-372636315462,webedia-api; occupancy_rate=11; reserved=y,SHOW,,,webedia-api
2026-09-25,webedia-2026-09-27T18:45Z,2026-09-27T18:45:50.381126+00:00,2026-09-27T18:00Z,2026-09-27,Sunday,Showcase Cinema de Lux Farmingdale,,America/New_York,Heart of the Beast,19:20,X00UF:2026-09-27T19:20:00:5,274,Screen 5,Digital,,,,2.0,,https://tickets.showcasecinemas.com/launch/ticketing/8d6301c3-dc4c-5839-9bac-88930222eb4e,webedia-api; occupancy_rate=2; reserved=y,SHOW,,,webedia-api
2026-09-25,webedia-2026-09-27T18:45Z,2026-09-27T18:45:50.381126+00:00,2026-09-27T18:00Z,2026-09-27,Sunday,Showcase Cinema de Lux Farmingdale,,America/New_York,Heart of the Beast,22:00,X00UF:2026-09-27T22:00:00:5,434,Screen 5,Digital,,,,0.0,,https://tickets.showcasecinemas.com/launch/ticketing/75154191-88e5-5cb1-88cc-e7e0cc701b76,webedia-api; occupancy_rate=0; reserved=y,SHOW,,,webedia-api
2026-09-25,webedia-2026-09-27T18:45Z,2026-09-27T18:45:50.381126+00:00,2026-09-27T18:00Z,2026-09-27,Sunday,Showcase Cinema de Lux Farmingdale,,America/New_York,Primetime,13:30,X00UF:2026-09-27T13:30:00:6,0,Screen 6,Digital,,,,32.0,,https://tickets.showcasecinemas.com/launch/ticketing/cc400b03-4a8f-500a-9c50-639a5833b7dd,webedia-api; post-show-census; occupancy_rate=32; reserved=y,SHOW,,,post-show-census
2026-09-25,webedia-2026-09-27T18:45Z,2026-09-27T18:45:50.381126+00:00,2026-09-27T18:00Z,2026-09-27,Sunday,Showcase Cinema de Lux Farmingdale,,America/New_York,Primetime,16:20,X00UF:2026-09-27T16:20:00:6,94,Screen 6,Digital,,,,14.0,,https://tickets.showcasecinemas.com/launch/ticketing/881614e4-d694-505e-ab45-1d01f55dc556,webedia-api; occupancy_rate=14; reserved=y,SHOW,,,webedia-api
2026-09-25,webedia-2026-09-27T18:45Z,2026-09-27T18:45:50.381126+00:00,2026-09-27T18:00Z,2026-09-27,Sunday,Showcase Cinema de Lux Farmingdale,,America/New_York,Primetime,19:10,X00UF:2026-09-27T19:10:00:6,264,Screen 6,Digital,,,,5.0,,https://tickets.showcasecinemas.com/launch/ticketing/0851b5e9-9d84-5d7f-8d5c-fc7100115a5c,webedia-api; occupancy_rate=5; reserved=y,SHOW,,,webedia-api
2026-09-25,webedia-2026-09-27T18:45Z,2026-09-27T18:45:50.381126+00:00,2026-09-27T18:00Z,2026-09-27,Sunday,Showcase Cinema de Lux Farmingdale,,America/New_York,Primetime,22:00,X00UF:2026-09-27T22:00:00:6,434,Screen 6,Digital,,,,0.0,,https://tickets.showcasecinemas.com/launch/ticketing/09294db5-ce24-5c0d-82fc-c46065712969,webedia-api; occupancy_rate=0; reserved=y,SHOW,,,webedia-api
2026-09-25,webedia-2026-09-27T18:45Z,2026-09-27T18:45:50.381126+00:00,2026-09-27T18:00Z,2026-09-27,Sunday,Showcase Cinema de Lux Hanover Crossing,,America/New_York,Forgotten Island,14:45,G019K:2026-09-27T14:45:00:Screen 6,0,Screen Screen 6,Digital,,,,49.0,,https://tickets.showcasecinemas.com/launch/ticketing/d08ed905-a23b-5584-82fc-7528558d48d6,webedia-api; post-show-census; occupancy_rate=49; reserved=y,SHOW,,,post-show-census
2026-09-25,webedia-2026-09-27T18:45Z,2026-09-27T18:45:50.381126+00:00,2026-09-27T18:00Z,2026-09-27,Sunday,Showcase Cinema de Lux Hanover Crossing,,America/New_York,Forgotten Island,15:30,G019K:2026-09-27T15:30:00:Screen 4,44,Screen Screen 4,3d,,,,19.0,,https://tickets.showcasecinemas.com/launch/ticketing/4f34af5b-a914-58d8-87a2-b0b06df9388c,webedia-api; occupancy_rate=19; reserved=y,SHOW,,,webedia-api
2026-09-25,webedia-2026-09-27T18:45Z,2026-09-27T18:45:50.381126+00:00,2026-09-27T18:00Z,2026-09-27,Sunday,Showcase Cinema de Lux Hanover Crossing,,America/New_York,Forgotten Island,18:30,G019K:2026-09-27T18:30:00:Screen 4,224,Screen Screen 4,Digital,,,,8.0,,https://tickets.showcasecinemas.com/launch/ticketing/fb6faec8-fe7d-5ccd-a073-40e0e50093b8,webedia-api; occupancy_rate=8; reserved=y,SHOW,,,webedia-api
2026-09-25,webedia-2026-09-27T18:45Z,2026-09-27T18:45:50.381126+00:00,2026-09-27T18:00Z,2026-09-27,Sunday,Showcase Cinema de Lux Hanover Crossing,,America/New_York,Forgotten Island,21:15,G019K:2026-09-27T21:15:00:Screen 4,389,Screen Screen 4,Digital,,,,0.0,,https://tickets.showcasecinemas.com/launch/ticketing/d24d2a2f-2a5d-5efe-aec0-ad760b41e309,webedia-api; occupancy_rate=0; reserved=y,SHOW,,,webedia-api
2026-09-25,webedia-2026-09-27T18:45Z,2026-09-27T18:45:50.381126+00:00,2026-09-27T18:00Z,2026-09-27,Sunday,Showcase Cinema de Lux Hanover Crossing,,America/New_York,Heart of the Beast,13:45,G019K:2026-09-27T13:45:00:Screen 2,0,Screen Screen 2,Digital,,,,70.0,,https://tickets.showcasecinemas.com/launch/ticketing/ca3a9a37-009a-5e3c-bd14-8d211149a26f,webedia-api; post-show-census; occupancy_rate=70; reserved=y,SHOW,,,post-show-census
2026-09-25,webedia-2026-09-27T18:45Z,2026-09-27T18:45:50.381126+00:00,2026-09-27T18:00Z,2026-09-27,Sunday,Showcase Cinema de Lux Hanover Crossing,,America/New_York,Heart of the Beast,15:15,G019K:2026-09-27T15:15:00:Screen 1,29,Screen Screen 1,Digital,,,,56.0,,https://tickets.showcasecinemas.com/launch/ticketing/b1631038-6116-5758-87e7-8f5f643e1493,webedia-api; occupancy_rate=56; reserved=y,SHOW,,,webedia-api
2026-09-25,webedia-2026-09-27T18:45Z,2026-09-27T18:45:50.381126+00:00,2026-09-27T18:00Z,2026-09-27,Sunday,Showcase Cinema de Lux Hanover Crossing,,America/New_York,Heart of the Beast,16:15,G019K:2026-09-27T16:15:00:Screen 2,89,Screen Screen 2,Digital,,,,47.0,,https://tickets.showcasecinemas.com/launch/ticketing/21dca76b-fc3b-52ac-b5bd-98191565516f,webedia-api; occupancy_rate=47; reserved=y,SHOW,,,webedia-api
2026-09-25,webedia-2026-09-27T18:45Z,2026-09-27T18:45:50.381126+00:00,2026-09-27T18:00Z,2026-09-27,Sunday,Showcase Cinema de Lux Hanover Crossing,,America/New_York,Heart of the Beast,19:00,G019K:2026-09-27T19:00:00:Screen 2,254,Screen Screen 2,Digital,,,,16.0,,https://tickets.showcasecinemas.com/launch/ticketing/dd65b327-1ae8-5597-aef8-766521feab82,webedia-api; occupancy_rate=16; reserved=y,SHOW,,,webedia-api
2026-09-25,webedia-2026-09-27T18:45Z,2026-09-27T18:45:50.381126+00:00,2026-09-27T18:00Z,2026-09-27,Sunday,Showcase Cinema de Lux Hanover Crossing,,America/New_York,Heart of the Beast,21:30,G019K:2026-09-27T21:30:00:Screen 2,404,Screen Screen 2,Digital,,,,3.0,,https://tickets.showcasecinemas.com/launch/ticketing/4f8b226f-8b55-591f-9e73-f3fe363c41db,webedia-api; occupancy_rate=3; reserved=y,SHOW,,,webedia-api
2026-09-25,webedia-2026-09-27T18:45Z,2026-09-27T18:45:50.381126+00:00,2026-09-27T18:00Z,2026-09-27,Sunday,Showcase Cinema de Lux Hanover Crossing,,America/New_York,Primetime,15:45,G019K:2026-09-27T15:45:00:Screen 7,59,Screen Screen 7,Digital,,,,30.0,,https://tickets.showcasecinemas.com/launch/ticketing/9cd24bb9-1415-511d-8176-6e26b3430bad,webedia-api; occupancy_rate=30; reserved=y,SHOW,,,webedia-api
2026-09-25,webedia-2026-09-27T18:45Z,2026-09-27T18:45:50.381126+00:00,2026-09-27T18:00Z,2026-09-27,Sunday,Showcase Cinema de Lux Hanover Crossing,,America/New_York,Primetime,18:50,G019K:2026-09-27T18:50:00:Screen 7,244,Screen Screen 7,Digital,,,,13.0,,https://tickets.showcasecinemas.com/launch/ticketing/1532da2c-c6b5-5449-b2ac-e3ad04e5372f,webedia-api; occupancy_rate=13; reserved=y,SHOW,,,webedia-api
2026-09-25,webedia-2026-09-27T18:45Z,2026-09-27T18:45:50.381126+00:00,2026-09-27T18:00Z,2026-09-27,Sunday,Showcase Cinema de Lux Hanover Crossing,,America/New_York,Primetime,21:30,G019K:2026-09-27T21:30:00:Screen 7,404,Screen Screen 7,Digital,,,,0.0,,https://tickets.showcasecinemas.com/launch/ticketing/d17ba91b-ef58-55a3-8e8b-037c0afcdd61,webedia-api; occupancy_rate=0; reserved=y,SHOW,,,webedia-api
2026-09-25,webedia-2026-09-27T18:45Z,2026-09-27T18:45:50.381126+00:00,2026-09-27T18:00Z,2026-09-27,Sunday,Showcase Cinema de Lux Legacy Place,,America/New_York,Forgotten Island,15:10,X0C11:2026-09-27T15:10:00:13,24,Screen 13,3d,,,,54.0,,https://tickets.showcasecinemas.com/launch/ticketing/ef15349d-d400-5561-bda1-9ae8b20cf133,webedia-api; occupancy_rate=54; reserved=y,SHOW,,,webedia-api
2026-09-25,webedia-2026-09-27T18:45Z,2026-09-27T18:45:50.381126+00:00,2026-09-27T18:00Z,2026-09-27,Sunday,Showcase Cinema de Lux Legacy Place,,America/New_York,Forgotten Island,18:10,X0C11:2026-09-27T18:10:00:13,204,Screen 13,Digital,,,,21.0,,https://tickets.showcasecinemas.com/launch/ticketing/2db56367-0b0f-5167-ab71-435025972605,webedia-api; occupancy_rate=21; reserved=y,SHOW,,,webedia-api
2026-09-25,webedia-2026-09-27T18:45Z,2026-09-27T18:45:50.381126+00:00,2026-09-27T18:00Z,2026-09-27,Sunday,Showcase Cinema de Lux Legacy Place,,America/New_York,Forgotten Island,21:10,X0C11:2026-09-27T21:10:00:13,384,Screen 13,Digital,,,,0.0,,https://tickets.showcasecinemas.com/launch/ticketing/1d62dbcf-d349-56f0-8c03-e9cd30f69ad4,webedia-api; occupancy_rate=0; reserved=y,SHOW,,,webedia-api
2026-09-25,webedia-2026-09-27T18:45Z,2026-09-27T18:45:50.381126+00:00,2026-09-27T18:00Z,2026-09-27,Sunday,Showcase Cinema de Lux Legacy Place,,America/New_York,Heart of the Beast,16:10,X0C11:2026-09-27T16:10:00:10,84,Screen 10,Digital,,,,84.0,,https://tickets.showcasecinemas.com/launch/ticketing/1f5e7797-45bd-5472-aa49-68d0d1a190b9,webedia-api; occupancy_rate=84; reserved=y,SHOW,,,webedia-api
2026-09-25,webedia-2026-09-27T18:45Z,2026-09-27T18:45:50.381126+00:00,2026-09-27T18:00Z,2026-09-27,Sunday,Showcase Cinema de Lux Legacy Place,,America/New_York,Heart of the Beast,19:00,X0C11:2026-09-27T19:00:00:10,254,Screen 10,Digital,,,,50.0,,https://tickets.showcasecinemas.com/launch/ticketing/dded27d1-6eaa-5a27-befd-e63a1ba146fa,webedia-api; occupancy_rate=50; reserved=y,SHOW,,,webedia-api
2026-09-25,webedia-2026-09-27T18:45Z,2026-09-27T18:45:50.381126+00:00,2026-09-27T18:00Z,2026-09-27,Sunday,Showcase Cinema de Lux Legacy Place,,America/New_York,Heart of the Beast,22:00,X0C11:2026-09-27T22:00:00:10,434,Screen 10,Digital,,,,0.0,,https://tickets.showcasecinemas.com/launch/ticketing/dc15aebe-d72d-506c-a08f-7995526c638b,webedia-api; occupancy_rate=0; reserved=y,SHOW,,,webedia-api
2026-09-25,webedia-2026-09-27T18:45Z,2026-09-27T18:45:50.381126+00:00,2026-09-27T18:00Z,2026-09-27,Sunday,Showcase Cinema de Lux Legacy Place,,America/New_York,Primetime,13:20,X0C11:2026-09-27T13:20:00:3,0,Screen 3,Digital,,,,62.0,,https://tickets.showcasecinemas.com/launch/ticketing/dd413681-6a90-5586-a112-bb7d9ad94ec0,webedia-api; post-show-census; occupancy_rate=62; reserved=y,SHOW,,,post-show-census
2026-09-25,webedia-2026-09-27T18:45Z,2026-09-27T18:45:50.381126+00:00,2026-09-27T18:00Z,2026-09-27,Sunday,Showcase Cinema de Lux Legacy Place,,America/New_York,Primetime,16:20,X0C11:2026-09-27T16:20:00:3,94,Screen 3,Digital,,,,82.0,,https://tickets.showcasecinemas.com/launch/ticketing/c9e20eee-49aa-58e2-8821-680867a7c864,webedia-api; occupancy_rate=82; reserved=y,SHOW,,,webedia-api
2026-09-25,webedia-2026-09-27T18:45Z,2026-09-27T18:45:50.381126+00:00,2026-09-27T18:00Z,2026-09-27,Sunday,Showcase Cinema de Lux Legacy Place,,America/New_York,Primetime,19:20,X0C11:2026-09-27T19:20:00:3,274,Screen 3,Digital,,,,80.0,,https://tickets.showcasecinemas.com/launch/ticketing/569a641f-9e93-52d7-95d2-b269dd08ad89,webedia-api; occupancy_rate=80; reserved=y,SHOW,,,webedia-api
2026-09-25,webedia-2026-09-27T18:45Z,2026-09-27T18:45:50.381126+00:00,2026-09-27T18:00Z,2026-09-27,Sunday,Showcase Cinema de Lux Legacy Place,,America/New_York,Primetime,22:15,X0C11:2026-09-27T22:15:00:3,449,Screen 3,Digital,,,,0.0,,https://tickets.showcasecinemas.com/launch/ticketing/31f0524d-a0ec-5439-b182-8b664d4a7000,webedia-api; occupancy_rate=0; reserved=y,SHOW,,,webedia-api
2026-09-25,webedia-2026-09-27T18:45Z,2026-09-27T18:45:50.381126+00:00,2026-09-27T18:00Z,2026-09-27,Sunday,Showcase Cinema de Lux Lowell,,America/New_York,Forgotten Island,15:10,X02XX:2026-09-27T15:10:00:14,24,Screen 14,Digital,,,,3.0,,https://tickets.showcasecinemas.com/launch/ticketing/e5198f43-a8d5-51b2-ba0f-cccfe2b21764,webedia-api; occupancy_rate=3; reserved=y,SHOW,,,webedia-api
2026-09-25,webedia-2026-09-27T18:45Z,2026-09-27T18:45:50.381126+00:00,2026-09-27T18:00Z,2026-09-27,Sunday,Showcase Cinema de Lux Lowell,,America/New_York,Forgotten Island,15:40,X02XX:2026-09-27T15:40:00:13,54,Screen 13,3d,,,,15.0,,https://tickets.showcasecinemas.com/launch/ticketing/a82b8b89-b0ae-5825-9770-e3b6cb768d50,webedia-api; occupancy_rate=15; reserved=y,SHOW,,,webedia-api
2026-09-25,webedia-2026-09-27T18:45Z,2026-09-27T18:45:50.381126+00:00,2026-09-27T18:00Z,2026-09-27,Sunday,Showcase Cinema de Lux Lowell,,America/New_York,Forgotten Island,18:30,X02XX:2026-09-27T18:30:00:13,224,Screen 13,Digital,,,,5.0,,https://tickets.showcasecinemas.com/launch/ticketing/453a61e5-4f13-5902-aacb-659afd09e146,webedia-api; occupancy_rate=5; reserved=y,SHOW,,,webedia-api
2026-09-25,webedia-2026-09-27T18:45Z,2026-09-27T18:45:50.381126+00:00,2026-09-27T18:00Z,2026-09-27,Sunday,Showcase Cinema de Lux Lowell,,America/New_York,Forgotten Island,21:15,X02XX:2026-09-27T21:15:00:13,389,Screen 13,Digital,,,,0.0,,https://tickets.showcasecinemas.com/launch/ticketing/b2e78e12-b9ee-5f12-bad8-b8f99b7f206b,webedia-api; occupancy_rate=0; reserved=y,SHOW,,,webedia-api
2026-09-25,webedia-2026-09-27T18:45Z,2026-09-27T18:45:50.381126+00:00,2026-09-27T18:00Z,2026-09-27,Sunday,Showcase Cinema de Lux Lowell,,America/New_York,Heart of the Beast,13:20,X02XX:2026-09-27T13:20:00:5,0,Screen 5,Digital,,,,25.0,,https://tickets.showcasecinemas.com/launch/ticketing/f659865d-11b6-5956-825c-91c5fb150e63,webedia-api; post-show-census; occupancy_rate=25; reserved=y,SHOW,,,post-show-census
2026-09-25,webedia-2026-09-27T18:45Z,2026-09-27T18:45:50.381126+00:00,2026-09-27T18:00Z,2026-09-27,Sunday,Showcase Cinema de Lux Lowell,,America/New_York,Heart of the Beast,16:10,X02XX:2026-09-27T16:10:00:5,84,Screen 5,Digital,,,,17.0,,https://tickets.showcasecinemas.com/launch/ticketing/56957a6d-cfa0-5600-a07b-9a13e94de3c6,webedia-api; occupancy_rate=17; reserved=y,SHOW,,,webedia-api
2026-09-25,webedia-2026-09-27T18:45Z,2026-09-27T18:45:50.381126+00:00,2026-09-27T18:00Z,2026-09-27,Sunday,Showcase Cinema de Lux Lowell,,America/New_York,Heart of the Beast,18:50,X02XX:2026-09-27T18:50:00:5,244,Screen 5,Digital,,,,9.0,,https://tickets.showcasecinemas.com/launch/ticketing/523bb0c5-54a2-5dbf-8017-43b27c68cb44,webedia-api; occupancy_rate=9; reserved=y,SHOW,,,webedia-api
2026-09-25,webedia-2026-09-27T18:45Z,2026-09-27T18:45:50.381126+00:00,2026-09-27T18:00Z,2026-09-27,Sunday,Showcase Cinema de Lux Lowell,,America/New_York,Heart of the Beast,21:25,X02XX:2026-09-27T21:25:00:5,399,Screen 5,Digital,,,,0.0,,https://tickets.showcasecinemas.com/launch/ticketing/b241fc2d-86e2-530d-9e25-c39a2b4b8382,webedia-api; occupancy_rate=0; reserved=y,SHOW,,,webedia-api
2026-09-25,webedia-2026-09-27T18:45Z,2026-09-27T18:45:50.381126+00:00,2026-09-27T18:00Z,2026-09-27,Sunday,Showcase Cinema de Lux Lowell,,America/New_York,Primetime,13:40,X02XX:2026-09-27T13:40:00:3,0,Screen 3,Digital,,,,9.0,,https://tickets.showcasecinemas.com/launch/ticketing/d8d78da5-e041-5fb0-9adf-45e64dc809ee,webedia-api; post-show-census; occupancy_rate=9; reserved=y,SHOW,,,post-show-census
2026-09-25,webedia-2026-09-27T18:45Z,2026-09-27T18:45:50.381126+00:00,2026-09-27T18:00Z,2026-09-27,Sunday,Showcase Cinema de Lux Lowell,,America/New_York,Primetime,16:30,X02XX:2026-09-27T16:30:00:3,104,Screen 3,Digital,,,,16.0,,https://tickets.showcasecinemas.com/launch/ticketing/f24e4ee0-b733-5275-b1b4-58059974666f,webedia-api; occupancy_rate=16; reserved=y,SHOW,,,webedia-api
2026-09-25,webedia-2026-09-27T18:45Z,2026-09-27T18:45:50.381126+00:00,2026-09-27T18:00Z,2026-09-27,Sunday,Showcase Cinema de Lux Lowell,,America/New_York,Primetime,19:20,X02XX:2026-09-27T19:20:00:3,274,Screen 3,Digital,,,,9.0,,https://tickets.showcasecinemas.com/launch/ticketing/14560b4c-ec3e-5a36-8609-27f9a4eb1b67,webedia-api; occupancy_rate=9; reserved=y,SHOW,,,webedia-api
2026-09-25,webedia-2026-09-27T18:45Z,2026-09-27T18:45:50.381126+00:00,2026-09-27T18:00Z,2026-09-27,Sunday,Showcase Cinema de Lux North Attleboro,,America/New_York,Forgotten Island,15:20,X02RA:2026-09-27T15:20:00:3,34,Screen 3,3d,,,,19.0,,https://tickets.showcasecinemas.com/launch/ticketing/6cb49b21-94eb-5449-9b05-31936a1feea1,webedia-api; occupancy_rate=19; reserved=y,SHOW,,,webedia-api
2026-09-25,webedia-2026-09-27T18:45Z,2026-09-27T18:45:50.381126+00:00,2026-09-27T18:00Z,2026-09-27,Sunday,Showcase Cinema de Lux North Attleboro,,America/New_York,Forgotten Island,18:10,X02RA:2026-09-27T18:10:00:3,204,Screen 3,Digital,,,,0.0,,https://tickets.showcasecinemas.com/launch/ticketing/5766e7b6-d4b5-5270-8d40-70fbc9206fc8,webedia-api; occupancy_rate=0; reserved=y,SHOW,,,webedia-api
2026-09-25,webedia-2026-09-27T18:45Z,2026-09-27T18:45:50.381126+00:00,2026-09-27T18:00Z,2026-09-27,Sunday,Showcase Cinema de Lux North Attleboro,,America/New_York,Forgotten Island,21:10,X02RA:2026-09-27T21:10:00:3,384,Screen 3,Digital,,,,0.0,,https://tickets.showcasecinemas.com/launch/ticketing/de56a3fa-e89c-5407-8d80-e16a9435e99f,webedia-api; occupancy_rate=0; reserved=y,SHOW,,,webedia-api
2026-09-25,webedia-2026-09-27T18:45Z,2026-09-27T18:45:50.381126+00:00,2026-09-27T18:00Z,2026-09-27,Sunday,Showcase Cinema de Lux North Attleboro,,America/New_York,Heart of the Beast,14:30,X02RA:2026-09-27T14:30:00:2,0,Screen 2,Digital,,,,73.0,,https://tickets.showcasecinemas.com/launch/ticketing/458953bb-615c-5424-b05f-33380bd3e050,webedia-api; post-show-census; occupancy_rate=73; reserved=y,SHOW,,,post-show-census
2026-09-25,webedia-2026-09-27T18:45Z,2026-09-27T18:45:50.381126+00:00,2026-09-27T18:00Z,2026-09-27,Sunday,Showcase Cinema de Lux North Attleboro,,America/New_York,Heart of the Beast,17:00,X02RA:2026-09-27T17:00:00:2,134,Screen 2,Digital,,,,50.0,,https://tickets.showcasecinemas.com/launch/ticketing/c8fa0548-7801-55cd-8b83-095a059eff2b,webedia-api; occupancy_rate=50; reserved=y,SHOW,,,webedia-api
2026-09-25,webedia-2026-09-27T18:45Z,2026-09-27T18:45:50.381126+00:00,2026-09-27T18:00Z,2026-09-27,Sunday,Showcase Cinema de Lux North Attleboro,,America/New_York,Heart of the Beast,19:30,X02RA:2026-09-27T19:30:00:2,284,Screen 2,Digital,,,,20.0,,https://tickets.showcasecinemas.com/launch/ticketing/f83d2e05-3ef0-585a-8cea-d20cee1223d2,webedia-api; occupancy_rate=20; reserved=y,SHOW,,,webedia-api
2026-09-25,webedia-2026-09-27T18:45Z,2026-09-27T18:45:50.381126+00:00,2026-09-27T18:00Z,2026-09-27,Sunday,Showcase Cinema de Lux North Attleboro,,America/New_York,Heart of the Beast,22:00,X02RA:2026-09-27T22:00:00:2,434,Screen 2,Digital,,,,6.0,,https://tickets.showcasecinemas.com/launch/ticketing/b6419bda-e8d6-5b7a-a637-17eca87ef630,webedia-api; occupancy_rate=6; reserved=y,SHOW,,,webedia-api
2026-09-25,webedia-2026-09-27T18:45Z,2026-09-27T18:45:50.381126+00:00,2026-09-27T18:00Z,2026-09-27,Sunday,Showcase Cinema de Lux North Attleboro,,America/New_York,Primetime,15:30,X02RA:2026-09-27T15:30:00:12,44,Screen 12,Digital,,,,48.0,,https://tickets.showcasecinemas.com/launch/ticketing/86ace37a-22c3-5014-b2d7-55694307494f,webedia-api; occupancy_rate=48; reserved=y,SHOW,,,webedia-api
2026-09-25,webedia-2026-09-27T18:45Z,2026-09-27T18:45:50.381126+00:00,2026-09-27T18:00Z,2026-09-27,Sunday,Showcase Cinema de Lux North Attleboro,,America/New_York,Primetime,18:30,X02RA:2026-09-27T18:30:00:12,224,Screen 12,Digital,,,,39.0,,https://tickets.showcasecinemas.com/launch/ticketing/bf68104b-1da6-55be-9afd-a88b219ef8df,webedia-api; occupancy_rate=39; reserved=y,SHOW,,,webedia-api
2026-09-25,webedia-2026-09-27T18:45Z,2026-09-27T18:45:50.381126+00:00,2026-09-27T18:00Z,2026-09-27,Sunday,Showcase Cinema de Lux North Attleboro,,America/New_York,Primetime,21:20,X02RA:2026-09-27T21:20:00:12,394,Screen 12,Digital,,,,3.0,,https://tickets.showcasecinemas.com/launch/ticketing/1cf6c421-2b00-52c7-b68f-cf03ca2eb266,webedia-api; occupancy_rate=3; reserved=y,SHOW,,,webedia-api
2026-09-25,webedia-2026-09-27T18:45Z,2026-09-27T18:45:50.381126+00:00,2026-09-27T18:00Z,2026-09-27,Sunday,Showcase Cinema de Lux Ridge Hill,,America/New_York,Forgotten Island,12:50,X0L42:2026-09-27T12:50:00:7,0,Screen 7,Digital,,,,10.0,,https://tickets.showcasecinemas.com/launch/ticketing/8ff05300-a345-581a-bcd4-cda9950b63af,webedia-api; post-show-census; occupancy_rate=10; reserved=y,SHOW,,,post-show-census
2026-09-25,webedia-2026-09-27T18:45Z,2026-09-27T18:45:50.381126+00:00,2026-09-27T18:00Z,2026-09-27,Sunday,Showcase Cinema de Lux Ridge Hill,,America/New_York,Forgotten Island,15:45,X0L42:2026-09-27T15:45:00:7,59,Screen 7,3d,,,,2.0,,https://tickets.showcasecinemas.com/launch/ticketing/11a839fc-286f-54b0-9584-0ede5b20f57e,webedia-api; occupancy_rate=2; reserved=y,SHOW,,,webedia-api
2026-09-25,webedia-2026-09-27T18:45Z,2026-09-27T18:45:50.381126+00:00,2026-09-27T18:00Z,2026-09-27,Sunday,Showcase Cinema de Lux Ridge Hill,,America/New_York,Forgotten Island,18:30,X0L42:2026-09-27T18:30:00:7,224,Screen 7,Digital,,,,1.0,,https://tickets.showcasecinemas.com/launch/ticketing/64f00c92-9bea-5df8-b594-04f435d02d94,webedia-api; occupancy_rate=1; reserved=y,SHOW,,,webedia-api
2026-09-25,webedia-2026-09-27T18:45Z,2026-09-27T18:45:50.381126+00:00,2026-09-27T18:00Z,2026-09-27,Sunday,Showcase Cinema de Lux Ridge Hill,,America/New_York,Forgotten Island,21:15,X0L42:2026-09-27T21:15:00:7,389,Screen 7,Digital,,,,0.0,,https://tickets.showcasecinemas.com/launch/ticketing/30fb6b5f-5e02-58e5-90b6-78f385a4a619,webedia-api; occupancy_rate=0; reserved=y,SHOW,,,webedia-api
2026-09-25,webedia-2026-09-27T18:45Z,2026-09-27T18:45:50.381126+00:00,2026-09-27T18:00Z,2026-09-27,Sunday,Showcase Cinema de Lux Ridge Hill,,America/New_York,Heart of the Beast,13:35,X0L42:2026-09-27T13:35:00:9,0,Screen 9,Digital,,,,5.0,,https://tickets.showcasecinemas.com/launch/ticketing/51f12828-3446-5d8c-8029-aae8aa8da4e0,webedia-api; post-show-census; occupancy_rate=5; reserved=y,SHOW,,,post-show-census
2026-09-25,webedia-2026-09-27T18:45Z,2026-09-27T18:45:50.381126+00:00,2026-09-27T18:00Z,2026-09-27,Sunday,Showcase Cinema de Lux Ridge Hill,,America/New_York,Heart of the Beast,16:15,X0L42:2026-09-27T16:15:00:9,89,Screen 9,Digital,,,,5.0,,https://tickets.showcasecinemas.com/launch/ticketing/b807fe92-201a-5953-94c2-84737de045d6,webedia-api; occupancy_rate=5; reserved=y,SHOW,,,webedia-api
2026-09-25,webedia-2026-09-27T18:45Z,2026-09-27T18:45:50.381126+00:00,2026-09-27T18:00Z,2026-09-27,Sunday,Showcase Cinema de Lux Ridge Hill,,America/New_York,Heart of the Beast,18:55,X0L42:2026-09-27T18:55:00:9,249,Screen 9,Digital,,,,1.0,,https://tickets.showcasecinemas.com/launch/ticketing/127da003-32bd-5dd7-b869-75c1bd234d70,webedia-api; occupancy_rate=1; reserved=y,SHOW,,,webedia-api
2026-09-25,webedia-2026-09-27T18:45Z,2026-09-27T18:45:50.381126+00:00,2026-09-27T18:00Z,2026-09-27,Sunday,Showcase Cinema de Lux Ridge Hill,,America/New_York,Heart of the Beast,21:30,X0L42:2026-09-27T21:30:00:9,404,Screen 9,Digital,,,,0.0,,https://tickets.showcasecinemas.com/launch/ticketing/ac8a137d-dca8-5787-b95d-3fb69e1e6c00,webedia-api; occupancy_rate=0; reserved=y,SHOW,,,webedia-api
2026-09-25,webedia-2026-09-27T18:45Z,2026-09-27T18:45:50.381126+00:00,2026-09-27T18:00Z,2026-09-27,Sunday,Showcase Cinema de Lux Ridge Hill,,America/New_York,Primetime,12:55,X0L42:2026-09-27T12:55:00:12,0,Screen 12,Digital,,,,0.0,,https://tickets.showcasecinemas.com/launch/ticketing/7b21bb97-9217-5156-828a-2f1969bdbcde,webedia-api; post-show-census; occupancy_rate=0; reserved=y,SHOW,,,post-show-census
2026-09-25,webedia-2026-09-27T18:45Z,2026-09-27T18:45:50.381126+00:00,2026-09-27T18:00Z,2026-09-27,Sunday,Showcase Cinema de Lux Ridge Hill,,America/New_York,Primetime,15:50,X0L42:2026-09-27T15:50:00:12,64,Screen 12,Digital,,,,11.0,,https://tickets.showcasecinemas.com/launch/ticketing/d6c6918e-2119-5868-9c42-eeb1795e3b84,webedia-api; occupancy_rate=11; reserved=y,SHOW,,,webedia-api
2026-09-25,webedia-2026-09-27T18:45Z,2026-09-27T18:45:50.381126+00:00,2026-09-27T18:00Z,2026-09-27,Sunday,Showcase Cinema de Lux Ridge Hill,,America/New_York,Primetime,18:40,X0L42:2026-09-27T18:40:00:12,234,Screen 12,Digital,,,,0.0,,https://tickets.showcasecinemas.com/launch/ticketing/b3490bf4-624c-517f-bfab-f084925c5bee,webedia-api; occupancy_rate=0; reserved=y,SHOW,,,webedia-api
2026-09-25,webedia-2026-09-27T18:45Z,2026-09-27T18:45:50.381126+00:00,2026-09-27T18:00Z,2026-09-27,Sunday,Showcase Cinema de Lux Ridge Hill,,America/New_York,Primetime,21:25,X0L42:2026-09-27T21:25:00:12,399,Screen 12,Digital,,,,0.0,,https://tickets.showcasecinemas.com/launch/ticketing/dddcceae-88db-5c91-b386-349fde1aecdc,webedia-api; occupancy_rate=0; reserved=y,SHOW,,,webedia-api
2026-09-25,webedia-2026-09-27T18:45Z,2026-09-27T18:45:50.381126+00:00,2026-09-27T18:00Z,2026-09-27,Sunday,Showcase Cinema de Lux Springdale,,America/New_York,Forgotten Island,15:50,X0343:2026-09-27T15:50:00:12,64,Screen 12,3d,,,,1.0,,https://tickets.showcasecinemas.com/launch/ticketing/4e63c586-02eb-57a3-8826-723a65b91cf3,webedia-api; occupancy_rate=1; reserved=y,SHOW,,,webedia-api
2026-09-25,webedia-2026-09-27T18:45Z,2026-09-27T18:45:50.381126+00:00,2026-09-27T18:00Z,2026-09-27,Sunday,Showcase Cinema de Lux Springdale,,America/New_York,Forgotten Island,18:45,X0343:2026-09-27T18:45:00:12,239,Screen 12,Digital,,,,0.0,,https://tickets.showcasecinemas.com/launch/ticketing/85afe5c4-3eb8-564a-a1de-c99c82f1ace7,webedia-api; occupancy_rate=0; reserved=y,SHOW,,,webedia-api
2026-09-25,webedia-2026-09-27T18:45Z,2026-09-27T18:45:50.381126+00:00,2026-09-27T18:00Z,2026-09-27,Sunday,Showcase Cinema de Lux Springdale,,America/New_York,Forgotten Island,21:20,X0343:2026-09-27T21:20:00:12,394,Screen 12,Digital,,,,0.0,,https://tickets.showcasecinemas.com/launch/ticketing/9beb0040-d2a3-5020-84d5-4b5e4c8686f4,webedia-api; occupancy_rate=0; reserved=y,SHOW,,,webedia-api
2026-09-25,webedia-2026-09-27T18:45Z,2026-09-27T18:45:50.381126+00:00,2026-09-27T18:00Z,2026-09-27,Sunday,Showcase Cinema de Lux Springdale,,America/New_York,Heart of the Beast,13:35,X0343:2026-09-27T13:35:00:10,0,Screen 10,Digital,,,,3.0,,https://tickets.showcasecinemas.com/launch/ticketing/ec2b8bce-ffc3-53cc-b53c-93d18d1ba753,webedia-api; post-show-census; occupancy_rate=3; reserved=y,SHOW,,,post-show-census
2026-09-25,webedia-2026-09-27T18:45Z,2026-09-27T18:45:50.381126+00:00,2026-09-27T18:00Z,2026-09-27,Sunday,Showcase Cinema de Lux Springdale,,America/New_York,Heart of the Beast,16:15,X0343:2026-09-27T16:15:00:10,89,Screen 10,Digital,,,,0.0,,https://tickets.showcasecinemas.com/launch/ticketing/d43347d1-8376-5e86-890f-bafef5ce9f64,webedia-api; occupancy_rate=0; reserved=y,SHOW,,,webedia-api
2026-09-25,webedia-2026-09-27T18:45Z,2026-09-27T18:45:50.381126+00:00,2026-09-27T18:00Z,2026-09-27,Sunday,Showcase Cinema de Lux Springdale,,America/New_York,Heart of the Beast,19:00,X0343:2026-09-27T19:00:00:10,254,Screen 10,Digital,,,,0.0,,https://tickets.showcasecinemas.com/launch/ticketing/d3db2a9a-0077-5dab-8763-5ae3f09f7a0d,webedia-api; occupancy_rate=0; reserved=y,SHOW,,,webedia-api
2026-09-25,webedia-2026-09-27T18:45Z,2026-09-27T18:45:50.381126+00:00,2026-09-27T18:00Z,2026-09-27,Sunday,Showcase Cinema de Lux Springdale,,America/New_York,Heart of the Beast,21:30,X0343:2026-09-27T21:30:00:10,404,Screen 10,Digital,,,,0.0,,https://tickets.showcasecinemas.com/launch/ticketing/4df38f85-292c-5e2b-9b3b-f65320f824fa,webedia-api; occupancy_rate=0; reserved=y,SHOW,,,webedia-api
2026-09-25,webedia-2026-09-27T18:45Z,2026-09-27T18:45:50.381126+00:00,2026-09-27T18:00Z,2026-09-27,Sunday,Showcase Cinema de Lux Springdale,,America/New_York,Primetime,15:50,X0343:2026-09-27T15:50:00:3,64,Screen 3,Digital,,,,0.0,,https://tickets.showcasecinemas.com/launch/ticketing/e15c098d-1050-5d37-acf5-3a9fb9fc4f6b,webedia-api; occupancy_rate=0; reserved=y,SHOW,,,webedia-api
2026-09-25,webedia-2026-09-27T18:45Z,2026-09-27T18:45:50.381126+00:00,2026-09-27T18:00Z,2026-09-27,Sunday,Showcase Cinema de Lux Springdale,,America/New_York,Primetime,17:45,X0343:2026-09-27T17:45:00:4,179,Screen 4,Digital,,,,8.0,,https://tickets.showcasecinemas.com/launch/ticketing/dc48a221-a62e-5de0-a5a4-7f4909079dd8,webedia-api; occupancy_rate=8; reserved=y,SHOW,,,webedia-api
2026-09-25,webedia-2026-09-27T18:45Z,2026-09-27T18:45:50.381126+00:00,2026-09-27T18:00Z,2026-09-27,Sunday,Showcase Cinema de Lux Springdale,,America/New_York,Primetime,18:40,X0343:2026-09-27T18:40:00:3,234,Screen 3,Digital,,,,13.0,,https://tickets.showcasecinemas.com/launch/ticketing/22fe443e-4723-55f2-bc4c-df7562ad9fd2,webedia-api; occupancy_rate=13; reserved=y,SHOW,,,webedia-api
2026-09-25,webedia-2026-09-27T18:45Z,2026-09-27T18:45:50.381126+00:00,2026-09-27T18:00Z,2026-09-27,Sunday,Showcase Cinema de Lux Springdale,,America/New_York,Primetime,21:25,X0343:2026-09-27T21:25:00:3,399,Screen 3,Digital,,,,0.0,,https://tickets.showcasecinemas.com/launch/ticketing/a387e61a-6b0a-5930-bcca-d0c605321280,webedia-api; occupancy_rate=0; reserved=y,SHOW,,,webedia-api
2026-09-25,webedia-2026-09-27T18:45Z,2026-09-27T18:45:50.381126+00:00,2026-09-27T18:00Z,2026-09-27,Sunday,Showcase Cinema de Lux Woburn,,America/New_York,Forgotten Island,15:40,X01AF:2026-09-27T15:40:00:14,54,Screen 14,3d,,,,16.0,,https://tickets.showcasecinemas.com/launch/ticketing/20ceb1f8-0fff-53ca-86ef-db4d292cf809,webedia-api; occupancy_rate=16; reserved=y,SHOW,,,webedia-api
2026-09-25,webedia-2026-09-27T18:45Z,2026-09-27T18:45:50.381126+00:00,2026-09-27T18:00Z,2026-09-27,Sunday,Showcase Cinema de Lux Woburn,,America/New_York,Forgotten Island,18:20,X01AF:2026-09-27T18:20:00:14,214,Screen 14,Digital,,,,0.0,,https://tickets.showcasecinemas.com/launch/ticketing/245b7a5e-6ed9-50e6-9de8-96040f0bfa10,webedia-api; occupancy_rate=0; reserved=y,SHOW,,,webedia-api
2026-09-25,webedia-2026-09-27T18:45Z,2026-09-27T18:45:50.381126+00:00,2026-09-27T18:00Z,2026-09-27,Sunday,Showcase Cinema de Lux Woburn,,America/New_York,Forgotten Island,21:00,X01AF:2026-09-27T21:00:00:14,374,Screen 14,Digital,,,,0.0,,https://tickets.showcasecinemas.com/launch/ticketing/af771bfd-9795-5f5f-a9f4-cab7761c856a,webedia-api; occupancy_rate=0; reserved=y,SHOW,,,webedia-api
2026-09-25,webedia-2026-09-27T18:45Z,2026-09-27T18:45:50.381126+00:00,2026-09-27T18:00Z,2026-09-27,Sunday,Showcase Cinema de Lux Woburn,,America/New_York,Heart of the Beast,16:00,X01AF:2026-09-27T16:00:00:7,74,Screen 7,Digital,,,,52.0,,https://tickets.showcasecinemas.com/launch/ticketing/c850fb3a-4113-5662-9276-26bf8ba537d7,webedia-api; occupancy_rate=52; reserved=y,SHOW,,,webedia-api
2026-09-25,webedia-2026-09-27T18:45Z,2026-09-27T18:45:50.381126+00:00,2026-09-27T18:00Z,2026-09-27,Sunday,Showcase Cinema de Lux Woburn,,America/New_York,Heart of the Beast,18:30,X01AF:2026-09-27T18:30:00:7,224,Screen 7,Digital,,,,33.0,,https://tickets.showcasecinemas.com/launch/ticketing/98d2261c-480a-55b4-9709-e99c50547f8b,webedia-api; occupancy_rate=33; reserved=y,SHOW,,,webedia-api
2026-09-25,webedia-2026-09-27T18:45Z,2026-09-27T18:45:50.381126+00:00,2026-09-27T18:00Z,2026-09-27,Sunday,Showcase Cinema de Lux Woburn,,America/New_York,Heart of the Beast,21:10,X01AF:2026-09-27T21:10:00:7,384,Screen 7,Digital,,,,0.0,,https://tickets.showcasecinemas.com/launch/ticketing/b5beb91c-e04f-57c2-bc84-542afd1a3e94,webedia-api; occupancy_rate=0; reserved=y,SHOW,,,webedia-api
2026-09-25,webedia-2026-09-27T18:45Z,2026-09-27T18:45:50.381126+00:00,2026-09-27T18:00Z,2026-09-27,Sunday,Showcase Cinema de Lux Woburn,,America/New_York,Primetime,15:50,X01AF:2026-09-27T15:50:00:4,64,Screen 4,Digital,,,,27.0,,https://tickets.showcasecinemas.com/launch/ticketing/67f5481a-f6ab-5716-8371-c8ba4c4fcd5b,webedia-api; occupancy_rate=27; reserved=y,SHOW,,,webedia-api
2026-09-25,webedia-2026-09-27T18:45Z,2026-09-27T18:45:50.381126+00:00,2026-09-27T18:00Z,2026-09-27,Sunday,Showcase Cinema de Lux Woburn,,America/New_York,Primetime,18:45,X01AF:2026-09-27T18:45:00:4,239,Screen 4,Digital,,,,25.0,,https://tickets.showcasecinemas.com/launch/ticketing/1660cba2-bf62-57e5-acf2-d2fab6216250,webedia-api; occupancy_rate=25; reserved=y,SHOW,,,webedia-api
2026-09-25,webedia-2026-09-27T18:45Z,2026-09-27T18:45:50.381126+00:00,2026-09-27T18:00Z,2026-09-27,Sunday,Showcase Cinema de Lux Woburn,,America/New_York,Primetime,21:30,X01AF:2026-09-27T21:30:00:4,404,Screen 4,Digital,,,,6.0,,https://tickets.showcasecinemas.com/launch/ticketing/dfc101a1-f1fc-5b1d-8372-6b4fdcc9a5bb,webedia-api; occupancy_rate=6; reserved=y,SHOW,,,webedia-api
2026-09-25,webedia-2026-09-27T18:45Z,2026-09-27T18:45:50.381126+00:00,2026-09-27T18:00Z,2026-09-27,Sunday,Showcase Cinemas Warwick - Quaker Lane,,America/New_York,Forgotten Island,15:20,X02NZ:2026-09-27T15:20:00:9,34,Screen 9,Digital,,,,7.0,,https://tickets.showcasecinemas.com/launch/ticketing/f7e3ce96-108e-5dd2-9eda-ac1d7c47d8e6,webedia-api; occupancy_rate=7; reserved=y,SHOW,,,webedia-api
2026-09-25,webedia-2026-09-27T18:45Z,2026-09-27T18:45:50.381126+00:00,2026-09-27T18:00Z,2026-09-27,Sunday,Showcase Cinemas Warwick - Quaker Lane,,America/New_York,Forgotten Island,18:15,X02NZ:2026-09-27T18:15:00:9,209,Screen 9,Digital,,,,3.0,,https://tickets.showcasecinemas.com/launch/ticketing/d2f0ac73-ecb2-550c-a6b6-36fb0d9730fb,webedia-api; occupancy_rate=3; reserved=y,SHOW,,,webedia-api
2026-09-25,webedia-2026-09-27T18:45Z,2026-09-27T18:45:50.381126+00:00,2026-09-27T18:00Z,2026-09-27,Sunday,Showcase Cinemas Warwick - Quaker Lane,,America/New_York,Forgotten Island,21:05,X02NZ:2026-09-27T21:05:00:9,379,Screen 9,Digital,,,,0.0,,https://tickets.showcasecinemas.com/launch/ticketing/c91c9b8d-6614-5d57-85b9-089f38cee6d8,webedia-api; occupancy_rate=0; reserved=y,SHOW,,,webedia-api
2026-09-25,webedia-2026-09-27T18:45Z,2026-09-27T18:45:50.381126+00:00,2026-09-27T18:00Z,2026-09-27,Sunday,Showcase Cinemas Warwick - Quaker Lane,,America/New_York,Heart of the Beast,14:05,X02NZ:2026-09-27T14:05:00:7,0,Screen 7,Digital,,,,79.0,,https://tickets.showcasecinemas.com/launch/ticketing/d370e77d-7e7f-5865-81a6-6627cedba4bd,webedia-api; post-show-census; occupancy_rate=79; reserved=y,SHOW,,,post-show-census
2026-09-25,webedia-2026-09-27T18:45Z,2026-09-27T18:45:50.381126+00:00,2026-09-27T18:00Z,2026-09-27,Sunday,Showcase Cinemas Warwick - Quaker Lane,,America/New_York,Heart of the Beast,16:45,X02NZ:2026-09-27T16:45:00:7,119,Screen 7,Digital,,,,55.0,,https://tickets.showcasecinemas.com/launch/ticketing/b06b2954-11dd-51b5-80ce-e47ee534e250,webedia-api; occupancy_rate=55; reserved=y,SHOW,,,webedia-api
2026-09-25,webedia-2026-09-27T18:45Z,2026-09-27T18:45:50.381126+00:00,2026-09-27T18:00Z,2026-09-27,Sunday,Showcase Cinemas Warwick - Quaker Lane,,America/New_York,Heart of the Beast,19:30,X02NZ:2026-09-27T19:30:00:7,284,Screen 7,Digital,,,,13.0,,https://tickets.showcasecinemas.com/launch/ticketing/d5a88a46-c0ae-58d2-9c48-545558d15b1b,webedia-api; occupancy_rate=13; reserved=y,SHOW,,,webedia-api
2026-09-25,webedia-2026-09-27T18:45Z,2026-09-27T18:45:50.381126+00:00,2026-09-27T18:00Z,2026-09-27,Sunday,Showcase Cinemas Warwick - Quaker Lane,,America/New_York,Heart of the Beast,22:15,X02NZ:2026-09-27T22:15:00:7,449,Screen 7,Digital,,,,0.0,,https://tickets.showcasecinemas.com/launch/ticketing/1c3fb14f-d24e-5f84-91f7-797b8d4866f0,webedia-api; occupancy_rate=0; reserved=y,SHOW,,,webedia-api
2026-09-25,webedia-2026-09-27T18:45Z,2026-09-27T18:45:50.381126+00:00,2026-09-27T18:00Z,2026-09-27,Sunday,Showcase Cinemas Warwick - Quaker Lane,,America/New_York,Primetime,16:00,X02NZ:2026-09-27T16:00:00:4,74,Screen 4,Digital,,,,32.0,,https://tickets.showcasecinemas.com/launch/ticketing/85b3c2cb-f306-5b2c-aedd-60689d621a52,webedia-api; occupancy_rate=32; reserved=y,SHOW,,,webedia-api
2026-09-25,webedia-2026-09-27T18:45Z,2026-09-27T18:45:50.381126+00:00,2026-09-27T18:00Z,2026-09-27,Sunday,Showcase Cinemas Warwick - Quaker Lane,,America/New_York,Primetime,16:30,X02NZ:2026-09-27T16:30:00:13,104,Screen 13,Digital,,,,28.0,,https://tickets.showcasecinemas.com/launch/ticketing/0436a811-3f30-5be6-bf65-33afaf9e9e72,webedia-api; occupancy_rate=28; reserved=y,SHOW,,,webedia-api
2026-09-25,webedia-2026-09-27T18:45Z,2026-09-27T18:45:50.381126+00:00,2026-09-27T18:00Z,2026-09-27,Sunday,Showcase Cinemas Warwick - Quaker Lane,,America/New_York,Primetime,18:50,X02NZ:2026-09-27T18:50:00:4,244,Screen 4,Digital,,,,25.0,,https://tickets.showcasecinemas.com/launch/ticketing/90d1dd72-07bb-5445-b080-1d2cd8396e06,webedia-api; occupancy_rate=25; reserved=y,SHOW,,,webedia-api
2026-09-25,webedia-2026-09-27T18:45Z,2026-09-27T18:45:50.381126+00:00,2026-09-27T18:00Z,2026-09-27,Sunday,Showcase Cinemas Warwick - Quaker Lane,,America/New_York,Primetime,19:20,X02NZ:2026-09-27T19:20:00:13,274,Screen 13,Digital,,,,38.0,,https://tickets.showcasecinemas.com/launch/ticketing/17b2d131-c2c9-52cc-92a3-d98c34026a7c,webedia-api; occupancy_rate=38; reserved=y,SHOW,,,webedia-api
2026-09-25,webedia-2026-09-27T18:45Z,2026-09-27T18:45:50.381126+00:00,2026-09-27T18:00Z,2026-09-27,Sunday,Showcase Cinemas Warwick - Quaker Lane,,America/New_York,Primetime,21:40,X02NZ:2026-09-27T21:40:00:4,414,Screen 4,Digital,,,,4.0,,https://tickets.showcasecinemas.com/launch/ticketing/f013d296-8422-5620-b484-daf6fe2dd7bc,webedia-api; occupancy_rate=4; reserved=y,SHOW,,,webedia-api
2026-09-25,webedia-2026-09-27T18:45Z,2026-09-27T18:45:50.381126+00:00,2026-09-27T18:00Z,2026-09-27,Sunday,Showcase Cinemas Warwick - Quaker Lane,,America/New_York,Primetime,22:10,X02NZ:2026-09-27T22:10:00:13,444,Screen 13,Digital,,,,0.0,,https://tickets.showcasecinemas.com/launch/ticketing/296dba57-b66f-5bae-8da0-8f85d0d9e9d4,webedia-api; occupancy_rate=0; reserved=y,SHOW,,,webedia-api
2026-09-25,webedia-2026-09-27T18:45Z,2026-09-27T18:45:50.381126+00:00,2026-09-27T18:00Z,2026-09-27,Sunday,Showcase SuperLux Chestnut Hill,,America/New_York,Forgotten Island,15:00,X0PTT:2026-09-27T15:00:00:6,14,Screen 6,Digital,,,,88.0,,https://tickets.showcasecinemas.com/launch/ticketing/1c0c3047-c474-50a1-b133-5b38f64f47e0,webedia-api; occupancy_rate=88; reserved=y,SHOW,,,webedia-api
2026-09-25,webedia-2026-09-27T18:45Z,2026-09-27T18:45:50.381126+00:00,2026-09-27T18:00Z,2026-09-27,Sunday,Showcase SuperLux Chestnut Hill,,America/New_York,Forgotten Island,18:00,X0PTT:2026-09-27T18:00:00:6,194,Screen 6,Digital,,,,38.0,,https://tickets.showcasecinemas.com/launch/ticketing/74911b45-44c2-54d6-98e4-347e598fdc5e,webedia-api; occupancy_rate=38; reserved=y,SHOW,,,webedia-api
2026-09-25,webedia-2026-09-27T18:45Z,2026-09-27T18:45:50.381126+00:00,2026-09-27T18:00Z,2026-09-27,Sunday,Showcase SuperLux Chestnut Hill,,America/New_York,Forgotten Island,22:15,X0PTT:2026-09-27T22:15:00:3,449,Screen 3,Digital,,,,0.0,,https://tickets.showcasecinemas.com/launch/ticketing/80d6a697-7fbf-53cf-ac11-be9dd6b0a278,webedia-api; occupancy_rate=0; reserved=y,SHOW,,,webedia-api
2026-09-25,webedia-2026-09-27T18:45Z,2026-09-27T18:45:50.381126+00:00,2026-09-27T18:00Z,2026-09-27,Sunday,Showcase SuperLux Chestnut Hill,,America/New_York,Heart of the Beast,14:30,X0PTT:2026-09-27T14:30:00:4,0,Screen 4,Digital,,,,74.0,,https://tickets.showcasecinemas.com/launch/ticketing/d7a857ce-d64a-5633-9572-38e09802f748,webedia-api; post-show-census; occupancy_rate=74; reserved=y,SHOW,,,post-show-census
2026-09-25,webedia-2026-09-27T18:45Z,2026-09-27T18:45:50.381126+00:00,2026-09-27T18:00Z,2026-09-27,Sunday,Showcase SuperLux Chestnut Hill,,America/New_York,Heart of the Beast,17:30,X0PTT:2026-09-27T17:30:00:4,164,Screen 4,Digital,,,,58.0,,https://tickets.showcasecinemas.com/launch/ticketing/29b586d6-360b-504b-9ac6-c206ed2e9bd5,webedia-api; occupancy_rate=58; reserved=y,SHOW,,,webedia-api
2026-09-25,webedia-2026-09-27T18:45Z,2026-09-27T18:45:50.381126+00:00,2026-09-27T18:00Z,2026-09-27,Sunday,Showcase SuperLux Chestnut Hill,,America/New_York,Heart of the Beast,20:30,X0PTT:2026-09-27T20:30:00:4,344,Screen 4,Digital,,,,18.0,,https://tickets.showcasecinemas.com/launch/ticketing/99126a23-a399-5f10-84f7-580c308b56ab,webedia-api; occupancy_rate=18; reserved=y,SHOW,,,webedia-api
2026-09-25,webedia-2026-09-27T18:45Z,2026-09-27T18:45:50.381126+00:00,2026-09-27T18:00Z,2026-09-27,Sunday,Showcase SuperLux Chestnut Hill,,America/New_York,Primetime,15:30,X0PTT:2026-09-27T15:30:00:2,44,Screen 2,Digital,,,,48.0,,https://tickets.showcasecinemas.com/launch/ticketing/cd73edcb-e01f-5dc3-b814-459fd2065767,webedia-api; occupancy_rate=48; reserved=y,SHOW,,,webedia-api
2026-09-25,webedia-2026-09-27T18:45Z,2026-09-27T18:45:50.381126+00:00,2026-09-27T18:00Z,2026-09-27,Sunday,Showcase SuperLux Chestnut Hill,,America/New_York,Primetime,18:30,X0PTT:2026-09-27T18:30:00:2,224,Screen 2,Digital,,,,42.0,,https://tickets.showcasecinemas.com/launch/ticketing/463d3d9d-02f1-5c42-b987-8e6f19ba5d24,webedia-api; occupancy_rate=42; reserved=y,SHOW,,,webedia-api
2026-09-25,webedia-2026-09-27T18:45Z,2026-09-27T18:45:50.381126+00:00,2026-09-27T18:00Z,2026-09-27,Sunday,Showcase SuperLux Chestnut Hill,,America/New_York,Primetime,21:30,X0PTT:2026-09-27T21:30:00:2,404,Screen 2,Digital,,,,5.0,,https://tickets.showcasecinemas.com/launch/ticketing/83f080ef-3198-5506-85b4-d732889884f5,webedia-api; occupancy_rate=5; reserved=y,SHOW,,,webedia-api
2026-09-25,webedia-2026-09-27T18:45Z,2026-09-27T18:45:50.381126+00:00,2026-09-27T18:00Z,2026-09-27,Sunday,MJR Adrian Cinema,,America/Detroit,Forgotten Island,15:20,X027B:2026-09-27T15:20:00:Auditorium 2,34,Screen Auditorium 2,Digital,,,,16.0,,https://booking.mjrtheatres.com/launch/ticketing/8d8092ee-0dcb-5a78-b1bc-50673fd9a144,webedia-api; occupancy_rate=16; reserved=y,MJRT,,,webedia-api
2026-09-25,webedia-2026-09-27T18:45Z,2026-09-27T18:45:50.381126+00:00,2026-09-27T18:00Z,2026-09-27,Sunday,MJR Adrian Cinema,,America/Detroit,Forgotten Island,18:15,X027B:2026-09-27T18:15:00:Auditorium 2,209,Screen Auditorium 2,Digital,,,,0.0,,https://booking.mjrtheatres.com/launch/ticketing/fc2bca91-ba2c-51f7-a32d-a1f8ac3278b3,webedia-api; occupancy_rate=0; reserved=y,MJRT,,,webedia-api
2026-09-25,webedia-2026-09-27T18:45Z,2026-09-27T18:45:50.381126+00:00,2026-09-27T18:00Z,2026-09-27,Sunday,MJR Adrian Cinema,,America/Detroit,Forgotten Island,21:00,X027B:2026-09-27T21:00:00:Auditorium 2,374,Screen Auditorium 2,Digital,,,,0.0,,https://booking.mjrtheatres.com/launch/ticketing/eed1ebae-e897-55a4-9a1b-62af0843cca2,webedia-api; occupancy_rate=0; reserved=y,MJRT,,,webedia-api
2026-09-25,webedia-2026-09-27T18:45Z,2026-09-27T18:45:50.381126+00:00,2026-09-27T18:00Z,2026-09-27,Sunday,MJR Adrian Cinema,,America/Detroit,Heart of the Beast,15:10,X027B:2026-09-27T15:10:00:Auditorium 8,24,Screen Auditorium 8,Digital,,,,14.0,,https://booking.mjrtheatres.com/launch/ticketing/6b8f76fa-88a2-537c-9416-ef5e01b5bd67,webedia-api; occupancy_rate=14; reserved=y,MJRT,,,webedia-api
2026-09-25,webedia-2026-09-27T18:45Z,2026-09-27T18:45:50.381126+00:00,2026-09-27T18:00Z,2026-09-27,Sunday,MJR Adrian Cinema,,America/Detroit,Heart of the Beast,17:45,X027B:2026-09-27T17:45:00:Auditorium 8,179,Screen Auditorium 8,Digital,,,,5.0,,https://booking.mjrtheatres.com/launch/ticketing/34ee3cf5-570b-5090-a48c-bee8397e45bf,webedia-api; occupancy_rate=5; reserved=y,MJRT,,,webedia-api
2026-09-25,webedia-2026-09-27T18:45Z,2026-09-27T18:45:50.381126+00:00,2026-09-27T18:00Z,2026-09-27,Sunday,MJR Adrian Cinema,,America/Detroit,Heart of the Beast,20:30,X027B:2026-09-27T20:30:00:Auditorium 8,344,Screen Auditorium 8,Digital,,,,0.0,,https://booking.mjrtheatres.com/launch/ticketing/6157f811-6b26-5c8c-9c58-389390eddf0d,webedia-api; occupancy_rate=0; reserved=y,MJRT,,,webedia-api
2026-09-25,webedia-2026-09-27T18:45Z,2026-09-27T18:45:50.381126+00:00,2026-09-27T18:00Z,2026-09-27,Sunday,MJR Adrian Cinema,,America/Detroit,Primetime,15:45,X027B:2026-09-27T15:45:00:Auditorium 10,59,Screen Auditorium 10,Digital,,,,8.0,,https://booking.mjrtheatres.com/launch/ticketing/01d74e5d-165a-584a-a2f1-6ec087750cc8,webedia-api; occupancy_rate=8; reserved=y,MJRT,,,webedia-api
2026-09-25,webedia-2026-09-27T18:45Z,2026-09-27T18:45:50.381126+00:00,2026-09-27T18:00Z,2026-09-27,Sunday,MJR Adrian Cinema,,America/Detroit,Primetime,18:30,X027B:2026-09-27T18:30:00:Auditorium 10,224,Screen Auditorium 10,Digital,,,,0.0,,https://booking.mjrtheatres.com/launch/ticketing/00c2ab28-e601-5b3c-b692-f3b1d34180c9,webedia-api; occupancy_rate=0; reserved=y,MJRT,,,webedia-api
2026-09-25,webedia-2026-09-27T18:45Z,2026-09-27T18:45:50.381126+00:00,2026-09-27T18:00Z,2026-09-27,Sunday,MJR Adrian Cinema,,America/Detroit,Primetime,21:15,X027B:2026-09-27T21:15:00:Auditorium 10,389,Screen Auditorium 10,Digital,,,,0.0,,https://booking.mjrtheatres.com/launch/ticketing/fe6071d3-b1e4-5129-8d0b-0dd82ca39905,webedia-api; occupancy_rate=0; reserved=y,MJRT,,,webedia-api
2026-09-25,webedia-2026-09-27T18:45Z,2026-09-27T18:45:50.381126+00:00,2026-09-27T18:00Z,2026-09-27,Sunday,MJR Brighton Cinema,,America/Detroit,Forgotten Island,15:20,X062H:2026-09-27T15:20:00:14,34,Screen 14,Digital,,,,8.0,,https://booking.mjrtheatres.com/launch/ticketing/9b93b568-68c0-5511-be36-b9d8b6cf32f6,webedia-api; occupancy_rate=8; reserved=y,MJRT,,,webedia-api
2026-09-25,webedia-2026-09-27T18:45Z,2026-09-27T18:45:50.381126+00:00,2026-09-27T18:00Z,2026-09-27,Sunday,MJR Brighton Cinema,,America/Detroit,Forgotten Island,16:15,X062H:2026-09-27T16:15:00:15,89,Screen 15,Digital,,,,1.0,,https://booking.mjrtheatres.com/launch/ticketing/1860ba6a-5bbd-59ec-97c0-4514dcbcce79,webedia-api; occupancy_rate=1; reserved=y,MJRT,,,webedia-api
2026-09-25,webedia-2026-09-27T18:45Z,2026-09-27T18:45:50.381126+00:00,2026-09-27T18:00Z,2026-09-27,Sunday,MJR Brighton Cinema,,America/Detroit,Forgotten Island,18:15,X062H:2026-09-27T18:15:00:14,209,Screen 14,Digital,,,,3.0,,https://booking.mjrtheatres.com/launch/ticketing/05a0ac2f-bbf6-577f-92ae-8ea664b399ca,webedia-api; occupancy_rate=3; reserved=y,MJRT,,,webedia-api
2026-09-25,webedia-2026-09-27T18:45Z,2026-09-27T18:45:50.381126+00:00,2026-09-27T18:00Z,2026-09-27,Sunday,MJR Brighton Cinema,,America/Detroit,Forgotten Island,19:15,X062H:2026-09-27T19:15:00:15,269,Screen 15,Digital,,,,0.0,,https://booking.mjrtheatres.com/launch/ticketing/8dc1a4f7-9d1c-5612-8e94-7e20c07b2333,webedia-api; occupancy_rate=0; reserved=y,MJRT,,,webedia-api
2026-09-25,webedia-2026-09-27T18:45Z,2026-09-27T18:45:50.381126+00:00,2026-09-27T18:00Z,2026-09-27,Sunday,MJR Brighton Cinema,,America/Detroit,Forgotten Island,21:00,X062H:2026-09-27T21:00:00:14,374,Screen 14,Digital,,,,0.0,,https://booking.mjrtheatres.com/launch/ticketing/1df71de2-3b2f-528e-a900-23b1ca60f33a,webedia-api; occupancy_rate=0; reserved=y,MJRT,,,webedia-api
2026-09-25,webedia-2026-09-27T18:45Z,2026-09-27T18:45:50.381126+00:00,2026-09-27T18:00Z,2026-09-27,Sunday,MJR Brighton Cinema,,America/Detroit,Heart of the Beast,16:20,X062H:2026-09-27T16:20:00:2,94,Screen 2,Digital,,,,23.0,,https://booking.mjrtheatres.com/launch/ticketing/f69c908a-3c1b-5993-bb2d-c4b5a55e607b,webedia-api; occupancy_rate=23; reserved=y,MJRT,,,webedia-api
2026-09-25,webedia-2026-09-27T18:45Z,2026-09-27T18:45:50.381126+00:00,2026-09-27T18:00Z,2026-09-27,Sunday,MJR Brighton Cinema,,America/Detroit,Heart of the Beast,18:50,X062H:2026-09-27T18:50:00:2,244,Screen 2,Digital,,,,7.0,,https://booking.mjrtheatres.com/launch/ticketing/1a19a8da-a276-5660-a646-f5a3cab7b9de,webedia-api; occupancy_rate=7; reserved=y,MJRT,,,webedia-api
2026-09-25,webedia-2026-09-27T18:45Z,2026-09-27T18:45:50.381126+00:00,2026-09-27T18:00Z,2026-09-27,Sunday,MJR Brighton Cinema,,America/Detroit,Heart of the Beast,20:00,X062H:2026-09-27T20:00:00:17,314,Screen 17,Digital,,,,0.0,,https://booking.mjrtheatres.com/launch/ticketing/212fd946-1f20-5e01-b6b8-388f4f6bb218,webedia-api; occupancy_rate=0; reserved=y,MJRT,,,webedia-api
2026-09-25,webedia-2026-09-27T18:45Z,2026-09-27T18:45:50.381126+00:00,2026-09-27T18:00Z,2026-09-27,Sunday,MJR Brighton Cinema,,America/Detroit,Heart of the Beast,21:30,X062H:2026-09-27T21:30:00:2,404,Screen 2,Digital,,,,0.0,,https://booking.mjrtheatres.com/launch/ticketing/cfc943f8-8669-56c4-ba4e-489f454dad0c,webedia-api; occupancy_rate=0; reserved=y,MJRT,,,webedia-api
2026-09-25,webedia-2026-09-27T18:45Z,2026-09-27T18:45:50.381126+00:00,2026-09-27T18:00Z,2026-09-27,Sunday,MJR Brighton Cinema,,America/Detroit,Primetime,15:30,X062H:2026-09-27T15:30:00:3,44,Screen 3,Digital,,,,2.0,,https://booking.mjrtheatres.com/launch/ticketing/ddaffec4-28d7-51a2-932f-f6b142526e22,webedia-api; occupancy_rate=2; reserved=y,MJRT,,,webedia-api
2026-09-25,webedia-2026-09-27T18:45Z,2026-09-27T18:45:50.381126+00:00,2026-09-27T18:00Z,2026-09-27,Sunday,MJR Brighton Cinema,,America/Detroit,Primetime,16:30,X062H:2026-09-27T16:30:00:6,104,Screen 6,Digital,,,,5.0,,https://booking.mjrtheatres.com/launch/ticketing/bd061832-8433-5a9a-9a6e-8755d994a5fa,webedia-api; occupancy_rate=5; reserved=y,MJRT,,,webedia-api
2026-09-25,webedia-2026-09-27T18:45Z,2026-09-27T18:45:50.381126+00:00,2026-09-27T18:00Z,2026-09-27,Sunday,MJR Brighton Cinema,,America/Detroit,Primetime,18:15,X062H:2026-09-27T18:15:00:3,209,Screen 3,Digital,,,,8.0,,https://booking.mjrtheatres.com/launch/ticketing/7eb86c4d-0338-50a7-8594-49a0634a3a58,webedia-api; occupancy_rate=8; reserved=y,MJRT,,,webedia-api
2026-09-25,webedia-2026-09-27T18:45Z,2026-09-27T18:45:50.381126+00:00,2026-09-27T18:00Z,2026-09-27,Sunday,MJR Brighton Cinema,,America/Detroit,Primetime,19:15,X062H:2026-09-27T19:15:00:6,269,Screen 6,Digital,,,,2.0,,https://booking.mjrtheatres.com/launch/ticketing/cf8d6779-413e-590e-9662-9d67c141df44,webedia-api; occupancy_rate=2; reserved=y,MJRT,,,webedia-api
2026-09-25,webedia-2026-09-27T18:45Z,2026-09-27T18:45:50.381126+00:00,2026-09-27T18:00Z,2026-09-27,Sunday,MJR Brighton Cinema,,America/Detroit,Primetime,21:00,X062H:2026-09-27T21:00:00:3,374,Screen 3,Digital,,,,2.0,,https://booking.mjrtheatres.com/launch/ticketing/f5b38bb4-915b-5f24-86ee-28d3062e0052,webedia-api; occupancy_rate=2; reserved=y,MJRT,,,webedia-api
2026-09-25,webedia-2026-09-27T18:45Z,2026-09-27T18:45:50.381126+00:00,2026-09-27T18:00Z,2026-09-27,Sunday,MJR Brighton Cinema,,America/Detroit,Primetime,22:00,X062H:2026-09-27T22:00:00:6,434,Screen 6,Digital,,,,0.0,,https://booking.mjrtheatres.com/launch/ticketing/9abad77e-2b05-5431-a9de-8bfb6c3242e3,webedia-api; occupancy_rate=0; reserved=y,MJRT,,,webedia-api
2026-09-25,webedia-2026-09-27T18:45Z,2026-09-27T18:45:50.381126+00:00,2026-09-27T18:00Z,2026-09-27,Sunday,MJR Chesterfield Cinema,,America/Detroit,Forgotten Island,14:45,X027D:2026-09-27T14:45:00:9,0,Screen 9,3d,,,,0.0,,https://booking.mjrtheatres.com/launch/ticketing/71a9cd22-514b-5cc7-b660-3262597d9a2a,webedia-api; post-show-census; occupancy_rate=0; reserved=y,MJRT,,,post-show-census
2026-09-25,webedia-2026-09-27T18:45Z,2026-09-27T18:45:50.381126+00:00,2026-09-27T18:00Z,2026-09-27,Sunday,MJR Chesterfield Cinema,,America/Detroit,Forgotten Island,15:30,X027D:2026-09-27T15:30:00:13,44,Screen 13,Digital,,,,10.0,,https://booking.mjrtheatres.com/launch/ticketing/8a220bee-0841-5be3-94da-dcdb0a2101f1,webedia-api; occupancy_rate=10; reserved=y,MJRT,,,webedia-api
2026-09-25,webedia-2026-09-27T18:45Z,2026-09-27T18:45:50.381126+00:00,2026-09-27T18:00Z,2026-09-27,Sunday,MJR Chesterfield Cinema,,America/Detroit,Forgotten Island,18:20,X027D:2026-09-27T18:20:00:13,214,Screen 13,Digital,,,,3.0,,https://booking.mjrtheatres.com/launch/ticketing/819725c1-4a61-56fb-8a5a-88ccb3e1c2f4,webedia-api; occupancy_rate=3; reserved=y,MJRT,,,webedia-api
2026-09-25,webedia-2026-09-27T18:45Z,2026-09-27T18:45:50.381126+00:00,2026-09-27T18:00Z,2026-09-27,Sunday,MJR Chesterfield Cinema,,America/Detroit,Forgotten Island,21:15,X027D:2026-09-27T21:15:00:13,389,Screen 13,Digital,,,,0.0,,https://booking.mjrtheatres.com/launch/ticketing/247bf0fa-06bd-5c01-b046-738e0e780503,webedia-api; occupancy_rate=0; reserved=y,MJRT,,,webedia-api
2026-09-25,webedia-2026-09-27T18:45Z,2026-09-27T18:45:50.381126+00:00,2026-09-27T18:00Z,2026-09-27,Sunday,MJR Chesterfield Cinema,,America/Detroit,Heart of the Beast,16:20,X027D:2026-09-27T16:20:00:1,94,Screen 1,Digital,,,,18.0,,https://booking.mjrtheatres.com/launch/ticketing/2cca9193-8ee1-546a-89c4-9bfc5f473364,webedia-api; occupancy_rate=18; reserved=y,MJRT,,,webedia-api
2026-09-25,webedia-2026-09-27T18:45Z,2026-09-27T18:45:50.381126+00:00,2026-09-27T18:00Z,2026-09-27,Sunday,MJR Chesterfield Cinema,,America/Detroit,Heart of the Beast,18:50,X027D:2026-09-27T18:50:00:1,244,Screen 1,Digital,,,,16.0,,https://booking.mjrtheatres.com/launch/ticketing/bfc55adb-93ca-5219-950a-305c2274a88b,webedia-api; occupancy_rate=16; reserved=y,MJRT,,,webedia-api
2026-09-25,webedia-2026-09-27T18:45Z,2026-09-27T18:45:50.381126+00:00,2026-09-27T18:00Z,2026-09-27,Sunday,MJR Chesterfield Cinema,,America/Detroit,Heart of the Beast,21:30,X027D:2026-09-27T21:30:00:1,404,Screen 1,Digital,,,,0.0,,https://booking.mjrtheatres.com/launch/ticketing/a27fd5e6-3dd7-5146-b370-53fe16269a34,webedia-api; occupancy_rate=0; reserved=y,MJRT,,,webedia-api
2026-09-25,webedia-2026-09-27T18:45Z,2026-09-27T18:45:50.381126+00:00,2026-09-27T18:00Z,2026-09-27,Sunday,MJR Chesterfield Cinema,,America/Detroit,Primetime,16:30,X027D:2026-09-27T16:30:00:15,104,Screen 15,Digital,,,,0.0,,https://booking.mjrtheatres.com/launch/ticketing/09be4226-d4ca-54fb-8e74-d5ada2f38561,webedia-api; occupancy_rate=0; reserved=y,MJRT,,,webedia-api
2026-09-25,webedia-2026-09-27T18:45Z,2026-09-27T18:45:50.381126+00:00,2026-09-27T18:00Z,2026-09-27,Sunday,MJR Chesterfield Cinema,,America/Detroit,Primetime,18:00,X027D:2026-09-27T18:00:00:9,194,Screen 9,Digital,,,,2.0,,https://booking.mjrtheatres.com/launch/ticketing/0a3c0295-1d3c-54d9-9f40-05b2c36c7109,webedia-api; occupancy_rate=2; reserved=y,MJRT,,,webedia-api
2026-09-25,webedia-2026-09-27T18:45Z,2026-09-27T18:45:50.381126+00:00,2026-09-27T18:00Z,2026-09-27,Sunday,MJR Chesterfield Cinema,,America/Detroit,Primetime,19:15,X027D:2026-09-27T19:15:00:15,269,Screen 15,Digital,,,,11.0,,https://booking.mjrtheatres.com/launch/ticketing/195ceedb-fbff-563c-862d-3b714a7b6546,webedia-api; occupancy_rate=11; reserved=y,MJRT,,,webedia-api
2026-09-25,webedia-2026-09-27T18:45Z,2026-09-27T18:45:50.381126+00:00,2026-09-27T18:00Z,2026-09-27,Sunday,MJR Chesterfield Cinema,,America/Detroit,Primetime,20:45,X027D:2026-09-27T20:45:00:9,359,Screen 9,Digital,,,,2.0,,https://booking.mjrtheatres.com/launch/ticketing/bea27808-d0f6-50dd-84d7-042db772afa7,webedia-api; occupancy_rate=2; reserved=y,MJRT,,,webedia-api
2026-09-25,webedia-2026-09-27T18:45Z,2026-09-27T18:45:50.381126+00:00,2026-09-27T18:00Z,2026-09-27,Sunday,MJR Chesterfield Cinema,,America/Detroit,Primetime,22:00,X027D:2026-09-27T22:00:00:15,434,Screen 15,Digital,,,,0.0,,https://booking.mjrtheatres.com/launch/ticketing/2799b5c7-7c66-5e9d-9398-2c3873d1cd22,webedia-api; occupancy_rate=0; reserved=y,MJRT,,,webedia-api
2026-09-25,webedia-2026-09-27T18:45Z,2026-09-27T18:45:50.381126+00:00,2026-09-27T18:00Z,2026-09-27,Sunday,MJR Marketplace Cinema,,America/Detroit,Forgotten Island,15:30,X07M4:2026-09-27T15:30:00:2,44,Screen 2,Digital,,,,25.0,,https://booking.mjrtheatres.com/launch/ticketing/588aae25-0caa-5947-8d57-b28223412643,webedia-api; occupancy_rate=25; reserved=y,MJRT,,,webedia-api
2026-09-25,webedia-2026-09-27T18:45Z,2026-09-27T18:45:50.381126+00:00,2026-09-27T18:00Z,2026-09-27,Sunday,MJR Marketplace Cinema,,America/Detroit,Forgotten Island,18:15,X07M4:2026-09-27T18:15:00:2,209,Screen 2,Digital,,,,2.0,,https://booking.mjrtheatres.com/launch/ticketing/1a88da57-bacc-5c86-9c24-69bde2ee0cd6,webedia-api; occupancy_rate=2; reserved=y,MJRT,,,webedia-api
2026-09-25,webedia-2026-09-27T18:45Z,2026-09-27T18:45:50.381126+00:00,2026-09-27T18:00Z,2026-09-27,Sunday,MJR Marketplace Cinema,,America/Detroit,Forgotten Island,21:15,X07M4:2026-09-27T21:15:00:2,389,Screen 2,Digital,,,,0.0,,https://booking.mjrtheatres.com/launch/ticketing/0957e642-2755-5a47-982e-2e1bc92c8dd7,webedia-api; occupancy_rate=0; reserved=y,MJRT,,,webedia-api
2026-09-25,webedia-2026-09-27T18:45Z,2026-09-27T18:45:50.381126+00:00,2026-09-27T18:00Z,2026-09-27,Sunday,MJR Marketplace Cinema,,America/Detroit,Heart of the Beast,16:20,X07M4:2026-09-27T16:20:00:13,94,Screen 13,Digital,,,,19.0,,https://booking.mjrtheatres.com/launch/ticketing/ad78d6e3-9ddc-513f-a137-7e25ea07413e,webedia-api; occupancy_rate=19; reserved=y,MJRT,,,webedia-api
2026-09-25,webedia-2026-09-27T18:45Z,2026-09-27T18:45:50.381126+00:00,2026-09-27T18:00Z,2026-09-27,Sunday,MJR Marketplace Cinema,,America/Detroit,Heart of the Beast,18:50,X07M4:2026-09-27T18:50:00:13,244,Screen 13,Digital,,,,13.0,,https://booking.mjrtheatres.com/launch/ticketing/f9019339-92b0-509b-9429-ea2ed2131753,webedia-api; occupancy_rate=13; reserved=y,MJRT,,,webedia-api
2026-09-25,webedia-2026-09-27T18:45Z,2026-09-27T18:45:50.381126+00:00,2026-09-27T18:00Z,2026-09-27,Sunday,MJR Marketplace Cinema,,America/Detroit,Heart of the Beast,21:30,X07M4:2026-09-27T21:30:00:13,404,Screen 13,Digital,,,,0.0,,https://booking.mjrtheatres.com/launch/ticketing/783f5c5e-eb58-5253-9663-24fe33bcec56,webedia-api; occupancy_rate=0; reserved=y,MJRT,,,webedia-api
2026-09-25,webedia-2026-09-27T18:45Z,2026-09-27T18:45:50.381126+00:00,2026-09-27T18:00Z,2026-09-27,Sunday,MJR Marketplace Cinema,,America/Detroit,Primetime,15:15,X07M4:2026-09-27T15:15:00:9,29,Screen 9,Digital,,,,2.0,,https://booking.mjrtheatres.com/launch/ticketing/5cac4b8f-72b6-5eea-8f44-1d891864d037,webedia-api; occupancy_rate=2; reserved=y,MJRT,,,webedia-api
2026-09-25,webedia-2026-09-27T18:45Z,2026-09-27T18:45:50.381126+00:00,2026-09-27T18:00Z,2026-09-27,Sunday,MJR Marketplace Cinema,,America/Detroit,Primetime,16:30,X07M4:2026-09-27T16:30:00:6,104,Screen 6,Digital,,,,10.0,,https://booking.mjrtheatres.com/launch/ticketing/9159dd52-83ab-57e6-82c3-3dfa26eb4876,webedia-api; occupancy_rate=10; reserved=y,MJRT,,,webedia-api
2026-09-25,webedia-2026-09-27T18:45Z,2026-09-27T18:45:50.381126+00:00,2026-09-27T18:00Z,2026-09-27,Sunday,MJR Marketplace Cinema,,America/Detroit,Primetime,18:05,X07M4:2026-09-27T18:05:00:9,199,Screen 9,Digital,,,,12.0,,https://booking.mjrtheatres.com/launch/ticketing/0d6d2b63-3abe-5954-bf3d-4672c29f86e0,webedia-api; occupancy_rate=12; reserved=y,MJRT,,,webedia-api
2026-09-25,webedia-2026-09-27T18:45Z,2026-09-27T18:45:50.381126+00:00,2026-09-27T18:00Z,2026-09-27,Sunday,MJR Marketplace Cinema,,America/Detroit,Primetime,19:15,X07M4:2026-09-27T19:15:00:6,269,Screen 6,Digital,,,,21.0,,https://booking.mjrtheatres.com/launch/ticketing/33f319d1-dc6c-5499-b3db-e7fccb432243,webedia-api; occupancy_rate=21; reserved=y,MJRT,,,webedia-api
2026-09-25,webedia-2026-09-27T18:45Z,2026-09-27T18:45:50.381126+00:00,2026-09-27T18:00Z,2026-09-27,Sunday,MJR Marketplace Cinema,,America/Detroit,Primetime,20:50,X07M4:2026-09-27T20:50:00:9,364,Screen 9,Digital,,,,2.0,,https://booking.mjrtheatres.com/launch/ticketing/22044036-ecb3-5268-89f9-1c29d319bb45,webedia-api; occupancy_rate=2; reserved=y,MJRT,,,webedia-api
2026-09-25,webedia-2026-09-27T18:45Z,2026-09-27T18:45:50.381126+00:00,2026-09-27T18:00Z,2026-09-27,Sunday,MJR Marketplace Cinema,,America/Detroit,Primetime,22:00,X07M4:2026-09-27T22:00:00:6,434,Screen 6,Digital,,,,5.0,,https://booking.mjrtheatres.com/launch/ticketing/4535c8c4-b43a-5f51-8a15-d9eb36d3155f,webedia-api; occupancy_rate=5; reserved=y,MJRT,,,webedia-api
2026-09-25,webedia-2026-09-27T18:45Z,2026-09-27T18:45:50.381126+00:00,2026-09-27T18:00Z,2026-09-27,Sunday,MJR Partridge Creek Cinema,,America/Detroit,Forgotten Island,16:00,X086T:2026-09-27T16:00:00:2,74,Screen 2,Digital,,,,10.0,,https://booking.mjrtheatres.com/launch/ticketing/17994ea6-0566-5b9e-89bf-7d6401e03284,webedia-api; occupancy_rate=10; reserved=y,MJRT,,,webedia-api
2026-09-25,webedia-2026-09-27T18:45Z,2026-09-27T18:45:50.381126+00:00,2026-09-27T18:00Z,2026-09-27,Sunday,MJR Partridge Creek Cinema,,America/Detroit,Forgotten Island,18:45,X086T:2026-09-27T18:45:00:2,239,Screen 2,Digital,,,,0.0,,https://booking.mjrtheatres.com/launch/ticketing/151c68c9-e269-58a0-acec-195c07d0b630,webedia-api; occupancy_rate=0; reserved=y,MJRT,,,webedia-api
2026-09-25,webedia-2026-09-27T18:45Z,2026-09-27T18:45:50.381126+00:00,2026-09-27T18:00Z,2026-09-27,Sunday,MJR Partridge Creek Cinema,,America/Detroit,Forgotten Island,21:30,X086T:2026-09-27T21:30:00:2,404,Screen 2,Digital,,,,0.0,,https://booking.mjrtheatres.com/launch/ticketing/56f45642-6ecb-5b77-a6d5-79d5d1b8158f,webedia-api; occupancy_rate=0; reserved=y,MJRT,,,webedia-api
2026-09-25,webedia-2026-09-27T18:45Z,2026-09-27T18:45:50.381126+00:00,2026-09-27T18:00Z,2026-09-27,Sunday,MJR Partridge Creek Cinema,,America/Detroit,Heart of the Beast,16:20,X086T:2026-09-27T16:20:00:11,94,Screen 11,Digital,,,,16.0,,https://booking.mjrtheatres.com/launch/ticketing/893c8aff-2967-5e69-8586-b4430daf7a7a,webedia-api; occupancy_rate=16; reserved=y,MJRT,,,webedia-api
2026-09-25,webedia-2026-09-27T18:45Z,2026-09-27T18:45:50.381126+00:00,2026-09-27T18:00Z,2026-09-27,Sunday,MJR Partridge Creek Cinema,,America/Detroit,Heart of the Beast,18:50,X086T:2026-09-27T18:50:00:11,244,Screen 11,Digital,,,,9.0,,https://booking.mjrtheatres.com/launch/ticketing/270fa561-f551-5c3c-b452-43e89ba2c2c1,webedia-api; occupancy_rate=9; reserved=y,MJRT,,,webedia-api
2026-09-25,webedia-2026-09-27T18:45Z,2026-09-27T18:45:50.381126+00:00,2026-09-27T18:00Z,2026-09-27,Sunday,MJR Partridge Creek Cinema,,America/Detroit,Heart of the Beast,21:30,X086T:2026-09-27T21:30:00:11,404,Screen 11,Digital,,,,6.0,,https://booking.mjrtheatres.com/launch/ticketing/b35d0929-3e97-554e-bebf-b3de33f0a6d2,webedia-api; occupancy_rate=6; reserved=y,MJRT,,,webedia-api
2026-09-25,webedia-2026-09-27T18:45Z,2026-09-27T18:45:50.381126+00:00,2026-09-27T18:00Z,2026-09-27,Sunday,MJR Partridge Creek Cinema,,America/Detroit,Primetime,15:30,X086T:2026-09-27T15:30:00:14,44,Screen 14,Digital,,,,7.0,,https://booking.mjrtheatres.com/launch/ticketing/fb36aa59-3c9a-55e0-9db6-4372f9d98f0d,webedia-api; occupancy_rate=7; reserved=y,MJRT,,,webedia-api
2026-09-25,webedia-2026-09-27T18:45Z,2026-09-27T18:45:50.381126+00:00,2026-09-27T18:00Z,2026-09-27,Sunday,MJR Partridge Creek Cinema,,America/Detroit,Primetime,16:30,X086T:2026-09-27T16:30:00:4,104,Screen 4,Digital,,,,0.0,,https://booking.mjrtheatres.com/launch/ticketing/8cfcf2c7-2f6e-5570-b2a7-8f70a2d2e17b,webedia-api; occupancy_rate=0; reserved=y,MJRT,,,webedia-api
2026-09-25,webedia-2026-09-27T18:45Z,2026-09-27T18:45:50.381126+00:00,2026-09-27T18:00Z,2026-09-27,Sunday,MJR Partridge Creek Cinema,,America/Detroit,Primetime,18:15,X086T:2026-09-27T18:15:00:14,209,Screen 14,Digital,,,,13.0,,https://booking.mjrtheatres.com/launch/ticketing/97f29abe-7746-5930-bbe3-e3919d397436,webedia-api; occupancy_rate=13; reserved=y,MJRT,,,webedia-api
2026-09-25,webedia-2026-09-27T18:45Z,2026-09-27T18:45:50.381126+00:00,2026-09-27T18:00Z,2026-09-27,Sunday,MJR Partridge Creek Cinema,,America/Detroit,Primetime,19:15,X086T:2026-09-27T19:15:00:4,269,Screen 4,Digital,,,,6.0,,https://booking.mjrtheatres.com/launch/ticketing/6da75e9f-516b-5960-a3ad-3ed567769c4a,webedia-api; occupancy_rate=6; reserved=y,MJRT,,,webedia-api
2026-09-25,webedia-2026-09-27T18:45Z,2026-09-27T18:45:50.381126+00:00,2026-09-27T18:00Z,2026-09-27,Sunday,MJR Partridge Creek Cinema,,America/Detroit,Primetime,21:00,X086T:2026-09-27T21:00:00:14,374,Screen 14,Digital,,,,3.0,,https://booking.mjrtheatres.com/launch/ticketing/0771fbd7-5bd0-5216-8076-125d30d01123,webedia-api; occupancy_rate=3; reserved=y,MJRT,,,webedia-api
2026-09-25,webedia-2026-09-27T18:45Z,2026-09-27T18:45:50.381126+00:00,2026-09-27T18:00Z,2026-09-27,Sunday,MJR Partridge Creek Cinema,,America/Detroit,Primetime,22:00,X086T:2026-09-27T22:00:00:4,434,Screen 4,Digital,,,,6.0,,https://booking.mjrtheatres.com/launch/ticketing/1a3c716d-6bc8-5f22-b735-e2bf61442152,webedia-api; occupancy_rate=6; reserved=y,MJRT,,,webedia-api
2026-09-25,webedia-2026-09-27T18:45Z,2026-09-27T18:45:50.381126+00:00,2026-09-27T18:00Z,2026-09-27,Sunday,MJR Southgate Cinema,,America/Detroit,Forgotten Island,14:15,X042Y:2026-09-27T14:15:00:5,0,Screen 5,3d,,,,30.0,,https://booking.mjrtheatres.com/launch/ticketing/2b641c9d-f9f2-51de-bebc-4da0357e4292,webedia-api; post-show-census; occupancy_rate=30; reserved=y,MJRT,,,post-show-census
2026-09-25,webedia-2026-09-27T18:45Z,2026-09-27T18:45:50.381126+00:00,2026-09-27T18:00Z,2026-09-27,Sunday,MJR Southgate Cinema,,America/Detroit,Forgotten Island,15:30,X042Y:2026-09-27T15:30:00:3,44,Screen 3,Digital,,,,2.0,,https://booking.mjrtheatres.com/launch/ticketing/d92c082e-3098-526c-b528-9cbefbfff766,webedia-api; occupancy_rate=2; reserved=y,MJRT,,,webedia-api
2026-09-25,webedia-2026-09-27T18:45Z,2026-09-27T18:45:50.381126+00:00,2026-09-27T18:00Z,2026-09-27,Sunday,MJR Southgate Cinema,,America/Detroit,Forgotten Island,17:00,X042Y:2026-09-27T17:00:00:18,134,Screen 18,Digital,,,,23.0,,https://booking.mjrtheatres.com/launch/ticketing/9695b581-0f9e-56de-8b74-3a98e991503d,webedia-api; occupancy_rate=23; reserved=y,MJRT,,,webedia-api
2026-09-25,webedia-2026-09-27T18:45Z,2026-09-27T18:45:50.381126+00:00,2026-09-27T18:00Z,2026-09-27,Sunday,MJR Southgate Cinema,,America/Detroit,Forgotten Island,18:20,X042Y:2026-09-27T18:20:00:3,214,Screen 3,Digital,,,,0.0,,https://booking.mjrtheatres.com/launch/ticketing/cd95e364-0119-5d52-b3f1-a3c50008e539,webedia-api; occupancy_rate=0; reserved=y,MJRT,,,webedia-api
2026-09-25,webedia-2026-09-27T18:45Z,2026-09-27T18:45:50.381126+00:00,2026-09-27T18:00Z,2026-09-27,Sunday,MJR Southgate Cinema,,America/Detroit,Forgotten Island,19:40,X042Y:2026-09-27T19:40:00:18,294,Screen 18,Digital,,,,0.0,,https://booking.mjrtheatres.com/launch/ticketing/7001d1a3-4781-5b71-af5c-06fa1b5d945f,webedia-api; occupancy_rate=0; reserved=y,MJRT,,,webedia-api
2026-09-25,webedia-2026-09-27T18:45Z,2026-09-27T18:45:50.381126+00:00,2026-09-27T18:00Z,2026-09-27,Sunday,MJR Southgate Cinema,,America/Detroit,Forgotten Island,21:15,X042Y:2026-09-27T21:15:00:5,389,Screen 5,Digital,,,,0.0,,https://booking.mjrtheatres.com/launch/ticketing/a77c2c06-ae7d-5060-9a8e-d1a31db3042e,webedia-api; occupancy_rate=0; reserved=y,MJRT,,,webedia-api
2026-09-25,webedia-2026-09-27T18:45Z,2026-09-27T18:45:50.381126+00:00,2026-09-27T18:00Z,2026-09-27,Sunday,MJR Southgate Cinema,,America/Detroit,Heart of the Beast,16:20,X042Y:2026-09-27T16:20:00:6,94,Screen 6,Digital,,,,35.0,,https://booking.mjrtheatres.com/launch/ticketing/51168618-fb96-5f88-a99f-65a36ba8f1ed,webedia-api; occupancy_rate=35; reserved=y,MJRT,,,webedia-api
2026-09-25,webedia-2026-09-27T18:45Z,2026-09-27T18:45:50.381126+00:00,2026-09-27T18:00Z,2026-09-27,Sunday,MJR Southgate Cinema,,America/Detroit,Heart of the Beast,18:50,X042Y:2026-09-27T18:50:00:6,244,Screen 6,Digital,,,,0.0,,https://booking.mjrtheatres.com/launch/ticketing/5d028087-a485-5689-8760-8d3ee36a3620,webedia-api; occupancy_rate=0; reserved=y,MJRT,,,webedia-api
2026-09-25,webedia-2026-09-27T18:45Z,2026-09-27T18:45:50.381126+00:00,2026-09-27T18:00Z,2026-09-27,Sunday,MJR Southgate Cinema,,America/Detroit,Heart of the Beast,21:30,X042Y:2026-09-27T21:30:00:6,404,Screen 6,Digital,,,,3.0,,https://booking.mjrtheatres.com/launch/ticketing/bcd32d1e-53c4-56f3-8d21-583669fc1ffa,webedia-api; occupancy_rate=3; reserved=y,MJRT,,,webedia-api
2026-09-25,webedia-2026-09-27T18:45Z,2026-09-27T18:45:50.381126+00:00,2026-09-27T18:00Z,2026-09-27,Sunday,MJR Southgate Cinema,,America/Detroit,Primetime,16:30,X042Y:2026-09-27T16:30:00:17,104,Screen 17,Digital,,,,3.0,,https://booking.mjrtheatres.com/launch/ticketing/7c340f24-cb30-5775-8fcd-5bdb6dc7856f,webedia-api; occupancy_rate=3; reserved=y,MJRT,,,webedia-api
2026-09-25,webedia-2026-09-27T18:45Z,2026-09-27T18:45:50.381126+00:00,2026-09-27T18:00Z,2026-09-27,Sunday,MJR Southgate Cinema,,America/Detroit,Primetime,18:15,X042Y:2026-09-27T18:15:00:10,209,Screen 10,Digital,,,,14.0,,https://booking.mjrtheatres.com/launch/ticketing/d7b37bd9-7dad-54bf-bbd9-06e384910702,webedia-api; occupancy_rate=14; reserved=y,MJRT,,,webedia-api
2026-09-25,webedia-2026-09-27T18:45Z,2026-09-27T18:45:50.381126+00:00,2026-09-27T18:00Z,2026-09-27,Sunday,MJR Southgate Cinema,,America/Detroit,Primetime,19:15,X042Y:2026-09-27T19:15:00:17,269,Screen 17,Digital,,,,0.0,,https://booking.mjrtheatres.com/launch/ticketing/ee9d3742-fecc-5f38-a409-04d3e88775f0,webedia-api; occupancy_rate=0; reserved=y,MJRT,,,webedia-api
2026-09-25,webedia-2026-09-27T18:45Z,2026-09-27T18:45:50.381126+00:00,2026-09-27T18:00Z,2026-09-27,Sunday,MJR Southgate Cinema,,America/Detroit,Primetime,20:15,X042Y:2026-09-27T20:15:00:9,329,Screen 9,Digital,,,,11.0,,https://booking.mjrtheatres.com/launch/ticketing/95aeeff6-8def-5d5e-98bf-97a21b4a6643,webedia-api; occupancy_rate=11; reserved=y,MJRT,,,webedia-api
2026-09-25,webedia-2026-09-27T18:45Z,2026-09-27T18:45:50.381126+00:00,2026-09-27T18:00Z,2026-09-27,Sunday,MJR Southgate Cinema,,America/Detroit,Primetime,21:00,X042Y:2026-09-27T21:00:00:10,374,Screen 10,Digital,,,,10.0,,https://booking.mjrtheatres.com/launch/ticketing/c4aad1d6-309a-5240-9ed0-d3c72d04eaa5,webedia-api; occupancy_rate=10; reserved=y,MJRT,,,webedia-api
2026-09-25,webedia-2026-09-27T18:45Z,2026-09-27T18:45:50.381126+00:00,2026-09-27T18:00Z,2026-09-27,Sunday,MJR Southgate Cinema,,America/Detroit,Primetime,22:00,X042Y:2026-09-27T22:00:00:17,434,Screen 17,Digital,,,,0.0,,https://booking.mjrtheatres.com/launch/ticketing/fd83ad2b-3291-5db0-bbc6-53f0496e1887,webedia-api; occupancy_rate=0; reserved=y,MJRT,,,webedia-api
2026-09-25,webedia-2026-09-27T18:45Z,2026-09-27T18:45:50.381126+00:00,2026-09-27T18:00Z,2026-09-27,Sunday,MJR Troy Cinema,,America/Detroit,Forgotten Island,15:30,X0TUX:2026-09-27T15:30:00:1,44,Screen 1,Digital,,,,1.0,,https://booking.mjrtheatres.com/launch/ticketing/9b7b1aca-d4d2-5fe2-8cde-968a4e61fa92,webedia-api; occupancy_rate=1; reserved=y,MJRT,,,webedia-api
2026-09-25,webedia-2026-09-27T18:45Z,2026-09-27T18:45:50.381126+00:00,2026-09-27T18:00Z,2026-09-27,Sunday,MJR Troy Cinema,,America/Detroit,Forgotten Island,18:20,X0TUX:2026-09-27T18:20:00:1,214,Screen 1,Digital,,,,0.0,,https://booking.mjrtheatres.com/launch/ticketing/c5c5e167-1241-5621-9fd1-5f10c1eb543c,webedia-api; occupancy_rate=0; reserved=y,MJRT,,,webedia-api
2026-09-25,webedia-2026-09-27T18:45Z,2026-09-27T18:45:50.381126+00:00,2026-09-27T18:00Z,2026-09-27,Sunday,MJR Troy Cinema,,America/Detroit,Forgotten Island,21:15,X0TUX:2026-09-27T21:15:00:1,389,Screen 1,Digital,,,,1.0,,https://booking.mjrtheatres.com/launch/ticketing/7d6e2f8a-c798-5337-91eb-444cfa2a85cc,webedia-api; occupancy_rate=1; reserved=y,MJRT,,,webedia-api
2026-09-25,webedia-2026-09-27T18:45Z,2026-09-27T18:45:50.381126+00:00,2026-09-27T18:00Z,2026-09-27,Sunday,MJR Troy Cinema,,America/Detroit,Heart of the Beast,16:20,X0TUX:2026-09-27T16:20:00:4,94,Screen 4,Digital,,,,1.0,,https://booking.mjrtheatres.com/launch/ticketing/8065fbd5-de26-5e7a-a6ea-f2ed32586419,webedia-api; occupancy_rate=1; reserved=y,MJRT,,,webedia-api
2026-09-25,webedia-2026-09-27T18:45Z,2026-09-27T18:45:50.381126+00:00,2026-09-27T18:00Z,2026-09-27,Sunday,MJR Troy Cinema,,America/Detroit,Heart of the Beast,18:50,X0TUX:2026-09-27T18:50:00:4,244,Screen 4,Digital,,,,0.0,,https://booking.mjrtheatres.com/launch/ticketing/978ba712-f711-558a-a5fd-7ceb4ed7beeb,webedia-api; occupancy_rate=0; reserved=y,MJRT,,,webedia-api
2026-09-25,webedia-2026-09-27T18:45Z,2026-09-27T18:45:50.381126+00:00,2026-09-27T18:00Z,2026-09-27,Sunday,MJR Troy Cinema,,America/Detroit,Heart of the Beast,21:30,X0TUX:2026-09-27T21:30:00:4,404,Screen 4,Digital,,,,0.0,,https://booking.mjrtheatres.com/launch/ticketing/10b76f6d-87f8-5728-9ca7-94829aa437b7,webedia-api; occupancy_rate=0; reserved=y,MJRT,,,webedia-api
2026-09-25,webedia-2026-09-27T18:45Z,2026-09-27T18:45:50.381126+00:00,2026-09-27T18:00Z,2026-09-27,Sunday,MJR Troy Cinema,,America/Detroit,Primetime,15:30,X0TUX:2026-09-27T15:30:00:13,44,Screen 13,Digital,,,,6.0,,https://booking.mjrtheatres.com/launch/ticketing/6d19c98e-1e64-5f93-ac6f-be4e6f063dc8,webedia-api; occupancy_rate=6; reserved=y,MJRT,,,webedia-api
2026-09-25,webedia-2026-09-27T18:45Z,2026-09-27T18:45:50.381126+00:00,2026-09-27T18:00Z,2026-09-27,Sunday,MJR Troy Cinema,,America/Detroit,Primetime,16:30,X0TUX:2026-09-27T16:30:00:6,104,Screen 6,Digital,,,,13.0,,https://booking.mjrtheatres.com/launch/ticketing/8a7e6edb-c3a1-5e03-8f3d-aef69a3fd0bb,webedia-api; occupancy_rate=13; reserved=y,MJRT,,,webedia-api
2026-09-25,webedia-2026-09-27T18:45Z,2026-09-27T18:45:50.381126+00:00,2026-09-27T18:00Z,2026-09-27,Sunday,MJR Troy Cinema,,America/Detroit,Primetime,18:20,X0TUX:2026-09-27T18:20:00:13,214,Screen 13,Digital,,,,7.0,,https://booking.mjrtheatres.com/launch/ticketing/2dee1e16-b14c-5171-8ecf-dd7cad873451,webedia-api; occupancy_rate=7; reserved=y,MJRT,,,webedia-api
2026-09-25,webedia-2026-09-27T18:45Z,2026-09-27T18:45:50.381126+00:00,2026-09-27T18:00Z,2026-09-27,Sunday,MJR Troy Cinema,,America/Detroit,Primetime,19:15,X0TUX:2026-09-27T19:15:00:6,269,Screen 6,Digital,,,,0.0,,https://booking.mjrtheatres.com/launch/ticketing/ac41ca76-b95c-5157-bd39-7f18ce333ef8,webedia-api; occupancy_rate=0; reserved=y,MJRT,,,webedia-api
2026-09-25,webedia-2026-09-27T18:45Z,2026-09-27T18:45:50.381126+00:00,2026-09-27T18:00Z,2026-09-27,Sunday,MJR Troy Cinema,,America/Detroit,Primetime,21:15,X0TUX:2026-09-27T21:15:00:11,389,Screen 11,Digital,,,,1.0,,https://booking.mjrtheatres.com/launch/ticketing/1181da58-46ad-5fe3-8615-34891fa437d2,webedia-api; occupancy_rate=1; reserved=y,MJRT,,,webedia-api
2026-09-25,webedia-2026-09-27T18:45Z,2026-09-27T18:45:50.381126+00:00,2026-09-27T18:00Z,2026-09-27,Sunday,MJR Troy Cinema,,America/Detroit,Primetime,22:00,X0TUX:2026-09-27T22:00:00:6,434,Screen 6,Digital,,,,0.0,,https://booking.mjrtheatres.com/launch/ticketing/8ea4eed0-c313-54f5-926e-535ee1977e5d,webedia-api; occupancy_rate=0; reserved=y,MJRT,,,webedia-api
2026-09-25,webedia-2026-09-27T18:45Z,2026-09-27T18:45:50.381126+00:00,2026-09-27T18:00Z,2026-09-27,Sunday,MJR Universal Cinema,,America/Detroit,Forgotten Island,15:20,X02OO:2026-09-27T15:20:00:9,34,Screen 9,Digital,,,,10.0,,https://booking.mjrtheatres.com/launch/ticketing/df24f76a-221c-5cb5-9a18-bba61af1d599,webedia-api; occupancy_rate=10; reserved=y,MJRT,,,webedia-api
2026-09-25,webedia-2026-09-27T18:45Z,2026-09-27T18:45:50.381126+00:00,2026-09-27T18:00Z,2026-09-27,Sunday,MJR Universal Cinema,,America/Detroit,Forgotten Island,18:15,X02OO:2026-09-27T18:15:00:9,209,Screen 9,Digital,,,,0.0,,https://booking.mjrtheatres.com/launch/ticketing/fef9ae2a-a335-5010-a230-427e74d562f5,webedia-api; occupancy_rate=0; reserved=y,MJRT,,,webedia-api
2026-09-25,webedia-2026-09-27T18:45Z,2026-09-27T18:45:50.381126+00:00,2026-09-27T18:00Z,2026-09-27,Sunday,MJR Universal Cinema,,America/Detroit,Forgotten Island,21:00,X02OO:2026-09-27T21:00:00:9,374,Screen 9,Digital,,,,0.0,,https://booking.mjrtheatres.com/launch/ticketing/2f878dcf-eab6-5900-bc95-c2a5f8c0c398,webedia-api; occupancy_rate=0; reserved=y,MJRT,,,webedia-api
2026-09-25,webedia-2026-09-27T18:45Z,2026-09-27T18:45:50.381126+00:00,2026-09-27T18:00Z,2026-09-27,Sunday,MJR Universal Cinema,,America/Detroit,Heart of the Beast,16:20,X02OO:2026-09-27T16:20:00:5,94,Screen 5,Digital,,,,4.0,,https://booking.mjrtheatres.com/launch/ticketing/2ad162a8-c671-580b-bafc-69878797d0c0,webedia-api; occupancy_rate=4; reserved=y,MJRT,,,webedia-api
2026-09-25,webedia-2026-09-27T18:45Z,2026-09-27T18:45:50.381126+00:00,2026-09-27T18:00Z,2026-09-27,Sunday,MJR Universal Cinema,,America/Detroit,Heart of the Beast,18:50,X02OO:2026-09-27T18:50:00:5,244,Screen 5,Digital,,,,0.0,,https://booking.mjrtheatres.com/launch/ticketing/84d7f755-fcf6-5095-a10e-0fcbb8416d6f,webedia-api; occupancy_rate=0; reserved=y,MJRT,,,webedia-api
2026-09-25,webedia-2026-09-27T18:45Z,2026-09-27T18:45:50.381126+00:00,2026-09-27T18:00Z,2026-09-27,Sunday,MJR Universal Cinema,,America/Detroit,Heart of the Beast,21:30,X02OO:2026-09-27T21:30:00:5,404,Screen 5,Digital,,,,0.0,,https://booking.mjrtheatres.com/launch/ticketing/ec109b6d-bd47-5763-ba31-9f04dd5e01d8,webedia-api; occupancy_rate=0; reserved=y,MJRT,,,webedia-api
2026-09-25,webedia-2026-09-27T18:45Z,2026-09-27T18:45:50.381126+00:00,2026-09-27T18:00Z,2026-09-27,Sunday,MJR Universal Cinema,,America/Detroit,Primetime,14:15,X02OO:2026-09-27T14:15:00:8,0,Screen 8,Digital,,,,5.0,,https://booking.mjrtheatres.com/launch/ticketing/5720422e-595f-5bfd-b3bd-83152e628e7f,webedia-api; post-show-census; occupancy_rate=5; reserved=y,MJRT,,,post-show-census
2026-09-25,webedia-2026-09-27T18:45Z,2026-09-27T18:45:50.381126+00:00,2026-09-27T18:00Z,2026-09-27,Sunday,MJR Universal Cinema,,America/Detroit,Primetime,15:45,X02OO:2026-09-27T15:45:00:6,59,Screen 6,Digital,,,,5.0,,https://booking.mjrtheatres.com/launch/ticketing/7b7f3cf1-0415-5595-a167-f1b88a821abb,webedia-api; occupancy_rate=5; reserved=y,MJRT,,,webedia-api
2026-09-25,webedia-2026-09-27T18:45Z,2026-09-27T18:45:50.381126+00:00,2026-09-27T18:00Z,2026-09-27,Sunday,MJR Universal Cinema,,America/Detroit,Primetime,17:00,X02OO:2026-09-27T17:00:00:8,134,Screen 8,Digital,,,,0.0,,https://booking.mjrtheatres.com/launch/ticketing/4d015618-b088-5fa8-ad5f-35615a9f3880,webedia-api; occupancy_rate=0; reserved=y,MJRT,,,webedia-api
2026-09-25,webedia-2026-09-27T18:45Z,2026-09-27T18:45:50.381126+00:00,2026-09-27T18:00Z,2026-09-27,Sunday,MJR Universal Cinema,,America/Detroit,Primetime,18:30,X02OO:2026-09-27T18:30:00:6,224,Screen 6,Digital,,,,27.0,,https://booking.mjrtheatres.com/launch/ticketing/bf64c4a9-873b-582a-9047-a499f83f8ec9,webedia-api; occupancy_rate=27; reserved=y,MJRT,,,webedia-api
2026-09-25,webedia-2026-09-27T18:45Z,2026-09-27T18:45:50.381126+00:00,2026-09-27T18:00Z,2026-09-27,Sunday,MJR Universal Cinema,,America/Detroit,Primetime,19:40,X02OO:2026-09-27T19:40:00:8,294,Screen 8,Digital,,,,0.0,,https://booking.mjrtheatres.com/launch/ticketing/107a5540-b7ad-565f-9b9b-a3440692317c,webedia-api; occupancy_rate=0; reserved=y,MJRT,,,webedia-api
2026-09-25,webedia-2026-09-27T18:45Z,2026-09-27T18:45:50.381126+00:00,2026-09-27T18:00Z,2026-09-27,Sunday,MJR Universal Cinema,,America/Detroit,Primetime,21:15,X02OO:2026-09-27T21:15:00:6,389,Screen 6,Digital,,,,4.0,,https://booking.mjrtheatres.com/launch/ticketing/bc1c4144-2a04-54a5-a31b-8386e6c3259e,webedia-api; occupancy_rate=4; reserved=y,MJRT,,,webedia-api
2026-09-25,webedia-2026-09-27T18:45Z,2026-09-27T18:45:50.381126+00:00,2026-09-27T18:00Z,2026-09-27,Sunday,MJR Universal Cinema,,America/Detroit,Primetime,22:15,X02OO:2026-09-27T22:15:00:8,449,Screen 8,Digital,,,,0.0,,https://booking.mjrtheatres.com/launch/ticketing/4fb6a7b3-d596-58a1-89e4-a676b2aeafda,webedia-api; occupancy_rate=0; reserved=y,MJRT,,,webedia-api
2026-09-25,webedia-2026-09-27T18:45Z,2026-09-27T18:45:50.381126+00:00,2026-09-27T18:00Z,2026-09-27,Sunday,MJR Waterford Cinema,,America/Detroit,Forgotten Island,15:30,X027E:2026-09-27T15:30:00:5,44,Screen 5,Digital,,,,2.0,,https://booking.mjrtheatres.com/launch/ticketing/e55bd975-067c-5542-bf73-1c70e46894b9,webedia-api; occupancy_rate=2; reserved=y,MJRT,,,webedia-api
2026-09-25,webedia-2026-09-27T18:45Z,2026-09-27T18:45:50.381126+00:00,2026-09-27T18:00Z,2026-09-27,Sunday,MJR Waterford Cinema,,America/Detroit,Forgotten Island,18:15,X027E:2026-09-27T18:15:00:5,209,Screen 5,Digital,,,,0.0,,https://booking.mjrtheatres.com/launch/ticketing/543a6f41-4b97-5c22-bf44-bc21f6862152,webedia-api; occupancy_rate=0; reserved=y,MJRT,,,webedia-api
2026-09-25,webedia-2026-09-27T18:45Z,2026-09-27T18:45:50.381126+00:00,2026-09-27T18:00Z,2026-09-27,Sunday,MJR Waterford Cinema,,America/Detroit,Forgotten Island,21:15,X027E:2026-09-27T21:15:00:5,389,Screen 5,Digital,,,,0.0,,https://booking.mjrtheatres.com/launch/ticketing/e7a9a971-c005-537a-9a2c-f26123a771e5,webedia-api; occupancy_rate=0; reserved=y,MJRT,,,webedia-api
2026-09-25,webedia-2026-09-27T18:45Z,2026-09-27T18:45:50.381126+00:00,2026-09-27T18:00Z,2026-09-27,Sunday,MJR Waterford Cinema,,America/Detroit,Heart of the Beast,16:20,X027E:2026-09-27T16:20:00:10,94,Screen 10,Digital,,,,12.0,,https://booking.mjrtheatres.com/launch/ticketing/23e8350c-95cf-5c3a-a28e-29612e21a470,webedia-api; occupancy_rate=12; reserved=y,MJRT,,,webedia-api
2026-09-25,webedia-2026-09-27T18:45Z,2026-09-27T18:45:50.381126+00:00,2026-09-27T18:00Z,2026-09-27,Sunday,MJR Waterford Cinema,,America/Detroit,Heart of the Beast,18:50,X027E:2026-09-27T18:50:00:10,244,Screen 10,Digital,,,,0.0,,https://booking.mjrtheatres.com/launch/ticketing/c533de94-99d7-5801-a9bd-4189cf647d73,webedia-api; occupancy_rate=0; reserved=y,MJRT,,,webedia-api
2026-09-25,webedia-2026-09-27T18:45Z,2026-09-27T18:45:50.381126+00:00,2026-09-27T18:00Z,2026-09-27,Sunday,MJR Waterford Cinema,,America/Detroit,Heart of the Beast,21:30,X027E:2026-09-27T21:30:00:10,404,Screen 10,Digital,,,,1.0,,https://booking.mjrtheatres.com/launch/ticketing/739c1875-87b0-5a97-a653-ba76d9805c26,webedia-api; occupancy_rate=1; reserved=y,MJRT,,,webedia-api
2026-09-25,webedia-2026-09-27T18:45Z,2026-09-27T18:45:50.381126+00:00,2026-09-27T18:00Z,2026-09-27,Sunday,MJR Waterford Cinema,,America/Detroit,Primetime,15:30,X027E:2026-09-27T15:30:00:2,44,Screen 2,Digital,,,,7.0,,https://booking.mjrtheatres.com/launch/ticketing/f1a24770-1393-52cf-ad25-a69cecd3fb95,webedia-api; occupancy_rate=7; reserved=y,MJRT,,,webedia-api
2026-09-25,webedia-2026-09-27T18:45Z,2026-09-27T18:45:50.381126+00:00,2026-09-27T18:00Z,2026-09-27,Sunday,MJR Waterford Cinema,,America/Detroit,Primetime,16:30,X027E:2026-09-27T16:30:00:3,104,Screen 3,Digital,,,,0.0,,https://booking.mjrtheatres.com/launch/ticketing/3b6a4963-0da4-5759-8530-02a01cdc1498,webedia-api; occupancy_rate=0; reserved=y,MJRT,,,webedia-api
2026-09-25,webedia-2026-09-27T18:45Z,2026-09-27T18:45:50.381126+00:00,2026-09-27T18:00Z,2026-09-27,Sunday,MJR Waterford Cinema,,America/Detroit,Primetime,18:10,X027E:2026-09-27T18:10:00:2,204,Screen 2,Digital,,,,0.0,,https://booking.mjrtheatres.com/launch/ticketing/0c745395-f154-5d7e-b50d-97dbbc886c03,webedia-api; occupancy_rate=0; reserved=y,MJRT,,,webedia-api
2026-09-25,webedia-2026-09-27T18:45Z,2026-09-27T18:45:50.381126+00:00,2026-09-27T18:00Z,2026-09-27,Sunday,MJR Waterford Cinema,,America/Detroit,Primetime,19:15,X027E:2026-09-27T19:15:00:3,269,Screen 3,Digital,,,,10.0,,https://booking.mjrtheatres.com/launch/ticketing/5c4ccec6-953a-5c00-8321-23b84e260e92,webedia-api; occupancy_rate=10; reserved=y,MJRT,,,webedia-api
2026-09-25,webedia-2026-09-27T18:45Z,2026-09-27T18:45:50.381126+00:00,2026-09-27T18:00Z,2026-09-27,Sunday,MJR Waterford Cinema,,America/Detroit,Primetime,20:45,X027E:2026-09-27T20:45:00:2,359,Screen 2,Digital,,,,3.0,,https://booking.mjrtheatres.com/launch/ticketing/4c0ddb49-5902-55a2-9936-1cc63bd25297,webedia-api; occupancy_rate=3; reserved=y,MJRT,,,webedia-api
2026-09-25,webedia-2026-09-27T18:45Z,2026-09-27T18:45:50.381126+00:00,2026-09-27T18:00Z,2026-09-27,Sunday,MJR Waterford Cinema,,America/Detroit,Primetime,22:00,X027E:2026-09-27T22:00:00:3,434,Screen 3,Digital,,,,0.0,,https://booking.mjrtheatres.com/launch/ticketing/dc8a7669-4db3-5b84-9f89-50d06f6112d3,webedia-api; occupancy_rate=0; reserved=y,MJRT,,,webedia-api
2026-09-25,webedia-2026-09-27T18:45Z,2026-09-27T18:45:50.381126+00:00,2026-09-27T18:00Z,2026-09-27,Sunday,MJR Westland Cinema,,America/Detroit,Forgotten Island,15:30,X0LIE:2026-09-27T15:30:00:2,44,Screen 2,Digital,,,,32.0,,https://booking.mjrtheatres.com/launch/ticketing/80ca9920-09b1-59b1-9460-b369b8a7ebb2,webedia-api; occupancy_rate=32; reserved=y,MJRT,,,webedia-api
2026-09-25,webedia-2026-09-27T18:45Z,2026-09-27T18:45:50.381126+00:00,2026-09-27T18:00Z,2026-09-27,Sunday,MJR Westland Cinema,,America/Detroit,Forgotten Island,18:15,X0LIE:2026-09-27T18:15:00:2,209,Screen 2,Digital,,,,3.0,,https://booking.mjrtheatres.com/launch/ticketing/f8f965cc-747f-5cc9-8799-52a12f0a14b2,webedia-api; occupancy_rate=3; reserved=y,MJRT,,,webedia-api
2026-09-25,webedia-2026-09-27T18:45Z,2026-09-27T18:45:50.381126+00:00,2026-09-27T18:00Z,2026-09-27,Sunday,MJR Westland Cinema,,America/Detroit,Forgotten Island,21:15,X0LIE:2026-09-27T21:15:00:2,389,Screen 2,Digital,,,,0.0,,https://booking.mjrtheatres.com/launch/ticketing/d3bbe7f7-b3da-5160-96c5-b5bb0d4ecf2e,webedia-api; occupancy_rate=0; reserved=y,MJRT,,,webedia-api
2026-09-25,webedia-2026-09-27T18:45Z,2026-09-27T18:45:50.381126+00:00,2026-09-27T18:00Z,2026-09-27,Sunday,MJR Westland Cinema,,America/Detroit,Heart of the Beast,16:20,X0LIE:2026-09-27T16:20:00:13,94,Screen 13,Digital,,,,3.0,,https://booking.mjrtheatres.com/launch/ticketing/0039030c-e327-57e8-9f8c-5a015920b81b,webedia-api; occupancy_rate=3; reserved=y,MJRT,,,webedia-api
2026-09-25,webedia-2026-09-27T18:45Z,2026-09-27T18:45:50.381126+00:00,2026-09-27T18:00Z,2026-09-27,Sunday,MJR Westland Cinema,,America/Detroit,Heart of the Beast,18:50,X0LIE:2026-09-27T18:50:00:13,244,Screen 13,Digital,,,,3.0,,https://booking.mjrtheatres.com/launch/ticketing/d5de7073-f0b1-57e7-97d6-9b6dd0f0f5cd,webedia-api; occupancy_rate=3; reserved=y,MJRT,,,webedia-api
2026-09-25,webedia-2026-09-27T18:45Z,2026-09-27T18:45:50.381126+00:00,2026-09-27T18:00Z,2026-09-27,Sunday,MJR Westland Cinema,,America/Detroit,Heart of the Beast,21:30,X0LIE:2026-09-27T21:30:00:13,404,Screen 13,Digital,,,,0.0,,https://booking.mjrtheatres.com/launch/ticketing/e0e54ede-08a4-5fb7-801a-d92a283570ca,webedia-api; occupancy_rate=0; reserved=y,MJRT,,,webedia-api
2026-09-25,webedia-2026-09-27T18:45Z,2026-09-27T18:45:50.381126+00:00,2026-09-27T18:00Z,2026-09-27,Sunday,MJR Westland Cinema,,America/Detroit,Primetime,16:30,X0LIE:2026-09-27T16:30:00:12,104,Screen 12,Digital,,,,8.0,,https://booking.mjrtheatres.com/launch/ticketing/9a4f2cc5-b694-593c-acf7-b5cc79cd47fa,webedia-api; occupancy_rate=8; reserved=y,MJRT,,,webedia-api
2026-09-25,webedia-2026-09-27T18:45Z,2026-09-27T18:45:50.381126+00:00,2026-09-27T18:00Z,2026-09-27,Sunday,MJR Westland Cinema,,America/Detroit,Primetime,17:15,X0LIE:2026-09-27T17:15:00:14,149,Screen 14,Digital,,,,15.0,,https://booking.mjrtheatres.com/launch/ticketing/21eaa0ea-e104-5734-b602-791d37e05f25,webedia-api; occupancy_rate=15; reserved=y,MJRT,,,webedia-api
2026-09-25,webedia-2026-09-27T18:45Z,2026-09-27T18:45:50.381126+00:00,2026-09-27T18:00Z,2026-09-27,Sunday,MJR Westland Cinema,,America/Detroit,Primetime,19:15,X0LIE:2026-09-27T19:15:00:12,269,Screen 12,Digital,,,,9.0,,https://booking.mjrtheatres.com/launch/ticketing/53d65fab-efd7-55aa-91f3-176d9ab40d2e,webedia-api; occupancy_rate=9; reserved=y,MJRT,,,webedia-api
2026-09-25,webedia-2026-09-27T18:45Z,2026-09-27T18:45:50.381126+00:00,2026-09-27T18:00Z,2026-09-27,Sunday,MJR Westland Cinema,,America/Detroit,Primetime,22:00,X0LIE:2026-09-27T22:00:00:12,434,Screen 12,Digital,,,,3.0,,https://booking.mjrtheatres.com/launch/ticketing/2243e20b-045f-5c1e-b0c7-c598a9a78f92,webedia-api; occupancy_rate=3; reserved=y,MJRT,,,webedia-api
2026-09-25,webedia-2026-09-27T18:45Z,2026-09-27T18:45:50.381126+00:00,2026-09-27T18:00Z,2026-09-27,Sunday,MJR Westland Cinema,,America/Detroit,Primetime,22:30,X0LIE:2026-09-27T22:30:00:4,464,Screen 4,Digital,,,,0.0,,https://booking.mjrtheatres.com/launch/ticketing/f14bd7dd-f789-573d-b542-282b592d7437,webedia-api; occupancy_rate=0; reserved=y,MJRT,,,webedia-api
2026-09-25,webedia-2026-09-27T18:45Z,2026-09-27T18:45:50.381126+00:00,2026-09-27T18:00Z,2026-09-27,Sunday,ABQ Coors,,America/Denver,Forgotten Island,15:30,X0X2T:2026-09-27T15:30:00:3,164,Screen 3,Digital,,,,53.0,,https://tickets.flixbrewhouse.com/launch/ticketing/ff823c2a-305e-5408-86aa-9e354962c2d5,webedia-api; occupancy_rate=53; reserved=y,FLIX,,,webedia-api
2026-09-25,webedia-2026-09-27T18:45Z,2026-09-27T18:45:50.381126+00:00,2026-09-27T18:00Z,2026-09-27,Sunday,ABQ Coors,,America/Denver,Forgotten Island,18:45,X0X2T:2026-09-27T18:45:00:3,359,Screen 3,Digital,,,,3.0,,https://tickets.flixbrewhouse.com/launch/ticketing/4e4bbfb8-5573-5665-8575-afbb4ae733e0,webedia-api; occupancy_rate=3; reserved=y,FLIX,,,webedia-api
2026-09-25,webedia-2026-09-27T18:45Z,2026-09-27T18:45:50.381126+00:00,2026-09-27T18:00Z,2026-09-27,Sunday,ABQ Coors,,America/Denver,Forgotten Island,21:45,X0X2T:2026-09-27T21:45:00:Screen 3,539,Screen Screen 3,Digital,,,,0.0,,https://tickets.flixbrewhouse.com/launch/ticketing/628071ea-a9db-54be-b540-aad364c01519,webedia-api; occupancy_rate=0; reserved=y,FLIX,,,webedia-api
2026-09-25,webedia-2026-09-27T18:45Z,2026-09-27T18:45:50.381126+00:00,2026-09-27T18:00Z,2026-09-27,Sunday,ABQ Coors,,America/Denver,Heart of the Beast,12:15,X0X2T:2026-09-27T12:15:00:6,0,Screen 6,Digital,,,,34.0,,https://tickets.flixbrewhouse.com/launch/ticketing/c15aac94-548c-5742-aa3a-1e8e17817040,webedia-api; post-show-census; occupancy_rate=34; reserved=y,FLIX,,,post-show-census
2026-09-25,webedia-2026-09-27T18:45Z,2026-09-27T18:45:50.381126+00:00,2026-09-27T18:00Z,2026-09-27,Sunday,ABQ Coors,,America/Denver,Heart of the Beast,13:00,X0X2T:2026-09-27T13:00:00:Screen 2,14,Screen Screen 2,Digital,,,,18.0,,https://tickets.flixbrewhouse.com/launch/ticketing/e94dea9e-07f6-53fd-aac8-f46b3b6aadfc,webedia-api; occupancy_rate=18; reserved=y,FLIX,,,webedia-api
2026-09-25,webedia-2026-09-27T18:45Z,2026-09-27T18:45:50.381126+00:00,2026-09-27T18:00Z,2026-09-27,Sunday,ABQ Coors,,America/Denver,Heart of the Beast,14:45,X0X2T:2026-09-27T14:45:00:9,119,Screen 9,Digital,,,,50.0,,https://tickets.flixbrewhouse.com/launch/ticketing/7aea8dc1-c64e-50bf-b6c2-f9ec5f5fe8d4,webedia-api; occupancy_rate=50; reserved=y,FLIX,,,webedia-api
2026-09-25,webedia-2026-09-27T18:45Z,2026-09-27T18:45:50.381126+00:00,2026-09-27T18:00Z,2026-09-27,Sunday,ABQ Coors,,America/Denver,Heart of the Beast,16:15,X0X2T:2026-09-27T16:15:00:Screen 2,209,Screen Screen 2,Digital,,,,19.0,,https://tickets.flixbrewhouse.com/launch/ticketing/d8769fb0-1b98-5f9b-b899-7c7b8d53d736,webedia-api; occupancy_rate=19; reserved=y,FLIX,,,webedia-api
2026-09-25,webedia-2026-09-27T18:45Z,2026-09-27T18:45:50.381126+00:00,2026-09-27T18:00Z,2026-09-27,Sunday,ABQ Coors,,America/Denver,Heart of the Beast,19:15,X0X2T:2026-09-27T19:15:00:Screen 2,389,Screen Screen 2,Digital,,,,11.0,,https://tickets.flixbrewhouse.com/launch/ticketing/9c117e19-2834-5d91-90e5-45447eb5735f,webedia-api; occupancy_rate=11; reserved=y,FLIX,,,webedia-api
2026-09-25,webedia-2026-09-27T18:45Z,2026-09-27T18:45:50.381126+00:00,2026-09-27T18:00Z,2026-09-27,Sunday,ABQ Coors,,America/Denver,Heart of the Beast,22:15,X0X2T:2026-09-27T22:15:00:2,569,Screen 2,Digital,,,,0.0,,https://tickets.flixbrewhouse.com/launch/ticketing/e4eb0f33-d6ed-5ca9-9e95-bafae4fb62ba,webedia-api; occupancy_rate=0; reserved=y,FLIX,,,webedia-api
2026-09-25,webedia-2026-09-27T18:45Z,2026-09-27T18:45:50.381126+00:00,2026-09-27T18:00Z,2026-09-27,Sunday,ABQ Coors,,America/Denver,Primetime,15:30,X0X2T:2026-09-27T15:30:00:6,164,Screen 6,Digital,,,,6.0,,https://tickets.flixbrewhouse.com/launch/ticketing/9061e2bf-68f4-526b-8549-1b79f3e19c42,webedia-api; occupancy_rate=6; reserved=y,FLIX,,,webedia-api
2026-09-25,webedia-2026-09-27T18:45Z,2026-09-27T18:45:50.381126+00:00,2026-09-27T18:00Z,2026-09-27,Sunday,ABQ Coors,,America/Denver,Primetime,18:45,X0X2T:2026-09-27T18:45:00:6,359,Screen 6,Digital,,,,8.0,,https://tickets.flixbrewhouse.com/launch/ticketing/ef8da0d3-bc77-5efa-a773-bcc8928d1d0b,webedia-api; occupancy_rate=8; reserved=y,FLIX,,,webedia-api
2026-09-25,webedia-2026-09-27T18:45Z,2026-09-27T18:45:50.381126+00:00,2026-09-27T18:00Z,2026-09-27,Sunday,ABQ Coors,,America/Denver,Primetime,20:45,X0X2T:2026-09-27T20:45:00:9,479,Screen 9,Digital,,,,13.0,,https://tickets.flixbrewhouse.com/launch/ticketing/4519b77c-7a22-528a-84c0-9cdd5ac96f91,webedia-api; occupancy_rate=13; reserved=y,FLIX,,,webedia-api
2026-09-25,webedia-2026-09-27T18:45Z,2026-09-27T18:45:50.381126+00:00,2026-09-27T18:00Z,2026-09-27,Sunday,ABQ Coors,,America/Denver,Primetime,22:15,X0X2T:2026-09-27T22:15:00:4,569,Screen 4,Digital,,,,1.0,,https://tickets.flixbrewhouse.com/launch/ticketing/bcab9d97-a244-5a1c-bfb8-b42f7d921611,webedia-api; occupancy_rate=1; reserved=y,FLIX,,,webedia-api
2026-09-25,webedia-2026-09-27T18:45Z,2026-09-27T18:45:50.381126+00:00,2026-09-27T18:00Z,2026-09-27,Sunday,ABQ Tramway,,America/Denver,Forgotten Island,13:15,G04GZ:2026-09-27T13:15:00:Screen 5,29,Screen Screen 5,Digital,,,,19.0,,https://tickets.flixbrewhouse.com/launch/ticketing/64ce1263-0625-55e6-877d-82b44f8c5496,webedia-api; occupancy_rate=19; reserved=y,FLIX,,,webedia-api
2026-09-25,webedia-2026-09-27T18:45Z,2026-09-27T18:45:50.381126+00:00,2026-09-27T18:00Z,2026-09-27,Sunday,ABQ Tramway,,America/Denver,Forgotten Island,15:00,G04GZ:2026-09-27T15:00:00:Screen 4,134,Screen Screen 4,Digital,,,,21.0,,https://tickets.flixbrewhouse.com/launch/ticketing/04cba3f1-98a1-56a6-87fa-20fa5e9cf11b,webedia-api; occupancy_rate=21; reserved=y,FLIX,,,webedia-api
2026-09-25,webedia-2026-09-27T18:45Z,2026-09-27T18:45:50.381126+00:00,2026-09-27T18:00Z,2026-09-27,Sunday,ABQ Tramway,,America/Denver,Forgotten Island,18:00,G04GZ:2026-09-27T18:00:00:Screen 2,314,Screen Screen 2,Digital,,,,6.0,,https://tickets.flixbrewhouse.com/launch/ticketing/74ff27c9-d2c5-599e-a989-b1eccad0705a,webedia-api; occupancy_rate=6; reserved=y,FLIX,,,webedia-api
2026-09-25,webedia-2026-09-27T18:45Z,2026-09-27T18:45:50.381126+00:00,2026-09-27T18:00Z,2026-09-27,Sunday,ABQ Tramway,,America/Denver,Forgotten Island,21:00,G04GZ:2026-09-27T21:00:00:Screen 4,494,Screen Screen 4,Digital,,,,0.0,,https://tickets.flixbrewhouse.com/launch/ticketing/4ec7482c-9a43-5c95-a2bd-c14db33e72fb,webedia-api; occupancy_rate=0; reserved=y,FLIX,,,webedia-api
2026-09-25,webedia-2026-09-27T18:45Z,2026-09-27T18:45:50.381126+00:00,2026-09-27T18:00Z,2026-09-27,Sunday,ABQ Tramway,,America/Denver,Heart of the Beast,16:30,G04GZ:2026-09-27T16:30:00:Screen 3,224,Screen Screen 3,Digital,,,,14.0,,https://tickets.flixbrewhouse.com/launch/ticketing/4dc28303-4bec-50bd-9f07-3747e91bd7c4,webedia-api; occupancy_rate=14; reserved=y,FLIX,,,webedia-api
2026-09-25,webedia-2026-09-27T18:45Z,2026-09-27T18:45:50.381126+00:00,2026-09-27T18:00Z,2026-09-27,Sunday,ABQ Tramway,,America/Denver,Heart of the Beast,19:30,G04GZ:2026-09-27T19:30:00:Screen 3,404,Screen Screen 3,Digital,,,,0.0,,https://tickets.flixbrewhouse.com/launch/ticketing/1f648ef5-b5b7-5be6-9fea-850156412adb,webedia-api; occupancy_rate=0; reserved=y,FLIX,,,webedia-api
2026-09-25,webedia-2026-09-27T18:45Z,2026-09-27T18:45:50.381126+00:00,2026-09-27T18:00Z,2026-09-27,Sunday,ABQ Tramway,,America/Denver,Heart of the Beast,21:00,G04GZ:2026-09-27T21:00:00:Screen 2,494,Screen Screen 2,Digital,,,,0.0,,https://tickets.flixbrewhouse.com/launch/ticketing/d1eb821b-4aa7-502b-80a0-61b8d43a7f41,webedia-api; occupancy_rate=0; reserved=y,FLIX,,,webedia-api
2026-09-25,webedia-2026-09-27T18:45Z,2026-09-27T18:45:50.381126+00:00,2026-09-27T18:00Z,2026-09-27,Sunday,ABQ Tramway,,America/Denver,Primetime,12:45,G04GZ:2026-09-27T12:45:00:Screen 7,0,Screen Screen 7,Digital,,,,13.0,,https://tickets.flixbrewhouse.com/launch/ticketing/1b5f28bc-bb2a-5abd-8e35-295ca7f847b0,webedia-api; post-show-census; occupancy_rate=13; reserved=y,FLIX,,,post-show-census
2026-09-25,webedia-2026-09-27T18:45Z,2026-09-27T18:45:50.381126+00:00,2026-09-27T18:00Z,2026-09-27,Sunday,ABQ Tramway,,America/Denver,Primetime,16:00,G04GZ:2026-09-27T16:00:00:Screen 7,194,Screen Screen 7,Digital,,,,14.0,,https://tickets.flixbrewhouse.com/launch/ticketing/c77f345a-2378-5325-af3d-8e55d0b107c4,webedia-api; occupancy_rate=14; reserved=y,FLIX,,,webedia-api
2026-09-25,webedia-2026-09-27T18:45Z,2026-09-27T18:45:50.381126+00:00,2026-09-27T18:00Z,2026-09-27,Sunday,ABQ Tramway,,America/Denver,Primetime,18:00,G04GZ:2026-09-27T18:00:00:Screen 4,314,Screen Screen 4,Digital,,,,4.0,,https://tickets.flixbrewhouse.com/launch/ticketing/fac2ebba-a467-5db3-8a70-21adbc7a60b8,webedia-api; occupancy_rate=4; reserved=y,FLIX,,,webedia-api
2026-09-25,webedia-2026-09-27T18:45Z,2026-09-27T18:45:50.381126+00:00,2026-09-27T18:00Z,2026-09-27,Sunday,ABQ Tramway,,America/Denver,Primetime,19:00,G04GZ:2026-09-27T19:00:00:Screen 5,374,Screen Screen 5,Digital,,,,8.0,,https://tickets.flixbrewhouse.com/launch/ticketing/25578014-789c-5d5e-b86f-40a9cf4d4ff8,webedia-api; occupancy_rate=8; reserved=y,FLIX,,,webedia-api
2026-09-25,webedia-2026-09-27T18:45Z,2026-09-27T18:45:50.381126+00:00,2026-09-27T18:00Z,2026-09-27,Sunday,ABQ Tramway,,America/Denver,Primetime,20:30,G04GZ:2026-09-27T20:30:00:Screen 1,464,Screen Screen 1,Digital,,,,0.0,,https://tickets.flixbrewhouse.com/launch/ticketing/e50e4477-fe34-5ec0-91d3-b115830e1464,webedia-api; occupancy_rate=0; reserved=y,FLIX,,,webedia-api
2026-09-25,webedia-2026-09-27T18:45Z,2026-09-27T18:45:50.381126+00:00,2026-09-27T18:00Z,2026-09-27,Sunday,Carmel,,America/Indiana/Indianapolis,Forgotten Island,16:45,X0VPQ:2026-09-27T16:45:00:2,119,Screen 2,Digital,,,,9.0,,https://tickets.flixbrewhouse.com/launch/ticketing/1a351326-3723-5025-910e-b9d61d9551b2,webedia-api; occupancy_rate=9; reserved=y,FLIX,,,webedia-api
2026-09-25,webedia-2026-09-27T18:45Z,2026-09-27T18:45:50.381126+00:00,2026-09-27T18:00Z,2026-09-27,Sunday,Carmel,,America/Indiana/Indianapolis,Forgotten Island,19:45,X0VPQ:2026-09-27T19:45:00:2,299,Screen 2,Digital,,,,1.0,,https://tickets.flixbrewhouse.com/launch/ticketing/264d2622-fbd0-5d43-8d26-bd3539f2cae4,webedia-api; occupancy_rate=1; reserved=y,FLIX,,,webedia-api
2026-09-25,webedia-2026-09-27T18:45Z,2026-09-27T18:45:50.381126+00:00,2026-09-27T18:00Z,2026-09-27,Sunday,Carmel,,America/Indiana/Indianapolis,Forgotten Island,22:00,X0VPQ:2026-09-27T22:00:00:1,434,Screen 1,Digital,,,,0.0,,https://tickets.flixbrewhouse.com/launch/ticketing/e6ca911f-946f-5ef4-9b9c-b816f4ba1b42,webedia-api; occupancy_rate=0; reserved=y,FLIX,,,webedia-api
2026-09-25,webedia-2026-09-27T18:45Z,2026-09-27T18:45:50.381126+00:00,2026-09-27T18:00Z,2026-09-27,Sunday,Carmel,,America/Indiana/Indianapolis,Heart of the Beast,16:15,X0VPQ:2026-09-27T16:15:00:5,89,Screen 5,Digital,,,,22.0,,https://tickets.flixbrewhouse.com/launch/ticketing/abf05be8-020e-5d6a-bda6-8cf819b6fab3,webedia-api; occupancy_rate=22; reserved=y,FLIX,,,webedia-api
2026-09-25,webedia-2026-09-27T18:45Z,2026-09-27T18:45:50.381126+00:00,2026-09-27T18:00Z,2026-09-27,Sunday,Carmel,,America/Indiana/Indianapolis,Heart of the Beast,17:45,X0VPQ:2026-09-27T17:45:00:6,179,Screen 6,Digital,,,,9.0,,https://tickets.flixbrewhouse.com/launch/ticketing/6ebf367f-8e7b-532d-9b94-8d94f8a9a227,webedia-api; occupancy_rate=9; reserved=y,FLIX,,,webedia-api
2026-09-25,webedia-2026-09-27T18:45Z,2026-09-27T18:45:50.381126+00:00,2026-09-27T18:00Z,2026-09-27,Sunday,Carmel,,America/Indiana/Indianapolis,Heart of the Beast,19:15,X0VPQ:2026-09-27T19:15:00:1,269,Screen 1,Digital,,,,12.0,,https://tickets.flixbrewhouse.com/launch/ticketing/98358cbd-b4ce-5817-8cf8-e8e7aba4847d,webedia-api; occupancy_rate=12; reserved=y,FLIX,,,webedia-api
2026-09-25,webedia-2026-09-27T18:45Z,2026-09-27T18:45:50.381126+00:00,2026-09-27T18:00Z,2026-09-27,Sunday,Carmel,,America/Indiana/Indianapolis,Heart of the Beast,21:00,X0VPQ:2026-09-27T21:00:00:7,374,Screen 7,Digital,,,,0.0,,https://tickets.flixbrewhouse.com/launch/ticketing/cff97a8a-7092-5eea-b937-8340921fa03f,webedia-api; occupancy_rate=0; reserved=y,FLIX,,,webedia-api
2026-09-25,webedia-2026-09-27T18:45Z,2026-09-27T18:45:50.381126+00:00,2026-09-27T18:00Z,2026-09-27,Sunday,Carmel,,America/Indiana/Indianapolis,Primetime,16:00,X0VPQ:2026-09-27T16:00:00:1,74,Screen 1,Digital,,,,22.0,,https://tickets.flixbrewhouse.com/launch/ticketing/4e8abd44-8170-50b9-9ead-a5c9e399b8c6,webedia-api; occupancy_rate=22; reserved=y,FLIX,,,webedia-api
2026-09-25,webedia-2026-09-27T18:45Z,2026-09-27T18:45:50.381126+00:00,2026-09-27T18:00Z,2026-09-27,Sunday,Carmel,,America/Indiana/Indianapolis,Primetime,19:15,X0VPQ:2026-09-27T19:15:00:5,269,Screen 5,Digital,,,,18.0,,https://tickets.flixbrewhouse.com/launch/ticketing/4e503862-5fb5-5006-ad25-9c8ffe8c5efc,webedia-api; occupancy_rate=18; reserved=y,FLIX,,,webedia-api
2026-09-25,webedia-2026-09-27T18:45Z,2026-09-27T18:45:50.381126+00:00,2026-09-27T18:00Z,2026-09-27,Sunday,Carmel,,America/Indiana/Indianapolis,Primetime,22:15,X0VPQ:2026-09-27T22:15:00:5,449,Screen 5,Digital,,,,0.0,,https://tickets.flixbrewhouse.com/launch/ticketing/034279ef-07c7-5ca2-ad45-5272c6a7df19,webedia-api; occupancy_rate=0; reserved=y,FLIX,,,webedia-api
2026-09-25,webedia-2026-09-27T18:45Z,2026-09-27T18:45:50.381126+00:00,2026-09-27T18:00Z,2026-09-27,Sunday,Des Moines,,America/Chicago,Forgotten Island,13:45,X05OK:2026-09-27T13:45:00:6,0,Screen 6,Digital,,,,7.0,,https://tickets.flixbrewhouse.com/launch/ticketing/65901b58-78fe-50c1-ac56-0d80c68476f8,webedia-api; post-show-census; occupancy_rate=7; reserved=y,FLIX,,,post-show-census
2026-09-25,webedia-2026-09-27T18:45Z,2026-09-27T18:45:50.381126+00:00,2026-09-27T18:00Z,2026-09-27,Sunday,Des Moines,,America/Chicago,Forgotten Island,15:00,X05OK:2026-09-27T15:00:00:3,74,Screen 3,Digital,,,,17.0,,https://tickets.flixbrewhouse.com/launch/ticketing/193d7b04-65fa-5c50-8907-ce6acf1b5c99,webedia-api; occupancy_rate=17; reserved=y,FLIX,,,webedia-api
2026-09-25,webedia-2026-09-27T18:45Z,2026-09-27T18:45:50.381126+00:00,2026-09-27T18:00Z,2026-09-27,Sunday,Des Moines,,America/Chicago,Forgotten Island,16:45,X05OK:2026-09-27T16:45:00:6,179,Screen 6,Digital,,,,3.0,,https://tickets.flixbrewhouse.com/launch/ticketing/a41d82cb-5228-57f1-9050-a7a603946e20,webedia-api; occupancy_rate=3; reserved=y,FLIX,,,webedia-api
2026-09-25,webedia-2026-09-27T18:45Z,2026-09-27T18:45:50.381126+00:00,2026-09-27T18:00Z,2026-09-27,Sunday,Des Moines,,America/Chicago,Forgotten Island,18:15,X05OK:2026-09-27T18:15:00:7,269,Screen 7,Digital,,,,4.0,,https://tickets.flixbrewhouse.com/launch/ticketing/6ed0199c-7706-5e91-b58a-ccd847182549,webedia-api; occupancy_rate=4; reserved=y,FLIX,,,webedia-api
2026-09-25,webedia-2026-09-27T18:45Z,2026-09-27T18:45:50.381126+00:00,2026-09-27T18:00Z,2026-09-27,Sunday,Des Moines,,America/Chicago,Forgotten Island,21:30,X05OK:2026-09-27T21:30:00:3,464,Screen 3,Digital,,,,0.0,,https://tickets.flixbrewhouse.com/launch/ticketing/d73b7b9b-d723-5c4f-9cdd-1af6ced2b6dc,webedia-api; occupancy_rate=0; reserved=y,FLIX,,,webedia-api
2026-09-25,webedia-2026-09-27T18:45Z,2026-09-27T18:45:50.381126+00:00,2026-09-27T18:00Z,2026-09-27,Sunday,Des Moines,,America/Chicago,Heart of the Beast,15:20,X05OK:2026-09-27T15:20:00:7,94,Screen 7,Digital,,,,32.0,,https://tickets.flixbrewhouse.com/launch/ticketing/cb070f7c-545a-5da5-841f-ab7196ef332f,webedia-api; occupancy_rate=32; reserved=y,FLIX,,,webedia-api
2026-09-25,webedia-2026-09-27T18:45Z,2026-09-27T18:45:50.381126+00:00,2026-09-27T18:00Z,2026-09-27,Sunday,Des Moines,,America/Chicago,Heart of the Beast,19:45,X05OK:2026-09-27T19:45:00:6,359,Screen 6,Digital,,,,2.0,,https://tickets.flixbrewhouse.com/launch/ticketing/690cddf2-57b6-5547-92e5-eb528de43f0a,webedia-api; occupancy_rate=2; reserved=y,FLIX,,,webedia-api
2026-09-25,webedia-2026-09-27T18:45Z,2026-09-27T18:45:50.381126+00:00,2026-09-27T18:00Z,2026-09-27,Sunday,Des Moines,,America/Chicago,Heart of the Beast,22:00,X05OK:2026-09-27T22:00:00:1,494,Screen 1,Digital,,,,0.0,,https://tickets.flixbrewhouse.com/launch/ticketing/a28d355f-3d7d-53d5-a2ac-9bcd4cf7303b,webedia-api; occupancy_rate=0; reserved=y,FLIX,,,webedia-api
2026-09-25,webedia-2026-09-27T18:45Z,2026-09-27T18:45:50.381126+00:00,2026-09-27T18:00Z,2026-09-27,Sunday,Des Moines,,America/Chicago,Primetime,16:00,X05OK:2026-09-27T16:00:00:8,134,Screen 8,Digital,,,,19.0,,https://tickets.flixbrewhouse.com/launch/ticketing/d565c00e-21c0-5e71-9dc5-18e6ec49176f,webedia-api; occupancy_rate=19; reserved=y,FLIX,,,webedia-api
2026-09-25,webedia-2026-09-27T18:45Z,2026-09-27T18:45:50.381126+00:00,2026-09-27T18:00Z,2026-09-27,Sunday,Des Moines,,America/Chicago,Primetime,19:00,X05OK:2026-09-27T19:00:00:8,314,Screen 8,Digital,,,,15.0,,https://tickets.flixbrewhouse.com/launch/ticketing/b7f56383-d6b0-5ee9-8929-f15909294b8a,webedia-api; occupancy_rate=15; reserved=y,FLIX,,,webedia-api
2026-09-25,webedia-2026-09-27T18:45Z,2026-09-27T18:45:50.381126+00:00,2026-09-27T18:00Z,2026-09-27,Sunday,Des Moines,,America/Chicago,Primetime,22:00,X05OK:2026-09-27T22:00:00:8,494,Screen 8,Digital,,,,6.0,,https://tickets.flixbrewhouse.com/launch/ticketing/042178ac-544b-5f38-88f2-0b06ae1c6664,webedia-api; occupancy_rate=6; reserved=y,FLIX,,,webedia-api
2026-09-25,webedia-2026-09-27T18:45Z,2026-09-27T18:45:50.381126+00:00,2026-09-27T18:00Z,2026-09-27,Sunday,El Paso East,,America/Denver,Forgotten Island,15:00,G0FWZ:2026-09-27T15:00:00:Screen 8,134,Screen Screen 8,Digital,,,,21.0,,https://tickets.flixbrewhouse.com/launch/ticketing/11542960-c17c-5453-9d19-9f135e75c63e,webedia-api; occupancy_rate=21; reserved=y,FLIX,,,webedia-api
2026-09-25,webedia-2026-09-27T18:45Z,2026-09-27T18:45:50.381126+00:00,2026-09-27T18:00Z,2026-09-27,Sunday,El Paso East,,America/Denver,Forgotten Island,18:00,G0FWZ:2026-09-27T18:00:00:Screen 8,314,Screen Screen 8,Digital,,,,0.0,,https://tickets.flixbrewhouse.com/launch/ticketing/62cbbe9f-b9ef-56ab-8c10-acd7302f3f21,webedia-api; occupancy_rate=0; reserved=y,FLIX,,,webedia-api
2026-09-25,webedia-2026-09-27T18:45Z,2026-09-27T18:45:50.381126+00:00,2026-09-27T18:00Z,2026-09-27,Sunday,El Paso East,,America/Denver,Forgotten Island,20:00,G0FWZ:2026-09-27T20:00:00:Screen 6,434,Screen Screen 6,Digital,,,,0.0,,https://tickets.flixbrewhouse.com/launch/ticketing/b8d2b858-9446-557a-9d4c-8baa0c1eb262,webedia-api; occupancy_rate=0; reserved=y,FLIX,,,webedia-api
2026-09-25,webedia-2026-09-27T18:45Z,2026-09-27T18:45:50.381126+00:00,2026-09-27T18:00Z,2026-09-27,Sunday,El Paso East,,America/Denver,Heart of the Beast,13:00,G0FWZ:2026-09-27T13:00:00:Screen 9,14,Screen Screen 9,Digital,,,,11.0,,https://tickets.flixbrewhouse.com/launch/ticketing/2cb5a66a-45e5-5f8a-8fb2-875893c046aa,webedia-api; occupancy_rate=11; reserved=y,FLIX,,,webedia-api
2026-09-25,webedia-2026-09-27T18:45Z,2026-09-27T18:45:50.381126+00:00,2026-09-27T18:00Z,2026-09-27,Sunday,El Paso East,,America/Denver,Heart of the Beast,14:00,G0FWZ:2026-09-27T14:00:00:Screen 6,74,Screen Screen 6,Digital,,,,0.0,,https://tickets.flixbrewhouse.com/launch/ticketing/d8b1f7f5-f9c1-52bc-b4d7-01bbaaed7e1b,webedia-api; occupancy_rate=0; reserved=y,FLIX,,,webedia-api
2026-09-25,webedia-2026-09-27T18:45Z,2026-09-27T18:45:50.381126+00:00,2026-09-27T18:00Z,2026-09-27,Sunday,El Paso East,,America/Denver,Heart of the Beast,15:00,G0FWZ:2026-09-27T15:00:00:Screen 3,134,Screen Screen 3,Digital,,,,0.0,,https://tickets.flixbrewhouse.com/launch/ticketing/4ad06c99-9c78-5b55-ac2d-571f97c363d1,webedia-api; occupancy_rate=0; reserved=y,FLIX,,,webedia-api
2026-09-25,webedia-2026-09-27T18:45Z,2026-09-27T18:45:50.381126+00:00,2026-09-27T18:00Z,2026-09-27,Sunday,El Paso East,,America/Denver,Heart of the Beast,16:00,G0FWZ:2026-09-27T16:00:00:Screen 9,194,Screen Screen 9,Digital,,,,3.0,,https://tickets.flixbrewhouse.com/launch/ticketing/76e34393-4cd5-5cc9-a346-20d05be048e2,webedia-api; occupancy_rate=3; reserved=y,FLIX,,,webedia-api
2026-09-25,webedia-2026-09-27T18:45Z,2026-09-27T18:45:50.381126+00:00,2026-09-27T18:00Z,2026-09-27,Sunday,El Paso East,,America/Denver,Heart of the Beast,17:00,G0FWZ:2026-09-27T17:00:00:Screen 6,254,Screen Screen 6,Digital,,,,17.0,,https://tickets.flixbrewhouse.com/launch/ticketing/2f22661c-36f5-5d32-bfdb-ac467a69e895,webedia-api; occupancy_rate=17; reserved=y,FLIX,,,webedia-api
2026-09-25,webedia-2026-09-27T18:45Z,2026-09-27T18:45:50.381126+00:00,2026-09-27T18:00Z,2026-09-27,Sunday,El Paso East,,America/Denver,Heart of the Beast,19:00,G0FWZ:2026-09-27T19:00:00:Screen 9,374,Screen Screen 9,Digital,,,,3.0,,https://tickets.flixbrewhouse.com/launch/ticketing/05e18254-3dfc-5c83-a983-234a4c06c194,webedia-api; occupancy_rate=3; reserved=y,FLIX,,,webedia-api
2026-09-25,webedia-2026-09-27T18:45Z,2026-09-27T18:45:50.381126+00:00,2026-09-27T18:00Z,2026-09-27,Sunday,El Paso East,,America/Denver,Heart of the Beast,20:30,G0FWZ:2026-09-27T20:30:00:Screen 4,464,Screen Screen 4,Digital,,,,0.0,,https://tickets.flixbrewhouse.com/launch/ticketing/0b0689cd-6dc4-5404-a5e4-3a174e3cee63,webedia-api; occupancy_rate=0; reserved=y,FLIX,,,webedia-api
2026-09-25,webedia-2026-09-27T18:45Z,2026-09-27T18:45:50.381126+00:00,2026-09-27T18:00Z,2026-09-27,Sunday,El Paso East,,America/Denver,Heart of the Beast,22:00,G0FWZ:2026-09-27T22:00:00:Screen 9,554,Screen Screen 9,Digital,,,,0.0,,https://tickets.flixbrewhouse.com/launch/ticketing/96cd4d9b-5a82-5e1e-94ae-7a84252c87c0,webedia-api; occupancy_rate=0; reserved=y,FLIX,,,webedia-api
2026-09-25,webedia-2026-09-27T18:45Z,2026-09-27T18:45:50.381126+00:00,2026-09-27T18:00Z,2026-09-27,Sunday,El Paso East,,America/Denver,Primetime,13:30,G0FWZ:2026-09-27T13:30:00:Screen 7,44,Screen Screen 7,Digital,,,,9.0,,https://tickets.flixbrewhouse.com/launch/ticketing/a9036626-cb7e-5a87-94a8-36d3880e5fd9,webedia-api; occupancy_rate=9; reserved=y,FLIX,,,webedia-api
2026-09-25,webedia-2026-09-27T18:45Z,2026-09-27T18:45:50.381126+00:00,2026-09-27T18:00Z,2026-09-27,Sunday,El Paso East,,America/Denver,Primetime,14:30,G0FWZ:2026-09-27T14:30:00:Screen 10,104,Screen Screen 10,Digital,,,,1.0,,https://tickets.flixbrewhouse.com/launch/ticketing/bbaad6e2-43bb-5786-be78-0f01dba4ae8f,webedia-api; occupancy_rate=1; reserved=y,FLIX,,,webedia-api
2026-09-25,webedia-2026-09-27T18:45Z,2026-09-27T18:45:50.381126+00:00,2026-09-27T18:00Z,2026-09-27,Sunday,El Paso East,,America/Denver,Primetime,16:30,G0FWZ:2026-09-27T16:30:00:Screen 7,224,Screen Screen 7,Digital,,,,4.0,,https://tickets.flixbrewhouse.com/launch/ticketing/16279428-8388-5bec-ac64-4b6ed9f66aea,webedia-api; occupancy_rate=4; reserved=y,FLIX,,,webedia-api
2026-09-25,webedia-2026-09-27T18:45Z,2026-09-27T18:45:50.381126+00:00,2026-09-27T18:00Z,2026-09-27,Sunday,El Paso East,,America/Denver,Primetime,17:30,G0FWZ:2026-09-27T17:30:00:Screen 4,284,Screen Screen 4,Digital,,,,2.0,,https://tickets.flixbrewhouse.com/launch/ticketing/54e4a258-dfec-5340-9e9c-335cdd88e701,webedia-api; occupancy_rate=2; reserved=y,FLIX,,,webedia-api
2026-09-25,webedia-2026-09-27T18:45Z,2026-09-27T18:45:50.381126+00:00,2026-09-27T18:00Z,2026-09-27,Sunday,El Paso East,,America/Denver,Primetime,19:30,G0FWZ:2026-09-27T19:30:00:Screen 7,404,Screen Screen 7,Digital,,,,5.0,,https://tickets.flixbrewhouse.com/launch/ticketing/f5dcb6f3-9899-578b-879a-5e54c0b7cc15,webedia-api; occupancy_rate=5; reserved=y,FLIX,,,webedia-api
2026-09-25,webedia-2026-09-27T18:45Z,2026-09-27T18:45:50.381126+00:00,2026-09-27T18:00Z,2026-09-27,Sunday,El Paso East,,America/Denver,Primetime,21:00,G0FWZ:2026-09-27T21:00:00:Screen 8,494,Screen Screen 8,Digital,,,,2.0,,https://tickets.flixbrewhouse.com/launch/ticketing/733d0995-13f9-5ae7-aacb-7ddd45616737,webedia-api; occupancy_rate=2; reserved=y,FLIX,,,webedia-api
2026-09-25,webedia-2026-09-27T18:45Z,2026-09-27T18:45:50.381126+00:00,2026-09-27T18:00Z,2026-09-27,Sunday,El Paso East,,America/Denver,Primetime,21:45,G0FWZ:2026-09-27T21:45:00:Screen 5,539,Screen Screen 5,Digital,,,,0.0,,https://tickets.flixbrewhouse.com/launch/ticketing/f12fdfcd-e11a-551a-8d10-1ddff6ef594d,webedia-api; occupancy_rate=0; reserved=y,FLIX,,,webedia-api
2026-09-25,webedia-2026-09-27T18:45Z,2026-09-27T18:45:50.381126+00:00,2026-09-27T18:00Z,2026-09-27,Sunday,El Paso East,,America/Denver,Primetime,22:15,G0FWZ:2026-09-27T22:15:00:Screen 1,569,Screen Screen 1,Digital,,,,0.0,,https://tickets.flixbrewhouse.com/launch/ticketing/3b29018c-a730-5747-8eb2-69692de01cfa,webedia-api; occupancy_rate=0; reserved=y,FLIX,,,webedia-api
2026-09-25,webedia-2026-09-27T18:45Z,2026-09-27T18:45:50.381126+00:00,2026-09-27T18:00Z,2026-09-27,Sunday,El Paso Montecillo ,,America/Denver,Forgotten Island,14:00,G0FX0:2026-09-27T14:00:00:Screen 4,74,Screen Screen 4,Digital,,,,16.0,,https://tickets.flixbrewhouse.com/launch/ticketing/1749e742-64eb-58a1-99f9-1a9a549a3b0f,webedia-api; occupancy_rate=16; reserved=y,FLIX,,,webedia-api
2026-09-25,webedia-2026-09-27T18:45Z,2026-09-27T18:45:50.381126+00:00,2026-09-27T18:00Z,2026-09-27,Sunday,El Paso Montecillo ,,America/Denver,Forgotten Island,18:00,G0FX0:2026-09-27T18:00:00:Screen 2,314,Screen Screen 2,Digital,,,,0.0,,https://tickets.flixbrewhouse.com/launch/ticketing/af843f37-4e60-53c8-b786-d5ca5e29872f,webedia-api; occupancy_rate=0; reserved=y,FLIX,,,webedia-api
2026-09-25,webedia-2026-09-27T18:45Z,2026-09-27T18:45:50.381126+00:00,2026-09-27T18:00Z,2026-09-27,Sunday,El Paso Montecillo ,,America/Denver,Forgotten Island,20:00,G0FX0:2026-09-27T20:00:00:Screen 1,434,Screen Screen 1,Digital,,,,0.0,,https://tickets.flixbrewhouse.com/launch/ticketing/ff6c1aae-6dac-5d4d-a9d8-b7aa19fd3e17,webedia-api; occupancy_rate=0; reserved=y,FLIX,,,webedia-api
2026-09-25,webedia-2026-09-27T18:45Z,2026-09-27T18:45:50.381126+00:00,2026-09-27T18:00Z,2026-09-27,Sunday,El Paso Montecillo ,,America/Denver,Heart of the Beast,13:30,G0FX0:2026-09-27T13:30:00:Screen 8,44,Screen Screen 8,Digital,,,,8.0,,https://tickets.flixbrewhouse.com/launch/ticketing/d5344522-7083-5a25-a8bc-e9f1caa2491b,webedia-api; occupancy_rate=8; reserved=y,FLIX,,,webedia-api
2026-09-25,webedia-2026-09-27T18:45Z,2026-09-27T18:45:50.381126+00:00,2026-09-27T18:00Z,2026-09-27,Sunday,El Paso Montecillo ,,America/Denver,Heart of the Beast,16:20,G0FX0:2026-09-27T16:20:00:Screen 8,214,Screen Screen 8,Digital,,,,14.0,,https://tickets.flixbrewhouse.com/launch/ticketing/e122756a-ce54-5e25-94a0-512e255426da,webedia-api; occupancy_rate=14; reserved=y,FLIX,,,webedia-api
2026-09-25,webedia-2026-09-27T18:45Z,2026-09-27T18:45:50.381126+00:00,2026-09-27T18:00Z,2026-09-27,Sunday,El Paso Montecillo ,,America/Denver,Heart of the Beast,17:00,G0FX0:2026-09-27T17:00:00:Screen 1,254,Screen Screen 1,Digital,,,,0.0,,https://tickets.flixbrewhouse.com/launch/ticketing/96768390-c0b1-584c-8bf0-fe61e4371a90,webedia-api; occupancy_rate=0; reserved=y,FLIX,,,webedia-api
2026-09-25,webedia-2026-09-27T18:45Z,2026-09-27T18:45:50.381126+00:00,2026-09-27T18:00Z,2026-09-27,Sunday,El Paso Montecillo ,,America/Denver,Heart of the Beast,19:15,G0FX0:2026-09-27T19:15:00:Screen 8,389,Screen Screen 8,Digital,,,,10.0,,https://tickets.flixbrewhouse.com/launch/ticketing/985257e5-ee4f-5e8f-b721-79960432e990,webedia-api; occupancy_rate=10; reserved=y,FLIX,,,webedia-api
2026-09-25,webedia-2026-09-27T18:45Z,2026-09-27T18:45:50.381126+00:00,2026-09-27T18:00Z,2026-09-27,Sunday,El Paso Montecillo ,,America/Denver,Heart of the Beast,20:15,G0FX0:2026-09-27T20:15:00:Screen 7,449,Screen Screen 7,Digital,,,,2.0,,https://tickets.flixbrewhouse.com/launch/ticketing/60e313d3-b3a7-5037-9f9d-acc5db23ca71,webedia-api; occupancy_rate=2; reserved=y,FLIX,,,webedia-api
2026-09-25,webedia-2026-09-27T18:45Z,2026-09-27T18:45:50.381126+00:00,2026-09-27T18:00Z,2026-09-27,Sunday,El Paso Montecillo ,,America/Denver,Heart of the Beast,21:00,G0FX0:2026-09-27T21:00:00:Screen 5,494,Screen Screen 5,Digital,,,,4.0,,https://tickets.flixbrewhouse.com/launch/ticketing/31c8660b-e526-5fbb-af26-558d983e7ddc,webedia-api; occupancy_rate=4; reserved=y,FLIX,,,webedia-api
2026-09-25,webedia-2026-09-27T18:45Z,2026-09-27T18:45:50.381126+00:00,2026-09-27T18:00Z,2026-09-27,Sunday,El Paso Montecillo ,,America/Denver,Primetime,14:00,G0FX0:2026-09-27T14:00:00:Screen 7,74,Screen Screen 7,Digital,,,,2.0,,https://tickets.flixbrewhouse.com/launch/ticketing/0d7ca9ba-c9a2-54ef-a351-d979a9188d93,webedia-api; occupancy_rate=2; reserved=y,FLIX,,,webedia-api
2026-09-25,webedia-2026-09-27T18:45Z,2026-09-27T18:45:50.381126+00:00,2026-09-27T18:00Z,2026-09-27,Sunday,El Paso Montecillo ,,America/Denver,Primetime,15:30,G0FX0:2026-09-27T15:30:00:Screen 3,164,Screen Screen 3,Digital,,,,11.0,,https://tickets.flixbrewhouse.com/launch/ticketing/3302caf0-cd01-516d-9ce6-9025926b3748,webedia-api; occupancy_rate=11; reserved=y,FLIX,,,webedia-api
2026-09-25,webedia-2026-09-27T18:45Z,2026-09-27T18:45:50.381126+00:00,2026-09-27T18:00Z,2026-09-27,Sunday,El Paso Montecillo ,,America/Denver,Primetime,18:00,G0FX0:2026-09-27T18:00:00:Screen 5,314,Screen Screen 5,Digital,,,,30.0,,https://tickets.flixbrewhouse.com/launch/ticketing/1d8a22bd-063a-5873-b8e5-da18080eb092,webedia-api; occupancy_rate=30; reserved=y,FLIX,,,webedia-api
2026-09-25,webedia-2026-09-27T18:45Z,2026-09-27T18:45:50.381126+00:00,2026-09-27T18:00Z,2026-09-27,Sunday,El Paso Montecillo ,,America/Denver,Primetime,20:45,G0FX0:2026-09-27T20:45:00:Screen 2,479,Screen Screen 2,Digital,,,,4.0,,https://tickets.flixbrewhouse.com/launch/ticketing/3ff54024-2f22-51d3-bfa5-aab9c6d16d7f,webedia-api; occupancy_rate=4; reserved=y,FLIX,,,webedia-api
2026-09-25,webedia-2026-09-27T18:45Z,2026-09-27T18:45:50.381126+00:00,2026-09-27T18:00Z,2026-09-27,Sunday,El Paso West Towne,,America/Denver,Forgotten Island,13:45,X12H1:2026-09-27T13:45:00:2,59,Screen 2,Digital,,,,20.0,,https://tickets.flixbrewhouse.com/launch/ticketing/c0e3b556-2b90-5694-95f3-48133cbae320,webedia-api; occupancy_rate=20; reserved=y,FLIX,,,webedia-api
2026-09-25,webedia-2026-09-27T18:45Z,2026-09-27T18:45:50.381126+00:00,2026-09-27T18:00Z,2026-09-27,Sunday,El Paso West Towne,,America/Denver,Forgotten Island,17:00,X12H1:2026-09-27T17:00:00:2,254,Screen 2,Digital,,,,6.0,,https://tickets.flixbrewhouse.com/launch/ticketing/d0d4d2e7-28c4-5973-aa9a-06afa76ae20d,webedia-api; occupancy_rate=6; reserved=y,FLIX,,,webedia-api
2026-09-25,webedia-2026-09-27T18:45Z,2026-09-27T18:45:50.381126+00:00,2026-09-27T18:00Z,2026-09-27,Sunday,El Paso West Towne,,America/Denver,Forgotten Island,18:00,X12H1:2026-09-27T18:00:00:8,314,Screen 8,Digital,,,,0.0,,https://tickets.flixbrewhouse.com/launch/ticketing/881b9076-e57d-5f12-ad84-c4b87b548762,webedia-api; occupancy_rate=0; reserved=y,FLIX,,,webedia-api
2026-09-25,webedia-2026-09-27T18:45Z,2026-09-27T18:45:50.381126+00:00,2026-09-27T18:00Z,2026-09-27,Sunday,El Paso West Towne,,America/Denver,Forgotten Island,22:00,X12H1:2026-09-27T22:00:00:9,554,Screen 9,Digital,,,,0.0,,https://tickets.flixbrewhouse.com/launch/ticketing/ecb94058-9b81-5dd1-8a79-8b7ce9fd9a2b,webedia-api; occupancy_rate=0; reserved=y,FLIX,,,webedia-api
2026-09-25,webedia-2026-09-27T18:45Z,2026-09-27T18:45:50.381126+00:00,2026-09-27T18:00Z,2026-09-27,Sunday,El Paso West Towne,,America/Denver,Heart of the Beast,13:00,X12H1:2026-09-27T13:00:00:3,14,Screen 3,Digital,,,,24.0,,https://tickets.flixbrewhouse.com/launch/ticketing/9152d302-6402-5d6e-ae14-50ac5e8cc32f,webedia-api; occupancy_rate=24; reserved=y,FLIX,,,webedia-api
2026-09-25,webedia-2026-09-27T18:45Z,2026-09-27T18:45:50.381126+00:00,2026-09-27T18:00Z,2026-09-27,Sunday,El Paso West Towne,,America/Denver,Heart of the Beast,16:00,X12H1:2026-09-27T16:00:00:3,194,Screen 3,Digital,,,,25.0,,https://tickets.flixbrewhouse.com/launch/ticketing/37e0c18a-45c9-5900-ad43-e0a730a9c27a,webedia-api; occupancy_rate=25; reserved=y,FLIX,,,webedia-api
2026-09-25,webedia-2026-09-27T18:45Z,2026-09-27T18:45:50.381126+00:00,2026-09-27T18:00Z,2026-09-27,Sunday,El Paso West Towne,,America/Denver,Heart of the Beast,17:30,X12H1:2026-09-27T17:30:00:5,284,Screen 5,Digital,,,,31.0,,https://tickets.flixbrewhouse.com/launch/ticketing/57365078-33c9-559d-b94c-806d480c1627,webedia-api; occupancy_rate=31; reserved=y,FLIX,,,webedia-api
2026-09-25,webedia-2026-09-27T18:45Z,2026-09-27T18:45:50.381126+00:00,2026-09-27T18:00Z,2026-09-27,Sunday,El Paso West Towne,,America/Denver,Heart of the Beast,19:15,X12H1:2026-09-27T19:15:00:3,389,Screen 3,Digital,,,,11.0,,https://tickets.flixbrewhouse.com/launch/ticketing/7902a799-fad8-5b85-b9fd-89646b0d497e,webedia-api; occupancy_rate=11; reserved=y,FLIX,,,webedia-api
2026-09-25,webedia-2026-09-27T18:45Z,2026-09-27T18:45:50.381126+00:00,2026-09-27T18:00Z,2026-09-27,Sunday,El Paso West Towne,,America/Denver,Heart of the Beast,22:10,X12H1:2026-09-27T22:10:00:3,564,Screen 3,Digital,,,,0.0,,https://tickets.flixbrewhouse.com/launch/ticketing/bd4e9563-449c-5f49-b4c8-30e894338884,webedia-api; occupancy_rate=0; reserved=y,FLIX,,,webedia-api
2026-09-25,webedia-2026-09-27T18:45Z,2026-09-27T18:45:50.381126+00:00,2026-09-27T18:00Z,2026-09-27,Sunday,El Paso West Towne,,America/Denver,Primetime,15:00,X12H1:2026-09-27T15:00:00:8,134,Screen 8,Digital,,,,18.0,,https://tickets.flixbrewhouse.com/launch/ticketing/753ee549-c1a1-5040-b093-46a2d15ac0e9,webedia-api; occupancy_rate=18; reserved=y,FLIX,,,webedia-api
2026-09-25,webedia-2026-09-27T18:45Z,2026-09-27T18:45:50.381126+00:00,2026-09-27T18:00Z,2026-09-27,Sunday,El Paso West Towne,,America/Denver,Primetime,18:00,X12H1:2026-09-27T18:00:00:1,314,Screen 1,Digital,,,,8.0,,https://tickets.flixbrewhouse.com/launch/ticketing/2797da26-7ab5-5341-b7d5-3c1e2a8baad1,webedia-api; occupancy_rate=8; reserved=y,FLIX,,,webedia-api
2026-09-25,webedia-2026-09-27T18:45Z,2026-09-27T18:45:50.381126+00:00,2026-09-27T18:00Z,2026-09-27,Sunday,El Paso West Towne,,America/Denver,Primetime,19:00,X12H1:2026-09-27T19:00:00:9,374,Screen 9,Digital,,,,0.0,,https://tickets.flixbrewhouse.com/launch/ticketing/a702bb06-638b-588f-a203-94527526bd4c,webedia-api; occupancy_rate=0; reserved=y,FLIX,,,webedia-api
2026-09-25,webedia-2026-09-27T18:45Z,2026-09-27T18:45:50.381126+00:00,2026-09-27T18:00Z,2026-09-27,Sunday,El Paso West Towne,,America/Denver,Primetime,21:00,X12H1:2026-09-27T21:00:00:1,494,Screen 1,Digital,,,,2.0,,https://tickets.flixbrewhouse.com/launch/ticketing/14e6a310-6a9e-5a17-98dc-ea0b2d985143,webedia-api; occupancy_rate=2; reserved=y,FLIX,,,webedia-api
2026-09-25,webedia-2026-09-27T18:45Z,2026-09-27T18:45:50.381126+00:00,2026-09-27T18:00Z,2026-09-27,Sunday,Frisco/Little Elm,,America/Chicago,Forgotten Island,15:45,X1158:2026-09-27T15:45:00:4,119,Screen 4,Digital,,,,22.0,,https://tickets.flixbrewhouse.com/launch/ticketing/d234bf34-3448-57f1-bb56-3931a54634f6,webedia-api; occupancy_rate=22; reserved=y,FLIX,,,webedia-api
2026-09-25,webedia-2026-09-27T18:45Z,2026-09-27T18:45:50.381126+00:00,2026-09-27T18:00Z,2026-09-27,Sunday,Frisco/Little Elm,,America/Chicago,Forgotten Island,18:45,X1158:2026-09-27T18:45:00:4,299,Screen 4,Digital,,,,3.0,,https://tickets.flixbrewhouse.com/launch/ticketing/d908bc45-710d-5325-94c5-3c6339c0ccb2,webedia-api; occupancy_rate=3; reserved=y,FLIX,,,webedia-api
2026-09-25,webedia-2026-09-27T18:45Z,2026-09-27T18:45:50.381126+00:00,2026-09-27T18:00Z,2026-09-27,Sunday,Frisco/Little Elm,,America/Chicago,Forgotten Island,20:40,X1158:2026-09-27T20:40:00:Screen 5,414,Screen Screen 5,Digital,,,,0.0,,https://tickets.flixbrewhouse.com/launch/ticketing/6f7d9807-3b59-5f42-ae58-bb1877794537,webedia-api; occupancy_rate=0; reserved=y,FLIX,,,webedia-api
2026-09-25,webedia-2026-09-27T18:45Z,2026-09-27T18:45:50.381126+00:00,2026-09-27T18:00Z,2026-09-27,Sunday,Frisco/Little Elm,,America/Chicago,Heart of the Beast,15:00,X1158:2026-09-27T15:00:00:Screen 6,74,Screen Screen 6,Digital,,,,21.0,,https://tickets.flixbrewhouse.com/launch/ticketing/98fc5f23-c411-5e0c-85f1-3049bd9247f8,webedia-api; occupancy_rate=21; reserved=y,FLIX,,,webedia-api
2026-09-25,webedia-2026-09-27T18:45Z,2026-09-27T18:45:50.381126+00:00,2026-09-27T18:00Z,2026-09-27,Sunday,Frisco/Little Elm,,America/Chicago,Heart of the Beast,18:00,X1158:2026-09-27T18:00:00:Screen 6,254,Screen Screen 6,Digital,,,,11.0,,https://tickets.flixbrewhouse.com/launch/ticketing/5e087bab-2dcc-5615-bf80-9025bc91a6ba,webedia-api; occupancy_rate=11; reserved=y,FLIX,,,webedia-api
2026-09-25,webedia-2026-09-27T18:45Z,2026-09-27T18:45:50.381126+00:00,2026-09-27T18:00Z,2026-09-27,Sunday,Frisco/Little Elm,,America/Chicago,Heart of the Beast,21:00,X1158:2026-09-27T21:00:00:Screen 6,434,Screen Screen 6,Digital,,,,0.0,,https://tickets.flixbrewhouse.com/launch/ticketing/f3848d09-418c-5bb4-a620-a0d2956e3065,webedia-api; occupancy_rate=0; reserved=y,FLIX,,,webedia-api
2026-09-25,webedia-2026-09-27T18:45Z,2026-09-27T18:45:50.381126+00:00,2026-09-27T18:00Z,2026-09-27,Sunday,Frisco/Little Elm,,America/Chicago,Primetime,14:30,X1158:2026-09-27T14:30:00:3,44,Screen 3,Digital,,,,28.0,,https://tickets.flixbrewhouse.com/launch/ticketing/46cc6011-df11-5ccc-befc-5bdf8d097795,webedia-api; occupancy_rate=28; reserved=y,FLIX,,,webedia-api
2026-09-25,webedia-2026-09-27T18:45Z,2026-09-27T18:45:50.381126+00:00,2026-09-27T18:00Z,2026-09-27,Sunday,Frisco/Little Elm,,America/Chicago,Primetime,18:00,X1158:2026-09-27T18:00:00:3,254,Screen 3,Digital,,,,8.0,,https://tickets.flixbrewhouse.com/launch/ticketing/0a9f7a2d-f3f8-5edd-bfba-987660988037,webedia-api; occupancy_rate=8; reserved=y,FLIX,,,webedia-api
2026-09-25,webedia-2026-09-27T18:45Z,2026-09-27T18:45:50.381126+00:00,2026-09-27T18:00Z,2026-09-27,Sunday,Frisco/Little Elm,,America/Chicago,Primetime,21:00,X1158:2026-09-27T21:00:00:3,434,Screen 3,Digital,,,,3.0,,https://tickets.flixbrewhouse.com/launch/ticketing/dfa96ac3-d6c9-543e-b618-bcb8ac15c856,webedia-api; occupancy_rate=3; reserved=y,FLIX,,,webedia-api
2026-09-25,webedia-2026-09-27T18:45Z,2026-09-27T18:45:50.381126+00:00,2026-09-27T18:00Z,2026-09-27,Sunday,Katy,,America/Chicago,Forgotten Island,14:45,G0FX5:2026-09-27T14:45:00:Screen 4,59,Screen Screen 4,Digital,,,,27.0,,https://tickets.flixbrewhouse.com/launch/ticketing/f518b80c-81ad-583b-b60e-4cfa30cab6a8,webedia-api; occupancy_rate=27; reserved=y,FLIX,,,webedia-api
2026-09-25,webedia-2026-09-27T18:45Z,2026-09-27T18:45:50.381126+00:00,2026-09-27T18:00Z,2026-09-27,Sunday,Katy,,America/Chicago,Forgotten Island,18:00,G0FX5:2026-09-27T18:00:00:Screen 4,254,Screen Screen 4,Digital,,,,10.0,,https://tickets.flixbrewhouse.com/launch/ticketing/a9129d92-b7a8-5bd8-897d-25071c2de399,webedia-api; occupancy_rate=10; reserved=y,FLIX,,,webedia-api
2026-09-25,webedia-2026-09-27T18:45Z,2026-09-27T18:45:50.381126+00:00,2026-09-27T18:00Z,2026-09-27,Sunday,Katy,,America/Chicago,Forgotten Island,21:00,G0FX5:2026-09-27T21:00:00:Screen 4,434,Screen Screen 4,Digital,,,,0.0,,https://tickets.flixbrewhouse.com/launch/ticketing/66899f36-9f1a-59fc-a6c8-6426322ef8b8,webedia-api; occupancy_rate=0; reserved=y,FLIX,,,webedia-api
2026-09-25,webedia-2026-09-27T18:45Z,2026-09-27T18:45:50.381126+00:00,2026-09-27T18:00Z,2026-09-27,Sunday,Katy,,America/Chicago,Heart of the Beast,13:30,G0FX5:2026-09-27T13:30:00:Screen 3,0,Screen Screen 3,Digital,,,,20.0,,https://tickets.flixbrewhouse.com/launch/ticketing/9b4611b5-e9bb-5c71-b6c5-c78437a77b0d,webedia-api; post-show-census; occupancy_rate=20; reserved=y,FLIX,,,post-show-census
2026-09-25,webedia-2026-09-27T18:45Z,2026-09-27T18:45:50.381126+00:00,2026-09-27T18:00Z,2026-09-27,Sunday,Katy,,America/Chicago,Heart of the Beast,16:30,G0FX5:2026-09-27T16:30:00:Screen 3,164,Screen Screen 3,Digital,,,,28.0,,https://tickets.flixbrewhouse.com/launch/ticketing/1788fcc1-2e9e-5987-9712-d6e5bbfad8ba,webedia-api; occupancy_rate=28; reserved=y,FLIX,,,webedia-api
2026-09-25,webedia-2026-09-27T18:45Z,2026-09-27T18:45:50.381126+00:00,2026-09-27T18:00Z,2026-09-27,Sunday,Katy,,America/Chicago,Heart of the Beast,19:30,G0FX5:2026-09-27T19:30:00:Screen 3,344,Screen Screen 3,Digital,,,,16.0,,https://tickets.flixbrewhouse.com/launch/ticketing/24e16088-2b45-540b-b82c-73691d9e87f3,webedia-api; occupancy_rate=16; reserved=y,FLIX,,,webedia-api
2026-09-25,webedia-2026-09-27T18:45Z,2026-09-27T18:45:50.381126+00:00,2026-09-27T18:00Z,2026-09-27,Sunday,Katy,,America/Chicago,Heart of the Beast,20:30,G0FX5:2026-09-27T20:30:00:Screen 8,404,Screen Screen 8,Digital,,,,0.0,,https://tickets.flixbrewhouse.com/launch/ticketing/0f73dc24-d3b1-5611-ba0a-508e428d9a7d,webedia-api; occupancy_rate=0; reserved=y,FLIX,,,webedia-api
2026-09-25,webedia-2026-09-27T18:45Z,2026-09-27T18:45:50.381126+00:00,2026-09-27T18:00Z,2026-09-27,Sunday,Katy,,America/Chicago,Primetime,13:35,G0FX5:2026-09-27T13:35:00:Screen 7,0,Screen Screen 7,Digital,,,,18.0,,https://tickets.flixbrewhouse.com/launch/ticketing/dbe3efcb-0fe7-5058-92c2-8128e6cb29a5,webedia-api; post-show-census; occupancy_rate=18; reserved=y,FLIX,,,post-show-census
2026-09-25,webedia-2026-09-27T18:45Z,2026-09-27T18:45:50.381126+00:00,2026-09-27T18:00Z,2026-09-27,Sunday,Katy,,America/Chicago,Primetime,16:35,G0FX5:2026-09-27T16:35:00:Screen 7,169,Screen Screen 7,Digital,,,,17.0,,https://tickets.flixbrewhouse.com/launch/ticketing/3c9476f1-7102-583c-bb54-cc132129bd9f,webedia-api; occupancy_rate=17; reserved=y,FLIX,,,webedia-api
2026-09-25,webedia-2026-09-27T18:45Z,2026-09-27T18:45:50.381126+00:00,2026-09-27T18:00Z,2026-09-27,Sunday,Katy,,America/Chicago,Primetime,19:35,G0FX5:2026-09-27T19:35:00:Screen 7,349,Screen Screen 7,Digital,,,,0.0,,https://tickets.flixbrewhouse.com/launch/ticketing/6b554693-67c8-55ff-940b-846cc5166236,webedia-api; occupancy_rate=0; reserved=y,FLIX,,,webedia-api
2026-09-25,webedia-2026-09-27T18:45Z,2026-09-27T18:45:50.381126+00:00,2026-09-27T18:00Z,2026-09-27,Sunday,Katy,,America/Chicago,Primetime,21:15,G0FX5:2026-09-27T21:15:00:Screen 2,449,Screen Screen 2,Digital,,,,2.0,,https://tickets.flixbrewhouse.com/launch/ticketing/0fcbe94f-f756-5da9-ab6d-d63652c09312,webedia-api; occupancy_rate=2; reserved=y,FLIX,,,webedia-api
2026-09-25,webedia-2026-09-27T18:45Z,2026-09-27T18:45:50.381126+00:00,2026-09-27T18:00Z,2026-09-27,Sunday,Lubbock,,America/Chicago,Forgotten Island,16:20,G0FWY:2026-09-27T16:20:00:Screen 3,154,Screen Screen 3,Digital,,,,0.0,,https://tickets.flixbrewhouse.com/launch/ticketing/0a68ecab-9604-5f24-8740-c56203632799,webedia-api; occupancy_rate=0; reserved=y,FLIX,,,webedia-api
2026-09-25,webedia-2026-09-27T18:45Z,2026-09-27T18:45:50.381126+00:00,2026-09-27T18:00Z,2026-09-27,Sunday,Lubbock,,America/Chicago,Forgotten Island,18:00,G0FWY:2026-09-27T18:00:00:Screen 8,254,Screen Screen 8,Digital,,,,0.0,,https://tickets.flixbrewhouse.com/launch/ticketing/49b68f5c-fa51-565a-9879-fc410182ef6d,webedia-api; occupancy_rate=0; reserved=y,FLIX,,,webedia-api
2026-09-25,webedia-2026-09-27T18:45Z,2026-09-27T18:45:50.381126+00:00,2026-09-27T18:00Z,2026-09-27,Sunday,Lubbock,,America/Chicago,Forgotten Island,20:45,G0FWY:2026-09-27T20:45:00:Screen 8,419,Screen Screen 8,Digital,,,,0.0,,https://tickets.flixbrewhouse.com/launch/ticketing/7a39f8f1-06f1-5850-9e76-93a369a6204c,webedia-api; occupancy_rate=0; reserved=y,FLIX,,,webedia-api
2026-09-25,webedia-2026-09-27T18:45Z,2026-09-27T18:45:50.381126+00:00,2026-09-27T18:00Z,2026-09-27,Sunday,Lubbock,,America/Chicago,Heart of the Beast,13:15,G0FWY:2026-09-27T13:15:00:Screen 5,0,Screen Screen 5,Digital,,,,14.0,,https://tickets.flixbrewhouse.com/launch/ticketing/8216b29d-bba8-5ef6-93a1-3eeb6d595533,webedia-api; post-show-census; occupancy_rate=14; reserved=y,FLIX,,,post-show-census
2026-09-25,webedia-2026-09-27T18:45Z,2026-09-27T18:45:50.381126+00:00,2026-09-27T18:00Z,2026-09-27,Sunday,Lubbock,,America/Chicago,Heart of the Beast,16:00,G0FWY:2026-09-27T16:00:00:Screen 5,134,Screen Screen 5,Digital,,,,6.0,,https://tickets.flixbrewhouse.com/launch/ticketing/515911be-92e8-5180-a1e9-3c55f0f47a58,webedia-api; occupancy_rate=6; reserved=y,FLIX,,,webedia-api
2026-09-25,webedia-2026-09-27T18:45Z,2026-09-27T18:45:50.381126+00:00,2026-09-27T18:00Z,2026-09-27,Sunday,Lubbock,,America/Chicago,Heart of the Beast,19:00,G0FWY:2026-09-27T19:00:00:Screen 5,314,Screen Screen 5,Digital,,,,2.0,,https://tickets.flixbrewhouse.com/launch/ticketing/a2e2e2ec-5cce-5e34-a6a3-904a60569ffd,webedia-api; occupancy_rate=2; reserved=y,FLIX,,,webedia-api
2026-09-25,webedia-2026-09-27T18:45Z,2026-09-27T18:45:50.381126+00:00,2026-09-27T18:00Z,2026-09-27,Sunday,Lubbock,,America/Chicago,Heart of the Beast,22:00,G0FWY:2026-09-27T22:00:00:Screen 5,494,Screen Screen 5,Digital,,,,0.0,,https://tickets.flixbrewhouse.com/launch/ticketing/99d51900-47e5-5d40-9938-c5eb29524d9f,webedia-api; occupancy_rate=0; reserved=y,FLIX,,,webedia-api
2026-09-25,webedia-2026-09-27T18:45Z,2026-09-27T18:45:50.381126+00:00,2026-09-27T18:00Z,2026-09-27,Sunday,Madison,,America/Chicago,Forgotten Island,15:30,X118K:2026-09-27T15:30:00:2,104,Screen 2,Digital,,,,3.0,,https://tickets.flixbrewhouse.com/launch/ticketing/663aa196-7821-5b79-a9d8-aa04fb51fd60,webedia-api; occupancy_rate=3; reserved=y,FLIX,,,webedia-api
2026-09-25,webedia-2026-09-27T18:45Z,2026-09-27T18:45:50.381126+00:00,2026-09-27T18:00Z,2026-09-27,Sunday,Madison,,America/Chicago,Forgotten Island,17:30,X118K:2026-09-27T17:30:00:1,224,Screen 1,Digital,,,,2.0,,https://tickets.flixbrewhouse.com/launch/ticketing/e45d6ff4-aa53-5710-be55-45313286431b,webedia-api; occupancy_rate=2; reserved=y,FLIX,,,webedia-api
2026-09-25,webedia-2026-09-27T18:45Z,2026-09-27T18:45:50.381126+00:00,2026-09-27T18:00Z,2026-09-27,Sunday,Madison,,America/Chicago,Forgotten Island,21:00,X118K:2026-09-27T21:00:00:5,434,Screen 5,Digital,,,,0.0,,https://tickets.flixbrewhouse.com/launch/ticketing/bc29cddd-184e-50ef-89f8-184288aca72c,webedia-api; occupancy_rate=0; reserved=y,FLIX,,,webedia-api
2026-09-25,webedia-2026-09-27T18:45Z,2026-09-27T18:45:50.381126+00:00,2026-09-27T18:00Z,2026-09-27,Sunday,Madison,,America/Chicago,Heart of the Beast,14:40,X118K:2026-09-27T14:40:00:1,54,Screen 1,Digital,,,,13.0,,https://tickets.flixbrewhouse.com/launch/ticketing/b0ab39bd-8590-5360-b4da-30bf24b04907,webedia-api; occupancy_rate=13; reserved=y,FLIX,,,webedia-api
2026-09-25,webedia-2026-09-27T18:45Z,2026-09-27T18:45:50.381126+00:00,2026-09-27T18:00Z,2026-09-27,Sunday,Madison,,America/Chicago,Heart of the Beast,18:30,X118K:2026-09-27T18:30:00:2,284,Screen 2,Digital,,,,0.0,,https://tickets.flixbrewhouse.com/launch/ticketing/74b81e13-df52-5583-b5dc-6d5ee9741ce3,webedia-api; occupancy_rate=0; reserved=y,FLIX,,,webedia-api
2026-09-25,webedia-2026-09-27T18:45Z,2026-09-27T18:45:50.381126+00:00,2026-09-27T18:00Z,2026-09-27,Sunday,Madison,,America/Chicago,Heart of the Beast,21:30,X118K:2026-09-27T21:30:00:2,464,Screen 2,Digital,,,,0.0,,https://tickets.flixbrewhouse.com/launch/ticketing/b0c1939e-09f2-58da-8e42-939889547d54,webedia-api; occupancy_rate=0; reserved=y,FLIX,,,webedia-api
2026-09-25,webedia-2026-09-27T18:45Z,2026-09-27T18:45:50.381126+00:00,2026-09-27T18:00Z,2026-09-27,Sunday,Madison,,America/Chicago,Primetime,16:00,X118K:2026-09-27T16:00:00:Screen 9,134,Screen Screen 9,Digital,,,,4.0,,https://tickets.flixbrewhouse.com/launch/ticketing/35a57184-3c1d-5d76-be6b-baa260bb177e,webedia-api; occupancy_rate=4; reserved=y,FLIX,,,webedia-api
2026-09-25,webedia-2026-09-27T18:45Z,2026-09-27T18:45:50.381126+00:00,2026-09-27T18:00Z,2026-09-27,Sunday,Madison,,America/Chicago,Primetime,17:30,X118K:2026-09-27T17:30:00:6,224,Screen 6,Digital,,,,19.0,,https://tickets.flixbrewhouse.com/launch/ticketing/c3891f01-0d59-5ccf-a055-c3b3c7505640,webedia-api; occupancy_rate=19; reserved=y,FLIX,,,webedia-api
2026-09-25,webedia-2026-09-27T18:45Z,2026-09-27T18:45:50.381126+00:00,2026-09-27T18:00Z,2026-09-27,Sunday,Madison,,America/Chicago,Primetime,19:00,X118K:2026-09-27T19:00:00:Screen 9,314,Screen Screen 9,Digital,,,,16.0,,https://tickets.flixbrewhouse.com/launch/ticketing/4ba31951-f86e-56e8-82c5-4ffd23f73db4,webedia-api; occupancy_rate=16; reserved=y,FLIX,,,webedia-api
2026-09-25,webedia-2026-09-27T18:45Z,2026-09-27T18:45:50.381126+00:00,2026-09-27T18:00Z,2026-09-27,Sunday,Madison,,America/Chicago,Primetime,21:30,X118K:2026-09-27T21:30:00:7,464,Screen 7,Digital,,,,0.0,,https://tickets.flixbrewhouse.com/launch/ticketing/6fdf3f0e-c246-530f-96c8-fb467067785e,webedia-api; occupancy_rate=0; reserved=y,FLIX,,,webedia-api
2026-09-25,webedia-2026-09-27T18:45Z,2026-09-27T18:45:50.381126+00:00,2026-09-27T18:00Z,2026-09-27,Sunday,Mansfield,,America/Chicago,Forgotten Island,15:00,X11NG:2026-09-27T15:00:00:2,74,Screen 2,Digital,,,,12.0,,https://tickets.flixbrewhouse.com/launch/ticketing/4e5bb8f4-85bf-5827-bbe7-623b48171542,webedia-api; occupancy_rate=12; reserved=y,FLIX,,,webedia-api
2026-09-25,webedia-2026-09-27T18:45Z,2026-09-27T18:45:50.381126+00:00,2026-09-27T18:00Z,2026-09-27,Sunday,Mansfield,,America/Chicago,Forgotten Island,16:00,X11NG:2026-09-27T16:00:00:5,134,Screen 5,Digital,,,,29.0,,https://tickets.flixbrewhouse.com/launch/ticketing/70852f2b-c189-53bc-9c83-893cc0e0abbc,webedia-api; occupancy_rate=29; reserved=y,FLIX,,,webedia-api
2026-09-25,webedia-2026-09-27T18:45Z,2026-09-27T18:45:50.381126+00:00,2026-09-27T18:00Z,2026-09-27,Sunday,Mansfield,,America/Chicago,Forgotten Island,18:00,X11NG:2026-09-27T18:00:00:2,254,Screen 2,Digital,,,,2.0,,https://tickets.flixbrewhouse.com/launch/ticketing/a70b390e-4e01-5c01-93ce-36014a8cde81,webedia-api; occupancy_rate=2; reserved=y,FLIX,,,webedia-api
2026-09-25,webedia-2026-09-27T18:45Z,2026-09-27T18:45:50.381126+00:00,2026-09-27T18:00Z,2026-09-27,Sunday,Mansfield,,America/Chicago,Forgotten Island,20:15,X11NG:2026-09-27T20:15:00:3,389,Screen 3,Digital,,,,0.0,,https://tickets.flixbrewhouse.com/launch/ticketing/4be44e33-d93d-5bc9-98c8-a43b16b34f84,webedia-api; occupancy_rate=0; reserved=y,FLIX,,,webedia-api
2026-09-25,webedia-2026-09-27T18:45Z,2026-09-27T18:45:50.381126+00:00,2026-09-27T18:00Z,2026-09-27,Sunday,Mansfield,,America/Chicago,Heart of the Beast,14:45,X11NG:2026-09-27T14:45:00:4,59,Screen 4,Digital,,,,5.0,,https://tickets.flixbrewhouse.com/launch/ticketing/68a13e38-f7aa-5c6b-951f-632f809f2df3,webedia-api; occupancy_rate=5; reserved=y,FLIX,,,webedia-api
2026-09-25,webedia-2026-09-27T18:45Z,2026-09-27T18:45:50.381126+00:00,2026-09-27T18:00Z,2026-09-27,Sunday,Mansfield,,America/Chicago,Heart of the Beast,15:45,X11NG:2026-09-27T15:45:00:8,119,Screen 8,Digital,,,,2.0,,https://tickets.flixbrewhouse.com/launch/ticketing/b1fd0dad-ae0e-5e4f-8ef8-0390a8e3d939,webedia-api; occupancy_rate=2; reserved=y,FLIX,,,webedia-api
2026-09-25,webedia-2026-09-27T18:45Z,2026-09-27T18:45:50.381126+00:00,2026-09-27T18:00Z,2026-09-27,Sunday,Mansfield,,America/Chicago,Heart of the Beast,18:45,X11NG:2026-09-27T18:45:00:8,299,Screen 8,Digital,,,,19.0,,https://tickets.flixbrewhouse.com/launch/ticketing/885ee9f4-2f41-5425-afa6-49da9e14ec6b,webedia-api; occupancy_rate=19; reserved=y,FLIX,,,webedia-api
2026-09-25,webedia-2026-09-27T18:45Z,2026-09-27T18:45:50.381126+00:00,2026-09-27T18:00Z,2026-09-27,Sunday,Mansfield,,America/Chicago,Heart of the Beast,21:45,X11NG:2026-09-27T21:45:00:8,479,Screen 8,Digital,,,,0.0,,https://tickets.flixbrewhouse.com/launch/ticketing/101e2abd-1aa2-568c-8d5d-6dcf32193f92,webedia-api; occupancy_rate=0; reserved=y,FLIX,,,webedia-api
2026-09-25,webedia-2026-09-27T18:45Z,2026-09-27T18:45:50.381126+00:00,2026-09-27T18:00Z,2026-09-27,Sunday,Mansfield,,America/Chicago,Primetime,12:45,X11NG:2026-09-27T12:45:00:1,0,Screen 1,Digital,,,,27.0,,https://tickets.flixbrewhouse.com/launch/ticketing/f5d5ae26-4318-5749-b996-c3b607086736,webedia-api; post-show-census; occupancy_rate=27; reserved=y,FLIX,,,post-show-census
2026-09-25,webedia-2026-09-27T18:45Z,2026-09-27T18:45:50.381126+00:00,2026-09-27T18:00Z,2026-09-27,Sunday,Mansfield,,America/Chicago,Primetime,14:30,X11NG:2026-09-27T14:30:00:3,44,Screen 3,Digital,,,,15.0,,https://tickets.flixbrewhouse.com/launch/ticketing/118de818-d044-5fe6-93cf-bba3507b2eda,webedia-api; occupancy_rate=15; reserved=y,FLIX,,,webedia-api
2026-09-25,webedia-2026-09-27T18:45Z,2026-09-27T18:45:50.381126+00:00,2026-09-27T18:00Z,2026-09-27,Sunday,Mansfield,,America/Chicago,Primetime,15:45,X11NG:2026-09-27T15:45:00:1,119,Screen 1,Digital,,,,3.0,,https://tickets.flixbrewhouse.com/launch/ticketing/53f0bffd-8046-542d-984e-24b74ee9878e,webedia-api; occupancy_rate=3; reserved=y,FLIX,,,webedia-api
2026-09-25,webedia-2026-09-27T18:45Z,2026-09-27T18:45:50.381126+00:00,2026-09-27T18:00Z,2026-09-27,Sunday,Mansfield,,America/Chicago,Primetime,18:45,X11NG:2026-09-27T18:45:00:1,299,Screen 1,Digital,,,,9.0,,https://tickets.flixbrewhouse.com/launch/ticketing/dabc7e5c-71f8-5139-9ed4-3ca5f59c8ec3,webedia-api; occupancy_rate=9; reserved=y,FLIX,,,webedia-api
2026-09-25,webedia-2026-09-27T18:45Z,2026-09-27T18:45:50.381126+00:00,2026-09-27T18:00Z,2026-09-27,Sunday,Mansfield,,America/Chicago,Primetime,21:45,X11NG:2026-09-27T21:45:00:1,479,Screen 1,Digital,,,,3.0,,https://tickets.flixbrewhouse.com/launch/ticketing/b56dbf68-c848-5354-8981-0303f1a4f27f,webedia-api; occupancy_rate=3; reserved=y,FLIX,,,webedia-api
2026-09-25,webedia-2026-09-27T18:45Z,2026-09-27T18:45:50.381126+00:00,2026-09-27T18:00Z,2026-09-27,Sunday,Oklahoma City,,America/Chicago,Forgotten Island,13:45,G000T:2026-09-27T13:45:00:Screen 2,0,Screen Screen 2,Digital,,,,33.0,,https://tickets.flixbrewhouse.com/launch/ticketing/a9fdd943-de43-5386-9fcd-44dd178f4dfd,webedia-api; post-show-census; occupancy_rate=33; reserved=y,FLIX,,,post-show-census
2026-09-25,webedia-2026-09-27T18:45Z,2026-09-27T18:45:50.381126+00:00,2026-09-27T18:00Z,2026-09-27,Sunday,Oklahoma City,,America/Chicago,Forgotten Island,15:30,G000T:2026-09-27T15:30:00:Screen 3,104,Screen Screen 3,Digital,,,,6.0,,https://tickets.flixbrewhouse.com/launch/ticketing/2ae8ea0e-a0a8-5252-bf79-6c351f6a5ce6,webedia-api; occupancy_rate=6; reserved=y,FLIX,,,webedia-api
2026-09-25,webedia-2026-09-27T18:45Z,2026-09-27T18:45:50.381126+00:00,2026-09-27T18:00Z,2026-09-27,Sunday,Oklahoma City,,America/Chicago,Forgotten Island,16:45,G000T:2026-09-27T16:45:00:Screen 2,179,Screen Screen 2,Digital,,,,13.0,,https://tickets.flixbrewhouse.com/launch/ticketing/03b637a4-b0a7-5316-9589-94bae516d58c,webedia-api; occupancy_rate=13; reserved=y,FLIX,,,webedia-api
2026-09-25,webedia-2026-09-27T18:45Z,2026-09-27T18:45:50.381126+00:00,2026-09-27T18:00Z,2026-09-27,Sunday,Oklahoma City,,America/Chicago,Forgotten Island,18:00,G000T:2026-09-27T18:00:00:Screen 8,254,Screen Screen 8,Digital,,,,6.0,,https://tickets.flixbrewhouse.com/launch/ticketing/b528bea3-890c-5cf4-b793-4d87bf39c874,webedia-api; occupancy_rate=6; reserved=y,FLIX,,,webedia-api
2026-09-25,webedia-2026-09-27T18:45Z,2026-09-27T18:45:50.381126+00:00,2026-09-27T18:00Z,2026-09-27,Sunday,Oklahoma City,,America/Chicago,Forgotten Island,21:35,G000T:2026-09-27T21:35:00:Screen 5,469,Screen Screen 5,Digital,,,,0.0,,https://tickets.flixbrewhouse.com/launch/ticketing/329aadca-74eb-5b8d-8a79-048da329c4e5,webedia-api; occupancy_rate=0; reserved=y,FLIX,,,webedia-api
2026-09-25,webedia-2026-09-27T18:45Z,2026-09-27T18:45:50.381126+00:00,2026-09-27T18:00Z,2026-09-27,Sunday,Oklahoma City,,America/Chicago,Heart of the Beast,15:30,G000T:2026-09-27T15:30:00:Screen 9,104,Screen Screen 9,Digital,,,,69.0,,https://tickets.flixbrewhouse.com/launch/ticketing/ea5c6147-e28a-55d1-b2a9-530cd44c4d37,webedia-api; occupancy_rate=69; reserved=y,FLIX,,,webedia-api
2026-09-25,webedia-2026-09-27T18:45Z,2026-09-27T18:45:50.381126+00:00,2026-09-27T18:00Z,2026-09-27,Sunday,Oklahoma City,,America/Chicago,Heart of the Beast,18:45,G000T:2026-09-27T18:45:00:Screen 3,299,Screen Screen 3,Digital,,,,41.0,,https://tickets.flixbrewhouse.com/launch/ticketing/6599f18d-70a4-510f-98e1-3c618ba1199f,webedia-api; occupancy_rate=41; reserved=y,FLIX,,,webedia-api
2026-09-25,webedia-2026-09-27T18:45Z,2026-09-27T18:45:50.381126+00:00,2026-09-27T18:00Z,2026-09-27,Sunday,Oklahoma City,,America/Chicago,Heart of the Beast,21:45,G000T:2026-09-27T21:45:00:Screen 3,479,Screen Screen 3,Digital,,,,3.0,,https://tickets.flixbrewhouse.com/launch/ticketing/253f78b5-0292-54c4-86b6-6c5fa971b5d6,webedia-api; occupancy_rate=3; reserved=y,FLIX,,,webedia-api
2026-09-25,webedia-2026-09-27T18:45Z,2026-09-27T18:45:50.381126+00:00,2026-09-27T18:00Z,2026-09-27,Sunday,Oklahoma City,,America/Chicago,Primetime,14:55,G000T:2026-09-27T14:55:00:Screen 1,69,Screen Screen 1,Digital,,,,38.0,,https://tickets.flixbrewhouse.com/launch/ticketing/10caf03c-6d54-5d4f-934f-1f3d4e40b917,webedia-api; occupancy_rate=38; reserved=y,FLIX,,,webedia-api
2026-09-25,webedia-2026-09-27T18:45Z,2026-09-27T18:45:50.381126+00:00,2026-09-27T18:00Z,2026-09-27,Sunday,Oklahoma City,,America/Chicago,Primetime,18:00,G000T:2026-09-27T18:00:00:Screen 1,254,Screen Screen 1,Digital,,,,44.0,,https://tickets.flixbrewhouse.com/launch/ticketing/cb461a33-36cc-5392-bd9c-8497dfb2715e,webedia-api; occupancy_rate=44; reserved=y,FLIX,,,webedia-api
2026-09-25,webedia-2026-09-27T18:45Z,2026-09-27T18:45:50.381126+00:00,2026-09-27T18:00Z,2026-09-27,Sunday,Oklahoma City,,America/Chicago,Primetime,21:05,G000T:2026-09-27T21:05:00:Screen 1,439,Screen Screen 1,Digital,,,,5.0,,https://tickets.flixbrewhouse.com/launch/ticketing/fc494f79-a0f3-50a4-9b5a-a5a1fef9cef5,webedia-api; occupancy_rate=5; reserved=y,FLIX,,,webedia-api
2026-09-25,webedia-2026-09-27T18:45Z,2026-09-27T18:45:50.381126+00:00,2026-09-27T18:00Z,2026-09-27,Sunday,Round Rock,,America/Chicago,Forgotten Island,13:30,X0LE3:2026-09-27T13:30:00:6,0,Screen 6,Digital,,,,66.0,,https://tickets.flixbrewhouse.com/launch/ticketing/0185df34-e9cd-5a71-9cd2-071e17eed54c,webedia-api; post-show-census; occupancy_rate=66; reserved=y,FLIX,,,post-show-census
2026-09-25,webedia-2026-09-27T18:45Z,2026-09-27T18:45:50.381126+00:00,2026-09-27T18:00Z,2026-09-27,Sunday,Round Rock,,America/Chicago,Forgotten Island,16:30,X0LE3:2026-09-27T16:30:00:6,164,Screen 6,Digital,,,,12.0,,https://tickets.flixbrewhouse.com/launch/ticketing/4434a051-8f56-576b-acae-02b034fddda7,webedia-api; occupancy_rate=12; reserved=y,FLIX,,,webedia-api
2026-09-25,webedia-2026-09-27T18:45Z,2026-09-27T18:45:50.381126+00:00,2026-09-27T18:00Z,2026-09-27,Sunday,Round Rock,,America/Chicago,Forgotten Island,18:00,X0LE3:2026-09-27T18:00:00:4,254,Screen 4,Digital,,,,5.0,,https://tickets.flixbrewhouse.com/launch/ticketing/c8c582ec-e7dd-5e7c-8383-0282e5e27986,webedia-api; occupancy_rate=5; reserved=y,FLIX,,,webedia-api
2026-09-25,webedia-2026-09-27T18:45Z,2026-09-27T18:45:50.381126+00:00,2026-09-27T18:00Z,2026-09-27,Sunday,Round Rock,,America/Chicago,Forgotten Island,21:30,X0LE3:2026-09-27T21:30:00:5,464,Screen 5,Digital,,,,0.0,,https://tickets.flixbrewhouse.com/launch/ticketing/aa91ff75-26b9-52bb-8236-770115d5bd04,webedia-api; occupancy_rate=0; reserved=y,FLIX,,,webedia-api
2026-09-25,webedia-2026-09-27T18:45Z,2026-09-27T18:45:50.381126+00:00,2026-09-27T18:00Z,2026-09-27,Sunday,Round Rock,,America/Chicago,Heart of the Beast,15:45,X0LE3:2026-09-27T15:45:00:2,119,Screen 2,Digital,,,,31.0,,https://tickets.flixbrewhouse.com/launch/ticketing/ec534c3b-18d6-5a87-9eca-fc98d41dc3a6,webedia-api; occupancy_rate=31; reserved=y,FLIX,,,webedia-api
2026-09-25,webedia-2026-09-27T18:45Z,2026-09-27T18:45:50.381126+00:00,2026-09-27T18:00Z,2026-09-27,Sunday,Round Rock,,America/Chicago,Heart of the Beast,18:45,X0LE3:2026-09-27T18:45:00:2,299,Screen 2,Digital,,,,19.0,,https://tickets.flixbrewhouse.com/launch/ticketing/901a116f-9cb2-5ba9-a868-caf2dfa78365,webedia-api; occupancy_rate=19; reserved=y,FLIX,,,webedia-api
2026-09-25,webedia-2026-09-27T18:45Z,2026-09-27T18:45:50.381126+00:00,2026-09-27T18:00Z,2026-09-27,Sunday,Round Rock,,America/Chicago,Heart of the Beast,21:45,X0LE3:2026-09-27T21:45:00:2,479,Screen 2,Digital,,,,0.0,,https://tickets.flixbrewhouse.com/launch/ticketing/799a5f71-a185-55b7-ab37-c5b6919a5dff,webedia-api; occupancy_rate=0; reserved=y,FLIX,,,webedia-api
2026-09-25,webedia-2026-09-27T18:45Z,2026-09-27T18:45:50.381126+00:00,2026-09-27T18:00Z,2026-09-27,Sunday,Round Rock,,America/Chicago,Primetime,13:45,X0LE3:2026-09-27T13:45:00:1,0,Screen 1,Digital,,,,23.0,,https://tickets.flixbrewhouse.com/launch/ticketing/670a2824-18bb-51e6-bb19-93dc2d12ecb2,webedia-api; post-show-census; occupancy_rate=23; reserved=y,FLIX,,,post-show-census
2026-09-25,webedia-2026-09-27T18:45Z,2026-09-27T18:45:50.381126+00:00,2026-09-27T18:00Z,2026-09-27,Sunday,Round Rock,,America/Chicago,Primetime,16:45,X0LE3:2026-09-27T16:45:00:1,179,Screen 1,Digital,,,,13.0,,https://tickets.flixbrewhouse.com/launch/ticketing/332a2d31-ab17-552e-a2d1-423e531025ce,webedia-api; occupancy_rate=13; reserved=y,FLIX,,,webedia-api
2026-09-25,webedia-2026-09-27T18:45Z,2026-09-27T18:45:50.381126+00:00,2026-09-27T18:00Z,2026-09-27,Sunday,Round Rock,,America/Chicago,Primetime,19:45,X0LE3:2026-09-27T19:45:00:1,359,Screen 1,Digital,,,,19.0,,https://tickets.flixbrewhouse.com/launch/ticketing/dc3f1714-c541-5bae-b221-141cf4b4cc44,webedia-api; occupancy_rate=19; reserved=y,FLIX,,,webedia-api
2026-09-25,webedia-2026-09-27T18:45Z,2026-09-27T18:45:50.381126+00:00,2026-09-27T18:00Z,2026-09-27,Sunday,Round Rock,,America/Chicago,Primetime,21:00,X0LE3:2026-09-27T21:00:00:8,434,Screen 8,Digital,,,,0.0,,https://tickets.flixbrewhouse.com/launch/ticketing/251a52dc-2937-517a-b760-d17978cddaf4,webedia-api; occupancy_rate=0; reserved=y,FLIX,,,webedia-api
2026-09-25,webedia-2026-09-27T18:45Z,2026-09-27T18:45:50.381126+00:00,2026-09-27T18:00Z,2026-09-27,Sunday,San Antonio,,America/Chicago,Forgotten Island,14:00,G000K:2026-09-27T14:00:00:Screen 9,14,Screen Screen 9,Digital,,,,45.0,,https://tickets.flixbrewhouse.com/launch/ticketing/840ebaea-071e-51ce-8e42-043af018c18a,webedia-api; occupancy_rate=45; reserved=y,FLIX,,,webedia-api
2026-09-25,webedia-2026-09-27T18:45Z,2026-09-27T18:45:50.381126+00:00,2026-09-27T18:00Z,2026-09-27,Sunday,San Antonio,,America/Chicago,Forgotten Island,14:45,G000K:2026-09-27T14:45:00:Screen 2,59,Screen Screen 2,Digital,,,,23.0,,https://tickets.flixbrewhouse.com/launch/ticketing/c59c35c3-48e4-52e2-89cc-50dab6be9eba,webedia-api; occupancy_rate=23; reserved=y,FLIX,,,webedia-api
2026-09-25,webedia-2026-09-27T18:45Z,2026-09-27T18:45:50.381126+00:00,2026-09-27T18:00Z,2026-09-27,Sunday,San Antonio,,America/Chicago,Forgotten Island,17:00,G000K:2026-09-27T17:00:00:Screen 9,194,Screen Screen 9,Digital,,,,23.0,,https://tickets.flixbrewhouse.com/launch/ticketing/1606bb4a-af57-54a9-88c2-1d4bbd891d81,webedia-api; occupancy_rate=23; reserved=y,FLIX,,,webedia-api
2026-09-25,webedia-2026-09-27T18:45Z,2026-09-27T18:45:50.381126+00:00,2026-09-27T18:00Z,2026-09-27,Sunday,San Antonio,,America/Chicago,Forgotten Island,18:00,G000K:2026-09-27T18:00:00:Screen 2,254,Screen Screen 2,Digital,,,,5.0,,https://tickets.flixbrewhouse.com/launch/ticketing/66aa664c-c505-5d9a-bb6f-6907b056aa9d,webedia-api; occupancy_rate=5; reserved=y,FLIX,,,webedia-api
2026-09-25,webedia-2026-09-27T18:45Z,2026-09-27T18:45:50.381126+00:00,2026-09-27T18:00Z,2026-09-27,Sunday,San Antonio,,America/Chicago,Forgotten Island,21:00,G000K:2026-09-27T21:00:00:Screen 2,434,Screen Screen 2,Digital,,,,3.0,,https://tickets.flixbrewhouse.com/launch/ticketing/a33212c4-33ec-53ff-9f29-2f9174d9bf90,webedia-api; occupancy_rate=3; reserved=y,FLIX,,,webedia-api
2026-09-25,webedia-2026-09-27T18:45Z,2026-09-27T18:45:50.381126+00:00,2026-09-27T18:00Z,2026-09-27,Sunday,San Antonio,,America/Chicago,Heart of the Beast,15:30,G000K:2026-09-27T15:30:00:Screen 3,104,Screen Screen 3,Digital,,,,56.0,,https://tickets.flixbrewhouse.com/launch/ticketing/aee6e493-c567-50f7-b140-0d34d1dd4521,webedia-api; occupancy_rate=56; reserved=y,FLIX,,,webedia-api
2026-09-25,webedia-2026-09-27T18:45Z,2026-09-27T18:45:50.381126+00:00,2026-09-27T18:00Z,2026-09-27,Sunday,San Antonio,,America/Chicago,Heart of the Beast,18:30,G000K:2026-09-27T18:30:00:Screen 3,284,Screen Screen 3,Digital,,,,36.0,,https://tickets.flixbrewhouse.com/launch/ticketing/ad80107c-67f1-5c62-ae03-29970d0dc379,webedia-api; occupancy_rate=36; reserved=y,FLIX,,,webedia-api
2026-09-25,webedia-2026-09-27T18:45Z,2026-09-27T18:45:50.381126+00:00,2026-09-27T18:00Z,2026-09-27,Sunday,San Antonio,,America/Chicago,Heart of the Beast,21:30,G000K:2026-09-27T21:30:00:Screen 3,464,Screen Screen 3,Digital,,,,5.0,,https://tickets.flixbrewhouse.com/launch/ticketing/3ca90acc-a2f9-5a75-bda5-7b7ba8b21bdb,webedia-api; occupancy_rate=5; reserved=y,FLIX,,,webedia-api
2026-09-25,webedia-2026-09-27T18:45Z,2026-09-27T18:45:50.381126+00:00,2026-09-27T18:00Z,2026-09-27,Sunday,San Antonio,,America/Chicago,Primetime,15:00,G000K:2026-09-27T15:00:00:1,74,Screen 1,Digital,,,,42.0,,https://tickets.flixbrewhouse.com/launch/ticketing/6ad9e534-187c-5405-8b51-865ca0fd4ec1,webedia-api; occupancy_rate=42; reserved=y,FLIX,,,webedia-api
2026-09-25,webedia-2026-09-27T18:45Z,2026-09-27T18:45:50.381126+00:00,2026-09-27T18:00Z,2026-09-27,Sunday,San Antonio,,America/Chicago,Primetime,18:15,G000K:2026-09-27T18:15:00:1,269,Screen 1,Digital,,,,50.0,,https://tickets.flixbrewhouse.com/launch/ticketing/f111eb45-c0e9-5529-be75-af1427eeb491,webedia-api; occupancy_rate=50; reserved=y,FLIX,,,webedia-api
2026-09-25,webedia-2026-09-27T18:45Z,2026-09-27T18:45:50.381126+00:00,2026-09-27T18:00Z,2026-09-27,Sunday,San Antonio,,America/Chicago,Primetime,21:30,G000K:2026-09-27T21:30:00:1,464,Screen 1,Digital,,,,19.0,,https://tickets.flixbrewhouse.com/launch/ticketing/b8fe1dfd-c254-5e6d-87ba-5b24c881f515,webedia-api; occupancy_rate=19; reserved=y,FLIX,,,webedia-api
2026-09-25,webedia-2026-09-27T18:45Z,2026-09-27T18:45:50.381126+00:00,2026-09-27T18:00Z,2026-09-27,Sunday,Epic Theatres Old Mill Playhouse,,America/New_York,Forgotten Island,11:15,G0205:2026-09-27T11:15:00:Screen 5,0,Screen Screen 5,Scope,,,,3.0,,https://booking.epictheatres.com/launch/ticketing/7fa820a2-7786-56c8-a2ba-a2bf0bbee704,webedia-api; post-show-census; occupancy_rate=3; reserved=n,EPIC,,,post-show-census
2026-09-25,webedia-2026-09-27T18:45Z,2026-09-27T18:45:50.381126+00:00,2026-09-27T18:00Z,2026-09-27,Sunday,Epic Theatres Old Mill Playhouse,,America/New_York,Forgotten Island,13:50,G0205:2026-09-27T13:50:00:Screen 5,0,Screen Screen 5,"3d,Scope",,,,4.0,,https://booking.epictheatres.com/launch/ticketing/71641dc9-7a47-5f95-8cfb-242eb085d04b,webedia-api; post-show-census; occupancy_rate=4; reserved=n,EPIC,,,post-show-census
2026-09-25,webedia-2026-09-27T18:45Z,2026-09-27T18:45:50.381126+00:00,2026-09-27T18:00Z,2026-09-27,Sunday,Epic Theatres Old Mill Playhouse,,America/New_York,Forgotten Island,16:25,G0205:2026-09-27T16:25:00:Screen 5,99,Screen Screen 5,Scope,,,,0.0,,https://booking.epictheatres.com/launch/ticketing/f727abf0-7074-5e98-8f01-88b3e6481add,webedia-api; occupancy_rate=0; reserved=n,EPIC,,,webedia-api
2026-09-25,webedia-2026-09-27T18:45Z,2026-09-27T18:45:50.381126+00:00,2026-09-27T18:00Z,2026-09-27,Sunday,Epic Theatres Old Mill Playhouse,,America/New_York,Forgotten Island,19:00,G0205:2026-09-27T19:00:00:Screen 5,254,Screen Screen 5,Scope,,,,0.0,,https://booking.epictheatres.com/launch/ticketing/72895078-2004-568f-a7d1-3c44dc002121,webedia-api; occupancy_rate=0; reserved=n,EPIC,,,webedia-api
2026-09-25,webedia-2026-09-27T18:45Z,2026-09-27T18:45:50.381126+00:00,2026-09-27T18:00Z,2026-09-27,Sunday,Epic Theatres Old Mill Playhouse,,America/New_York,Heart of the Beast,11:50,G0205:2026-09-27T11:50:00:Screen 6,0,Screen Screen 6,Scope,,,,34.0,,https://booking.epictheatres.com/launch/ticketing/823ae8a7-35ee-5f92-a175-ba8d72df6f4e,webedia-api; post-show-census; occupancy_rate=34; reserved=n,EPIC,,,post-show-census
2026-09-25,webedia-2026-09-27T18:45Z,2026-09-27T18:45:50.381126+00:00,2026-09-27T18:00Z,2026-09-27,Sunday,Epic Theatres Old Mill Playhouse,,America/New_York,Heart of the Beast,14:20,G0205:2026-09-27T14:20:00:Screen 6,0,Screen Screen 6,Scope,,,,61.0,,https://booking.epictheatres.com/launch/ticketing/97cf6cd9-adc2-5e27-b604-e4e636ad1ef2,webedia-api; post-show-census; occupancy_rate=61; reserved=n,EPIC,,,post-show-census
2026-09-25,webedia-2026-09-27T18:45Z,2026-09-27T18:45:50.381126+00:00,2026-09-27T18:00Z,2026-09-27,Sunday,Epic Theatres Old Mill Playhouse,,America/New_York,Heart of the Beast,16:50,G0205:2026-09-27T16:50:00:Screen 6,124,Screen Screen 6,Scope,,,,4.0,,https://booking.epictheatres.com/launch/ticketing/7971626f-59d3-5572-8771-b603d8b68416,webedia-api; occupancy_rate=4; reserved=n,EPIC,,,webedia-api
2026-09-25,webedia-2026-09-27T18:45Z,2026-09-27T18:45:50.381126+00:00,2026-09-27T18:00Z,2026-09-27,Sunday,Epic Theatres Old Mill Playhouse,,America/New_York,Heart of the Beast,19:20,G0205:2026-09-27T19:20:00:Screen 6,274,Screen Screen 6,Scope,,,,2.0,,https://booking.epictheatres.com/launch/ticketing/b3c10fda-debb-58e5-a701-c4421bd1c65b,webedia-api; occupancy_rate=2; reserved=n,EPIC,,,webedia-api
2026-09-25,webedia-2026-09-27T18:45Z,2026-09-27T18:45:50.381126+00:00,2026-09-27T18:00Z,2026-09-27,Sunday,Epic Theatres Old Mill Playhouse,,America/New_York,Primetime,11:50,G0205:2026-09-27T11:50:00:Screen 7,0,Screen Screen 7,Flat,,,,4.0,,https://booking.epictheatres.com/launch/ticketing/35330be1-ae45-5232-908f-e224c44eb6ed,webedia-api; post-show-census; occupancy_rate=4; reserved=n,EPIC,,,post-show-census
2026-09-25,webedia-2026-09-27T18:45Z,2026-09-27T18:45:50.381126+00:00,2026-09-27T18:00Z,2026-09-27,Sunday,Epic Theatres Old Mill Playhouse,,America/New_York,Primetime,14:25,G0205:2026-09-27T14:25:00:Screen 7,0,Screen Screen 7,Flat,,,,5.0,,https://booking.epictheatres.com/launch/ticketing/e09908e0-8d78-57bf-89d6-a2d5abb6578f,webedia-api; post-show-census; occupancy_rate=5; reserved=n,EPIC,,,post-show-census
2026-09-25,webedia-2026-09-27T18:45Z,2026-09-27T18:45:50.381126+00:00,2026-09-27T18:00Z,2026-09-27,Sunday,Epic Theatres Old Mill Playhouse,,America/New_York,Primetime,17:00,G0205:2026-09-27T17:00:00:Screen 7,134,Screen Screen 7,Flat,,,,0.0,,https://booking.epictheatres.com/launch/ticketing/a91c89a0-e472-589d-9aeb-e12785f8bb6c,webedia-api; occupancy_rate=0; reserved=n,EPIC,,,webedia-api
2026-09-25,webedia-2026-09-27T18:45Z,2026-09-27T18:45:50.381126+00:00,2026-09-27T18:00Z,2026-09-27,Sunday,Epic Theatres Old Mill Playhouse,,America/New_York,Primetime,19:35,G0205:2026-09-27T19:35:00:Screen 7,289,Screen Screen 7,Flat,,,,1.0,,https://booking.epictheatres.com/launch/ticketing/137041a3-e46f-523d-80f1-beda104bcdfd,webedia-api; occupancy_rate=1; reserved=n,EPIC,,,webedia-api
2026-09-25,webedia-2026-09-27T18:45Z,2026-09-27T18:45:50.381126+00:00,2026-09-27T18:00Z,2026-09-27,Sunday,Epic Theatres Stuart,,America/New_York,Forgotten Island,11:15,X01YS:2026-09-27T11:15:00:2,0,Screen 2,Scope,,,,2.0,,https://booking.epictheatres.com/launch/ticketing/eb44936a-e36b-502b-a4b2-40f995f298d4,webedia-api; post-show-census; occupancy_rate=2; reserved=y,EPIC,,,post-show-census
2026-09-25,webedia-2026-09-27T18:45Z,2026-09-27T18:45:50.381126+00:00,2026-09-27T18:00Z,2026-09-27,Sunday,Epic Theatres Stuart,,America/New_York,Forgotten Island,13:50,X01YS:2026-09-27T13:50:00:2,0,Screen 2,Scope,,,,11.0,,https://booking.epictheatres.com/launch/ticketing/5b2607f6-3ce5-5f16-8d3d-1ac3d7d79180,webedia-api; post-show-census; occupancy_rate=11; reserved=y,EPIC,,,post-show-census
2026-09-25,webedia-2026-09-27T18:45Z,2026-09-27T18:45:50.381126+00:00,2026-09-27T18:00Z,2026-09-27,Sunday,Epic Theatres Stuart,,America/New_York,Forgotten Island,16:25,X01YS:2026-09-27T16:25:00:2,99,Screen 2,Scope,,,,0.0,,https://booking.epictheatres.com/launch/ticketing/878e88fa-1298-5b82-95e1-e062c4baf528,webedia-api; occupancy_rate=0; reserved=y,EPIC,,,webedia-api
2026-09-25,webedia-2026-09-27T18:45Z,2026-09-27T18:45:50.381126+00:00,2026-09-27T18:00Z,2026-09-27,Sunday,Epic Theatres Stuart,,America/New_York,Forgotten Island,19:00,X01YS:2026-09-27T19:00:00:2,254,Screen 2,Scope,,,,4.0,,https://booking.epictheatres.com/launch/ticketing/1df372ad-1cd2-584b-8aa2-b42e4713eac7,webedia-api; occupancy_rate=4; reserved=y,EPIC,,,webedia-api
2026-09-25,webedia-2026-09-27T18:45Z,2026-09-27T18:45:50.381126+00:00,2026-09-27T18:00Z,2026-09-27,Sunday,Epic Theatres Stuart,,America/New_York,Forgotten Island,21:35,X01YS:2026-09-27T21:35:00:2,409,Screen 2,Scope,,,,0.0,,https://booking.epictheatres.com/launch/ticketing/da5d885f-edec-5c0e-ba95-23db791ded76,webedia-api; occupancy_rate=0; reserved=y,EPIC,,,webedia-api
2026-09-25,webedia-2026-09-27T18:45Z,2026-09-27T18:45:50.381126+00:00,2026-09-27T18:00Z,2026-09-27,Sunday,Epic Theatres Stuart,,America/New_York,Heart of the Beast,11:50,X01YS:2026-09-27T11:50:00:8,0,Screen 8,Scope,,,,19.0,,https://booking.epictheatres.com/launch/ticketing/9ae2dbf6-066f-5799-81c2-23f81f5d9a5c,webedia-api; post-show-census; occupancy_rate=19; reserved=y,EPIC,,,post-show-census
2026-09-25,webedia-2026-09-27T18:45Z,2026-09-27T18:45:50.381126+00:00,2026-09-27T18:00Z,2026-09-27,Sunday,Epic Theatres Stuart,,America/New_York,Heart of the Beast,14:20,X01YS:2026-09-27T14:20:00:8,0,Screen 8,Scope,,,,48.0,,https://booking.epictheatres.com/launch/ticketing/87045e09-3265-573c-acbc-0d0cd34d0d32,webedia-api; post-show-census; occupancy_rate=48; reserved=y,EPIC,,,post-show-census
2026-09-25,webedia-2026-09-27T18:45Z,2026-09-27T18:45:50.381126+00:00,2026-09-27T18:00Z,2026-09-27,Sunday,Epic Theatres Stuart,,America/New_York,Heart of the Beast,16:50,X01YS:2026-09-27T16:50:00:8,124,Screen 8,Scope,,,,16.0,,https://booking.epictheatres.com/launch/ticketing/18c98b53-d4de-5fa6-a858-ab707dccc0f7,webedia-api; occupancy_rate=16; reserved=y,EPIC,,,webedia-api
2026-09-25,webedia-2026-09-27T18:45Z,2026-09-27T18:45:50.381126+00:00,2026-09-27T18:00Z,2026-09-27,Sunday,Epic Theatres Stuart,,America/New_York,Heart of the Beast,19:20,X01YS:2026-09-27T19:20:00:8,274,Screen 8,Scope,,,,5.0,,https://booking.epictheatres.com/launch/ticketing/5bb90dc1-e203-51ca-aca9-e27ec0d3a98e,webedia-api; occupancy_rate=5; reserved=y,EPIC,,,webedia-api
2026-09-25,webedia-2026-09-27T18:45Z,2026-09-27T18:45:50.381126+00:00,2026-09-27T18:00Z,2026-09-27,Sunday,Epic Theatres Stuart,,America/New_York,Heart of the Beast,21:50,X01YS:2026-09-27T21:50:00:8,424,Screen 8,Scope,,,,0.0,,https://booking.epictheatres.com/launch/ticketing/ef0f3628-1028-5140-a90e-dfbaf74c0b9c,webedia-api; occupancy_rate=0; reserved=y,EPIC,,,webedia-api
2026-09-25,webedia-2026-09-27T18:45Z,2026-09-27T18:45:50.381126+00:00,2026-09-27T18:00Z,2026-09-27,Sunday,Epic Theatres Stuart,,America/New_York,Primetime,11:50,X01YS:2026-09-27T11:50:00:4,0,Screen 4,Flat,,,,7.0,,https://booking.epictheatres.com/launch/ticketing/c99bdbbc-a046-583b-b8c5-29d5731bd71c,webedia-api; post-show-census; occupancy_rate=7; reserved=y,EPIC,,,post-show-census
2026-09-25,webedia-2026-09-27T18:45Z,2026-09-27T18:45:50.381126+00:00,2026-09-27T18:00Z,2026-09-27,Sunday,Epic Theatres Stuart,,America/New_York,Primetime,14:25,X01YS:2026-09-27T14:25:00:4,0,Screen 4,Flat,,,,12.0,,https://booking.epictheatres.com/launch/ticketing/8d487ce5-5977-5f0f-8c81-fd6cc3ca9b5c,webedia-api; post-show-census; occupancy_rate=12; reserved=y,EPIC,,,post-show-census
2026-09-25,webedia-2026-09-27T18:45Z,2026-09-27T18:45:50.381126+00:00,2026-09-27T18:00Z,2026-09-27,Sunday,Epic Theatres Stuart,,America/New_York,Primetime,17:00,X01YS:2026-09-27T17:00:00:4,134,Screen 4,Flat,,,,7.0,,https://booking.epictheatres.com/launch/ticketing/3d79b827-9c68-5777-80b7-ae87518b25ef,webedia-api; occupancy_rate=7; reserved=y,EPIC,,,webedia-api
2026-09-25,webedia-2026-09-27T18:45Z,2026-09-27T18:45:50.381126+00:00,2026-09-27T18:00Z,2026-09-27,Sunday,Epic Theatres Stuart,,America/New_York,Primetime,19:35,X01YS:2026-09-27T19:35:00:4,289,Screen 4,Flat,,,,4.0,,https://booking.epictheatres.com/launch/ticketing/2706170c-22a9-5c32-bd5e-5ec3b8f53834,webedia-api; occupancy_rate=4; reserved=y,EPIC,,,webedia-api
2026-09-25,webedia-2026-09-27T18:45Z,2026-09-27T18:45:50.381126+00:00,2026-09-27T18:00Z,2026-09-27,Sunday,Epic Theatres Stuart,,America/New_York,Primetime,22:10,X01YS:2026-09-27T22:10:00:4,444,Screen 4,Flat,,,,0.0,,https://booking.epictheatres.com/launch/ticketing/4447d44d-5a3a-58e1-afe2-2f2a641a67b7,webedia-api; occupancy_rate=0; reserved=y,EPIC,,,webedia-api
2026-09-25,webedia-2026-09-27T18:45Z,2026-09-27T18:45:50.381126+00:00,2026-09-27T18:00Z,2026-09-27,Sunday,Epic Theatres at Lee Vista with Epic XL,,America/New_York,Forgotten Island,11:15,X0X0T:2026-09-27T11:15:00:8,0,Screen 8,Scope,,,,10.0,,https://booking.epictheatres.com/launch/ticketing/d6423812-51f9-5b29-93f5-07978ab81b6b,webedia-api; post-show-census; occupancy_rate=10; reserved=y,EPIC,,,post-show-census
2026-09-25,webedia-2026-09-27T18:45Z,2026-09-27T18:45:50.381126+00:00,2026-09-27T18:00Z,2026-09-27,Sunday,Epic Theatres at Lee Vista with Epic XL,,America/New_York,Forgotten Island,12:45,X0X0T:2026-09-27T12:45:00:1,0,Screen 1,Scope,,,,9.0,,https://booking.epictheatres.com/launch/ticketing/5efc66b1-ddfd-5fca-854c-462b12eaa124,webedia-api; post-show-census; occupancy_rate=9; reserved=y,EPIC,,,post-show-census
2026-09-25,webedia-2026-09-27T18:45Z,2026-09-27T18:45:50.381126+00:00,2026-09-27T18:00Z,2026-09-27,Sunday,Epic Theatres at Lee Vista with Epic XL,,America/New_York,Forgotten Island,13:50,X0X0T:2026-09-27T13:50:00:8,0,Screen 8,"3d,Scope",,,,29.0,,https://booking.epictheatres.com/launch/ticketing/1df6f429-8329-5ea9-b230-78e67517d72a,webedia-api; post-show-census; occupancy_rate=29; reserved=y,EPIC,,,post-show-census
2026-09-25,webedia-2026-09-27T18:45Z,2026-09-27T18:45:50.381126+00:00,2026-09-27T18:00Z,2026-09-27,Sunday,Epic Theatres at Lee Vista with Epic XL,,America/New_York,Forgotten Island,16:25,X0X0T:2026-09-27T16:25:00:8,99,Screen 8,Scope,,,,8.0,,https://booking.epictheatres.com/launch/ticketing/f4838225-9a2d-54fa-85a8-7e063b11e3b0,webedia-api; occupancy_rate=8; reserved=y,EPIC,,,webedia-api
2026-09-25,webedia-2026-09-27T18:45Z,2026-09-27T18:45:50.381126+00:00,2026-09-27T18:00Z,2026-09-27,Sunday,Epic Theatres at Lee Vista with Epic XL,,America/New_York,Forgotten Island,19:00,X0X0T:2026-09-27T19:00:00:8,254,Screen 8,Scope,,,,21.0,,https://booking.epictheatres.com/launch/ticketing/9b2d777e-422d-521f-9df1-880f7967fe97,webedia-api; occupancy_rate=21; reserved=y,EPIC,,,webedia-api
2026-09-25,webedia-2026-09-27T18:45Z,2026-09-27T18:45:50.381126+00:00,2026-09-27T18:00Z,2026-09-27,Sunday,Epic Theatres at Lee Vista with Epic XL,,America/New_York,Forgotten Island,21:35,X0X0T:2026-09-27T21:35:00:8,409,Screen 8,Scope,,,,0.0,,https://booking.epictheatres.com/launch/ticketing/9bbd5daa-c07e-5108-8d8a-614700444a70,webedia-api; occupancy_rate=0; reserved=y,EPIC,,,webedia-api
2026-09-25,webedia-2026-09-27T18:45Z,2026-09-27T18:45:50.381126+00:00,2026-09-27T18:00Z,2026-09-27,Sunday,Epic Theatres at Lee Vista with Epic XL,,America/New_York,Heart of the Beast,11:50,X0X0T:2026-09-27T11:50:00:7,0,Screen 7,Scope,,,,14.0,,https://booking.epictheatres.com/launch/ticketing/ec7254da-6730-56c0-bb99-abd549e968f0,webedia-api; post-show-census; occupancy_rate=14; reserved=y,EPIC,,,post-show-census
2026-09-25,webedia-2026-09-27T18:45Z,2026-09-27T18:45:50.381126+00:00,2026-09-27T18:00Z,2026-09-27,Sunday,Epic Theatres at Lee Vista with Epic XL,,America/New_York,Heart of the Beast,14:20,X0X0T:2026-09-27T14:20:00:7,0,Screen 7,Scope,,,,36.0,,https://booking.epictheatres.com/launch/ticketing/31220022-4fa2-56d9-89b9-6c5e84d2bbc7,webedia-api; post-show-census; occupancy_rate=36; reserved=y,EPIC,,,post-show-census
2026-09-25,webedia-2026-09-27T18:45Z,2026-09-27T18:45:50.381126+00:00,2026-09-27T18:00Z,2026-09-27,Sunday,Epic Theatres at Lee Vista with Epic XL,,America/New_York,Heart of the Beast,15:20,X0X0T:2026-09-27T15:20:00:1,34,Screen 1,Scope,,,,12.0,,https://booking.epictheatres.com/launch/ticketing/aee0cc46-725c-5175-abfb-9230e533d357,webedia-api; occupancy_rate=12; reserved=y,EPIC,,,webedia-api
2026-09-25,webedia-2026-09-27T18:45Z,2026-09-27T18:45:50.381126+00:00,2026-09-27T18:00Z,2026-09-27,Sunday,Epic Theatres at Lee Vista with Epic XL,,America/New_York,Heart of the Beast,16:50,X0X0T:2026-09-27T16:50:00:7,124,Screen 7,Scope,,,,5.0,,https://booking.epictheatres.com/launch/ticketing/eb806734-9c06-5da6-8b06-230a2c149cc0,webedia-api; occupancy_rate=5; reserved=y,EPIC,,,webedia-api
2026-09-25,webedia-2026-09-27T18:45Z,2026-09-27T18:45:50.381126+00:00,2026-09-27T18:00Z,2026-09-27,Sunday,Epic Theatres at Lee Vista with Epic XL,,America/New_York,Heart of the Beast,17:50,X0X0T:2026-09-27T17:50:00:1,184,Screen 1,Scope,,,,8.0,,https://booking.epictheatres.com/launch/ticketing/ddde6500-1d5f-51af-b413-a6fc1c8c9e2a,webedia-api; occupancy_rate=8; reserved=y,EPIC,,,webedia-api
2026-09-25,webedia-2026-09-27T18:45Z,2026-09-27T18:45:50.381126+00:00,2026-09-27T18:00Z,2026-09-27,Sunday,Epic Theatres at Lee Vista with Epic XL,,America/New_York,Heart of the Beast,19:20,X0X0T:2026-09-27T19:20:00:7,274,Screen 7,Scope,,,,11.0,,https://booking.epictheatres.com/launch/ticketing/b5a69526-6ccb-56fe-af86-b5ae446cdc3e,webedia-api; occupancy_rate=11; reserved=y,EPIC,,,webedia-api
2026-09-25,webedia-2026-09-27T18:45Z,2026-09-27T18:45:50.381126+00:00,2026-09-27T18:00Z,2026-09-27,Sunday,Epic Theatres at Lee Vista with Epic XL,,America/New_York,Heart of the Beast,20:20,X0X0T:2026-09-27T20:20:00:1,334,Screen 1,Scope,,,,1.0,,https://booking.epictheatres.com/launch/ticketing/bf9ea66b-8d2f-522d-ba51-f410ad621d10,webedia-api; occupancy_rate=1; reserved=y,EPIC,,,webedia-api
2026-09-25,webedia-2026-09-27T18:45Z,2026-09-27T18:45:50.381126+00:00,2026-09-27T18:00Z,2026-09-27,Sunday,Epic Theatres at Lee Vista with Epic XL,,America/New_York,Heart of the Beast,21:50,X0X0T:2026-09-27T21:50:00:7,424,Screen 7,Scope,,,,0.0,,https://booking.epictheatres.com/launch/ticketing/041d3c29-4c9b-5e7e-a5ca-b04cb507d20e,webedia-api; occupancy_rate=0; reserved=y,EPIC,,,webedia-api
2026-09-25,webedia-2026-09-27T18:45Z,2026-09-27T18:45:50.381126+00:00,2026-09-27T18:00Z,2026-09-27,Sunday,Epic Theatres at Lee Vista with Epic XL,,America/New_York,Primetime,11:50,X0X0T:2026-09-27T11:50:00:4,0,Screen 4,Flat,,,,24.0,,https://booking.epictheatres.com/launch/ticketing/5a23a3dd-23a9-5c09-a832-1228846e68c0,webedia-api; post-show-census; occupancy_rate=24; reserved=y,EPIC,,,post-show-census
2026-09-25,webedia-2026-09-27T18:45Z,2026-09-27T18:45:50.381126+00:00,2026-09-27T18:00Z,2026-09-27,Sunday,Epic Theatres at Lee Vista with Epic XL,,America/New_York,Primetime,14:25,X0X0T:2026-09-27T14:25:00:4,0,Screen 4,Flat,,,,24.0,,https://booking.epictheatres.com/launch/ticketing/e275289a-71d6-5bf5-84a3-4c7bef5c5c13,webedia-api; post-show-census; occupancy_rate=24; reserved=y,EPIC,,,post-show-census
2026-09-25,webedia-2026-09-27T18:45Z,2026-09-27T18:45:50.381126+00:00,2026-09-27T18:00Z,2026-09-27,Sunday,Epic Theatres at Lee Vista with Epic XL,,America/New_York,Primetime,17:15,X0X0T:2026-09-27T17:15:00:4,149,Screen 4,Flat,,,,2.0,,https://booking.epictheatres.com/launch/ticketing/61df7e48-850d-54b9-bb09-2ee72f542bc4,webedia-api; occupancy_rate=2; reserved=y,EPIC,,,webedia-api
2026-09-25,webedia-2026-09-27T18:45Z,2026-09-27T18:45:50.381126+00:00,2026-09-27T18:00Z,2026-09-27,Sunday,Epic Theatres at Lee Vista with Epic XL,,America/New_York,Primetime,19:35,X0X0T:2026-09-27T19:35:00:4,289,Screen 4,Flat,,,,37.0,,https://booking.epictheatres.com/launch/ticketing/2be478fd-d759-5136-810d-b06d9bb50bc1,webedia-api; occupancy_rate=37; reserved=y,EPIC,,,webedia-api
2026-09-25,webedia-2026-09-27T18:45Z,2026-09-27T18:45:50.381126+00:00,2026-09-27T18:00Z,2026-09-27,Sunday,Epic Theatres at Lee Vista with Epic XL,,America/New_York,Primetime,22:10,X0X0T:2026-09-27T22:10:00:4,444,Screen 4,Flat,,,,4.0,,https://booking.epictheatres.com/launch/ticketing/77f7740c-0e24-5838-8dc3-fc2ed36ebd09,webedia-api; occupancy_rate=4; reserved=y,EPIC,,,webedia-api
2026-09-25,webedia-2026-09-27T18:45Z,2026-09-27T18:45:50.381126+00:00,2026-09-27T18:00Z,2026-09-27,Sunday,Epic Theatres at Mount Dora with Epic XL,,America/New_York,Forgotten Island,11:00,X114I:2026-09-27T11:00:00:1,0,Screen 1,Scope,,,,3.0,,https://booking.epictheatres.com/launch/ticketing/d921aba0-1010-5954-9066-e172cbfeb671,webedia-api; post-show-census; occupancy_rate=3; reserved=y,EPIC,,,post-show-census
2026-09-25,webedia-2026-09-27T18:45Z,2026-09-27T18:45:50.381126+00:00,2026-09-27T18:00Z,2026-09-27,Sunday,Epic Theatres at Mount Dora with Epic XL,,America/New_York,Forgotten Island,11:35,X114I:2026-09-27T11:35:00:3,0,Screen 3,Scope,,,,17.0,,https://booking.epictheatres.com/launch/ticketing/b40f931b-7afe-5d3f-a7c2-8407f31e07a5,webedia-api; post-show-census; occupancy_rate=17; reserved=y,EPIC,,,post-show-census
2026-09-25,webedia-2026-09-27T18:45Z,2026-09-27T18:45:50.381126+00:00,2026-09-27T18:00Z,2026-09-27,Sunday,Epic Theatres at Mount Dora with Epic XL,,America/New_York,Forgotten Island,13:35,X114I:2026-09-27T13:35:00:1,0,Screen 1,Scope,,,,5.0,,https://booking.epictheatres.com/launch/ticketing/da6697a0-501f-59d7-aca0-be487de49d3d,webedia-api; post-show-census; occupancy_rate=5; reserved=y,EPIC,,,post-show-census
2026-09-25,webedia-2026-09-27T18:45Z,2026-09-27T18:45:50.381126+00:00,2026-09-27T18:00Z,2026-09-27,Sunday,Epic Theatres at Mount Dora with Epic XL,,America/New_York,Forgotten Island,14:10,X114I:2026-09-27T14:10:00:3,0,Screen 3,"3d,Scope",,,,21.0,,https://booking.epictheatres.com/launch/ticketing/fac4b768-6e90-540d-adac-85d00f02ab40,webedia-api; post-show-census; occupancy_rate=21; reserved=y,EPIC,,,post-show-census
2026-09-25,webedia-2026-09-27T18:45Z,2026-09-27T18:45:50.381126+00:00,2026-09-27T18:00Z,2026-09-27,Sunday,Epic Theatres at Mount Dora with Epic XL,,America/New_York,Forgotten Island,16:45,X114I:2026-09-27T16:45:00:3,119,Screen 3,Scope,,,,4.0,,https://booking.epictheatres.com/launch/ticketing/e9c84f88-1244-5d9f-8980-d3e82e5b5a1c,webedia-api; occupancy_rate=4; reserved=y,EPIC,,,webedia-api
2026-09-25,webedia-2026-09-27T18:45Z,2026-09-27T18:45:50.381126+00:00,2026-09-27T18:00Z,2026-09-27,Sunday,Epic Theatres at Mount Dora with Epic XL,,America/New_York,Forgotten Island,19:20,X114I:2026-09-27T19:20:00:3,274,Screen 3,"3d,Scope",,,,0.0,,https://booking.epictheatres.com/launch/ticketing/c08823ee-5602-525b-91e2-a6b47052970a,webedia-api; occupancy_rate=0; reserved=y,EPIC,,,webedia-api
2026-09-25,webedia-2026-09-27T18:45Z,2026-09-27T18:45:50.381126+00:00,2026-09-27T18:00Z,2026-09-27,Sunday,Epic Theatres at Mount Dora with Epic XL,,America/New_York,Forgotten Island,21:55,X114I:2026-09-27T21:55:00:3,429,Screen 3,Scope,,,,0.0,,https://booking.epictheatres.com/launch/ticketing/4bb46398-4bf0-50a8-adb1-2115d041e24f,webedia-api; occupancy_rate=0; reserved=y,EPIC,,,webedia-api
2026-09-25,webedia-2026-09-27T18:45Z,2026-09-27T18:45:50.381126+00:00,2026-09-27T18:00Z,2026-09-27,Sunday,Epic Theatres at Mount Dora with Epic XL,,America/New_York,Heart of the Beast,12:00,X114I:2026-09-27T12:00:00:7,0,Screen 7,Scope,,,,24.0,,https://booking.epictheatres.com/launch/ticketing/ce2d37d5-1fa8-523b-83be-f01e0e46c16f,webedia-api; post-show-census; occupancy_rate=24; reserved=y,EPIC,,,post-show-census
2026-09-25,webedia-2026-09-27T18:45Z,2026-09-27T18:45:50.381126+00:00,2026-09-27T18:00Z,2026-09-27,Sunday,Epic Theatres at Mount Dora with Epic XL,,America/New_York,Heart of the Beast,14:30,X114I:2026-09-27T14:30:00:7,0,Screen 7,Scope,,,,50.0,,https://booking.epictheatres.com/launch/ticketing/f8f05255-c6a7-520c-aaf5-81ca8bdfce15,webedia-api; post-show-census; occupancy_rate=50; reserved=y,EPIC,,,post-show-census
2026-09-25,webedia-2026-09-27T18:45Z,2026-09-27T18:45:50.381126+00:00,2026-09-27T18:00Z,2026-09-27,Sunday,Epic Theatres at Mount Dora with Epic XL,,America/New_York,Heart of the Beast,16:10,X114I:2026-09-27T16:10:00:1,84,Screen 1,Scope,,,,2.0,,https://booking.epictheatres.com/launch/ticketing/b38aefd4-5c18-5d8c-973b-8afd717efe2a,webedia-api; occupancy_rate=2; reserved=y,EPIC,,,webedia-api
2026-09-25,webedia-2026-09-27T18:45Z,2026-09-27T18:45:50.381126+00:00,2026-09-27T18:00Z,2026-09-27,Sunday,Epic Theatres at Mount Dora with Epic XL,,America/New_York,Heart of the Beast,17:00,X114I:2026-09-27T17:00:00:7,134,Screen 7,Scope,,,,14.0,,https://booking.epictheatres.com/launch/ticketing/6b29d2f0-45a0-59d0-95a0-6ec5c89c8569,webedia-api; occupancy_rate=14; reserved=y,EPIC,,,webedia-api
2026-09-25,webedia-2026-09-27T18:45Z,2026-09-27T18:45:50.381126+00:00,2026-09-27T18:00Z,2026-09-27,Sunday,Epic Theatres at Mount Dora with Epic XL,,America/New_York,Heart of the Beast,18:40,X114I:2026-09-27T18:40:00:1,234,Screen 1,Scope,,,,0.0,,https://booking.epictheatres.com/launch/ticketing/51b641b6-e516-590b-ae08-15c933721ea2,webedia-api; occupancy_rate=0; reserved=y,EPIC,,,webedia-api
2026-09-25,webedia-2026-09-27T18:45Z,2026-09-27T18:45:50.381126+00:00,2026-09-27T18:00Z,2026-09-27,Sunday,Epic Theatres at Mount Dora with Epic XL,,America/New_York,Heart of the Beast,19:30,X114I:2026-09-27T19:30:00:7,284,Screen 7,Scope,,,,5.0,,https://booking.epictheatres.com/launch/ticketing/928153a2-3693-5e57-a540-3fdee8227a48,webedia-api; occupancy_rate=5; reserved=y,EPIC,,,webedia-api
2026-09-25,webedia-2026-09-27T18:45Z,2026-09-27T18:45:50.381126+00:00,2026-09-27T18:00Z,2026-09-27,Sunday,Epic Theatres at Mount Dora with Epic XL,,America/New_York,Heart of the Beast,22:00,X114I:2026-09-27T22:00:00:7,434,Screen 7,Scope,,,,0.0,,https://booking.epictheatres.com/launch/ticketing/b7b487bf-ede2-5901-97b7-dae5d537af46,webedia-api; occupancy_rate=0; reserved=y,EPIC,,,webedia-api
2026-09-25,webedia-2026-09-27T18:45Z,2026-09-27T18:45:50.381126+00:00,2026-09-27T18:00Z,2026-09-27,Sunday,Epic Theatres at Mount Dora with Epic XL,,America/New_York,Primetime,11:50,X114I:2026-09-27T11:50:00:2,0,Screen 2,Flat,,,,11.0,,https://booking.epictheatres.com/launch/ticketing/88fccc4f-6c05-5be5-aee8-3d12b053bb49,webedia-api; post-show-census; occupancy_rate=11; reserved=y,EPIC,,,post-show-census
2026-09-25,webedia-2026-09-27T18:45Z,2026-09-27T18:45:50.381126+00:00,2026-09-27T18:00Z,2026-09-27,Sunday,Epic Theatres at Mount Dora with Epic XL,,America/New_York,Primetime,14:25,X114I:2026-09-27T14:25:00:2,0,Screen 2,Flat,,,,5.0,,https://booking.epictheatres.com/launch/ticketing/89fdbc28-d02b-5104-997e-8128ae8baa74,webedia-api; post-show-census; occupancy_rate=5; reserved=y,EPIC,,,post-show-census
2026-09-25,webedia-2026-09-27T18:45Z,2026-09-27T18:45:50.381126+00:00,2026-09-27T18:00Z,2026-09-27,Sunday,Epic Theatres at Mount Dora with Epic XL,,America/New_York,Primetime,17:00,X114I:2026-09-27T17:00:00:2,134,Screen 2,Flat,,,,11.0,,https://booking.epictheatres.com/launch/ticketing/f4e5974c-4604-5f48-ab94-9dc78f3dc2e0,webedia-api; occupancy_rate=11; reserved=y,EPIC,,,webedia-api
2026-09-25,webedia-2026-09-27T18:45Z,2026-09-27T18:45:50.381126+00:00,2026-09-27T18:00Z,2026-09-27,Sunday,Epic Theatres at Mount Dora with Epic XL,,America/New_York,Primetime,19:35,X114I:2026-09-27T19:35:00:2,289,Screen 2,Flat,,,,7.0,,https://booking.epictheatres.com/launch/ticketing/151394c8-967a-59be-93b5-1f797a35164b,webedia-api; occupancy_rate=7; reserved=y,EPIC,,,webedia-api
2026-09-25,webedia-2026-09-27T18:45Z,2026-09-27T18:45:50.381126+00:00,2026-09-27T18:00Z,2026-09-27,Sunday,Epic Theatres at Mount Dora with Epic XL,,America/New_York,Primetime,22:10,X114I:2026-09-27T22:10:00:2,444,Screen 2,Flat,,,,0.0,,https://booking.epictheatres.com/launch/ticketing/3a33760a-dacc-55e7-a0a9-dfa43675ee77,webedia-api; occupancy_rate=0; reserved=y,EPIC,,,webedia-api
2026-09-25,webedia-2026-09-27T18:45Z,2026-09-27T18:45:50.381126+00:00,2026-09-27T18:00Z,2026-09-27,Sunday,Epic Theatres at Oakleaf with Epic XL,,America/New_York,Forgotten Island,11:15,X0X3V:2026-09-27T11:15:00:4,0,Screen 4,Scope,,,,13.0,,https://booking.epictheatres.com/launch/ticketing/641f35fc-8ece-5df4-a257-d76ac54faeff,webedia-api; post-show-census; occupancy_rate=13; reserved=y,EPIC,,,post-show-census
2026-09-25,webedia-2026-09-27T18:45Z,2026-09-27T18:45:50.381126+00:00,2026-09-27T18:00Z,2026-09-27,Sunday,Epic Theatres at Oakleaf with Epic XL,,America/New_York,Forgotten Island,11:45,X0X3V:2026-09-27T11:45:00:6,0,Screen 6,Scope,,,,17.0,,https://booking.epictheatres.com/launch/ticketing/a9d93994-8f1a-5fe4-b165-76c09f3eb1b0,webedia-api; post-show-census; occupancy_rate=17; reserved=y,EPIC,,,post-show-census
2026-09-25,webedia-2026-09-27T18:45Z,2026-09-27T18:45:50.381126+00:00,2026-09-27T18:00Z,2026-09-27,Sunday,Epic Theatres at Oakleaf with Epic XL,,America/New_York,Forgotten Island,12:15,X0X3V:2026-09-27T12:15:00:12,0,Screen 12,Scope,,,,1.0,,https://booking.epictheatres.com/launch/ticketing/b94d7463-2d61-5819-a849-094a7152d19d,webedia-api; post-show-census; occupancy_rate=1; reserved=y,EPIC,,,post-show-census
2026-09-25,webedia-2026-09-27T18:45Z,2026-09-27T18:45:50.381126+00:00,2026-09-27T18:00Z,2026-09-27,Sunday,Epic Theatres at Oakleaf with Epic XL,,America/New_York,Forgotten Island,13:50,X0X3V:2026-09-27T13:50:00:4,0,Screen 4,"3d,Scope",,,,17.0,,https://booking.epictheatres.com/launch/ticketing/bf1172a7-3085-5dcc-bcf9-3d5bbde7cd77,webedia-api; post-show-census; occupancy_rate=17; reserved=y,EPIC,,,post-show-census
2026-09-25,webedia-2026-09-27T18:45Z,2026-09-27T18:45:50.381126+00:00,2026-09-27T18:00Z,2026-09-27,Sunday,Epic Theatres at Oakleaf with Epic XL,,America/New_York,Forgotten Island,14:20,X0X3V:2026-09-27T14:20:00:6,0,Screen 6,Scope,,,,42.0,,https://booking.epictheatres.com/launch/ticketing/a9ab3dfb-d0f0-50d7-8d59-f2a05bab8441,webedia-api; post-show-census; occupancy_rate=42; reserved=y,EPIC,,,post-show-census
2026-09-25,webedia-2026-09-27T18:45Z,2026-09-27T18:45:50.381126+00:00,2026-09-27T18:00Z,2026-09-27,Sunday,Epic Theatres at Oakleaf with Epic XL,,America/New_York,Forgotten Island,16:25,X0X3V:2026-09-27T16:25:00:4,99,Screen 4,Scope,,,,17.0,,https://booking.epictheatres.com/launch/ticketing/cda3cc5a-2fee-52e3-ac05-9650fd8ad3c0,webedia-api; occupancy_rate=17; reserved=y,EPIC,,,webedia-api
2026-09-25,webedia-2026-09-27T18:45Z,2026-09-27T18:45:50.381126+00:00,2026-09-27T18:00Z,2026-09-27,Sunday,Epic Theatres at Oakleaf with Epic XL,,America/New_York,Forgotten Island,19:00,X0X3V:2026-09-27T19:00:00:4,254,Screen 4,Scope,,,,0.0,,https://booking.epictheatres.com/launch/ticketing/8ecc335e-44f6-5af9-b88e-9128f7c66385,webedia-api; occupancy_rate=0; reserved=y,EPIC,,,webedia-api
2026-09-25,webedia-2026-09-27T18:45Z,2026-09-27T18:45:50.381126+00:00,2026-09-27T18:00Z,2026-09-27,Sunday,Epic Theatres at Oakleaf with Epic XL,,America/New_York,Forgotten Island,21:35,X0X3V:2026-09-27T21:35:00:4,409,Screen 4,Scope,,,,0.0,,https://booking.epictheatres.com/launch/ticketing/65803baf-9b73-5747-bce6-f6fcc3d9a829,webedia-api; occupancy_rate=0; reserved=y,EPIC,,,webedia-api
2026-09-25,webedia-2026-09-27T18:45Z,2026-09-27T18:45:50.381126+00:00,2026-09-27T18:00Z,2026-09-27,Sunday,Epic Theatres at Oakleaf with Epic XL,,America/New_York,Heart of the Beast,11:50,X0X3V:2026-09-27T11:50:00:7,0,Screen 7,Scope,,,,29.0,,https://booking.epictheatres.com/launch/ticketing/9923a200-7fed-59b2-b23a-f7a1ff37e5ed,webedia-api; post-show-census; occupancy_rate=29; reserved=y,EPIC,,,post-show-census
2026-09-25,webedia-2026-09-27T18:45Z,2026-09-27T18:45:50.381126+00:00,2026-09-27T18:00Z,2026-09-27,Sunday,Epic Theatres at Oakleaf with Epic XL,,America/New_York,Heart of the Beast,14:20,X0X3V:2026-09-27T14:20:00:8,0,Screen 8,Scope,,,,20.0,,https://booking.epictheatres.com/launch/ticketing/a8f3d645-8cf3-5379-9a74-4953292102f3,webedia-api; post-show-census; occupancy_rate=20; reserved=y,EPIC,,,post-show-census
2026-09-25,webedia-2026-09-27T18:45Z,2026-09-27T18:45:50.381126+00:00,2026-09-27T18:00Z,2026-09-27,Sunday,Epic Theatres at Oakleaf with Epic XL,,America/New_York,Heart of the Beast,15:20,X0X3V:2026-09-27T15:20:00:12,34,Screen 12,Scope,,,,4.0,,https://booking.epictheatres.com/launch/ticketing/4cfdadf9-35a4-5a8e-96af-b3c131363bfb,webedia-api; occupancy_rate=4; reserved=y,EPIC,,,webedia-api
2026-09-25,webedia-2026-09-27T18:45Z,2026-09-27T18:45:50.381126+00:00,2026-09-27T18:00Z,2026-09-27,Sunday,Epic Theatres at Oakleaf with Epic XL,,America/New_York,Heart of the Beast,16:50,X0X3V:2026-09-27T16:50:00:8,124,Screen 8,Scope,,,,8.0,,https://booking.epictheatres.com/launch/ticketing/421bb4e6-8d33-583f-929c-3123ffabbef1,webedia-api; occupancy_rate=8; reserved=y,EPIC,,,webedia-api
2026-09-25,webedia-2026-09-27T18:45Z,2026-09-27T18:45:50.381126+00:00,2026-09-27T18:00Z,2026-09-27,Sunday,Epic Theatres at Oakleaf with Epic XL,,America/New_York,Heart of the Beast,19:20,X0X3V:2026-09-27T19:20:00:8,274,Screen 8,Scope,,,,0.0,,https://booking.epictheatres.com/launch/ticketing/cb5032fc-13c4-5844-851a-f772268b90c2,webedia-api; occupancy_rate=0; reserved=y,EPIC,,,webedia-api
2026-09-25,webedia-2026-09-27T18:45Z,2026-09-27T18:45:50.381126+00:00,2026-09-27T18:00Z,2026-09-27,Sunday,Epic Theatres at Oakleaf with Epic XL,,America/New_York,Heart of the Beast,21:50,X0X3V:2026-09-27T21:50:00:8,424,Screen 8,Scope,,,,2.0,,https://booking.epictheatres.com/launch/ticketing/5e62c2a8-e8fa-5ed1-a624-1e9bc85a38df,webedia-api; occupancy_rate=2; reserved=y,EPIC,,,webedia-api
2026-09-25,webedia-2026-09-27T18:45Z,2026-09-27T18:45:50.381126+00:00,2026-09-27T18:00Z,2026-09-27,Sunday,Epic Theatres at Oakleaf with Epic XL,,America/New_York,Primetime,11:50,X0X3V:2026-09-27T11:50:00:5,0,Screen 5,Flat,,,,6.0,,https://booking.epictheatres.com/launch/ticketing/33cf6e30-7cf4-5f7c-8347-2d2859ecdd5a,webedia-api; post-show-census; occupancy_rate=6; reserved=y,EPIC,,,post-show-census
2026-09-25,webedia-2026-09-27T18:45Z,2026-09-27T18:45:50.381126+00:00,2026-09-27T18:00Z,2026-09-27,Sunday,Epic Theatres at Oakleaf with Epic XL,,America/New_York,Primetime,14:25,X0X3V:2026-09-27T14:25:00:5,0,Screen 5,Flat,,,,14.0,,https://booking.epictheatres.com/launch/ticketing/cc785c06-c268-5c71-be76-cb94eb0e9fc9,webedia-api; post-show-census; occupancy_rate=14; reserved=y,EPIC,,,post-show-census
2026-09-25,webedia-2026-09-27T18:45Z,2026-09-27T18:45:50.381126+00:00,2026-09-27T18:00Z,2026-09-27,Sunday,Epic Theatres at Oakleaf with Epic XL,,America/New_York,Primetime,17:00,X0X3V:2026-09-27T17:00:00:5,134,Screen 5,Flat,,,,16.0,,https://booking.epictheatres.com/launch/ticketing/860295df-1996-50c2-82b8-399d6b8342a7,webedia-api; occupancy_rate=16; reserved=y,EPIC,,,webedia-api
2026-09-25,webedia-2026-09-27T18:45Z,2026-09-27T18:45:50.381126+00:00,2026-09-27T18:00Z,2026-09-27,Sunday,Epic Theatres at Oakleaf with Epic XL,,America/New_York,Primetime,19:35,X0X3V:2026-09-27T19:35:00:5,289,Screen 5,Flat,,,,8.0,,https://booking.epictheatres.com/launch/ticketing/368f7f38-0e96-5980-986f-0be72a0cd4f8,webedia-api; occupancy_rate=8; reserved=y,EPIC,,,webedia-api
2026-09-25,webedia-2026-09-27T18:45Z,2026-09-27T18:45:50.381126+00:00,2026-09-27T18:00Z,2026-09-27,Sunday,Epic Theatres at Oakleaf with Epic XL,,America/New_York,Primetime,22:10,X0X3V:2026-09-27T22:10:00:5,444,Screen 5,Flat,,,,0.0,,https://booking.epictheatres.com/launch/ticketing/641e4661-095f-5915-99d0-085c2d3340e5,webedia-api; occupancy_rate=0; reserved=y,EPIC,,,webedia-api
2026-09-25,webedia-2026-09-27T18:45Z,2026-09-27T18:45:50.381126+00:00,2026-09-27T18:00Z,2026-09-27,Sunday,Epic Theatres at Titusville with Epic XL,,America/New_York,Forgotten Island,11:15,X114J:2026-09-27T11:15:00:1,0,Screen 1,Scope,,,,10.0,,https://booking.epictheatres.com/launch/ticketing/cd444f0a-1502-5c96-a6ed-a67be985999a,webedia-api; post-show-census; occupancy_rate=10; reserved=y,EPIC,,,post-show-census
2026-09-25,webedia-2026-09-27T18:45Z,2026-09-27T18:45:50.381126+00:00,2026-09-27T18:00Z,2026-09-27,Sunday,Epic Theatres at Titusville with Epic XL,,America/New_York,Forgotten Island,13:50,X114J:2026-09-27T13:50:00:1,0,Screen 1,"3d,Scope",,,,13.0,,https://booking.epictheatres.com/launch/ticketing/79ebad59-2e5c-5da5-a153-9492740f307a,webedia-api; post-show-census; occupancy_rate=13; reserved=y,EPIC,,,post-show-census
2026-09-25,webedia-2026-09-27T18:45Z,2026-09-27T18:45:50.381126+00:00,2026-09-27T18:00Z,2026-09-27,Sunday,Epic Theatres at Titusville with Epic XL,,America/New_York,Forgotten Island,16:25,X114J:2026-09-27T16:25:00:1,99,Screen 1,Scope,,,,13.0,,https://booking.epictheatres.com/launch/ticketing/a9ef2740-5e6a-5460-a58b-60a58c24c5ba,webedia-api; occupancy_rate=13; reserved=y,EPIC,,,webedia-api
2026-09-25,webedia-2026-09-27T18:45Z,2026-09-27T18:45:50.381126+00:00,2026-09-27T18:00Z,2026-09-27,Sunday,Epic Theatres at Titusville with Epic XL,,America/New_York,Forgotten Island,17:15,X114J:2026-09-27T17:15:00:6,149,Screen 6,Scope,,,,0.0,,https://booking.epictheatres.com/launch/ticketing/167119cc-0863-54a7-ba6e-d1a9c22f7468,webedia-api; occupancy_rate=0; reserved=y,EPIC,,,webedia-api
2026-09-25,webedia-2026-09-27T18:45Z,2026-09-27T18:45:50.381126+00:00,2026-09-27T18:00Z,2026-09-27,Sunday,Epic Theatres at Titusville with Epic XL,,America/New_York,Forgotten Island,19:00,X114J:2026-09-27T19:00:00:1,254,Screen 1,Scope,,,,0.0,,https://booking.epictheatres.com/launch/ticketing/8e2d1d22-9aac-5163-9c71-2d7af93a8d8d,webedia-api; occupancy_rate=0; reserved=y,EPIC,,,webedia-api
2026-09-25,webedia-2026-09-27T18:45Z,2026-09-27T18:45:50.381126+00:00,2026-09-27T18:00Z,2026-09-27,Sunday,Epic Theatres at Titusville with Epic XL,,America/New_York,Forgotten Island,21:35,X114J:2026-09-27T21:35:00:1,409,Screen 1,Scope,,,,0.0,,https://booking.epictheatres.com/launch/ticketing/cccbdd09-deb1-5bb6-9410-8e1061aca736,webedia-api; occupancy_rate=0; reserved=y,EPIC,,,webedia-api
2026-09-25,webedia-2026-09-27T18:45Z,2026-09-27T18:45:50.381126+00:00,2026-09-27T18:00Z,2026-09-27,Sunday,Epic Theatres at Titusville with Epic XL,,America/New_York,Heart of the Beast,11:50,X114J:2026-09-27T11:50:00:9,0,Screen 9,Scope,,,,20.0,,https://booking.epictheatres.com/launch/ticketing/985f3891-2dde-5169-a7b8-34df5f02f50e,webedia-api; post-show-census; occupancy_rate=20; reserved=y,EPIC,,,post-show-census
2026-09-25,webedia-2026-09-27T18:45Z,2026-09-27T18:45:50.381126+00:00,2026-09-27T18:00Z,2026-09-27,Sunday,Epic Theatres at Titusville with Epic XL,,America/New_York,Heart of the Beast,14:20,X114J:2026-09-27T14:20:00:9,0,Screen 9,Scope,,,,22.0,,https://booking.epictheatres.com/launch/ticketing/c655a10e-1a21-5690-aef0-0cb5a6cd2436,webedia-api; post-show-census; occupancy_rate=22; reserved=y,EPIC,,,post-show-census
2026-09-25,webedia-2026-09-27T18:45Z,2026-09-27T18:45:50.381126+00:00,2026-09-27T18:00Z,2026-09-27,Sunday,Epic Theatres at Titusville with Epic XL,,America/New_York,Heart of the Beast,15:30,X114J:2026-09-27T15:30:00:12,44,Screen 12,Scope,,,,7.0,,https://booking.epictheatres.com/launch/ticketing/88b60388-51a2-5609-9f74-b3151c521c98,webedia-api; occupancy_rate=7; reserved=y,EPIC,,,webedia-api
2026-09-25,webedia-2026-09-27T18:45Z,2026-09-27T18:45:50.381126+00:00,2026-09-27T18:00Z,2026-09-27,Sunday,Epic Theatres at Titusville with Epic XL,,America/New_York,Heart of the Beast,16:50,X114J:2026-09-27T16:50:00:9,124,Screen 9,Scope,,,,12.0,,https://booking.epictheatres.com/launch/ticketing/cebd1b94-42e7-5824-bfbc-a1081aba4f60,webedia-api; occupancy_rate=12; reserved=y,EPIC,,,webedia-api
2026-09-25,webedia-2026-09-27T18:45Z,2026-09-27T18:45:50.381126+00:00,2026-09-27T18:00Z,2026-09-27,Sunday,Epic Theatres at Titusville with Epic XL,,America/New_York,Heart of the Beast,19:20,X114J:2026-09-27T19:20:00:9,274,Screen 9,Scope,,,,4.0,,https://booking.epictheatres.com/launch/ticketing/49e5ce62-6fa0-508d-afdb-7f71e5c14609,webedia-api; occupancy_rate=4; reserved=y,EPIC,,,webedia-api
2026-09-25,webedia-2026-09-27T18:45Z,2026-09-27T18:45:50.381126+00:00,2026-09-27T18:00Z,2026-09-27,Sunday,Epic Theatres at Titusville with Epic XL,,America/New_York,Heart of the Beast,21:50,X114J:2026-09-27T21:50:00:9,424,Screen 9,Scope,,,,0.0,,https://booking.epictheatres.com/launch/ticketing/aeeeedef-40e3-5947-b78c-cbc4339f98fc,webedia-api; occupancy_rate=0; reserved=y,EPIC,,,webedia-api
2026-09-25,webedia-2026-09-27T18:45Z,2026-09-27T18:45:50.381126+00:00,2026-09-27T18:00Z,2026-09-27,Sunday,Epic Theatres at Titusville with Epic XL,,America/New_York,Primetime,11:50,X114J:2026-09-27T11:50:00:6,0,Screen 6,Flat,,,,55.0,,https://booking.epictheatres.com/launch/ticketing/eea66fa0-57e0-5a22-8e21-7d36b0f50c0c,webedia-api; post-show-census; occupancy_rate=55; reserved=y,EPIC,,,post-show-census
2026-09-25,webedia-2026-09-27T18:45Z,2026-09-27T18:45:50.381126+00:00,2026-09-27T18:00Z,2026-09-27,Sunday,Epic Theatres at Titusville with Epic XL,,America/New_York,Primetime,14:25,X114J:2026-09-27T14:25:00:6,0,Screen 6,Flat,,,,14.0,,https://booking.epictheatres.com/launch/ticketing/7a3ede5c-8ab4-551b-b84e-511fcc0b14ab,webedia-api; post-show-census; occupancy_rate=14; reserved=y,EPIC,,,post-show-census
2026-09-25,webedia-2026-09-27T18:45Z,2026-09-27T18:45:50.381126+00:00,2026-09-27T18:00Z,2026-09-27,Sunday,Epic Theatres at Titusville with Epic XL,,America/New_York,Primetime,16:40,X114J:2026-09-27T16:40:00:4,114,Screen 4,Flat,,,,8.0,,https://booking.epictheatres.com/launch/ticketing/c2c1a918-1121-5dbc-aef0-9f4fc791e789,webedia-api; occupancy_rate=8; reserved=y,EPIC,,,webedia-api
2026-09-25,webedia-2026-09-27T18:45Z,2026-09-27T18:45:50.381126+00:00,2026-09-27T18:00Z,2026-09-27,Sunday,Epic Theatres at Titusville with Epic XL,,America/New_York,Primetime,19:35,X114J:2026-09-27T19:35:00:6,289,Screen 6,Flat,,,,14.0,,https://booking.epictheatres.com/launch/ticketing/b1e46cac-2da5-5ff5-8acb-531975793571,webedia-api; occupancy_rate=14; reserved=y,EPIC,,,webedia-api
2026-09-25,webedia-2026-09-27T18:45Z,2026-09-27T18:45:50.381126+00:00,2026-09-27T18:00Z,2026-09-27,Sunday,Epic Theatres at Titusville with Epic XL,,America/New_York,Primetime,22:10,X114J:2026-09-27T22:10:00:6,444,Screen 6,Flat,,,,0.0,,https://booking.epictheatres.com/launch/ticketing/87197138-b4ba-54aa-aee6-f8727fc9aec0,webedia-api; occupancy_rate=0; reserved=y,EPIC,,,webedia-api
2026-09-25,webedia-2026-09-27T18:45Z,2026-09-27T18:45:50.381126+00:00,2026-09-27T18:00Z,2026-09-27,Sunday,Epic Theatres of Clermont,,America/New_York,Forgotten Island,11:15,X0B27:2026-09-27T11:15:00:16,0,Screen 16,Scope,,,,18.0,,https://booking.epictheatres.com/launch/ticketing/fb1a4c5a-1328-533c-9259-b7cb86d14433,webedia-api; post-show-census; occupancy_rate=18; reserved=y,EPIC,,,post-show-census
2026-09-25,webedia-2026-09-27T18:45Z,2026-09-27T18:45:50.381126+00:00,2026-09-27T18:00Z,2026-09-27,Sunday,Epic Theatres of Clermont,,America/New_York,Forgotten Island,11:45,X0B27:2026-09-27T11:45:00:11,0,Screen 11,Scope,,,,31.0,,https://booking.epictheatres.com/launch/ticketing/9ab6f7b0-a3cb-556c-98c7-daf3af8bd63a,webedia-api; post-show-census; occupancy_rate=31; reserved=y,EPIC,,,post-show-census
2026-09-25,webedia-2026-09-27T18:45Z,2026-09-27T18:45:50.381126+00:00,2026-09-27T18:00Z,2026-09-27,Sunday,Epic Theatres of Clermont,,America/New_York,Forgotten Island,12:15,X0B27:2026-09-27T12:15:00:4,0,Screen 4,Scope,,,,21.0,,https://booking.epictheatres.com/launch/ticketing/bc4cfd7d-193a-57ff-a60a-e63185e52164,webedia-api; post-show-census; occupancy_rate=21; reserved=y,EPIC,,,post-show-census
2026-09-25,webedia-2026-09-27T18:45Z,2026-09-27T18:45:50.381126+00:00,2026-09-27T18:00Z,2026-09-27,Sunday,Epic Theatres of Clermont,,America/New_York,Forgotten Island,13:50,X0B27:2026-09-27T13:50:00:16,0,Screen 16,"3d,Scope",,,,12.0,,https://booking.epictheatres.com/launch/ticketing/28325f5b-d131-5198-8fb9-afbca2145a7b,webedia-api; post-show-census; occupancy_rate=12; reserved=y,EPIC,,,post-show-census
2026-09-25,webedia-2026-09-27T18:45Z,2026-09-27T18:45:50.381126+00:00,2026-09-27T18:00Z,2026-09-27,Sunday,Epic Theatres of Clermont,,America/New_York,Forgotten Island,14:15,X0B27:2026-09-27T14:15:00:11,0,Screen 11,Scope,,,,48.0,,https://booking.epictheatres.com/launch/ticketing/f0c1c105-fada-5121-8509-516c7921462a,webedia-api; post-show-census; occupancy_rate=48; reserved=y,EPIC,,,post-show-census
2026-09-25,webedia-2026-09-27T18:45Z,2026-09-27T18:45:50.381126+00:00,2026-09-27T18:00Z,2026-09-27,Sunday,Epic Theatres of Clermont,,America/New_York,Forgotten Island,14:50,X0B27:2026-09-27T14:50:00:4,4,Screen 4,Scope,,,,29.0,,https://booking.epictheatres.com/launch/ticketing/41608713-e8c8-50bb-9fb9-8c87d0b734ff,webedia-api; occupancy_rate=29; reserved=y,EPIC,,,webedia-api
2026-09-25,webedia-2026-09-27T18:45Z,2026-09-27T18:45:50.381126+00:00,2026-09-27T18:00Z,2026-09-27,Sunday,Epic Theatres of Clermont,,America/New_York,Forgotten Island,16:25,X0B27:2026-09-27T16:25:00:16,99,Screen 16,Scope,,,,9.0,,https://booking.epictheatres.com/launch/ticketing/128bbf77-1853-59a2-9c73-46f0e50826b5,webedia-api; occupancy_rate=9; reserved=y,EPIC,,,webedia-api
2026-09-25,webedia-2026-09-27T18:45Z,2026-09-27T18:45:50.381126+00:00,2026-09-27T18:00Z,2026-09-27,Sunday,Epic Theatres of Clermont,,America/New_York,Forgotten Island,16:35,X0B27:2026-09-27T16:35:00:11,109,Screen 11,Scope,,,,6.0,,https://booking.epictheatres.com/launch/ticketing/19d2faeb-5399-5fae-837b-110f27005a5c,webedia-api; occupancy_rate=6; reserved=y,EPIC,,,webedia-api
2026-09-25,webedia-2026-09-27T18:45Z,2026-09-27T18:45:50.381126+00:00,2026-09-27T18:00Z,2026-09-27,Sunday,Epic Theatres of Clermont,,America/New_York,Forgotten Island,17:25,X0B27:2026-09-27T17:25:00:4,159,Screen 4,Scope,,,,5.0,,https://booking.epictheatres.com/launch/ticketing/9f7f5ae9-5765-5a3e-a826-11ea06c407d3,webedia-api; occupancy_rate=5; reserved=y,EPIC,,,webedia-api
2026-09-25,webedia-2026-09-27T18:45Z,2026-09-27T18:45:50.381126+00:00,2026-09-27T18:00Z,2026-09-27,Sunday,Epic Theatres of Clermont,,America/New_York,Forgotten Island,19:00,X0B27:2026-09-27T19:00:00:16,254,Screen 16,Scope,,,,0.0,,https://booking.epictheatres.com/launch/ticketing/1d1dbe20-df0a-585b-a03e-5edeae622c22,webedia-api; occupancy_rate=0; reserved=y,EPIC,,,webedia-api
2026-09-25,webedia-2026-09-27T18:45Z,2026-09-27T18:45:50.381126+00:00,2026-09-27T18:00Z,2026-09-27,Sunday,Epic Theatres of Clermont,,America/New_York,Forgotten Island,20:00,X0B27:2026-09-27T20:00:00:4,314,Screen 4,Scope,,,,11.0,,https://booking.epictheatres.com/launch/ticketing/1ed80018-c1d6-5069-aa95-c9fd44fbc3df,webedia-api; occupancy_rate=11; reserved=y,EPIC,,,webedia-api
2026-09-25,webedia-2026-09-27T18:45Z,2026-09-27T18:45:50.381126+00:00,2026-09-27T18:00Z,2026-09-27,Sunday,Epic Theatres of Clermont,,America/New_York,Forgotten Island,21:35,X0B27:2026-09-27T21:35:00:16,409,Screen 16,Scope,,,,0.0,,https://booking.epictheatres.com/launch/ticketing/e638891e-d9bc-5a4d-90cc-c8e5cfd1c982,webedia-api; occupancy_rate=0; reserved=y,EPIC,,,webedia-api
2026-09-25,webedia-2026-09-27T18:45Z,2026-09-27T18:45:50.381126+00:00,2026-09-27T18:00Z,2026-09-27,Sunday,Epic Theatres of Clermont,,America/New_York,Forgotten Island,21:50,X0B27:2026-09-27T21:50:00:11,424,Screen 11,Scope,,,,0.0,,https://booking.epictheatres.com/launch/ticketing/0f9a81d1-9870-5eed-923e-44f726687d78,webedia-api; occupancy_rate=0; reserved=y,EPIC,,,webedia-api
2026-09-25,webedia-2026-09-27T18:45Z,2026-09-27T18:45:50.381126+00:00,2026-09-27T18:00Z,2026-09-27,Sunday,Epic Theatres of Clermont,,America/New_York,Heart of the Beast,11:50,X0B27:2026-09-27T11:50:00:8,0,Screen 8,Scope,,,,16.0,,https://booking.epictheatres.com/launch/ticketing/2ba0d117-82a5-5691-bd88-a1eba48c7aba,webedia-api; post-show-census; occupancy_rate=16; reserved=y,EPIC,,,post-show-census
2026-09-25,webedia-2026-09-27T18:45Z,2026-09-27T18:45:50.381126+00:00,2026-09-27T18:00Z,2026-09-27,Sunday,Epic Theatres of Clermont,,America/New_York,Heart of the Beast,14:20,X0B27:2026-09-27T14:20:00:8,0,Screen 8,Scope,,,,38.0,,https://booking.epictheatres.com/launch/ticketing/450d6ce0-d28d-5eb1-8bfe-bf55d2aac824,webedia-api; post-show-census; occupancy_rate=38; reserved=y,EPIC,,,post-show-census
2026-09-25,webedia-2026-09-27T18:45Z,2026-09-27T18:45:50.381126+00:00,2026-09-27T18:00Z,2026-09-27,Sunday,Epic Theatres of Clermont,,America/New_York,Heart of the Beast,16:50,X0B27:2026-09-27T16:50:00:8,124,Screen 8,Scope,,,,1.0,,https://booking.epictheatres.com/launch/ticketing/f241dc28-5105-5f47-8d74-92d03889d6d4,webedia-api; occupancy_rate=1; reserved=y,EPIC,,,webedia-api
2026-09-25,webedia-2026-09-27T18:45Z,2026-09-27T18:45:50.381126+00:00,2026-09-27T18:00Z,2026-09-27,Sunday,Epic Theatres of Clermont,,America/New_York,Heart of the Beast,17:50,X0B27:2026-09-27T17:50:00:14,184,Screen 14,Scope,,,,0.0,,https://booking.epictheatres.com/launch/ticketing/cd8f8474-0909-544a-bde5-4d321c3a3f2a,webedia-api; occupancy_rate=0; reserved=y,EPIC,,,webedia-api
2026-09-25,webedia-2026-09-27T18:45Z,2026-09-27T18:45:50.381126+00:00,2026-09-27T18:00Z,2026-09-27,Sunday,Epic Theatres of Clermont,,America/New_York,Heart of the Beast,19:20,X0B27:2026-09-27T19:20:00:8,274,Screen 8,Scope,,,,3.0,,https://booking.epictheatres.com/launch/ticketing/50613631-fb6c-566a-91e5-fd09f76add85,webedia-api; occupancy_rate=3; reserved=y,EPIC,,,webedia-api
2026-09-25,webedia-2026-09-27T18:45Z,2026-09-27T18:45:50.381126+00:00,2026-09-27T18:00Z,2026-09-27,Sunday,Epic Theatres of Clermont,,America/New_York,Heart of the Beast,20:20,X0B27:2026-09-27T20:20:00:14,334,Screen 14,Scope,,,,0.0,,https://booking.epictheatres.com/launch/ticketing/3b2e6bab-0996-53a3-9490-24537dc9cdb5,webedia-api; occupancy_rate=0; reserved=y,EPIC,,,webedia-api
2026-09-25,webedia-2026-09-27T18:45Z,2026-09-27T18:45:50.381126+00:00,2026-09-27T18:00Z,2026-09-27,Sunday,Epic Theatres of Clermont,,America/New_York,Heart of the Beast,21:50,X0B27:2026-09-27T21:50:00:8,424,Screen 8,Scope,,,,0.0,,https://booking.epictheatres.com/launch/ticketing/3aa8b55d-4d91-56b3-a7ef-1c545a1f5176,webedia-api; occupancy_rate=0; reserved=y,EPIC,,,webedia-api
2026-09-25,webedia-2026-09-27T18:45Z,2026-09-27T18:45:50.381126+00:00,2026-09-27T18:00Z,2026-09-27,Sunday,Epic Theatres of Clermont,,America/New_York,Primetime,11:50,X0B27:2026-09-27T11:50:00:2,0,Screen 2,Flat,,,,12.0,,https://booking.epictheatres.com/launch/ticketing/a2bde413-f6d8-572e-ad25-2ac0e17eb7be,webedia-api; post-show-census; occupancy_rate=12; reserved=y,EPIC,,,post-show-census
2026-09-25,webedia-2026-09-27T18:45Z,2026-09-27T18:45:50.381126+00:00,2026-09-27T18:00Z,2026-09-27,Sunday,Epic Theatres of Clermont,,America/New_York,Primetime,14:25,X0B27:2026-09-27T14:25:00:2,0,Screen 2,Flat,,,,26.0,,https://booking.epictheatres.com/launch/ticketing/e37c13f8-5de4-5706-8308-547fc39197fe,webedia-api; post-show-census; occupancy_rate=26; reserved=y,EPIC,,,post-show-census
2026-09-25,webedia-2026-09-27T18:45Z,2026-09-27T18:45:50.381126+00:00,2026-09-27T18:00Z,2026-09-27,Sunday,Epic Theatres of Clermont,,America/New_York,Primetime,17:00,X0B27:2026-09-27T17:00:00:2,134,Screen 2,Flat,,,,22.0,,https://booking.epictheatres.com/launch/ticketing/6e0767ba-e18f-5f40-b5b6-e717ea5eea4c,webedia-api; occupancy_rate=22; reserved=y,EPIC,,,webedia-api
2026-09-25,webedia-2026-09-27T18:45Z,2026-09-27T18:45:50.381126+00:00,2026-09-27T18:00Z,2026-09-27,Sunday,Epic Theatres of Clermont,,America/New_York,Primetime,19:35,X0B27:2026-09-27T19:35:00:2,289,Screen 2,Flat,,,,15.0,,https://booking.epictheatres.com/launch/ticketing/d018eed0-217e-5d2f-b03c-707b6528fbd0,webedia-api; occupancy_rate=15; reserved=y,EPIC,,,webedia-api
2026-09-25,webedia-2026-09-27T18:45Z,2026-09-27T18:45:50.381126+00:00,2026-09-27T18:00Z,2026-09-27,Sunday,Epic Theatres of Clermont,,America/New_York,Primetime,22:10,X0B27:2026-09-27T22:10:00:2,444,Screen 2,Flat,,,,0.0,,https://booking.epictheatres.com/launch/ticketing/2e64276d-b8c2-5137-8e65-f71311f345f2,webedia-api; occupancy_rate=0; reserved=y,EPIC,,,webedia-api
2026-09-25,webedia-2026-09-27T18:45Z,2026-09-27T18:45:50.381126+00:00,2026-09-27T18:00Z,2026-09-27,Sunday,Epic Theatres of Hendersonville with IMAX,,America/New_York,Forgotten Island,10:45,X07GN:2026-09-27T10:45:00:8,0,Screen 8,Scope,,,,0.0,,https://booking.epictheatres.com/launch/ticketing/c7d6d205-6125-5de4-aac8-18b7db377628,webedia-api; post-show-census; occupancy_rate=0; reserved=y,EPIC,,,post-show-census
2026-09-25,webedia-2026-09-27T18:45Z,2026-09-27T18:45:50.381126+00:00,2026-09-27T18:00Z,2026-09-27,Sunday,Epic Theatres of Hendersonville with IMAX,,America/New_York,Forgotten Island,11:15,X07GN:2026-09-27T11:15:00:5,0,Screen 5,Scope,,,,0.0,,https://booking.epictheatres.com/launch/ticketing/aacf0c04-f8ef-5273-bd2f-967655dc179d,webedia-api; post-show-census; occupancy_rate=0; reserved=y,EPIC,,,post-show-census
2026-09-25,webedia-2026-09-27T18:45Z,2026-09-27T18:45:50.381126+00:00,2026-09-27T18:00Z,2026-09-27,Sunday,Epic Theatres of Hendersonville with IMAX,,America/New_York,Forgotten Island,13:20,X07GN:2026-09-27T13:20:00:8,0,Screen 8,Scope,,,,6.0,,https://booking.epictheatres.com/launch/ticketing/782e6b21-c135-5b7e-896b-0b0b293b3b83,webedia-api; post-show-census; occupancy_rate=6; reserved=y,EPIC,,,post-show-census
2026-09-25,webedia-2026-09-27T18:45Z,2026-09-27T18:45:50.381126+00:00,2026-09-27T18:00Z,2026-09-27,Sunday,Epic Theatres of Hendersonville with IMAX,,America/New_York,Forgotten Island,13:50,X07GN:2026-09-27T13:50:00:5,0,Screen 5,Scope,,,,16.0,,https://booking.epictheatres.com/launch/ticketing/fc4d6f89-4714-5b07-ae39-61330a14cd2f,webedia-api; post-show-census; occupancy_rate=16; reserved=y,EPIC,,,post-show-census
2026-09-25,webedia-2026-09-27T18:45Z,2026-09-27T18:45:50.381126+00:00,2026-09-27T18:00Z,2026-09-27,Sunday,Epic Theatres of Hendersonville with IMAX,,America/New_York,Forgotten Island,16:25,X07GN:2026-09-27T16:25:00:5,99,Screen 5,Scope,,,,0.0,,https://booking.epictheatres.com/launch/ticketing/bfbb2b29-8c0e-512a-aee3-9642e8afc704,webedia-api; occupancy_rate=0; reserved=y,EPIC,,,webedia-api
2026-09-25,webedia-2026-09-27T18:45Z,2026-09-27T18:45:50.381126+00:00,2026-09-27T18:00Z,2026-09-27,Sunday,Epic Theatres of Hendersonville with IMAX,,America/New_York,Forgotten Island,19:00,X07GN:2026-09-27T19:00:00:5,254,Screen 5,Scope,,,,6.0,,https://booking.epictheatres.com/launch/ticketing/395c0aa8-fcc9-578f-8308-e03d232b122b,webedia-api; occupancy_rate=6; reserved=y,EPIC,,,webedia-api
2026-09-25,webedia-2026-09-27T18:45Z,2026-09-27T18:45:50.381126+00:00,2026-09-27T18:00Z,2026-09-27,Sunday,Epic Theatres of Hendersonville with IMAX,,America/New_York,Forgotten Island,19:30,X07GN:2026-09-27T19:30:00:8,284,Screen 8,Scope,,,,0.0,,https://booking.epictheatres.com/launch/ticketing/5405ae6d-29a7-5525-a041-559e30ac6699,webedia-api; occupancy_rate=0; reserved=y,EPIC,,,webedia-api
2026-09-25,webedia-2026-09-27T18:45Z,2026-09-27T18:45:50.381126+00:00,2026-09-27T18:00Z,2026-09-27,Sunday,Epic Theatres of Hendersonville with IMAX,,America/New_York,Forgotten Island,22:05,X07GN:2026-09-27T22:05:00:8,439,Screen 8,Scope,,,,0.0,,https://booking.epictheatres.com/launch/ticketing/97d90e22-9ae2-53cd-95c0-acb3ca598dc8,webedia-api; occupancy_rate=0; reserved=y,EPIC,,,webedia-api
2026-09-25,webedia-2026-09-27T18:45Z,2026-09-27T18:45:50.381126+00:00,2026-09-27T18:00Z,2026-09-27,Sunday,Epic Theatres of Hendersonville with IMAX,,America/New_York,Heart of the Beast,11:50,X07GN:2026-09-27T11:50:00:12,0,Screen 12,Scope,,,,11.0,,https://booking.epictheatres.com/launch/ticketing/9ee06b61-4f72-527c-9e0e-db1d19326126,webedia-api; post-show-census; occupancy_rate=11; reserved=y,EPIC,,,post-show-census
2026-09-25,webedia-2026-09-27T18:45Z,2026-09-27T18:45:50.381126+00:00,2026-09-27T18:00Z,2026-09-27,Sunday,Epic Theatres of Hendersonville with IMAX,,America/New_York,Heart of the Beast,12:50,X07GN:2026-09-27T12:50:00:3,0,Screen 3,Scope,,,,3.0,,https://booking.epictheatres.com/launch/ticketing/97cafa74-3b34-556e-a56b-6316f62d8049,webedia-api; post-show-census; occupancy_rate=3; reserved=y,EPIC,,,post-show-census
2026-09-25,webedia-2026-09-27T18:45Z,2026-09-27T18:45:50.381126+00:00,2026-09-27T18:00Z,2026-09-27,Sunday,Epic Theatres of Hendersonville with IMAX,,America/New_York,Heart of the Beast,14:20,X07GN:2026-09-27T14:20:00:12,0,Screen 12,Scope,,,,18.0,,https://booking.epictheatres.com/launch/ticketing/872101ec-aa33-5d33-bca0-530a284fae15,webedia-api; post-show-census; occupancy_rate=18; reserved=y,EPIC,,,post-show-census
2026-09-25,webedia-2026-09-27T18:45Z,2026-09-27T18:45:50.381126+00:00,2026-09-27T18:00Z,2026-09-27,Sunday,Epic Theatres of Hendersonville with IMAX,,America/New_York,Heart of the Beast,15:20,X07GN:2026-09-27T15:20:00:3,34,Screen 3,Scope,,,,7.0,,https://booking.epictheatres.com/launch/ticketing/2c1ba931-3c2a-5baf-836c-0e65ac76a4e1,webedia-api; occupancy_rate=7; reserved=y,EPIC,,,webedia-api
2026-09-25,webedia-2026-09-27T18:45Z,2026-09-27T18:45:50.381126+00:00,2026-09-27T18:00Z,2026-09-27,Sunday,Epic Theatres of Hendersonville with IMAX,,America/New_York,Heart of the Beast,16:50,X07GN:2026-09-27T16:50:00:12,124,Screen 12,Scope,,,,3.0,,https://booking.epictheatres.com/launch/ticketing/24f9ae33-e4c5-5c4d-b425-124b62e18459,webedia-api; occupancy_rate=3; reserved=y,EPIC,,,webedia-api
2026-09-25,webedia-2026-09-27T18:45Z,2026-09-27T18:45:50.381126+00:00,2026-09-27T18:00Z,2026-09-27,Sunday,Epic Theatres of Hendersonville with IMAX,,America/New_York,Heart of the Beast,17:50,X07GN:2026-09-27T17:50:00:3,184,Screen 3,Scope,,,,0.0,,https://booking.epictheatres.com/launch/ticketing/581726e2-cb2d-5db5-b64c-d1e10092fe32,webedia-api; occupancy_rate=0; reserved=y,EPIC,,,webedia-api
2026-09-25,webedia-2026-09-27T18:45Z,2026-09-27T18:45:50.381126+00:00,2026-09-27T18:00Z,2026-09-27,Sunday,Epic Theatres of Hendersonville with IMAX,,America/New_York,Heart of the Beast,19:20,X07GN:2026-09-27T19:20:00:12,274,Screen 12,Scope,,,,2.0,,https://booking.epictheatres.com/launch/ticketing/703e2f54-44f6-519f-89de-e19df4ef6cca,webedia-api; occupancy_rate=2; reserved=y,EPIC,,,webedia-api
2026-09-25,webedia-2026-09-27T18:45Z,2026-09-27T18:45:50.381126+00:00,2026-09-27T18:00Z,2026-09-27,Sunday,Epic Theatres of Hendersonville with IMAX,,America/New_York,Heart of the Beast,20:20,X07GN:2026-09-27T20:20:00:3,334,Screen 3,Scope,,,,0.0,,https://booking.epictheatres.com/launch/ticketing/29efe629-71a8-5a67-b7fc-6a16363963db,webedia-api; occupancy_rate=0; reserved=y,EPIC,,,webedia-api
2026-09-25,webedia-2026-09-27T18:45Z,2026-09-27T18:45:50.381126+00:00,2026-09-27T18:00Z,2026-09-27,Sunday,Epic Theatres of Hendersonville with IMAX,,America/New_York,Heart of the Beast,21:50,X07GN:2026-09-27T21:50:00:12,424,Screen 12,Scope,,,,0.0,,https://booking.epictheatres.com/launch/ticketing/25b62bab-687d-58b8-9a1d-a45ee78adffe,webedia-api; occupancy_rate=0; reserved=y,EPIC,,,webedia-api
2026-09-25,webedia-2026-09-27T18:45Z,2026-09-27T18:45:50.381126+00:00,2026-09-27T18:00Z,2026-09-27,Sunday,Epic Theatres of Hendersonville with IMAX,,America/New_York,Heart of the Beast,22:50,X07GN:2026-09-27T22:50:00:3,484,Screen 3,Scope,,,,0.0,,https://booking.epictheatres.com/launch/ticketing/820653d2-d201-58d5-bda2-c3e501a37634,webedia-api; occupancy_rate=0; reserved=y,EPIC,,,webedia-api
2026-09-25,webedia-2026-09-27T18:45Z,2026-09-27T18:45:50.381126+00:00,2026-09-27T18:00Z,2026-09-27,Sunday,Epic Theatres of Hendersonville with IMAX,,America/New_York,Primetime,11:50,X07GN:2026-09-27T11:50:00:10,0,Screen 10,Flat,,,,9.0,,https://booking.epictheatres.com/launch/ticketing/9cf4e178-6ca4-5400-a3c7-21648c73bbaa,webedia-api; post-show-census; occupancy_rate=9; reserved=y,EPIC,,,post-show-census
2026-09-25,webedia-2026-09-27T18:45Z,2026-09-27T18:45:50.381126+00:00,2026-09-27T18:00Z,2026-09-27,Sunday,Epic Theatres of Hendersonville with IMAX,,America/New_York,Primetime,14:25,X07GN:2026-09-27T14:25:00:10,0,Screen 10,Flat,,,,3.0,,https://booking.epictheatres.com/launch/ticketing/0c5b6fb7-ec92-574f-8df7-8eec8ee33960,webedia-api; post-show-census; occupancy_rate=3; reserved=y,EPIC,,,post-show-census
2026-09-25,webedia-2026-09-27T18:45Z,2026-09-27T18:45:50.381126+00:00,2026-09-27T18:00Z,2026-09-27,Sunday,Epic Theatres of Hendersonville with IMAX,,America/New_York,Primetime,16:55,X07GN:2026-09-27T16:55:00:10,129,Screen 10,Flat,,,,1.0,,https://booking.epictheatres.com/launch/ticketing/78fcc3d1-625a-5ac5-ba3a-da938e27f85d,webedia-api; occupancy_rate=1; reserved=y,EPIC,,,webedia-api
2026-09-25,webedia-2026-09-27T18:45Z,2026-09-27T18:45:50.381126+00:00,2026-09-27T18:00Z,2026-09-27,Sunday,Epic Theatres of Hendersonville with IMAX,,America/New_York,Primetime,19:35,X07GN:2026-09-27T19:35:00:10,289,Screen 10,Flat,,,,0.0,,https://booking.epictheatres.com/launch/ticketing/911d14ca-dd87-5f14-876d-52f06020556a,webedia-api; occupancy_rate=0; reserved=y,EPIC,,,webedia-api
2026-09-25,webedia-2026-09-27T18:45Z,2026-09-27T18:45:50.381126+00:00,2026-09-27T18:00Z,2026-09-27,Sunday,Epic Theatres of Hendersonville with IMAX,,America/New_York,Primetime,22:10,X07GN:2026-09-27T22:10:00:10,444,Screen 10,Flat,,,,0.0,,https://booking.epictheatres.com/launch/ticketing/dd8621d3-64f9-5228-992e-3f8a4c054e28,webedia-api; occupancy_rate=0; reserved=y,EPIC,,,webedia-api
2026-09-25,webedia-2026-09-27T18:45Z,2026-09-27T18:45:50.381126+00:00,2026-09-27T18:00Z,2026-09-27,Sunday,Epic Theatres of Ocala with Epic XL,,America/New_York,Forgotten Island,11:15,X125T:2026-09-27T11:15:00:4,0,Screen 4,Scope,,,,22.0,,https://booking.epictheatres.com/launch/ticketing/1d7f857a-e2ca-5a03-bdb1-fe88eecaa8a6,webedia-api; post-show-census; occupancy_rate=22; reserved=y,EPIC,,,post-show-census
2026-09-25,webedia-2026-09-27T18:45Z,2026-09-27T18:45:50.381126+00:00,2026-09-27T18:00Z,2026-09-27,Sunday,Epic Theatres of Ocala with Epic XL,,America/New_York,Forgotten Island,12:00,X125T:2026-09-27T12:00:00:1,0,Screen 1,Scope,,,,7.0,,https://booking.epictheatres.com/launch/ticketing/d40d90be-524d-5efa-b98e-90f572c0dc81,webedia-api; post-show-census; occupancy_rate=7; reserved=y,EPIC,,,post-show-census
2026-09-25,webedia-2026-09-27T18:45Z,2026-09-27T18:45:50.381126+00:00,2026-09-27T18:00Z,2026-09-27,Sunday,Epic Theatres of Ocala with Epic XL,,America/New_York,Forgotten Island,13:50,X125T:2026-09-27T13:50:00:4,0,Screen 4,"3d,Scope",,,,0.0,,https://booking.epictheatres.com/launch/ticketing/1e10a30b-8040-5a00-8b1b-7a7f9c8a10e4,webedia-api; post-show-census; occupancy_rate=0; reserved=y,EPIC,,,post-show-census
2026-09-25,webedia-2026-09-27T18:45Z,2026-09-27T18:45:50.381126+00:00,2026-09-27T18:00Z,2026-09-27,Sunday,Epic Theatres of Ocala with Epic XL,,America/New_York,Forgotten Island,16:25,X125T:2026-09-27T16:25:00:4,99,Screen 4,Scope,,,,18.0,,https://booking.epictheatres.com/launch/ticketing/49e7da66-20dd-529e-9664-0179135bd7ef,webedia-api; occupancy_rate=18; reserved=y,EPIC,,,webedia-api
2026-09-25,webedia-2026-09-27T18:45Z,2026-09-27T18:45:50.381126+00:00,2026-09-27T18:00Z,2026-09-27,Sunday,Epic Theatres of Ocala with Epic XL,,America/New_York,Forgotten Island,19:00,X125T:2026-09-27T19:00:00:4,254,Screen 4,Scope,,,,0.0,,https://booking.epictheatres.com/launch/ticketing/966f6e46-5709-5127-8b89-0f35e39d3e40,webedia-api; occupancy_rate=0; reserved=y,EPIC,,,webedia-api
2026-09-25,webedia-2026-09-27T18:45Z,2026-09-27T18:45:50.381126+00:00,2026-09-27T18:00Z,2026-09-27,Sunday,Epic Theatres of Ocala with Epic XL,,America/New_York,Forgotten Island,21:35,X125T:2026-09-27T21:35:00:4,409,Screen 4,"3d,Scope",,,,0.0,,https://booking.epictheatres.com/launch/ticketing/6fbcef16-7231-5ab3-852b-f1460135b036,webedia-api; occupancy_rate=0; reserved=y,EPIC,,,webedia-api
2026-09-25,webedia-2026-09-27T18:45Z,2026-09-27T18:45:50.381126+00:00,2026-09-27T18:00Z,2026-09-27,Sunday,Epic Theatres of Ocala with Epic XL,,America/New_York,Heart of the Beast,11:50,X125T:2026-09-27T11:50:00:7,0,Screen 7,Scope,,,,50.0,,https://booking.epictheatres.com/launch/ticketing/537960a0-bc40-5fdc-a834-48752a04c45e,webedia-api; post-show-census; occupancy_rate=50; reserved=y,EPIC,,,post-show-census
2026-09-25,webedia-2026-09-27T18:45Z,2026-09-27T18:45:50.381126+00:00,2026-09-27T18:00Z,2026-09-27,Sunday,Epic Theatres of Ocala with Epic XL,,America/New_York,Heart of the Beast,14:20,X125T:2026-09-27T14:20:00:7,0,Screen 7,Scope,,,,57.0,,https://booking.epictheatres.com/launch/ticketing/9d337832-0e5b-521c-be52-37d2b6b08462,webedia-api; post-show-census; occupancy_rate=57; reserved=y,EPIC,,,post-show-census
2026-09-25,webedia-2026-09-27T18:45Z,2026-09-27T18:45:50.381126+00:00,2026-09-27T18:00Z,2026-09-27,Sunday,Epic Theatres of Ocala with Epic XL,,America/New_York,Heart of the Beast,14:50,X125T:2026-09-27T14:50:00:1,4,Screen 1,Scope,,,,16.0,,https://booking.epictheatres.com/launch/ticketing/0d5993d1-b7a8-5e4f-b357-d46a60184efc,webedia-api; occupancy_rate=16; reserved=y,EPIC,,,webedia-api
2026-09-25,webedia-2026-09-27T18:45Z,2026-09-27T18:45:50.381126+00:00,2026-09-27T18:00Z,2026-09-27,Sunday,Epic Theatres of Ocala with Epic XL,,America/New_York,Heart of the Beast,16:50,X125T:2026-09-27T16:50:00:7,124,Screen 7,Scope,,,,29.0,,https://booking.epictheatres.com/launch/ticketing/d42c5750-6c6e-542a-b7e2-8d20e2888402,webedia-api; occupancy_rate=29; reserved=y,EPIC,,,webedia-api
2026-09-25,webedia-2026-09-27T18:45Z,2026-09-27T18:45:50.381126+00:00,2026-09-27T18:00Z,2026-09-27,Sunday,Epic Theatres of Ocala with Epic XL,,America/New_York,Heart of the Beast,17:20,X125T:2026-09-27T17:20:00:1,154,Screen 1,Scope,,,,7.0,,https://booking.epictheatres.com/launch/ticketing/aa8770f4-6007-5033-9c93-bf6b0601035f,webedia-api; occupancy_rate=7; reserved=y,EPIC,,,webedia-api
2026-09-25,webedia-2026-09-27T18:45Z,2026-09-27T18:45:50.381126+00:00,2026-09-27T18:00Z,2026-09-27,Sunday,Epic Theatres of Ocala with Epic XL,,America/New_York,Heart of the Beast,19:20,X125T:2026-09-27T19:20:00:7,274,Screen 7,Scope,,,,3.0,,https://booking.epictheatres.com/launch/ticketing/e51e8a73-b241-51db-8607-d477073f7770,webedia-api; occupancy_rate=3; reserved=y,EPIC,,,webedia-api
2026-09-25,webedia-2026-09-27T18:45Z,2026-09-27T18:45:50.381126+00:00,2026-09-27T18:00Z,2026-09-27,Sunday,Epic Theatres of Ocala with Epic XL,,America/New_York,Heart of the Beast,19:50,X125T:2026-09-27T19:50:00:1,304,Screen 1,Scope,,,,2.0,,https://booking.epictheatres.com/launch/ticketing/67227313-f4ca-524c-b93f-b58d16a247bc,webedia-api; occupancy_rate=2; reserved=y,EPIC,,,webedia-api
2026-09-25,webedia-2026-09-27T18:45Z,2026-09-27T18:45:50.381126+00:00,2026-09-27T18:00Z,2026-09-27,Sunday,Epic Theatres of Ocala with Epic XL,,America/New_York,Heart of the Beast,21:50,X125T:2026-09-27T21:50:00:7,424,Screen 7,Scope,,,,0.0,,https://booking.epictheatres.com/launch/ticketing/533d57d2-74f6-5fd9-89ac-7ae276bad7c6,webedia-api; occupancy_rate=0; reserved=y,EPIC,,,webedia-api
2026-09-25,webedia-2026-09-27T18:45Z,2026-09-27T18:45:50.381126+00:00,2026-09-27T18:00Z,2026-09-27,Sunday,Epic Theatres of Ocala with Epic XL,,America/New_York,Primetime,11:50,X125T:2026-09-27T11:50:00:11,0,Screen 11,Flat,,,,16.0,,https://booking.epictheatres.com/launch/ticketing/276c8a4d-924b-5077-ae77-238ff0eb1613,webedia-api; post-show-census; occupancy_rate=16; reserved=y,EPIC,,,post-show-census
2026-09-25,webedia-2026-09-27T18:45Z,2026-09-27T18:45:50.381126+00:00,2026-09-27T18:00Z,2026-09-27,Sunday,Epic Theatres of Ocala with Epic XL,,America/New_York,Primetime,14:25,X125T:2026-09-27T14:25:00:11,0,Screen 11,Flat,,,,22.0,,https://booking.epictheatres.com/launch/ticketing/3085c383-1fd7-59c1-b6cb-a3c6a6929a92,webedia-api; post-show-census; occupancy_rate=22; reserved=y,EPIC,,,post-show-census
2026-09-25,webedia-2026-09-27T18:45Z,2026-09-27T18:45:50.381126+00:00,2026-09-27T18:00Z,2026-09-27,Sunday,Epic Theatres of Ocala with Epic XL,,America/New_York,Primetime,17:00,X125T:2026-09-27T17:00:00:11,134,Screen 11,Flat,,,,6.0,,https://booking.epictheatres.com/launch/ticketing/2abea6ae-95a0-5b25-b11d-f5f3ad973a25,webedia-api; occupancy_rate=6; reserved=y,EPIC,,,webedia-api
2026-09-25,webedia-2026-09-27T18:45Z,2026-09-27T18:45:50.381126+00:00,2026-09-27T18:00Z,2026-09-27,Sunday,Epic Theatres of Ocala with Epic XL,,America/New_York,Primetime,19:35,X125T:2026-09-27T19:35:00:11,289,Screen 11,Flat,,,,28.0,,https://booking.epictheatres.com/launch/ticketing/b00b4b68-42ca-59f8-85a4-2260b7c61be0,webedia-api; occupancy_rate=28; reserved=y,EPIC,,,webedia-api
2026-09-25,webedia-2026-09-27T18:45Z,2026-09-27T18:45:50.381126+00:00,2026-09-27T18:00Z,2026-09-27,Sunday,Epic Theatres of Ocala with Epic XL,,America/New_York,Primetime,22:10,X125T:2026-09-27T22:10:00:11,444,Screen 11,Flat,,,,0.0,,https://booking.epictheatres.com/launch/ticketing/f7941f6b-2123-5f86-a54a-c2306e3a1079,webedia-api; occupancy_rate=0; reserved=y,EPIC,,,webedia-api
2026-09-25,webedia-2026-09-27T18:45Z,2026-09-27T18:45:50.381126+00:00,2026-09-27T18:00Z,2026-09-27,Sunday,Epic Theatres of Palm Coast,,America/New_York,Forgotten Island,11:15,X047Z:2026-09-27T11:15:00:1,0,Screen 1,Scope,,,,14.0,,https://booking.epictheatres.com/launch/ticketing/5c8114c4-2cc3-526c-ba4e-610b75f04ceb,webedia-api; post-show-census; occupancy_rate=14; reserved=y,EPIC,,,post-show-census
2026-09-25,webedia-2026-09-27T18:45Z,2026-09-27T18:45:50.381126+00:00,2026-09-27T18:00Z,2026-09-27,Sunday,Epic Theatres of Palm Coast,,America/New_York,Forgotten Island,12:15,X047Z:2026-09-27T12:15:00:4,0,Screen 4,Scope,,,,37.0,,https://booking.epictheatres.com/launch/ticketing/295bcec5-978b-53fb-a71a-3ce3539c8ec2,webedia-api; post-show-census; occupancy_rate=37; reserved=y,EPIC,,,post-show-census
2026-09-25,webedia-2026-09-27T18:45Z,2026-09-27T18:45:50.381126+00:00,2026-09-27T18:00Z,2026-09-27,Sunday,Epic Theatres of Palm Coast,,America/New_York,Forgotten Island,13:50,X047Z:2026-09-27T13:50:00:1,0,Screen 1,"3d,Scope",,,,11.0,,https://booking.epictheatres.com/launch/ticketing/5154aa5b-b112-5371-a2d0-54cc5c24f7a4,webedia-api; post-show-census; occupancy_rate=11; reserved=y,EPIC,,,post-show-census
2026-09-25,webedia-2026-09-27T18:45Z,2026-09-27T18:45:50.381126+00:00,2026-09-27T18:00Z,2026-09-27,Sunday,Epic Theatres of Palm Coast,,America/New_York,Forgotten Island,14:50,X047Z:2026-09-27T14:50:00:4,4,Screen 4,Scope,,,,26.0,,https://booking.epictheatres.com/launch/ticketing/449bed1c-ec8b-5e08-9ecb-1bcfbb86817e,webedia-api; occupancy_rate=26; reserved=y,EPIC,,,webedia-api
2026-09-25,webedia-2026-09-27T18:45Z,2026-09-27T18:45:50.381126+00:00,2026-09-27T18:00Z,2026-09-27,Sunday,Epic Theatres of Palm Coast,,America/New_York,Forgotten Island,16:25,X047Z:2026-09-27T16:25:00:1,99,Screen 1,Scope,,,,6.0,,https://booking.epictheatres.com/launch/ticketing/2f3c7823-57f8-5574-9694-bef0fa7f0855,webedia-api; occupancy_rate=6; reserved=y,EPIC,,,webedia-api
2026-09-25,webedia-2026-09-27T18:45Z,2026-09-27T18:45:50.381126+00:00,2026-09-27T18:00Z,2026-09-27,Sunday,Epic Theatres of Palm Coast,,America/New_York,Forgotten Island,17:25,X047Z:2026-09-27T17:25:00:4,159,Screen 4,Scope,,,,0.0,,https://booking.epictheatres.com/launch/ticketing/bbb91942-50a8-52fb-8d6e-327a8b61671e,webedia-api; occupancy_rate=0; reserved=y,EPIC,,,webedia-api
2026-09-25,webedia-2026-09-27T18:45Z,2026-09-27T18:45:50.381126+00:00,2026-09-27T18:00Z,2026-09-27,Sunday,Epic Theatres of Palm Coast,,America/New_York,Forgotten Island,19:00,X047Z:2026-09-27T19:00:00:1,254,Screen 1,Scope,,,,0.0,,https://booking.epictheatres.com/launch/ticketing/4873296a-5dde-561c-b554-5bb4f11e782c,webedia-api; occupancy_rate=0; reserved=y,EPIC,,,webedia-api
2026-09-25,webedia-2026-09-27T18:45Z,2026-09-27T18:45:50.381126+00:00,2026-09-27T18:00Z,2026-09-27,Sunday,Epic Theatres of Palm Coast,,America/New_York,Forgotten Island,20:00,X047Z:2026-09-27T20:00:00:4,314,Screen 4,Scope,,,,0.0,,https://booking.epictheatres.com/launch/ticketing/e3dbdff1-d6f1-5b34-8bd2-4a9c175f5373,webedia-api; occupancy_rate=0; reserved=y,EPIC,,,webedia-api
2026-09-25,webedia-2026-09-27T18:45Z,2026-09-27T18:45:50.381126+00:00,2026-09-27T18:00Z,2026-09-27,Sunday,Epic Theatres of Palm Coast,,America/New_York,Forgotten Island,21:35,X047Z:2026-09-27T21:35:00:1,409,Screen 1,Scope,,,,0.0,,https://booking.epictheatres.com/launch/ticketing/27485f1a-c102-58f0-881f-89abd2a4e442,webedia-api; occupancy_rate=0; reserved=y,EPIC,,,webedia-api
2026-09-25,webedia-2026-09-27T18:45Z,2026-09-27T18:45:50.381126+00:00,2026-09-27T18:00Z,2026-09-27,Sunday,Epic Theatres of Palm Coast,,America/New_York,Forgotten Island,22:35,X047Z:2026-09-27T22:35:00:4,469,Screen 4,Scope,,,,0.0,,https://booking.epictheatres.com/launch/ticketing/eb0b715c-782f-5aa4-88b2-907e3b4f7746,webedia-api; occupancy_rate=0; reserved=y,EPIC,,,webedia-api
2026-09-25,webedia-2026-09-27T18:45Z,2026-09-27T18:45:50.381126+00:00,2026-09-27T18:00Z,2026-09-27,Sunday,Epic Theatres of Palm Coast,,America/New_York,Heart of the Beast,11:50,X047Z:2026-09-27T11:50:00:8,0,Screen 8,Scope,,,,37.0,,https://booking.epictheatres.com/launch/ticketing/e5cdae4b-38aa-58f7-b1f9-45bee3549019,webedia-api; post-show-census; occupancy_rate=37; reserved=y,EPIC,,,post-show-census
2026-09-25,webedia-2026-09-27T18:45Z,2026-09-27T18:45:50.381126+00:00,2026-09-27T18:00Z,2026-09-27,Sunday,Epic Theatres of Palm Coast,,America/New_York,Heart of the Beast,14:20,X047Z:2026-09-27T14:20:00:8,0,Screen 8,Scope,,,,62.0,,https://booking.epictheatres.com/launch/ticketing/e92f239d-93f3-507b-b4c1-5df8c28355d3,webedia-api; post-show-census; occupancy_rate=62; reserved=y,EPIC,,,post-show-census
2026-09-25,webedia-2026-09-27T18:45Z,2026-09-27T18:45:50.381126+00:00,2026-09-27T18:00Z,2026-09-27,Sunday,Epic Theatres of Palm Coast,,America/New_York,Heart of the Beast,15:20,X047Z:2026-09-27T15:20:00:7,34,Screen 7,Scope,,,,10.0,,https://booking.epictheatres.com/launch/ticketing/57c7f7fd-b63d-57b6-a4d8-6994b31c823d,webedia-api; occupancy_rate=10; reserved=y,EPIC,,,webedia-api
2026-09-25,webedia-2026-09-27T18:45Z,2026-09-27T18:45:50.381126+00:00,2026-09-27T18:00Z,2026-09-27,Sunday,Epic Theatres of Palm Coast,,America/New_York,Heart of the Beast,16:50,X047Z:2026-09-27T16:50:00:8,124,Screen 8,Scope,,,,16.0,,https://booking.epictheatres.com/launch/ticketing/1e925866-783f-5b3b-a54f-f38d6cdd5c06,webedia-api; occupancy_rate=16; reserved=y,EPIC,,,webedia-api
2026-09-25,webedia-2026-09-27T18:45Z,2026-09-27T18:45:50.381126+00:00,2026-09-27T18:00Z,2026-09-27,Sunday,Epic Theatres of Palm Coast,,America/New_York,Heart of the Beast,19:20,X047Z:2026-09-27T19:20:00:8,274,Screen 8,Scope,,,,5.0,,https://booking.epictheatres.com/launch/ticketing/a9b912e0-050f-5f22-b390-a6492e8e9e5f,webedia-api; occupancy_rate=5; reserved=y,EPIC,,,webedia-api
2026-09-25,webedia-2026-09-27T18:45Z,2026-09-27T18:45:50.381126+00:00,2026-09-27T18:00Z,2026-09-27,Sunday,Epic Theatres of Palm Coast,,America/New_York,Heart of the Beast,21:50,X047Z:2026-09-27T21:50:00:8,424,Screen 8,Scope,,,,0.0,,https://booking.epictheatres.com/launch/ticketing/e796aa52-aba5-505b-9c6e-7608139803a7,webedia-api; occupancy_rate=0; reserved=y,EPIC,,,webedia-api
2026-09-25,webedia-2026-09-27T18:45Z,2026-09-27T18:45:50.381126+00:00,2026-09-27T18:00Z,2026-09-27,Sunday,Epic Theatres of Palm Coast,,America/New_York,Primetime,11:50,X047Z:2026-09-27T11:50:00:11,0,Screen 11,Flat,,,,21.0,,https://booking.epictheatres.com/launch/ticketing/30e1a001-3c7b-55eb-b3b8-816e1a02a6e4,webedia-api; post-show-census; occupancy_rate=21; reserved=y,EPIC,,,post-show-census
2026-09-25,webedia-2026-09-27T18:45Z,2026-09-27T18:45:50.381126+00:00,2026-09-27T18:00Z,2026-09-27,Sunday,Epic Theatres of Palm Coast,,America/New_York,Primetime,14:25,X047Z:2026-09-27T14:25:00:11,0,Screen 11,Flat,,,,31.0,,https://booking.epictheatres.com/launch/ticketing/352dd504-c3f1-56cd-a35a-2f1a36437c6f,webedia-api; post-show-census; occupancy_rate=31; reserved=y,EPIC,,,post-show-census
2026-09-25,webedia-2026-09-27T18:45Z,2026-09-27T18:45:50.381126+00:00,2026-09-27T18:00Z,2026-09-27,Sunday,Epic Theatres of Palm Coast,,America/New_York,Primetime,17:00,X047Z:2026-09-27T17:00:00:11,134,Screen 11,Flat,,,,5.0,,https://booking.epictheatres.com/launch/ticketing/fed9ee8b-120e-5f8b-aba5-6e6f2227d00d,webedia-api; occupancy_rate=5; reserved=y,EPIC,,,webedia-api
2026-09-25,webedia-2026-09-27T18:45Z,2026-09-27T18:45:50.381126+00:00,2026-09-27T18:00Z,2026-09-27,Sunday,Epic Theatres of Palm Coast,,America/New_York,Primetime,19:35,X047Z:2026-09-27T19:35:00:11,289,Screen 11,Flat,,,,10.0,,https://booking.epictheatres.com/launch/ticketing/427cd414-57b1-5896-9c2a-b4a5c3e24f36,webedia-api; occupancy_rate=10; reserved=y,EPIC,,,webedia-api
2026-09-25,webedia-2026-09-27T18:45Z,2026-09-27T18:45:50.381126+00:00,2026-09-27T18:00Z,2026-09-27,Sunday,Epic Theatres of Palm Coast,,America/New_York,Primetime,22:10,X047Z:2026-09-27T22:10:00:11,444,Screen 11,Flat,,,,0.0,,https://booking.epictheatres.com/launch/ticketing/8f2bd705-1446-5be7-9440-07c4db300930,webedia-api; occupancy_rate=0; reserved=y,EPIC,,,webedia-api
2026-09-25,webedia-2026-09-27T18:45Z,2026-09-27T18:45:50.381126+00:00,2026-09-27T18:00Z,2026-09-27,Sunday,Epic Theatres of St. Augustine with IMAX,,America/New_York,Forgotten Island,11:15,X0B5V:2026-09-27T11:15:00:13,0,Screen 13,Scope,,,,19.0,,https://booking.epictheatres.com/launch/ticketing/ead89353-e22e-5659-8472-e725fbe8b00f,webedia-api; post-show-census; occupancy_rate=19; reserved=y,EPIC,,,post-show-census
2026-09-25,webedia-2026-09-27T18:45Z,2026-09-27T18:45:50.381126+00:00,2026-09-27T18:00Z,2026-09-27,Sunday,Epic Theatres of St. Augustine with IMAX,,America/New_York,Forgotten Island,12:15,X0B5V:2026-09-27T12:15:00:11,0,Screen 11,Scope,,,,22.0,,https://booking.epictheatres.com/launch/ticketing/5b773c68-8135-5609-8139-26304035c38c,webedia-api; post-show-census; occupancy_rate=22; reserved=y,EPIC,,,post-show-census
2026-09-25,webedia-2026-09-27T18:45Z,2026-09-27T18:45:50.381126+00:00,2026-09-27T18:00Z,2026-09-27,Sunday,Epic Theatres of St. Augustine with IMAX,,America/New_York,Forgotten Island,13:50,X0B5V:2026-09-27T13:50:00:13,0,Screen 13,"3d,Scope",,,,73.0,,https://booking.epictheatres.com/launch/ticketing/0a231ff3-2cb2-5bcb-a5b7-948689f952f0,webedia-api; post-show-census; occupancy_rate=73; reserved=y,EPIC,,,post-show-census
2026-09-25,webedia-2026-09-27T18:45Z,2026-09-27T18:45:50.381126+00:00,2026-09-27T18:00Z,2026-09-27,Sunday,Epic Theatres of St. Augustine with IMAX,,America/New_York,Forgotten Island,14:50,X0B5V:2026-09-27T14:50:00:11,4,Screen 11,Scope,,,,8.0,,https://booking.epictheatres.com/launch/ticketing/ffe34d8d-3e37-538c-bec7-afabd2754323,webedia-api; occupancy_rate=8; reserved=y,EPIC,,,webedia-api
2026-09-25,webedia-2026-09-27T18:45Z,2026-09-27T18:45:50.381126+00:00,2026-09-27T18:00Z,2026-09-27,Sunday,Epic Theatres of St. Augustine with IMAX,,America/New_York,Forgotten Island,16:25,X0B5V:2026-09-27T16:25:00:13,99,Screen 13,Scope,,,,0.0,,https://booking.epictheatres.com/launch/ticketing/770e192f-2679-54b7-8693-f4b6ec1db564,webedia-api; occupancy_rate=0; reserved=y,EPIC,,,webedia-api
2026-09-25,webedia-2026-09-27T18:45Z,2026-09-27T18:45:50.381126+00:00,2026-09-27T18:00Z,2026-09-27,Sunday,Epic Theatres of St. Augustine with IMAX,,America/New_York,Forgotten Island,17:25,X0B5V:2026-09-27T17:25:00:11,159,Screen 11,Scope,,,,6.0,,https://booking.epictheatres.com/launch/ticketing/cb237149-3b0d-510c-bf6c-9bc98e7e101a,webedia-api; occupancy_rate=6; reserved=y,EPIC,,,webedia-api
2026-09-25,webedia-2026-09-27T18:45Z,2026-09-27T18:45:50.381126+00:00,2026-09-27T18:00Z,2026-09-27,Sunday,Epic Theatres of St. Augustine with IMAX,,America/New_York,Forgotten Island,19:00,X0B5V:2026-09-27T19:00:00:13,254,Screen 13,Scope,,,,0.0,,https://booking.epictheatres.com/launch/ticketing/54a19437-bc44-52fb-9b54-cc2c341121b0,webedia-api; occupancy_rate=0; reserved=y,EPIC,,,webedia-api
2026-09-25,webedia-2026-09-27T18:45Z,2026-09-27T18:45:50.381126+00:00,2026-09-27T18:00Z,2026-09-27,Sunday,Epic Theatres of St. Augustine with IMAX,,America/New_York,Forgotten Island,20:00,X0B5V:2026-09-27T20:00:00:11,314,Screen 11,Scope,,,,0.0,,https://booking.epictheatres.com/launch/ticketing/cbbb49d1-cd4a-5d15-b1cb-4bf712ae7be8,webedia-api; occupancy_rate=0; reserved=y,EPIC,,,webedia-api
2026-09-25,webedia-2026-09-27T18:45Z,2026-09-27T18:45:50.381126+00:00,2026-09-27T18:00Z,2026-09-27,Sunday,Epic Theatres of St. Augustine with IMAX,,America/New_York,Forgotten Island,21:35,X0B5V:2026-09-27T21:35:00:13,409,Screen 13,"3d,Scope",,,,0.0,,https://booking.epictheatres.com/launch/ticketing/98bf184c-d728-5ca1-9e9e-d6219ed43534,webedia-api; occupancy_rate=0; reserved=y,EPIC,,,webedia-api
2026-09-25,webedia-2026-09-27T18:45Z,2026-09-27T18:45:50.381126+00:00,2026-09-27T18:00Z,2026-09-27,Sunday,Epic Theatres of St. Augustine with IMAX,,America/New_York,Forgotten Island,22:35,X0B5V:2026-09-27T22:35:00:11,469,Screen 11,Scope,,,,0.0,,https://booking.epictheatres.com/launch/ticketing/17665278-4faf-528e-a8da-3dc0c930b01c,webedia-api; occupancy_rate=0; reserved=y,EPIC,,,webedia-api
2026-09-25,webedia-2026-09-27T18:45Z,2026-09-27T18:45:50.381126+00:00,2026-09-27T18:00Z,2026-09-27,Sunday,Epic Theatres of St. Augustine with IMAX,,America/New_York,Heart of the Beast,11:50,X0B5V:2026-09-27T11:50:00:9,0,Screen 9,Scope,,,,35.0,,https://booking.epictheatres.com/launch/ticketing/ff1d4a3f-a583-5784-a207-218d3a8bfad8,webedia-api; post-show-census; occupancy_rate=35; reserved=y,EPIC,,,post-show-census
2026-09-25,webedia-2026-09-27T18:45Z,2026-09-27T18:45:50.381126+00:00,2026-09-27T18:00Z,2026-09-27,Sunday,Epic Theatres of St. Augustine with IMAX,,America/New_York,Heart of the Beast,14:20,X0B5V:2026-09-27T14:20:00:9,0,Screen 9,Scope,,,,40.0,,https://booking.epictheatres.com/launch/ticketing/283279eb-d990-5562-ab6d-8ad3593d2cdb,webedia-api; post-show-census; occupancy_rate=40; reserved=y,EPIC,,,post-show-census
2026-09-25,webedia-2026-09-27T18:45Z,2026-09-27T18:45:50.381126+00:00,2026-09-27T18:00Z,2026-09-27,Sunday,Epic Theatres of St. Augustine with IMAX,,America/New_York,Heart of the Beast,16:30,X0B5V:2026-09-27T16:30:00:3,104,Screen 3,Scope,,,,30.0,,https://booking.epictheatres.com/launch/ticketing/eba3a11e-d445-5362-97c5-aac51dfc2bb4,webedia-api; occupancy_rate=30; reserved=y,EPIC,,,webedia-api
2026-09-25,webedia-2026-09-27T18:45Z,2026-09-27T18:45:50.381126+00:00,2026-09-27T18:00Z,2026-09-27,Sunday,Epic Theatres of St. Augustine with IMAX,,America/New_York,Heart of the Beast,16:50,X0B5V:2026-09-27T16:50:00:9,124,Screen 9,Scope,,,,12.0,,https://booking.epictheatres.com/launch/ticketing/0e128879-ac60-5b8e-82cd-7dbedbca63c1,webedia-api; occupancy_rate=12; reserved=y,EPIC,,,webedia-api
2026-09-25,webedia-2026-09-27T18:45Z,2026-09-27T18:45:50.381126+00:00,2026-09-27T18:00Z,2026-09-27,Sunday,Epic Theatres of St. Augustine with IMAX,,America/New_York,Heart of the Beast,19:20,X0B5V:2026-09-27T19:20:00:9,274,Screen 9,Scope,,,,7.0,,https://booking.epictheatres.com/launch/ticketing/fd1b8717-000a-5879-a823-08595cee8794,webedia-api; occupancy_rate=7; reserved=y,EPIC,,,webedia-api
2026-09-25,webedia-2026-09-27T18:45Z,2026-09-27T18:45:50.381126+00:00,2026-09-27T18:00Z,2026-09-27,Sunday,Epic Theatres of St. Augustine with IMAX,,America/New_York,Heart of the Beast,21:50,X0B5V:2026-09-27T21:50:00:9,424,Screen 9,Scope,,,,2.0,,https://booking.epictheatres.com/launch/ticketing/6e9e6c0b-621d-5f6f-8aef-ca2b8c6f14de,webedia-api; occupancy_rate=2; reserved=y,EPIC,,,webedia-api
2026-09-25,webedia-2026-09-27T18:45Z,2026-09-27T18:45:50.381126+00:00,2026-09-27T18:00Z,2026-09-27,Sunday,Epic Theatres of St. Augustine with IMAX,,America/New_York,Primetime,11:50,X0B5V:2026-09-27T11:50:00:14,0,Screen 14,Flat,,,,12.0,,https://booking.epictheatres.com/launch/ticketing/08882eba-e92f-54c1-974e-7311d11a6bd0,webedia-api; post-show-census; occupancy_rate=12; reserved=y,EPIC,,,post-show-census
2026-09-25,webedia-2026-09-27T18:45Z,2026-09-27T18:45:50.381126+00:00,2026-09-27T18:00Z,2026-09-27,Sunday,Epic Theatres of St. Augustine with IMAX,,America/New_York,Primetime,14:25,X0B5V:2026-09-27T14:25:00:14,0,Screen 14,Flat,,,,41.0,,https://booking.epictheatres.com/launch/ticketing/3b3524cc-5d65-5063-9c74-ffd74edf2eed,webedia-api; post-show-census; occupancy_rate=41; reserved=y,EPIC,,,post-show-census
2026-09-25,webedia-2026-09-27T18:45Z,2026-09-27T18:45:50.381126+00:00,2026-09-27T18:00Z,2026-09-27,Sunday,Epic Theatres of St. Augustine with IMAX,,America/New_York,Primetime,17:00,X0B5V:2026-09-27T17:00:00:14,134,Screen 14,Flat,,,,15.0,,https://booking.epictheatres.com/launch/ticketing/624550cd-ea17-55c3-9971-ffdce180062d,webedia-api; occupancy_rate=15; reserved=y,EPIC,,,webedia-api
2026-09-25,webedia-2026-09-27T18:45Z,2026-09-27T18:45:50.381126+00:00,2026-09-27T18:00Z,2026-09-27,Sunday,Epic Theatres of St. Augustine with IMAX,,America/New_York,Primetime,19:35,X0B5V:2026-09-27T19:35:00:14,289,Screen 14,Flat,,,,37.0,,https://booking.epictheatres.com/launch/ticketing/80018890-e8fc-5f0b-8456-82ef93c160a2,webedia-api; occupancy_rate=37; reserved=y,EPIC,,,webedia-api
2026-09-25,webedia-2026-09-27T18:45Z,2026-09-27T18:45:50.381126+00:00,2026-09-27T18:00Z,2026-09-27,Sunday,Epic Theatres of St. Augustine with IMAX,,America/New_York,Primetime,22:10,X0B5V:2026-09-27T22:10:00:14,444,Screen 14,Flat,,,,2.0,,https://booking.epictheatres.com/launch/ticketing/143d126a-b0d2-50e1-a1de-de5ecd1a8f46,webedia-api; occupancy_rate=2; reserved=y,EPIC,,,webedia-api
2026-09-25,webedia-2026-09-27T18:45Z,2026-09-27T18:45:50.381126+00:00,2026-09-27T18:00Z,2026-09-27,Sunday,Epic Theatres of West Volusia with Epic XL and IMAX,,America/New_York,Forgotten Island,11:15,X0LX1:2026-09-27T11:15:00:11,0,Screen 11,Scope,,,,18.0,,https://booking.epictheatres.com/launch/ticketing/43cf17c3-1b0e-5af9-92ce-4fdd8bed1869,webedia-api; post-show-census; occupancy_rate=18; reserved=y,EPIC,,,post-show-census
2026-09-25,webedia-2026-09-27T18:45Z,2026-09-27T18:45:50.381126+00:00,2026-09-27T18:00Z,2026-09-27,Sunday,Epic Theatres of West Volusia with Epic XL and IMAX,,America/New_York,Forgotten Island,11:45,X0LX1:2026-09-27T11:45:00:7,0,Screen 7,Scope,,,,3.0,,https://booking.epictheatres.com/launch/ticketing/004b2ec5-ee6c-5300-ab06-7f0290de3f6f,webedia-api; post-show-census; occupancy_rate=3; reserved=y,EPIC,,,post-show-census
2026-09-25,webedia-2026-09-27T18:45Z,2026-09-27T18:45:50.381126+00:00,2026-09-27T18:00Z,2026-09-27,Sunday,Epic Theatres of West Volusia with Epic XL and IMAX,,America/New_York,Forgotten Island,12:15,X0LX1:2026-09-27T12:15:00:10,0,Screen 10,"3d,Scope",,,,19.0,,https://booking.epictheatres.com/launch/ticketing/8d103389-9405-539d-a47c-3b4ab51e24fe,webedia-api; post-show-census; occupancy_rate=19; reserved=y,EPIC,,,post-show-census
2026-09-25,webedia-2026-09-27T18:45Z,2026-09-27T18:45:50.381126+00:00,2026-09-27T18:00Z,2026-09-27,Sunday,Epic Theatres of West Volusia with Epic XL and IMAX,,America/New_York,Forgotten Island,13:50,X0LX1:2026-09-27T13:50:00:11,0,Screen 11,"3d,Scope",,,,13.0,,https://booking.epictheatres.com/launch/ticketing/78d3c938-c0b2-5f28-bb45-9ac0dc5c9029,webedia-api; post-show-census; occupancy_rate=13; reserved=y,EPIC,,,post-show-census
2026-09-25,webedia-2026-09-27T18:45Z,2026-09-27T18:45:50.381126+00:00,2026-09-27T18:00Z,2026-09-27,Sunday,Epic Theatres of West Volusia with Epic XL and IMAX,,America/New_York,Forgotten Island,16:25,X0LX1:2026-09-27T16:25:00:11,99,Screen 11,"3d,Scope",,,,20.0,,https://booking.epictheatres.com/launch/ticketing/627f0ca6-dbf3-5776-8306-55183ce684d0,webedia-api; occupancy_rate=20; reserved=y,EPIC,,,webedia-api
2026-09-25,webedia-2026-09-27T18:45Z,2026-09-27T18:45:50.381126+00:00,2026-09-27T18:00Z,2026-09-27,Sunday,Epic Theatres of West Volusia with Epic XL and IMAX,,America/New_York,Forgotten Island,19:00,X0LX1:2026-09-27T19:00:00:11,254,Screen 11,Scope,,,,20.0,,https://booking.epictheatres.com/launch/ticketing/1181ccf0-780e-5878-b953-bf9eee691499,webedia-api; occupancy_rate=20; reserved=y,EPIC,,,webedia-api
2026-09-25,webedia-2026-09-27T18:45Z,2026-09-27T18:45:50.381126+00:00,2026-09-27T18:00Z,2026-09-27,Sunday,Epic Theatres of West Volusia with Epic XL and IMAX,,America/New_York,Forgotten Island,21:35,X0LX1:2026-09-27T21:35:00:11,409,Screen 11,Scope,,,,4.0,,https://booking.epictheatres.com/launch/ticketing/9853d5a8-69e0-5e06-a284-a6e3e58293a9,webedia-api; occupancy_rate=4; reserved=y,EPIC,,,webedia-api
2026-09-25,webedia-2026-09-27T18:45Z,2026-09-27T18:45:50.381126+00:00,2026-09-27T18:00Z,2026-09-27,Sunday,Epic Theatres of West Volusia with Epic XL and IMAX,,America/New_York,Heart of the Beast,11:35,X0LX1:2026-09-27T11:35:00:12,0,Screen 12,Scope,,,,49.0,,https://booking.epictheatres.com/launch/ticketing/b326aa3a-8120-5f82-bb97-2a946b95d30c,webedia-api; post-show-census; occupancy_rate=49; reserved=y,EPIC,,,post-show-census
2026-09-25,webedia-2026-09-27T18:45Z,2026-09-27T18:45:50.381126+00:00,2026-09-27T18:00Z,2026-09-27,Sunday,Epic Theatres of West Volusia with Epic XL and IMAX,,America/New_York,Heart of the Beast,14:20,X0LX1:2026-09-27T14:20:00:7,0,Screen 7,Scope,,,,68.0,,https://booking.epictheatres.com/launch/ticketing/82b3d816-4ba0-5472-86c5-4faa73c06b76,webedia-api; post-show-census; occupancy_rate=68; reserved=y,EPIC,,,post-show-census
2026-09-25,webedia-2026-09-27T18:45Z,2026-09-27T18:45:50.381126+00:00,2026-09-27T18:00Z,2026-09-27,Sunday,Epic Theatres of West Volusia with Epic XL and IMAX,,America/New_York,Heart of the Beast,16:50,X0LX1:2026-09-27T16:50:00:7,124,Screen 7,Scope,,,,20.0,,https://booking.epictheatres.com/launch/ticketing/9c00c298-fa4e-5e51-94eb-76fc52dbb841,webedia-api; occupancy_rate=20; reserved=y,EPIC,,,webedia-api
2026-09-25,webedia-2026-09-27T18:45Z,2026-09-27T18:45:50.381126+00:00,2026-09-27T18:00Z,2026-09-27,Sunday,Epic Theatres of West Volusia with Epic XL and IMAX,,America/New_York,Heart of the Beast,19:20,X0LX1:2026-09-27T19:20:00:7,274,Screen 7,Scope,,,,7.0,,https://booking.epictheatres.com/launch/ticketing/e86c5795-63ad-5f13-9459-649b86ce1b6d,webedia-api; occupancy_rate=7; reserved=y,EPIC,,,webedia-api
2026-09-25,webedia-2026-09-27T18:45Z,2026-09-27T18:45:50.381126+00:00,2026-09-27T18:00Z,2026-09-27,Sunday,Epic Theatres of West Volusia with Epic XL and IMAX,,America/New_York,Heart of the Beast,21:50,X0LX1:2026-09-27T21:50:00:12,424,Screen 12,Scope,,,,0.0,,https://booking.epictheatres.com/launch/ticketing/30b9e28a-3d65-5b4f-a6a1-831dd16a6f24,webedia-api; occupancy_rate=0; reserved=y,EPIC,,,webedia-api
2026-09-25,webedia-2026-09-27T18:45Z,2026-09-27T18:45:50.381126+00:00,2026-09-27T18:00Z,2026-09-27,Sunday,Epic Theatres of West Volusia with Epic XL and IMAX,,America/New_York,Primetime,11:50,X0LX1:2026-09-27T11:50:00:5,0,Screen 5,Flat,,,,25.0,,https://booking.epictheatres.com/launch/ticketing/1b5fd77e-7221-5d47-a5b6-856da8a276ce,webedia-api; post-show-census; occupancy_rate=25; reserved=y,EPIC,,,post-show-census
2026-09-25,webedia-2026-09-27T18:45Z,2026-09-27T18:45:50.381126+00:00,2026-09-27T18:00Z,2026-09-27,Sunday,Epic Theatres of West Volusia with Epic XL and IMAX,,America/New_York,Primetime,14:25,X0LX1:2026-09-27T14:25:00:5,0,Screen 5,Flat,,,,14.0,,https://booking.epictheatres.com/launch/ticketing/efeb6f3b-b08e-530a-92b8-caa20f8121e3,webedia-api; post-show-census; occupancy_rate=14; reserved=y,EPIC,,,post-show-census
2026-09-25,webedia-2026-09-27T18:45Z,2026-09-27T18:45:50.381126+00:00,2026-09-27T18:00Z,2026-09-27,Sunday,Epic Theatres of West Volusia with Epic XL and IMAX,,America/New_York,Primetime,17:00,X0LX1:2026-09-27T17:00:00:5,134,Screen 5,Flat,,,,15.0,,https://booking.epictheatres.com/launch/ticketing/b3f28325-9ee7-5116-a1a7-5e7c9d53b423,webedia-api; occupancy_rate=15; reserved=y,EPIC,,,webedia-api
2026-09-25,webedia-2026-09-27T18:45Z,2026-09-27T18:45:50.381126+00:00,2026-09-27T18:00Z,2026-09-27,Sunday,Epic Theatres of West Volusia with Epic XL and IMAX,,America/New_York,Primetime,19:35,X0LX1:2026-09-27T19:35:00:5,289,Screen 5,Flat,,,,10.0,,https://booking.epictheatres.com/launch/ticketing/7370d709-9bad-570e-be3a-20886a33bf51,webedia-api; occupancy_rate=10; reserved=y,EPIC,,,webedia-api
2026-09-25,webedia-2026-09-27T18:45Z,2026-09-27T18:45:50.381126+00:00,2026-09-27T18:00Z,2026-09-27,Sunday,Epic Theatres of West Volusia with Epic XL and IMAX,,America/New_York,Primetime,21:45,X0LX1:2026-09-27T21:45:00:6,419,Screen 6,Flat,,,,5.0,,https://booking.epictheatres.com/launch/ticketing/c4b0689f-c1d0-5fd8-b92b-82b5e4f4c3ce,webedia-api; occupancy_rate=5; reserved=y,EPIC,,,webedia-api
2026-09-25,webedia-2026-09-27T18:45Z,2026-09-27T18:45:50.381126+00:00,2026-09-27T18:00Z,2026-09-27,Sunday,Marquee Cinemas - Coralwood 10,,America/New_York,Forgotten Island,12:50,X0K7S:2026-09-27T12:50:00:5,0,Screen 5,Digital,,,,9.0,,https://omniwebticketing9.com/marquee/cape-coral/?schdate=2026-09-27&perfix=106041,webedia-api; post-show-census; occupancy_rate=9; reserved=n,MARQ,,,post-show-census
2026-09-25,webedia-2026-09-27T18:45Z,2026-09-27T18:45:50.381126+00:00,2026-09-27T18:00Z,2026-09-27,Sunday,Marquee Cinemas - Coralwood 10,,America/New_York,Forgotten Island,15:50,X0K7S:2026-09-27T15:50:00:5,64,Screen 5,Digital,,,,4.0,,https://omniwebticketing9.com/marquee/cape-coral/?schdate=2026-09-27&perfix=106042,webedia-api; occupancy_rate=4; reserved=n,MARQ,,,webedia-api
2026-09-25,webedia-2026-09-27T18:45Z,2026-09-27T18:45:50.381126+00:00,2026-09-27T18:00Z,2026-09-27,Sunday,Marquee Cinemas - Coralwood 10,,America/New_York,Forgotten Island,18:50,X0K7S:2026-09-27T18:50:00:5,244,Screen 5,Digital,,,,1.0,,https://omniwebticketing9.com/marquee/cape-coral/?schdate=2026-09-27&perfix=106043,webedia-api; occupancy_rate=1; reserved=n,MARQ,,,webedia-api
2026-09-25,webedia-2026-09-27T18:45Z,2026-09-27T18:45:50.381126+00:00,2026-09-27T18:00Z,2026-09-27,Sunday,Marquee Cinemas - Coralwood 10,,America/New_York,Forgotten Island,21:25,X0K7S:2026-09-27T21:25:00:5,399,Screen 5,Digital,,,,0.0,,https://omniwebticketing9.com/marquee/cape-coral/?schdate=2026-09-27&perfix=106044,webedia-api; occupancy_rate=0; reserved=n,MARQ,,,webedia-api
2026-09-25,webedia-2026-09-27T18:45Z,2026-09-27T18:45:50.381126+00:00,2026-09-27T18:00Z,2026-09-27,Sunday,Marquee Cinemas - Coralwood 10,,America/New_York,Heart of the Beast,12:40,X0K7S:2026-09-27T12:40:00:7,0,Screen 7,Digital,,,,66.0,,https://omniwebticketing9.com/marquee/cape-coral/?schdate=2026-09-27&perfix=106060,webedia-api; post-show-census; occupancy_rate=66; reserved=n,MARQ,,,post-show-census
2026-09-25,webedia-2026-09-27T18:45Z,2026-09-27T18:45:50.381126+00:00,2026-09-27T18:00Z,2026-09-27,Sunday,Marquee Cinemas - Coralwood 10,,America/New_York,Heart of the Beast,15:40,X0K7S:2026-09-27T15:40:00:10,54,Screen 10,Digital,,,,30.0,,https://omniwebticketing9.com/marquee/cape-coral/?schdate=2026-09-27&perfix=105307,webedia-api; occupancy_rate=30; reserved=n,MARQ,,,webedia-api
2026-09-25,webedia-2026-09-27T18:45Z,2026-09-27T18:45:50.381126+00:00,2026-09-27T18:00Z,2026-09-27,Sunday,Marquee Cinemas - Coralwood 10,,America/New_York,Heart of the Beast,18:40,X0K7S:2026-09-27T18:40:00:10,234,Screen 10,Digital,,,,15.0,,https://omniwebticketing9.com/marquee/cape-coral/?schdate=2026-09-27&perfix=105308,webedia-api; occupancy_rate=15; reserved=n,MARQ,,,webedia-api
2026-09-25,webedia-2026-09-27T18:45Z,2026-09-27T18:45:50.381126+00:00,2026-09-27T18:00Z,2026-09-27,Sunday,Marquee Cinemas - Coralwood 10,,America/New_York,Heart of the Beast,21:20,X0K7S:2026-09-27T21:20:00:10,394,Screen 10,Digital,,,,2.0,,https://omniwebticketing9.com/marquee/cape-coral/?schdate=2026-09-27&perfix=105309,webedia-api; occupancy_rate=2; reserved=n,MARQ,,,webedia-api
2026-09-25,webedia-2026-09-27T18:45Z,2026-09-27T18:45:50.381126+00:00,2026-09-27T18:00Z,2026-09-27,Sunday,Marquee Cinemas - Coralwood 10,,America/New_York,Primetime,13:00,X0K7S:2026-09-27T13:00:00:10,0,Screen 10,Digital,,,,13.0,,https://omniwebticketing9.com/marquee/cape-coral/?schdate=2026-09-27&perfix=106050,webedia-api; post-show-census; occupancy_rate=13; reserved=n,MARQ,,,post-show-census
2026-09-25,webedia-2026-09-27T18:45Z,2026-09-27T18:45:50.381126+00:00,2026-09-27T18:00Z,2026-09-27,Sunday,Marquee Cinemas - Coralwood 10,,America/New_York,Primetime,16:00,X0K7S:2026-09-27T16:00:00:7,74,Screen 7,Digital,,,,3.0,,https://omniwebticketing9.com/marquee/cape-coral/?schdate=2026-09-27&perfix=106051,webedia-api; occupancy_rate=3; reserved=n,MARQ,,,webedia-api
2026-09-25,webedia-2026-09-27T18:45Z,2026-09-27T18:45:50.381126+00:00,2026-09-27T18:00Z,2026-09-27,Sunday,Marquee Cinemas - Coralwood 10,,America/New_York,Primetime,19:00,X0K7S:2026-09-27T19:00:00:7,254,Screen 7,Digital,,,,10.0,,https://omniwebticketing9.com/marquee/cape-coral/?schdate=2026-09-27&perfix=106052,webedia-api; occupancy_rate=10; reserved=n,MARQ,,,webedia-api
2026-09-25,webedia-2026-09-27T18:45Z,2026-09-27T18:45:50.381126+00:00,2026-09-27T18:00Z,2026-09-27,Sunday,Marquee Cinemas - Coralwood 10,,America/New_York,Primetime,21:40,X0K7S:2026-09-27T21:40:00:7,414,Screen 7,Digital,,,,0.0,,https://omniwebticketing9.com/marquee/cape-coral/?schdate=2026-09-27&perfix=106053,webedia-api; occupancy_rate=0; reserved=n,MARQ,,,webedia-api
2026-09-25,webedia-2026-09-27T18:45Z,2026-09-27T18:45:50.381126+00:00,2026-09-27T18:00Z,2026-09-27,Sunday,Marquee Cinemas - Galleria 14,,America/New_York,Forgotten Island,12:20,X0K7I:2026-09-27T12:20:00:8,0,Screen 8,3d,,,,0.0,,https://omniwebticketing9.com/marquee/beckley/?schdate=2026-09-27&perfix=148926,webedia-api; post-show-census; occupancy_rate=0; reserved=n,MARQ,,,post-show-census
2026-09-25,webedia-2026-09-27T18:45Z,2026-09-27T18:45:50.381126+00:00,2026-09-27T18:00Z,2026-09-27,Sunday,Marquee Cinemas - Galleria 14,,America/New_York,Forgotten Island,12:50,X0K7I:2026-09-27T12:50:00:4,0,Screen 4,Digital,,,,3.0,,https://omniwebticketing9.com/marquee/beckley/?schdate=2026-09-27&perfix=148928,webedia-api; post-show-census; occupancy_rate=3; reserved=n,MARQ,,,post-show-census
2026-09-25,webedia-2026-09-27T18:45Z,2026-09-27T18:45:50.381126+00:00,2026-09-27T18:00Z,2026-09-27,Sunday,Marquee Cinemas - Galleria 14,,America/New_York,Forgotten Island,15:20,X0K7I:2026-09-27T15:20:00:8,34,Screen 8,Digital,,,,0.0,,https://omniwebticketing9.com/marquee/beckley/?schdate=2026-09-27&perfix=148925,webedia-api; occupancy_rate=0; reserved=n,MARQ,,,webedia-api
2026-09-25,webedia-2026-09-27T18:45Z,2026-09-27T18:45:50.381126+00:00,2026-09-27T18:00Z,2026-09-27,Sunday,Marquee Cinemas - Galleria 14,,America/New_York,Forgotten Island,15:50,X0K7I:2026-09-27T15:50:00:4,64,Screen 4,Digital,,,,0.0,,https://omniwebticketing9.com/marquee/beckley/?schdate=2026-09-27&perfix=148929,webedia-api; occupancy_rate=0; reserved=n,MARQ,,,webedia-api
2026-09-25,webedia-2026-09-27T18:45Z,2026-09-27T18:45:50.381126+00:00,2026-09-27T18:00Z,2026-09-27,Sunday,Marquee Cinemas - Galleria 14,,America/New_York,Forgotten Island,18:20,X0K7I:2026-09-27T18:20:00:8,214,Screen 8,3d,,,,0.0,,https://omniwebticketing9.com/marquee/beckley/?schdate=2026-09-27&perfix=148927,webedia-api; occupancy_rate=0; reserved=n,MARQ,,,webedia-api
2026-09-25,webedia-2026-09-27T18:45Z,2026-09-27T18:45:50.381126+00:00,2026-09-27T18:00Z,2026-09-27,Sunday,Marquee Cinemas - Galleria 14,,America/New_York,Forgotten Island,18:50,X0K7I:2026-09-27T18:50:00:4,244,Screen 4,Digital,,,,0.0,,https://omniwebticketing9.com/marquee/beckley/?schdate=2026-09-27&perfix=148930,webedia-api; occupancy_rate=0; reserved=n,MARQ,,,webedia-api
2026-09-25,webedia-2026-09-27T18:45Z,2026-09-27T18:45:50.381126+00:00,2026-09-27T18:00Z,2026-09-27,Sunday,Marquee Cinemas - Galleria 14,,America/New_York,Forgotten Island,20:55,X0K7I:2026-09-27T20:55:00:8,369,Screen 8,Digital,,,,0.0,,https://omniwebticketing9.com/marquee/beckley/?schdate=2026-09-27&perfix=148924,webedia-api; occupancy_rate=0; reserved=n,MARQ,,,webedia-api
2026-09-25,webedia-2026-09-27T18:45Z,2026-09-27T18:45:50.381126+00:00,2026-09-27T18:00Z,2026-09-27,Sunday,Marquee Cinemas - Galleria 14,,America/New_York,Forgotten Island,21:25,X0K7I:2026-09-27T21:25:00:4,399,Screen 4,Digital,,,,0.0,,https://omniwebticketing9.com/marquee/beckley/?schdate=2026-09-27&perfix=148931,webedia-api; occupancy_rate=0; reserved=n,MARQ,,,webedia-api
2026-09-25,webedia-2026-09-27T18:45Z,2026-09-27T18:45:50.381126+00:00,2026-09-27T18:00Z,2026-09-27,Sunday,Marquee Cinemas - Galleria 14,,America/New_York,Heart of the Beast,12:40,X0K7I:2026-09-27T12:40:00:3,0,Screen 3,Digital,,,,13.0,,https://omniwebticketing9.com/marquee/beckley/?schdate=2026-09-27&perfix=147910,webedia-api; post-show-census; occupancy_rate=13; reserved=n,MARQ,,,post-show-census
2026-09-25,webedia-2026-09-27T18:45Z,2026-09-27T18:45:50.381126+00:00,2026-09-27T18:00Z,2026-09-27,Sunday,Marquee Cinemas - Galleria 14,,America/New_York,Heart of the Beast,15:40,X0K7I:2026-09-27T15:40:00:3,54,Screen 3,Digital,,,,0.0,,https://omniwebticketing9.com/marquee/beckley/?schdate=2026-09-27&perfix=147911,webedia-api; occupancy_rate=0; reserved=n,MARQ,,,webedia-api
2026-09-25,webedia-2026-09-27T18:45Z,2026-09-27T18:45:50.381126+00:00,2026-09-27T18:00Z,2026-09-27,Sunday,Marquee Cinemas - Galleria 14,,America/New_York,Heart of the Beast,18:40,X0K7I:2026-09-27T18:40:00:3,234,Screen 3,Digital,,,,0.0,,https://omniwebticketing9.com/marquee/beckley/?schdate=2026-09-27&perfix=147912,webedia-api; occupancy_rate=0; reserved=n,MARQ,,,webedia-api
2026-09-25,webedia-2026-09-27T18:45Z,2026-09-27T18:45:50.381126+00:00,2026-09-27T18:00Z,2026-09-27,Sunday,Marquee Cinemas - Galleria 14,,America/New_York,Heart of the Beast,21:20,X0K7I:2026-09-27T21:20:00:3,394,Screen 3,Digital,,,,0.0,,https://omniwebticketing9.com/marquee/beckley/?schdate=2026-09-27&perfix=147913,webedia-api; occupancy_rate=0; reserved=n,MARQ,,,webedia-api
2026-09-25,webedia-2026-09-27T18:45Z,2026-09-27T18:45:50.381126+00:00,2026-09-27T18:00Z,2026-09-27,Sunday,Marquee Cinemas - Galleria 14,,America/New_York,Primetime,13:00,X0K7I:2026-09-27T13:00:00:12,0,Screen 12,Digital,,,,2.0,,https://omniwebticketing9.com/marquee/beckley/?schdate=2026-09-27&perfix=148935,webedia-api; post-show-census; occupancy_rate=2; reserved=n,MARQ,,,post-show-census
2026-09-25,webedia-2026-09-27T18:45Z,2026-09-27T18:45:50.381126+00:00,2026-09-27T18:00Z,2026-09-27,Sunday,Marquee Cinemas - Galleria 14,,America/New_York,Primetime,16:00,X0K7I:2026-09-27T16:00:00:12,74,Screen 12,Digital,,,,0.0,,https://omniwebticketing9.com/marquee/beckley/?schdate=2026-09-27&perfix=148936,webedia-api; occupancy_rate=0; reserved=n,MARQ,,,webedia-api
2026-09-25,webedia-2026-09-27T18:45Z,2026-09-27T18:45:50.381126+00:00,2026-09-27T18:00Z,2026-09-27,Sunday,Marquee Cinemas - Galleria 14,,America/New_York,Primetime,19:00,X0K7I:2026-09-27T19:00:00:12,254,Screen 12,Digital,,,,0.0,,https://omniwebticketing9.com/marquee/beckley/?schdate=2026-09-27&perfix=148937,webedia-api; occupancy_rate=0; reserved=n,MARQ,,,webedia-api
2026-09-25,webedia-2026-09-27T18:45Z,2026-09-27T18:45:50.381126+00:00,2026-09-27T18:00Z,2026-09-27,Sunday,Marquee Cinemas - Galleria 14,,America/New_York,Primetime,21:40,X0K7I:2026-09-27T21:40:00:12,414,Screen 12,Digital,,,,0.0,,https://omniwebticketing9.com/marquee/beckley/?schdate=2026-09-27&perfix=148938,webedia-api; occupancy_rate=0; reserved=n,MARQ,,,webedia-api
2026-09-25,webedia-2026-09-27T18:45Z,2026-09-27T18:45:50.381126+00:00,2026-09-27T18:00Z,2026-09-27,Sunday,Marquee Cinemas - Highlands 14,,America/New_York,Forgotten Island,12:20,X0K7H:2026-09-27T12:20:00:2,0,Screen 2,3d,,,,0.0,,https://omniwebticketing9.com/marquee/triadelphia?schdate=2026-09-27&perfix=134812,webedia-api; post-show-census; occupancy_rate=0; reserved=n,MARQ,,,post-show-census
2026-09-25,webedia-2026-09-27T18:45Z,2026-09-27T18:45:50.381126+00:00,2026-09-27T18:00Z,2026-09-27,Sunday,Marquee Cinemas - Highlands 14,,America/New_York,Forgotten Island,12:50,X0K7H:2026-09-27T12:50:00:8,0,Screen 8,Digital,,,,0.0,,https://omniwebticketing9.com/marquee/triadelphia?schdate=2026-09-27&perfix=134825,webedia-api; post-show-census; occupancy_rate=0; reserved=n,MARQ,,,post-show-census
2026-09-25,webedia-2026-09-27T18:45Z,2026-09-27T18:45:50.381126+00:00,2026-09-27T18:00Z,2026-09-27,Sunday,Marquee Cinemas - Highlands 14,,America/New_York,Forgotten Island,15:20,X0K7H:2026-09-27T15:20:00:2,34,Screen 2,Digital,,,,0.0,,https://omniwebticketing9.com/marquee/triadelphia?schdate=2026-09-27&perfix=134824,webedia-api; occupancy_rate=0; reserved=n,MARQ,,,webedia-api
2026-09-25,webedia-2026-09-27T18:45Z,2026-09-27T18:45:50.381126+00:00,2026-09-27T18:00Z,2026-09-27,Sunday,Marquee Cinemas - Highlands 14,,America/New_York,Forgotten Island,15:50,X0K7H:2026-09-27T15:50:00:8,64,Screen 8,Digital,,,,0.0,,https://omniwebticketing9.com/marquee/triadelphia?schdate=2026-09-27&perfix=134826,webedia-api; occupancy_rate=0; reserved=n,MARQ,,,webedia-api
2026-09-25,webedia-2026-09-27T18:45Z,2026-09-27T18:45:50.381126+00:00,2026-09-27T18:00Z,2026-09-27,Sunday,Marquee Cinemas - Highlands 14,,America/New_York,Forgotten Island,18:50,X0K7H:2026-09-27T18:50:00:8,244,Screen 8,Digital,,,,0.0,,https://omniwebticketing9.com/marquee/triadelphia?schdate=2026-09-27&perfix=134827,webedia-api; occupancy_rate=0; reserved=n,MARQ,,,webedia-api
2026-09-25,webedia-2026-09-27T18:45Z,2026-09-27T18:45:50.381126+00:00,2026-09-27T18:00Z,2026-09-27,Sunday,Marquee Cinemas - Highlands 14,,America/New_York,Forgotten Island,21:25,X0K7H:2026-09-27T21:25:00:8,399,Screen 8,Digital,,,,0.0,,https://omniwebticketing9.com/marquee/triadelphia?schdate=2026-09-27&perfix=134828,webedia-api; occupancy_rate=0; reserved=n,MARQ,,,webedia-api
2026-09-25,webedia-2026-09-27T18:45Z,2026-09-27T18:45:50.381126+00:00,2026-09-27T18:00Z,2026-09-27,Sunday,Marquee Cinemas - Highlands 14,,America/New_York,Heart of the Beast,12:40,X0K7H:2026-09-27T12:40:00:12,0,Screen 12,Digital,,,,9.0,,https://omniwebticketing9.com/marquee/triadelphia?schdate=2026-09-27&perfix=133763,webedia-api; post-show-census; occupancy_rate=9; reserved=n,MARQ,,,post-show-census
2026-09-25,webedia-2026-09-27T18:45Z,2026-09-27T18:45:50.381126+00:00,2026-09-27T18:00Z,2026-09-27,Sunday,Marquee Cinemas - Highlands 14,,America/New_York,Heart of the Beast,15:40,X0K7H:2026-09-27T15:40:00:12,54,Screen 12,Digital,,,,0.0,,https://omniwebticketing9.com/marquee/triadelphia?schdate=2026-09-27&perfix=133764,webedia-api; occupancy_rate=0; reserved=n,MARQ,,,webedia-api
2026-09-25,webedia-2026-09-27T18:45Z,2026-09-27T18:45:50.381126+00:00,2026-09-27T18:00Z,2026-09-27,Sunday,Marquee Cinemas - Highlands 14,,America/New_York,Heart of the Beast,18:40,X0K7H:2026-09-27T18:40:00:12,234,Screen 12,Digital,,,,0.0,,https://omniwebticketing9.com/marquee/triadelphia?schdate=2026-09-27&perfix=133765,webedia-api; occupancy_rate=0; reserved=n,MARQ,,,webedia-api
2026-09-25,webedia-2026-09-27T18:45Z,2026-09-27T18:45:50.381126+00:00,2026-09-27T18:00Z,2026-09-27,Sunday,Marquee Cinemas - Highlands 14,,America/New_York,Heart of the Beast,21:20,X0K7H:2026-09-27T21:20:00:12,394,Screen 12,Digital,,,,0.0,,https://omniwebticketing9.com/marquee/triadelphia?schdate=2026-09-27&perfix=133766,webedia-api; occupancy_rate=0; reserved=n,MARQ,,,webedia-api
2026-09-25,webedia-2026-09-27T18:45Z,2026-09-27T18:45:50.381126+00:00,2026-09-27T18:00Z,2026-09-27,Sunday,Marquee Cinemas - Highlands 14,,America/New_York,Primetime,13:00,X0K7H:2026-09-27T13:00:00:3,0,Screen 3,Digital,,,,2.0,,https://omniwebticketing9.com/marquee/triadelphia?schdate=2026-09-27&perfix=134838,webedia-api; post-show-census; occupancy_rate=2; reserved=n,MARQ,,,post-show-census
2026-09-25,webedia-2026-09-27T18:45Z,2026-09-27T18:45:50.381126+00:00,2026-09-27T18:00Z,2026-09-27,Sunday,Marquee Cinemas - Highlands 14,,America/New_York,Primetime,16:00,X0K7H:2026-09-27T16:00:00:3,74,Screen 3,Digital,,,,0.0,,https://omniwebticketing9.com/marquee/triadelphia?schdate=2026-09-27&perfix=134839,webedia-api; occupancy_rate=0; reserved=n,MARQ,,,webedia-api
2026-09-25,webedia-2026-09-27T18:45Z,2026-09-27T18:45:50.381126+00:00,2026-09-27T18:00Z,2026-09-27,Sunday,Marquee Cinemas - Highlands 14,,America/New_York,Primetime,19:00,X0K7H:2026-09-27T19:00:00:3,254,Screen 3,Digital,,,,0.0,,https://omniwebticketing9.com/marquee/triadelphia?schdate=2026-09-27&perfix=134840,webedia-api; occupancy_rate=0; reserved=n,MARQ,,,webedia-api
2026-09-25,webedia-2026-09-27T18:45Z,2026-09-27T18:45:50.381126+00:00,2026-09-27T18:00Z,2026-09-27,Sunday,Marquee Cinemas - Highlands 14,,America/New_York,Primetime,21:40,X0K7H:2026-09-27T21:40:00:3,414,Screen 3,Digital,,,,0.0,,https://omniwebticketing9.com/marquee/triadelphia?schdate=2026-09-27&perfix=134841,webedia-api; occupancy_rate=0; reserved=n,MARQ,,,webedia-api
2026-09-25,webedia-2026-09-27T18:45Z,2026-09-27T18:45:50.381126+00:00,2026-09-27T18:00Z,2026-09-27,Sunday,Marquee Cinemas - Mimosa 7,,America/New_York,Forgotten Island,12:50,X0K8B:2026-09-27T12:50:00:2,0,Screen 2,Digital,,,,24.0,,https://omniwebticketing9.com/marquee/morganton/?schdate=2026-09-27&perfix=59167,webedia-api; post-show-census; occupancy_rate=24; reserved=n,MARQ,,,post-show-census
2026-09-25,webedia-2026-09-27T18:45Z,2026-09-27T18:45:50.381126+00:00,2026-09-27T18:00Z,2026-09-27,Sunday,Marquee Cinemas - Mimosa 7,,America/New_York,Forgotten Island,15:50,X0K8B:2026-09-27T15:50:00:2,64,Screen 2,Digital,,,,0.0,,https://omniwebticketing9.com/marquee/morganton/?schdate=2026-09-27&perfix=59154,webedia-api; occupancy_rate=0; reserved=n,MARQ,,,webedia-api
2026-09-25,webedia-2026-09-27T18:45Z,2026-09-27T18:45:50.381126+00:00,2026-09-27T18:00Z,2026-09-27,Sunday,Marquee Cinemas - Mimosa 7,,America/New_York,Forgotten Island,18:50,X0K8B:2026-09-27T18:50:00:2,244,Screen 2,Digital,,,,0.0,,https://omniwebticketing9.com/marquee/morganton/?schdate=2026-09-27&perfix=59155,webedia-api; occupancy_rate=0; reserved=n,MARQ,,,webedia-api
2026-09-25,webedia-2026-09-27T18:45Z,2026-09-27T18:45:50.381126+00:00,2026-09-27T18:00Z,2026-09-27,Sunday,Marquee Cinemas - Mimosa 7,,America/New_York,Forgotten Island,21:25,X0K8B:2026-09-27T21:25:00:2,399,Screen 2,Digital,,,,0.0,,https://omniwebticketing9.com/marquee/morganton/?schdate=2026-09-27&perfix=59159,webedia-api; occupancy_rate=0; reserved=n,MARQ,,,webedia-api
2026-09-25,webedia-2026-09-27T18:45Z,2026-09-27T18:45:50.381126+00:00,2026-09-27T18:00Z,2026-09-27,Sunday,Marquee Cinemas - Mimosa 7,,America/New_York,Heart of the Beast,12:40,X0K8B:2026-09-27T12:40:00:4,0,Screen 4,Digital,,,,56.0,,https://omniwebticketing9.com/marquee/morganton/?schdate=2026-09-27&perfix=58692,webedia-api; post-show-census; occupancy_rate=56; reserved=n,MARQ,,,post-show-census
2026-09-25,webedia-2026-09-27T18:45Z,2026-09-27T18:45:50.381126+00:00,2026-09-27T18:00Z,2026-09-27,Sunday,Marquee Cinemas - Mimosa 7,,America/New_York,Heart of the Beast,15:40,X0K8B:2026-09-27T15:40:00:4,54,Screen 4,Digital,,,,0.0,,https://omniwebticketing9.com/marquee/morganton/?schdate=2026-09-27&perfix=58689,webedia-api; occupancy_rate=0; reserved=n,MARQ,,,webedia-api
2026-09-25,webedia-2026-09-27T18:45Z,2026-09-27T18:45:50.381126+00:00,2026-09-27T18:00Z,2026-09-27,Sunday,Marquee Cinemas - Mimosa 7,,America/New_York,Heart of the Beast,18:40,X0K8B:2026-09-27T18:40:00:4,234,Screen 4,Digital,,,,0.0,,https://omniwebticketing9.com/marquee/morganton/?schdate=2026-09-27&perfix=58690,webedia-api; occupancy_rate=0; reserved=n,MARQ,,,webedia-api
2026-09-25,webedia-2026-09-27T18:45Z,2026-09-27T18:45:50.381126+00:00,2026-09-27T18:00Z,2026-09-27,Sunday,Marquee Cinemas - Mimosa 7,,America/New_York,Heart of the Beast,21:20,X0K8B:2026-09-27T21:20:00:4,394,Screen 4,Digital,,,,0.0,,https://omniwebticketing9.com/marquee/morganton/?schdate=2026-09-27&perfix=58691,webedia-api; occupancy_rate=0; reserved=n,MARQ,,,webedia-api
2026-09-25,webedia-2026-09-27T18:45Z,2026-09-27T18:45:50.381126+00:00,2026-09-27T18:00Z,2026-09-27,Sunday,Marquee Cinemas - Mimosa 7,,America/New_York,Primetime,13:00,X0K8B:2026-09-27T13:00:00:6,0,Screen 6,Digital,,,,21.0,,https://omniwebticketing9.com/marquee/morganton/?schdate=2026-09-27&perfix=59163,webedia-api; post-show-census; occupancy_rate=21; reserved=n,MARQ,,,post-show-census
2026-09-25,webedia-2026-09-27T18:45Z,2026-09-27T18:45:50.381126+00:00,2026-09-27T18:00Z,2026-09-27,Sunday,Marquee Cinemas - Mimosa 7,,America/New_York,Primetime,16:00,X0K8B:2026-09-27T16:00:00:6,74,Screen 6,Digital,,,,0.0,,https://omniwebticketing9.com/marquee/morganton/?schdate=2026-09-27&perfix=59156,webedia-api; occupancy_rate=0; reserved=n,MARQ,,,webedia-api
2026-09-25,webedia-2026-09-27T18:45Z,2026-09-27T18:45:50.381126+00:00,2026-09-27T18:00Z,2026-09-27,Sunday,Marquee Cinemas - Mimosa 7,,America/New_York,Primetime,19:00,X0K8B:2026-09-27T19:00:00:6,254,Screen 6,Digital,,,,0.0,,https://omniwebticketing9.com/marquee/morganton/?schdate=2026-09-27&perfix=59157,webedia-api; occupancy_rate=0; reserved=n,MARQ,,,webedia-api
2026-09-25,webedia-2026-09-27T18:45Z,2026-09-27T18:45:50.381126+00:00,2026-09-27T18:00Z,2026-09-27,Sunday,Marquee Cinemas - Mimosa 7,,America/New_York,Primetime,21:40,X0K8B:2026-09-27T21:40:00:6,414,Screen 6,Digital,,,,0.0,,https://omniwebticketing9.com/marquee/morganton/?schdate=2026-09-27&perfix=59158,webedia-api; occupancy_rate=0; reserved=n,MARQ,,,webedia-api
2026-09-25,webedia-2026-09-27T18:45Z,2026-09-27T18:45:50.381126+00:00,2026-09-27T18:00Z,2026-09-27,Sunday,Marquee Cinemas - Nicholas Showcase,,America/New_York,Forgotten Island,12:50,X0K8C:2026-09-27T12:50:00:1,0,Screen 1,Digital,,,,0.0,,https://omniwebticketing9.com/marquee/summersville/?schdate=2026-09-27&perfix=29417,webedia-api; post-show-census; occupancy_rate=0; reserved=n,MARQ,,,post-show-census
2026-09-25,webedia-2026-09-27T18:45Z,2026-09-27T18:45:50.381126+00:00,2026-09-27T18:00Z,2026-09-27,Sunday,Marquee Cinemas - Nicholas Showcase,,America/New_York,Forgotten Island,15:50,X0K8C:2026-09-27T15:50:00:1,64,Screen 1,Digital,,,,0.0,,https://omniwebticketing9.com/marquee/summersville/?schdate=2026-09-27&perfix=29414,webedia-api; occupancy_rate=0; reserved=n,MARQ,,,webedia-api
2026-09-25,webedia-2026-09-27T18:45Z,2026-09-27T18:45:50.381126+00:00,2026-09-27T18:00Z,2026-09-27,Sunday,Marquee Cinemas - Nicholas Showcase,,America/New_York,Forgotten Island,18:50,X0K8C:2026-09-27T18:50:00:1,244,Screen 1,Digital,,,,0.0,,https://omniwebticketing9.com/marquee/summersville/?schdate=2026-09-27&perfix=29415,webedia-api; occupancy_rate=0; reserved=n,MARQ,,,webedia-api
2026-09-25,webedia-2026-09-27T18:45Z,2026-09-27T18:45:50.381126+00:00,2026-09-27T18:00Z,2026-09-27,Sunday,Marquee Cinemas - Nicholas Showcase,,America/New_York,Heart of the Beast,12:40,X0K8C:2026-09-27T12:40:00:3,0,Screen 3,Digital,,,,2.0,,https://omniwebticketing9.com/marquee/summersville/?schdate=2026-09-27&perfix=29205,webedia-api; post-show-census; occupancy_rate=2; reserved=n,MARQ,,,post-show-census
2026-09-25,webedia-2026-09-27T18:45Z,2026-09-27T18:45:50.381126+00:00,2026-09-27T18:00Z,2026-09-27,Sunday,Marquee Cinemas - Nicholas Showcase,,America/New_York,Heart of the Beast,15:40,X0K8C:2026-09-27T15:40:00:3,54,Screen 3,Digital,,,,0.0,,https://omniwebticketing9.com/marquee/summersville/?schdate=2026-09-27&perfix=29202,webedia-api; occupancy_rate=0; reserved=n,MARQ,,,webedia-api
2026-09-25,webedia-2026-09-27T18:45Z,2026-09-27T18:45:50.381126+00:00,2026-09-27T18:00Z,2026-09-27,Sunday,Marquee Cinemas - Nicholas Showcase,,America/New_York,Heart of the Beast,18:40,X0K8C:2026-09-27T18:40:00:3,234,Screen 3,Digital,,,,0.0,,https://omniwebticketing9.com/marquee/summersville/?schdate=2026-09-27&perfix=29203,webedia-api; occupancy_rate=0; reserved=n,MARQ,,,webedia-api
2026-09-25,webedia-2026-09-27T18:45Z,2026-09-27T18:45:50.381126+00:00,2026-09-27T18:00Z,2026-09-27,Sunday,Marquee Cinemas - Nicholas Showcase,,America/New_York,Primetime,13:00,X0K8C:2026-09-27T13:00:00:4,0,Screen 4,Digital,,,,3.0,,https://omniwebticketing9.com/marquee/summersville/?schdate=2026-09-27&perfix=29418,webedia-api; post-show-census; occupancy_rate=3; reserved=n,MARQ,,,post-show-census
2026-09-25,webedia-2026-09-27T18:45Z,2026-09-27T18:45:50.381126+00:00,2026-09-27T18:00Z,2026-09-27,Sunday,Marquee Cinemas - Nicholas Showcase,,America/New_York,Primetime,16:00,X0K8C:2026-09-27T16:00:00:4,74,Screen 4,Digital,,,,0.0,,https://omniwebticketing9.com/marquee/summersville/?schdate=2026-09-27&perfix=29408,webedia-api; occupancy_rate=0; reserved=n,MARQ,,,webedia-api
2026-09-25,webedia-2026-09-27T18:45Z,2026-09-27T18:45:50.381126+00:00,2026-09-27T18:00Z,2026-09-27,Sunday,Marquee Cinemas - Nicholas Showcase,,America/New_York,Primetime,19:00,X0K8C:2026-09-27T19:00:00:4,254,Screen 4,Digital,,,,0.0,,https://omniwebticketing9.com/marquee/summersville/?schdate=2026-09-27&perfix=29409,webedia-api; occupancy_rate=0; reserved=n,MARQ,,,webedia-api
2026-09-25,webedia-2026-09-27T18:45Z,2026-09-27T18:45:50.381126+00:00,2026-09-27T18:00Z,2026-09-27,Sunday,Marquee Cinemas - Orchard 10,,America/New_York,Forgotten Island,12:50,X0K7T:2026-09-27T12:50:00:10,0,Screen 10,Digital,,,,35.0,,https://omniwebticketing9.com/marquee/toms-river?schdate=2026-09-27&perfix=104087,webedia-api; post-show-census; occupancy_rate=35; reserved=n,MARQ,,,post-show-census
2026-09-25,webedia-2026-09-27T18:45Z,2026-09-27T18:45:50.381126+00:00,2026-09-27T18:00Z,2026-09-27,Sunday,Marquee Cinemas - Orchard 10,,America/New_York,Forgotten Island,15:50,X0K7T:2026-09-27T15:50:00:10,64,Screen 10,Digital,,,,6.0,,https://omniwebticketing9.com/marquee/toms-river?schdate=2026-09-27&perfix=104088,webedia-api; occupancy_rate=6; reserved=n,MARQ,,,webedia-api
2026-09-25,webedia-2026-09-27T18:45Z,2026-09-27T18:45:50.381126+00:00,2026-09-27T18:00Z,2026-09-27,Sunday,Marquee Cinemas - Orchard 10,,America/New_York,Forgotten Island,18:50,X0K7T:2026-09-27T18:50:00:4,244,Screen 4,Digital,,,,7.0,,https://omniwebticketing9.com/marquee/toms-river?schdate=2026-09-27&perfix=104086,webedia-api; occupancy_rate=7; reserved=n,MARQ,,,webedia-api
2026-09-25,webedia-2026-09-27T18:45Z,2026-09-27T18:45:50.381126+00:00,2026-09-27T18:00Z,2026-09-27,Sunday,Marquee Cinemas - Orchard 10,,America/New_York,Forgotten Island,21:25,X0K7T:2026-09-27T21:25:00:4,399,Screen 4,Digital,,,,0.0,,https://omniwebticketing9.com/marquee/toms-river?schdate=2026-09-27&perfix=104061,webedia-api; occupancy_rate=0; reserved=n,MARQ,,,webedia-api
2026-09-25,webedia-2026-09-27T18:45Z,2026-09-27T18:45:50.381126+00:00,2026-09-27T18:00Z,2026-09-27,Sunday,Marquee Cinemas - Orchard 10,,America/New_York,Heart of the Beast,12:40,X0K7T:2026-09-27T12:40:00:1,0,Screen 1,Digital,,,,43.0,,https://omniwebticketing9.com/marquee/toms-river?schdate=2026-09-27&perfix=102926,webedia-api; post-show-census; occupancy_rate=43; reserved=n,MARQ,,,post-show-census
2026-09-25,webedia-2026-09-27T18:45Z,2026-09-27T18:45:50.381126+00:00,2026-09-27T18:00Z,2026-09-27,Sunday,Marquee Cinemas - Orchard 10,,America/New_York,Heart of the Beast,15:40,X0K7T:2026-09-27T15:40:00:1,54,Screen 1,Digital,,,,33.0,,https://omniwebticketing9.com/marquee/toms-river?schdate=2026-09-27&perfix=102927,webedia-api; occupancy_rate=33; reserved=n,MARQ,,,webedia-api
2026-09-25,webedia-2026-09-27T18:45Z,2026-09-27T18:45:50.381126+00:00,2026-09-27T18:00Z,2026-09-27,Sunday,Marquee Cinemas - Orchard 10,,America/New_York,Heart of the Beast,18:40,X0K7T:2026-09-27T18:40:00:1,234,Screen 1,Digital,,,,4.0,,https://omniwebticketing9.com/marquee/toms-river?schdate=2026-09-27&perfix=102928,webedia-api; occupancy_rate=4; reserved=n,MARQ,,,webedia-api
2026-09-25,webedia-2026-09-27T18:45Z,2026-09-27T18:45:50.381126+00:00,2026-09-27T18:00Z,2026-09-27,Sunday,Marquee Cinemas - Orchard 10,,America/New_York,Heart of the Beast,21:20,X0K7T:2026-09-27T21:20:00:1,394,Screen 1,Digital,,,,2.0,,https://omniwebticketing9.com/marquee/toms-river?schdate=2026-09-27&perfix=102929,webedia-api; occupancy_rate=2; reserved=n,MARQ,,,webedia-api
2026-09-25,webedia-2026-09-27T18:45Z,2026-09-27T18:45:50.381126+00:00,2026-09-27T18:00Z,2026-09-27,Sunday,Marquee Cinemas - Orchard 10,,America/New_York,Primetime,13:00,X0K7T:2026-09-27T13:00:00:4,0,Screen 4,Digital,,,,27.0,,https://omniwebticketing9.com/marquee/toms-river?schdate=2026-09-27&perfix=104084,webedia-api; post-show-census; occupancy_rate=27; reserved=n,MARQ,,,post-show-census
2026-09-25,webedia-2026-09-27T18:45Z,2026-09-27T18:45:50.381126+00:00,2026-09-27T18:00Z,2026-09-27,Sunday,Marquee Cinemas - Orchard 10,,America/New_York,Primetime,16:00,X0K7T:2026-09-27T16:00:00:4,74,Screen 4,Digital,,,,14.0,,https://omniwebticketing9.com/marquee/toms-river?schdate=2026-09-27&perfix=104085,webedia-api; occupancy_rate=14; reserved=n,MARQ,,,webedia-api
2026-09-25,webedia-2026-09-27T18:45Z,2026-09-27T18:45:50.381126+00:00,2026-09-27T18:00Z,2026-09-27,Sunday,Marquee Cinemas - Orchard 10,,America/New_York,Primetime,19:00,X0K7T:2026-09-27T19:00:00:10,254,Screen 10,Digital,,,,4.0,,https://omniwebticketing9.com/marquee/toms-river?schdate=2026-09-27&perfix=104082,webedia-api; occupancy_rate=4; reserved=n,MARQ,,,webedia-api
2026-09-25,webedia-2026-09-27T18:45Z,2026-09-27T18:45:50.381126+00:00,2026-09-27T18:00Z,2026-09-27,Sunday,Marquee Cinemas - Orchard 10,,America/New_York,Primetime,21:40,X0K7T:2026-09-27T21:40:00:10,414,Screen 10,Digital,,,,0.0,,https://omniwebticketing9.com/marquee/toms-river?schdate=2026-09-27&perfix=104083,webedia-api; occupancy_rate=0; reserved=n,MARQ,,,webedia-api
2026-09-25,webedia-2026-09-27T18:45Z,2026-09-27T18:45:50.381126+00:00,2026-09-27T18:00Z,2026-09-27,Sunday,Marquee Cinemas - Orchard 14,,America/New_York,Forgotten Island,12:00,X0K7G:2026-09-27T12:00:00:7,0,Screen 7,Digital,,,,7.0,,https://omniwebticketing9.com/marquee/new-hartford/?schdate=2026-09-27&perfix=136405,webedia-api; post-show-census; occupancy_rate=7; reserved=n,MARQ,,,post-show-census
2026-09-25,webedia-2026-09-27T18:45Z,2026-09-27T18:45:50.381126+00:00,2026-09-27T18:00Z,2026-09-27,Sunday,Marquee Cinemas - Orchard 14,,America/New_York,Forgotten Island,12:20,X0K7G:2026-09-27T12:20:00:11,0,Screen 11,3d,,,,6.0,,https://omniwebticketing9.com/marquee/new-hartford/?schdate=2026-09-27&perfix=136417,webedia-api; post-show-census; occupancy_rate=6; reserved=n,MARQ,,,post-show-census
2026-09-25,webedia-2026-09-27T18:45Z,2026-09-27T18:45:50.381126+00:00,2026-09-27T18:00Z,2026-09-27,Sunday,Marquee Cinemas - Orchard 14,,America/New_York,Forgotten Island,12:50,X0K7G:2026-09-27T12:50:00:3,0,Screen 3,Digital,,,,13.0,,https://omniwebticketing9.com/marquee/new-hartford/?schdate=2026-09-27&perfix=136394,webedia-api; post-show-census; occupancy_rate=13; reserved=n,MARQ,,,post-show-census
2026-09-25,webedia-2026-09-27T18:45Z,2026-09-27T18:45:50.381126+00:00,2026-09-27T18:00Z,2026-09-27,Sunday,Marquee Cinemas - Orchard 14,,America/New_York,Forgotten Island,15:00,X0K7G:2026-09-27T15:00:00:7,14,Screen 7,Digital,,,,4.0,,https://omniwebticketing9.com/marquee/new-hartford/?schdate=2026-09-27&perfix=136406,webedia-api; occupancy_rate=4; reserved=n,MARQ,,,webedia-api
2026-09-25,webedia-2026-09-27T18:45Z,2026-09-27T18:45:50.381126+00:00,2026-09-27T18:00Z,2026-09-27,Sunday,Marquee Cinemas - Orchard 14,,America/New_York,Forgotten Island,15:20,X0K7G:2026-09-27T15:20:00:11,34,Screen 11,Digital,,,,0.0,,https://omniwebticketing9.com/marquee/new-hartford/?schdate=2026-09-27&perfix=136419,webedia-api; occupancy_rate=0; reserved=n,MARQ,,,webedia-api
2026-09-25,webedia-2026-09-27T18:45Z,2026-09-27T18:45:50.381126+00:00,2026-09-27T18:00Z,2026-09-27,Sunday,Marquee Cinemas - Orchard 14,,America/New_York,Forgotten Island,15:50,X0K7G:2026-09-27T15:50:00:3,64,Screen 3,Digital,,,,0.0,,https://omniwebticketing9.com/marquee/new-hartford/?schdate=2026-09-27&perfix=136395,webedia-api; occupancy_rate=0; reserved=n,MARQ,,,webedia-api
2026-09-25,webedia-2026-09-27T18:45Z,2026-09-27T18:45:50.381126+00:00,2026-09-27T18:00Z,2026-09-27,Sunday,Marquee Cinemas - Orchard 14,,America/New_York,Forgotten Island,18:20,X0K7G:2026-09-27T18:20:00:11,214,Screen 11,3d,,,,0.0,,https://omniwebticketing9.com/marquee/new-hartford/?schdate=2026-09-27&perfix=136418,webedia-api; occupancy_rate=0; reserved=n,MARQ,,,webedia-api
2026-09-25,webedia-2026-09-27T18:45Z,2026-09-27T18:45:50.381126+00:00,2026-09-27T18:00Z,2026-09-27,Sunday,Marquee Cinemas - Orchard 14,,America/New_York,Forgotten Island,18:50,X0K7G:2026-09-27T18:50:00:3,244,Screen 3,Digital,,,,0.0,,https://omniwebticketing9.com/marquee/new-hartford/?schdate=2026-09-27&perfix=136396,webedia-api; occupancy_rate=0; reserved=n,MARQ,,,webedia-api
2026-09-25,webedia-2026-09-27T18:45Z,2026-09-27T18:45:50.381126+00:00,2026-09-27T18:00Z,2026-09-27,Sunday,Marquee Cinemas - Orchard 14,,America/New_York,Forgotten Island,21:25,X0K7G:2026-09-27T21:25:00:3,399,Screen 3,Digital,,,,0.0,,https://omniwebticketing9.com/marquee/new-hartford/?schdate=2026-09-27&perfix=136397,webedia-api; occupancy_rate=0; reserved=n,MARQ,,,webedia-api
2026-09-25,webedia-2026-09-27T18:45Z,2026-09-27T18:45:50.381126+00:00,2026-09-27T18:00Z,2026-09-27,Sunday,Marquee Cinemas - Orchard 14,,America/New_York,Heart of the Beast,12:40,X0K7G:2026-09-27T12:40:00:2,0,Screen 2,Digital,,,,51.0,,https://omniwebticketing9.com/marquee/new-hartford/?schdate=2026-09-27&perfix=135385,webedia-api; post-show-census; occupancy_rate=51; reserved=n,MARQ,,,post-show-census
2026-09-25,webedia-2026-09-27T18:45Z,2026-09-27T18:45:50.381126+00:00,2026-09-27T18:00Z,2026-09-27,Sunday,Marquee Cinemas - Orchard 14,,America/New_York,Heart of the Beast,15:40,X0K7G:2026-09-27T15:40:00:2,54,Screen 2,Digital,,,,27.0,,https://omniwebticketing9.com/marquee/new-hartford/?schdate=2026-09-27&perfix=135386,webedia-api; occupancy_rate=27; reserved=n,MARQ,,,webedia-api
2026-09-25,webedia-2026-09-27T18:45Z,2026-09-27T18:45:50.381126+00:00,2026-09-27T18:00Z,2026-09-27,Sunday,Marquee Cinemas - Orchard 14,,America/New_York,Heart of the Beast,18:15,X0K7G:2026-09-27T18:15:00:7,209,Screen 7,Digital,,,,2.0,,https://omniwebticketing9.com/marquee/new-hartford/?schdate=2026-09-27&perfix=136407,webedia-api; occupancy_rate=2; reserved=n,MARQ,,,webedia-api
2026-09-25,webedia-2026-09-27T18:45Z,2026-09-27T18:45:50.381126+00:00,2026-09-27T18:00Z,2026-09-27,Sunday,Marquee Cinemas - Orchard 14,,America/New_York,Heart of the Beast,18:40,X0K7G:2026-09-27T18:40:00:2,234,Screen 2,Digital,,,,5.0,,https://omniwebticketing9.com/marquee/new-hartford/?schdate=2026-09-27&perfix=135387,webedia-api; occupancy_rate=5; reserved=n,MARQ,,,webedia-api
2026-09-25,webedia-2026-09-27T18:45Z,2026-09-27T18:45:50.381126+00:00,2026-09-27T18:00Z,2026-09-27,Sunday,Marquee Cinemas - Orchard 14,,America/New_York,Heart of the Beast,21:20,X0K7G:2026-09-27T21:20:00:2,394,Screen 2,Digital,,,,0.0,,https://omniwebticketing9.com/marquee/new-hartford/?schdate=2026-09-27&perfix=135388,webedia-api; occupancy_rate=0; reserved=n,MARQ,,,webedia-api
2026-09-25,webedia-2026-09-27T18:45Z,2026-09-27T18:45:50.381126+00:00,2026-09-27T18:00Z,2026-09-27,Sunday,Marquee Cinemas - Orchard 14,,America/New_York,Primetime,13:00,X0K7G:2026-09-27T13:00:00:5,0,Screen 5,Digital,,,,10.0,,https://omniwebticketing9.com/marquee/new-hartford/?schdate=2026-09-27&perfix=136398,webedia-api; post-show-census; occupancy_rate=10; reserved=n,MARQ,,,post-show-census
2026-09-25,webedia-2026-09-27T18:45Z,2026-09-27T18:45:50.381126+00:00,2026-09-27T18:00Z,2026-09-27,Sunday,Marquee Cinemas - Orchard 14,,America/New_York,Primetime,16:00,X0K7G:2026-09-27T16:00:00:5,74,Screen 5,Digital,,,,5.0,,https://omniwebticketing9.com/marquee/new-hartford/?schdate=2026-09-27&perfix=136619,webedia-api; occupancy_rate=5; reserved=n,MARQ,,,webedia-api
2026-09-25,webedia-2026-09-27T18:45Z,2026-09-27T18:45:50.381126+00:00,2026-09-27T18:00Z,2026-09-27,Sunday,Marquee Cinemas - Orchard 14,,America/New_York,Primetime,19:00,X0K7G:2026-09-27T19:00:00:5,254,Screen 5,Digital,,,,10.0,,https://omniwebticketing9.com/marquee/new-hartford/?schdate=2026-09-27&perfix=136399,webedia-api; occupancy_rate=10; reserved=n,MARQ,,,webedia-api
2026-09-25,webedia-2026-09-27T18:45Z,2026-09-27T18:45:50.381126+00:00,2026-09-27T18:00Z,2026-09-27,Sunday,Marquee Cinemas - Orchard 14,,America/New_York,Primetime,21:40,X0K7G:2026-09-27T21:40:00:5,414,Screen 5,Digital,,,,0.0,,https://omniwebticketing9.com/marquee/new-hartford/?schdate=2026-09-27&perfix=136400,webedia-api; occupancy_rate=0; reserved=n,MARQ,,,webedia-api
2026-09-25,webedia-2026-09-27T18:45Z,2026-09-27T18:45:50.381126+00:00,2026-09-27T18:00Z,2026-09-27,Sunday,Marquee Cinemas - Pinnacle 12,,America/New_York,Forgotten Island,12:00,X0WFJ:2026-09-27T12:00:00:6,0,Screen 6,Digital,,,,0.0,,https://omniwebticketing9.com/marquee/bristol/?schdate=2026-09-27&perfix=122668,webedia-api; post-show-census; occupancy_rate=0; reserved=n,MARQ,,,post-show-census
2026-09-25,webedia-2026-09-27T18:45Z,2026-09-27T18:45:50.381126+00:00,2026-09-27T18:00Z,2026-09-27,Sunday,Marquee Cinemas - Pinnacle 12,,America/New_York,Forgotten Island,12:20,X0WFJ:2026-09-27T12:20:00:4,0,Screen 4,3d,,,,0.0,,https://omniwebticketing9.com/marquee/bristol/?schdate=2026-09-27&perfix=122664,webedia-api; post-show-census; occupancy_rate=0; reserved=n,MARQ,,,post-show-census
2026-09-25,webedia-2026-09-27T18:45Z,2026-09-27T18:45:50.381126+00:00,2026-09-27T18:00Z,2026-09-27,Sunday,Marquee Cinemas - Pinnacle 12,,America/New_York,Forgotten Island,12:50,X0WFJ:2026-09-27T12:50:00:1,0,Screen 1,Digital,,,,3.0,,https://omniwebticketing9.com/marquee/bristol/?schdate=2026-09-27&perfix=122656,webedia-api; post-show-census; occupancy_rate=3; reserved=n,MARQ,,,post-show-census
2026-09-25,webedia-2026-09-27T18:45Z,2026-09-27T18:45:50.381126+00:00,2026-09-27T18:00Z,2026-09-27,Sunday,Marquee Cinemas - Pinnacle 12,,America/New_York,Forgotten Island,15:00,X0WFJ:2026-09-27T15:00:00:6,14,Screen 6,Digital,,,,2.0,,https://omniwebticketing9.com/marquee/bristol/?schdate=2026-09-27&perfix=122669,webedia-api; occupancy_rate=2; reserved=n,MARQ,,,webedia-api
2026-09-25,webedia-2026-09-27T18:45Z,2026-09-27T18:45:50.381126+00:00,2026-09-27T18:00Z,2026-09-27,Sunday,Marquee Cinemas - Pinnacle 12,,America/New_York,Forgotten Island,15:50,X0WFJ:2026-09-27T15:50:00:1,64,Screen 1,Digital,,,,0.0,,https://omniwebticketing9.com/marquee/bristol/?schdate=2026-09-27&perfix=122657,webedia-api; occupancy_rate=0; reserved=n,MARQ,,,webedia-api
2026-09-25,webedia-2026-09-27T18:45Z,2026-09-27T18:45:50.381126+00:00,2026-09-27T18:00Z,2026-09-27,Sunday,Marquee Cinemas - Pinnacle 12,,America/New_York,Forgotten Island,18:20,X0WFJ:2026-09-27T18:20:00:4,214,Screen 4,3d,,,,0.0,,https://omniwebticketing9.com/marquee/bristol/?schdate=2026-09-27&perfix=122665,webedia-api; occupancy_rate=0; reserved=n,MARQ,,,webedia-api
2026-09-25,webedia-2026-09-27T18:45Z,2026-09-27T18:45:50.381126+00:00,2026-09-27T18:00Z,2026-09-27,Sunday,Marquee Cinemas - Pinnacle 12,,America/New_York,Forgotten Island,18:50,X0WFJ:2026-09-27T18:50:00:1,244,Screen 1,Digital,,,,0.0,,https://omniwebticketing9.com/marquee/bristol/?schdate=2026-09-27&perfix=122658,webedia-api; occupancy_rate=0; reserved=n,MARQ,,,webedia-api
2026-09-25,webedia-2026-09-27T18:45Z,2026-09-27T18:45:50.381126+00:00,2026-09-27T18:00Z,2026-09-27,Sunday,Marquee Cinemas - Pinnacle 12,,America/New_York,Forgotten Island,21:25,X0WFJ:2026-09-27T21:25:00:1,399,Screen 1,Digital,,,,0.0,,https://omniwebticketing9.com/marquee/bristol/?schdate=2026-09-27&perfix=122659,webedia-api; occupancy_rate=0; reserved=n,MARQ,,,webedia-api
2026-09-25,webedia-2026-09-27T18:45Z,2026-09-27T18:45:50.381126+00:00,2026-09-27T18:00Z,2026-09-27,Sunday,Marquee Cinemas - Pinnacle 12,,America/New_York,Heart of the Beast,12:40,X0WFJ:2026-09-27T12:40:00:3,0,Screen 3,Digital,,,,48.0,,https://omniwebticketing9.com/marquee/bristol/?schdate=2026-09-27&perfix=121816,webedia-api; post-show-census; occupancy_rate=48; reserved=n,MARQ,,,post-show-census
2026-09-25,webedia-2026-09-27T18:45Z,2026-09-27T18:45:50.381126+00:00,2026-09-27T18:00Z,2026-09-27,Sunday,Marquee Cinemas - Pinnacle 12,,America/New_York,Heart of the Beast,15:40,X0WFJ:2026-09-27T15:40:00:3,54,Screen 3,Digital,,,,32.0,,https://omniwebticketing9.com/marquee/bristol/?schdate=2026-09-27&perfix=121817,webedia-api; occupancy_rate=32; reserved=n,MARQ,,,webedia-api
2026-09-25,webedia-2026-09-27T18:45Z,2026-09-27T18:45:50.381126+00:00,2026-09-27T18:00Z,2026-09-27,Sunday,Marquee Cinemas - Pinnacle 12,,America/New_York,Heart of the Beast,18:15,X0WFJ:2026-09-27T18:15:00:6,209,Screen 6,Digital,,,,7.0,,https://omniwebticketing9.com/marquee/bristol/?schdate=2026-09-27&perfix=122670,webedia-api; occupancy_rate=7; reserved=n,MARQ,,,webedia-api
2026-09-25,webedia-2026-09-27T18:45Z,2026-09-27T18:45:50.381126+00:00,2026-09-27T18:00Z,2026-09-27,Sunday,Marquee Cinemas - Pinnacle 12,,America/New_York,Heart of the Beast,18:40,X0WFJ:2026-09-27T18:40:00:3,234,Screen 3,Digital,,,,9.0,,https://omniwebticketing9.com/marquee/bristol/?schdate=2026-09-27&perfix=121818,webedia-api; occupancy_rate=9; reserved=n,MARQ,,,webedia-api
2026-09-25,webedia-2026-09-27T18:45Z,2026-09-27T18:45:50.381126+00:00,2026-09-27T18:00Z,2026-09-27,Sunday,Marquee Cinemas - Pinnacle 12,,America/New_York,Heart of the Beast,21:20,X0WFJ:2026-09-27T21:20:00:3,394,Screen 3,Digital,,,,0.0,,https://omniwebticketing9.com/marquee/bristol/?schdate=2026-09-27&perfix=121819,webedia-api; occupancy_rate=0; reserved=n,MARQ,,,webedia-api
2026-09-25,webedia-2026-09-27T18:45Z,2026-09-27T18:45:50.381126+00:00,2026-09-27T18:00Z,2026-09-27,Sunday,Marquee Cinemas - Pinnacle 12,,America/New_York,Primetime,13:00,X0WFJ:2026-09-27T13:00:00:12,0,Screen 12,Digital,,,,7.0,,https://omniwebticketing9.com/marquee/bristol/?schdate=2026-09-27&perfix=122689,webedia-api; post-show-census; occupancy_rate=7; reserved=n,MARQ,,,post-show-census
2026-09-25,webedia-2026-09-27T18:45Z,2026-09-27T18:45:50.381126+00:00,2026-09-27T18:00Z,2026-09-27,Sunday,Marquee Cinemas - Pinnacle 12,,America/New_York,Primetime,16:00,X0WFJ:2026-09-27T16:00:00:12,74,Screen 12,Digital,,,,2.0,,https://omniwebticketing9.com/marquee/bristol/?schdate=2026-09-27&perfix=122690,webedia-api; occupancy_rate=2; reserved=n,MARQ,,,webedia-api
2026-09-25,webedia-2026-09-27T18:45Z,2026-09-27T18:45:50.381126+00:00,2026-09-27T18:00Z,2026-09-27,Sunday,Marquee Cinemas - Pinnacle 12,,America/New_York,Primetime,19:00,X0WFJ:2026-09-27T19:00:00:12,254,Screen 12,Digital,,,,3.0,,https://omniwebticketing9.com/marquee/bristol/?schdate=2026-09-27&perfix=122691,webedia-api; occupancy_rate=3; reserved=n,MARQ,,,webedia-api
2026-09-25,webedia-2026-09-27T18:45Z,2026-09-27T18:45:50.381126+00:00,2026-09-27T18:00Z,2026-09-27,Sunday,Marquee Cinemas - Pinnacle 12,,America/New_York,Primetime,21:40,X0WFJ:2026-09-27T21:40:00:12,414,Screen 12,Digital,,,,0.0,,https://omniwebticketing9.com/marquee/bristol/?schdate=2026-09-27&perfix=122692,webedia-api; occupancy_rate=0; reserved=n,MARQ,,,webedia-api
2026-09-25,webedia-2026-09-27T18:45Z,2026-09-27T18:45:50.381126+00:00,2026-09-27T18:00Z,2026-09-27,Sunday,Marquee Cinemas - Southridge 12,,America/New_York,Forgotten Island,12:00,X0K7K:2026-09-27T12:00:00:3,0,Screen 3,Digital,,,,1.0,,https://omniwebticketing9.com/marquee/south-charleston/?schdate=2026-09-27&perfix=117313,webedia-api; post-show-census; occupancy_rate=1; reserved=n,MARQ,,,post-show-census
2026-09-25,webedia-2026-09-27T18:45Z,2026-09-27T18:45:50.381126+00:00,2026-09-27T18:00Z,2026-09-27,Sunday,Marquee Cinemas - Southridge 12,,America/New_York,Forgotten Island,12:20,X0K7K:2026-09-27T12:20:00:5,0,Screen 5,3d,,,,3.0,,https://omniwebticketing9.com/marquee/south-charleston/?schdate=2026-09-27&perfix=117312,webedia-api; post-show-census; occupancy_rate=3; reserved=n,MARQ,,,post-show-census
2026-09-25,webedia-2026-09-27T18:45Z,2026-09-27T18:45:50.381126+00:00,2026-09-27T18:00Z,2026-09-27,Sunday,Marquee Cinemas - Southridge 12,,America/New_York,Forgotten Island,12:50,X0K7K:2026-09-27T12:50:00:9,0,Screen 9,Digital,,,,8.0,,https://omniwebticketing9.com/marquee/south-charleston/?schdate=2026-09-27&perfix=117308,webedia-api; post-show-census; occupancy_rate=8; reserved=n,MARQ,,,post-show-census
2026-09-25,webedia-2026-09-27T18:45Z,2026-09-27T18:45:50.381126+00:00,2026-09-27T18:00Z,2026-09-27,Sunday,Marquee Cinemas - Southridge 12,,America/New_York,Forgotten Island,15:00,X0K7K:2026-09-27T15:00:00:3,14,Screen 3,Digital,,,,0.0,,https://omniwebticketing9.com/marquee/south-charleston/?schdate=2026-09-27&perfix=117314,webedia-api; occupancy_rate=0; reserved=n,MARQ,,,webedia-api
2026-09-25,webedia-2026-09-27T18:45Z,2026-09-27T18:45:50.381126+00:00,2026-09-27T18:00Z,2026-09-27,Sunday,Marquee Cinemas - Southridge 12,,America/New_York,Forgotten Island,15:20,X0K7K:2026-09-27T15:20:00:5,34,Screen 5,Digital,,,,0.0,,https://omniwebticketing9.com/marquee/south-charleston/?schdate=2026-09-27&perfix=117344,webedia-api; occupancy_rate=0; reserved=n,MARQ,,,webedia-api
2026-09-25,webedia-2026-09-27T18:45Z,2026-09-27T18:45:50.381126+00:00,2026-09-27T18:00Z,2026-09-27,Sunday,Marquee Cinemas - Southridge 12,,America/New_York,Forgotten Island,15:50,X0K7K:2026-09-27T15:50:00:9,64,Screen 9,Digital,,,,0.0,,https://omniwebticketing9.com/marquee/south-charleston/?schdate=2026-09-27&perfix=117309,webedia-api; occupancy_rate=0; reserved=n,MARQ,,,webedia-api
2026-09-25,webedia-2026-09-27T18:45Z,2026-09-27T18:45:50.381126+00:00,2026-09-27T18:00Z,2026-09-27,Sunday,Marquee Cinemas - Southridge 12,,America/New_York,Forgotten Island,18:50,X0K7K:2026-09-27T18:50:00:9,244,Screen 9,Digital,,,,0.0,,https://omniwebticketing9.com/marquee/south-charleston/?schdate=2026-09-27&perfix=117310,webedia-api; occupancy_rate=0; reserved=n,MARQ,,,webedia-api
2026-09-25,webedia-2026-09-27T18:45Z,2026-09-27T18:45:50.381126+00:00,2026-09-27T18:00Z,2026-09-27,Sunday,Marquee Cinemas - Southridge 12,,America/New_York,Forgotten Island,21:25,X0K7K:2026-09-27T21:25:00:9,399,Screen 9,Digital,,,,0.0,,https://omniwebticketing9.com/marquee/south-charleston/?schdate=2026-09-27&perfix=117311,webedia-api; occupancy_rate=0; reserved=n,MARQ,,,webedia-api
2026-09-25,webedia-2026-09-27T18:45Z,2026-09-27T18:45:50.381126+00:00,2026-09-27T18:00Z,2026-09-27,Sunday,Marquee Cinemas - Southridge 12,,America/New_York,Heart of the Beast,12:40,X0K7K:2026-09-27T12:40:00:10,0,Screen 10,Digital,,,,14.0,,https://omniwebticketing9.com/marquee/south-charleston/?schdate=2026-09-27&perfix=116432,webedia-api; post-show-census; occupancy_rate=14; reserved=n,MARQ,,,post-show-census
2026-09-25,webedia-2026-09-27T18:45Z,2026-09-27T18:45:50.381126+00:00,2026-09-27T18:00Z,2026-09-27,Sunday,Marquee Cinemas - Southridge 12,,America/New_York,Heart of the Beast,15:40,X0K7K:2026-09-27T15:40:00:10,54,Screen 10,Digital,,,,3.0,,https://omniwebticketing9.com/marquee/south-charleston/?schdate=2026-09-27&perfix=116433,webedia-api; occupancy_rate=3; reserved=n,MARQ,,,webedia-api
2026-09-25,webedia-2026-09-27T18:45Z,2026-09-27T18:45:50.381126+00:00,2026-09-27T18:00Z,2026-09-27,Sunday,Marquee Cinemas - Southridge 12,,America/New_York,Heart of the Beast,18:15,X0K7K:2026-09-27T18:15:00:3,209,Screen 3,Digital,,,,3.0,,https://omniwebticketing9.com/marquee/south-charleston/?schdate=2026-09-27&perfix=117315,webedia-api; occupancy_rate=3; reserved=n,MARQ,,,webedia-api
2026-09-25,webedia-2026-09-27T18:45Z,2026-09-27T18:45:50.381126+00:00,2026-09-27T18:00Z,2026-09-27,Sunday,Marquee Cinemas - Southridge 12,,America/New_York,Heart of the Beast,18:40,X0K7K:2026-09-27T18:40:00:10,234,Screen 10,Digital,,,,0.0,,https://omniwebticketing9.com/marquee/south-charleston/?schdate=2026-09-27&perfix=116434,webedia-api; occupancy_rate=0; reserved=n,MARQ,,,webedia-api
2026-09-25,webedia-2026-09-27T18:45Z,2026-09-27T18:45:50.381126+00:00,2026-09-27T18:00Z,2026-09-27,Sunday,Marquee Cinemas - Southridge 12,,America/New_York,Heart of the Beast,21:20,X0K7K:2026-09-27T21:20:00:10,394,Screen 10,Digital,,,,1.0,,https://omniwebticketing9.com/marquee/south-charleston/?schdate=2026-09-27&perfix=116435,webedia-api; occupancy_rate=1; reserved=n,MARQ,,,webedia-api
2026-09-25,webedia-2026-09-27T18:45Z,2026-09-27T18:45:50.381126+00:00,2026-09-27T18:00Z,2026-09-27,Sunday,Marquee Cinemas - Southridge 12,,America/New_York,Primetime,13:00,X0K7K:2026-09-27T13:00:00:6,0,Screen 6,Digital,,,,16.0,,https://omniwebticketing9.com/marquee/south-charleston/?schdate=2026-09-27&perfix=117339,webedia-api; post-show-census; occupancy_rate=16; reserved=n,MARQ,,,post-show-census
2026-09-25,webedia-2026-09-27T18:45Z,2026-09-27T18:45:50.381126+00:00,2026-09-27T18:00Z,2026-09-27,Sunday,Marquee Cinemas - Southridge 12,,America/New_York,Primetime,16:00,X0K7K:2026-09-27T16:00:00:6,74,Screen 6,Digital,,,,4.0,,https://omniwebticketing9.com/marquee/south-charleston/?schdate=2026-09-27&perfix=117343,webedia-api; occupancy_rate=4; reserved=n,MARQ,,,webedia-api
2026-09-25,webedia-2026-09-27T18:45Z,2026-09-27T18:45:50.381126+00:00,2026-09-27T18:00Z,2026-09-27,Sunday,Marquee Cinemas - Southridge 12,,America/New_York,Primetime,19:00,X0K7K:2026-09-27T19:00:00:6,254,Screen 6,Digital,,,,0.0,,https://omniwebticketing9.com/marquee/south-charleston/?schdate=2026-09-27&perfix=117340,webedia-api; occupancy_rate=0; reserved=n,MARQ,,,webedia-api
2026-09-25,webedia-2026-09-27T18:45Z,2026-09-27T18:45:50.381126+00:00,2026-09-27T18:00Z,2026-09-27,Sunday,Marquee Cinemas - Southridge 12,,America/New_York,Primetime,21:40,X0K7K:2026-09-27T21:40:00:6,414,Screen 6,Digital,,,,0.0,,https://omniwebticketing9.com/marquee/south-charleston/?schdate=2026-09-27&perfix=117341,webedia-api; occupancy_rate=0; reserved=n,MARQ,,,webedia-api
2026-09-25,webedia-2026-09-27T18:45Z,2026-09-27T18:45:50.381126+00:00,2026-09-27T18:00Z,2026-09-27,Sunday,Marquee Cinemas - Wakefield 12,,America/New_York,Forgotten Island,12:20,X0K7N:2026-09-27T12:20:00:12,0,Screen 12,3d,,,,0.0,,https://omniwebticketing9.com/marquee/raleigh/?schdate=2026-09-27&perfix=122906,webedia-api; post-show-census; occupancy_rate=0; reserved=n,MARQ,,,post-show-census
2026-09-25,webedia-2026-09-27T18:45Z,2026-09-27T18:45:50.381126+00:00,2026-09-27T18:00Z,2026-09-27,Sunday,Marquee Cinemas - Wakefield 12,,America/New_York,Forgotten Island,12:50,X0K7N:2026-09-27T12:50:00:8,0,Screen 8,Digital,,,,31.0,,https://omniwebticketing9.com/marquee/raleigh/?schdate=2026-09-27&perfix=122888,webedia-api; post-show-census; occupancy_rate=31; reserved=n,MARQ,,,post-show-census
2026-09-25,webedia-2026-09-27T18:45Z,2026-09-27T18:45:50.381126+00:00,2026-09-27T18:00Z,2026-09-27,Sunday,Marquee Cinemas - Wakefield 12,,America/New_York,Forgotten Island,15:20,X0K7N:2026-09-27T15:20:00:12,34,Screen 12,Digital,,,,0.0,,https://omniwebticketing9.com/marquee/raleigh/?schdate=2026-09-27&perfix=122907,webedia-api; occupancy_rate=0; reserved=n,MARQ,,,webedia-api
2026-09-25,webedia-2026-09-27T18:45Z,2026-09-27T18:45:50.381126+00:00,2026-09-27T18:00Z,2026-09-27,Sunday,Marquee Cinemas - Wakefield 12,,America/New_York,Forgotten Island,15:50,X0K7N:2026-09-27T15:50:00:8,64,Screen 8,Digital,,,,4.0,,https://omniwebticketing9.com/marquee/raleigh/?schdate=2026-09-27&perfix=122889,webedia-api; occupancy_rate=4; reserved=n,MARQ,,,webedia-api
2026-09-25,webedia-2026-09-27T18:45Z,2026-09-27T18:45:50.381126+00:00,2026-09-27T18:00Z,2026-09-27,Sunday,Marquee Cinemas - Wakefield 12,,America/New_York,Forgotten Island,18:50,X0K7N:2026-09-27T18:50:00:8,244,Screen 8,Digital,,,,6.0,,https://omniwebticketing9.com/marquee/raleigh/?schdate=2026-09-27&perfix=122890,webedia-api; occupancy_rate=6; reserved=n,MARQ,,,webedia-api
2026-09-25,webedia-2026-09-27T18:45Z,2026-09-27T18:45:50.381126+00:00,2026-09-27T18:00Z,2026-09-27,Sunday,Marquee Cinemas - Wakefield 12,,America/New_York,Forgotten Island,21:25,X0K7N:2026-09-27T21:25:00:8,399,Screen 8,Digital,,,,0.0,,https://omniwebticketing9.com/marquee/raleigh/?schdate=2026-09-27&perfix=122891,webedia-api; occupancy_rate=0; reserved=n,MARQ,,,webedia-api
2026-09-25,webedia-2026-09-27T18:45Z,2026-09-27T18:45:50.381126+00:00,2026-09-27T18:00Z,2026-09-27,Sunday,Marquee Cinemas - Wakefield 12,,America/New_York,Heart of the Beast,12:40,X0K7N:2026-09-27T12:40:00:7,0,Screen 7,Digital,,,,19.0,,https://omniwebticketing9.com/marquee/raleigh/?schdate=2026-09-27&perfix=121721,webedia-api; post-show-census; occupancy_rate=19; reserved=n,MARQ,,,post-show-census
2026-09-25,webedia-2026-09-27T18:45Z,2026-09-27T18:45:50.381126+00:00,2026-09-27T18:00Z,2026-09-27,Sunday,Marquee Cinemas - Wakefield 12,,America/New_York,Heart of the Beast,15:40,X0K7N:2026-09-27T15:40:00:7,54,Screen 7,Digital,,,,16.0,,https://omniwebticketing9.com/marquee/raleigh/?schdate=2026-09-27&perfix=121722,webedia-api; occupancy_rate=16; reserved=n,MARQ,,,webedia-api
2026-09-25,webedia-2026-09-27T18:45Z,2026-09-27T18:45:50.381126+00:00,2026-09-27T18:00Z,2026-09-27,Sunday,Marquee Cinemas - Wakefield 12,,America/New_York,Heart of the Beast,18:40,X0K7N:2026-09-27T18:40:00:7,234,Screen 7,Digital,,,,5.0,,https://omniwebticketing9.com/marquee/raleigh/?schdate=2026-09-27&perfix=121723,webedia-api; occupancy_rate=5; reserved=n,MARQ,,,webedia-api
2026-09-25,webedia-2026-09-27T18:45Z,2026-09-27T18:45:50.381126+00:00,2026-09-27T18:00Z,2026-09-27,Sunday,Marquee Cinemas - Wakefield 12,,America/New_York,Heart of the Beast,21:20,X0K7N:2026-09-27T21:20:00:7,394,Screen 7,Digital,,,,0.0,,https://omniwebticketing9.com/marquee/raleigh/?schdate=2026-09-27&perfix=121724,webedia-api; occupancy_rate=0; reserved=n,MARQ,,,webedia-api
2026-09-25,webedia-2026-09-27T18:45Z,2026-09-27T18:45:50.381126+00:00,2026-09-27T18:00Z,2026-09-27,Sunday,Marquee Cinemas - Wakefield 12,,America/New_York,Primetime,13:00,X0K7N:2026-09-27T13:00:00:5,0,Screen 5,Digital,,,,8.0,,https://omniwebticketing9.com/marquee/raleigh/?schdate=2026-09-27&perfix=122884,webedia-api; post-show-census; occupancy_rate=8; reserved=n,MARQ,,,post-show-census
2026-09-25,webedia-2026-09-27T18:45Z,2026-09-27T18:45:50.381126+00:00,2026-09-27T18:00Z,2026-09-27,Sunday,Marquee Cinemas - Wakefield 12,,America/New_York,Primetime,16:00,X0K7N:2026-09-27T16:00:00:5,74,Screen 5,Digital,,,,7.0,,https://omniwebticketing9.com/marquee/raleigh/?schdate=2026-09-27&perfix=122885,webedia-api; occupancy_rate=7; reserved=n,MARQ,,,webedia-api
2026-09-25,webedia-2026-09-27T18:45Z,2026-09-27T18:45:50.381126+00:00,2026-09-27T18:00Z,2026-09-27,Sunday,Marquee Cinemas - Wakefield 12,,America/New_York,Primetime,19:00,X0K7N:2026-09-27T19:00:00:5,254,Screen 5,Digital,,,,8.0,,https://omniwebticketing9.com/marquee/raleigh/?schdate=2026-09-27&perfix=122886,webedia-api; occupancy_rate=8; reserved=n,MARQ,,,webedia-api
2026-09-25,webedia-2026-09-27T18:45Z,2026-09-27T18:45:50.381126+00:00,2026-09-27T18:00Z,2026-09-27,Sunday,Marquee Cinemas - Wakefield 12,,America/New_York,Primetime,21:40,X0K7N:2026-09-27T21:40:00:5,414,Screen 5,Digital,,,,0.0,,https://omniwebticketing9.com/marquee/raleigh/?schdate=2026-09-27&perfix=122887,webedia-api; occupancy_rate=0; reserved=n,MARQ,,,webedia-api
2026-09-25,webedia-2026-09-27T18:45Z,2026-09-27T18:45:50.381126+00:00,2026-09-27T18:00Z,2026-09-27,Sunday,Marquee Cinemas - Wytheville 8,,America/New_York,Forgotten Island,12:50,X0K7W:2026-09-27T12:50:00:5,0,Screen 5,Digital,,,,0.0,,https:\\omniwebticketing9.com\marquee\wytheville\?schdate=2026-09-27&perfix=71997,webedia-api; post-show-census; occupancy_rate=0; reserved=n,MARQ,,,post-show-census
2026-09-25,webedia-2026-09-27T18:45Z,2026-09-27T18:45:50.381126+00:00,2026-09-27T18:00Z,2026-09-27,Sunday,Marquee Cinemas - Wytheville 8,,America/New_York,Forgotten Island,15:50,X0K7W:2026-09-27T15:50:00:5,64,Screen 5,Digital,,,,0.0,,https:\\omniwebticketing9.com\marquee\wytheville\?schdate=2026-09-27&perfix=71998,webedia-api; occupancy_rate=0; reserved=n,MARQ,,,webedia-api
2026-09-25,webedia-2026-09-27T18:45Z,2026-09-27T18:45:50.381126+00:00,2026-09-27T18:00Z,2026-09-27,Sunday,Marquee Cinemas - Wytheville 8,,America/New_York,Forgotten Island,18:50,X0K7W:2026-09-27T18:50:00:5,244,Screen 5,Digital,,,,0.0,,https:\\omniwebticketing9.com\marquee\wytheville\?schdate=2026-09-27&perfix=71999,webedia-api; occupancy_rate=0; reserved=n,MARQ,,,webedia-api
2026-09-25,webedia-2026-09-27T18:45Z,2026-09-27T18:45:50.381126+00:00,2026-09-27T18:00Z,2026-09-27,Sunday,Marquee Cinemas - Wytheville 8,,America/New_York,Heart of the Beast,12:40,X0K7W:2026-09-27T12:40:00:4,0,Screen 4,Digital,,,,9.0,,https:\\omniwebticketing9.com\marquee\wytheville\?schdate=2026-09-27&perfix=71480,webedia-api; post-show-census; occupancy_rate=9; reserved=n,MARQ,,,post-show-census
2026-09-25,webedia-2026-09-27T18:45Z,2026-09-27T18:45:50.381126+00:00,2026-09-27T18:00Z,2026-09-27,Sunday,Marquee Cinemas - Wytheville 8,,America/New_York,Heart of the Beast,15:40,X0K7W:2026-09-27T15:40:00:4,54,Screen 4,Digital,,,,4.0,,https:\\omniwebticketing9.com\marquee\wytheville\?schdate=2026-09-27&perfix=71481,webedia-api; occupancy_rate=4; reserved=n,MARQ,,,webedia-api
2026-09-25,webedia-2026-09-27T18:45Z,2026-09-27T18:45:50.381126+00:00,2026-09-27T18:00Z,2026-09-27,Sunday,Marquee Cinemas - Wytheville 8,,America/New_York,Heart of the Beast,18:40,X0K7W:2026-09-27T18:40:00:4,234,Screen 4,Digital,,,,0.0,,https:\\omniwebticketing9.com\marquee\wytheville\?schdate=2026-09-27&perfix=71482,webedia-api; occupancy_rate=0; reserved=n,MARQ,,,webedia-api
2026-09-25,webedia-2026-09-27T18:45Z,2026-09-27T18:45:50.381126+00:00,2026-09-27T18:00Z,2026-09-27,Sunday,Marquee Cinemas - Wytheville 8,,America/New_York,Primetime,13:00,X0K7W:2026-09-27T13:00:00:1,0,Screen 1,Digital,,,,1.0,,https:\\omniwebticketing9.com\marquee\wytheville\?schdate=2026-09-27&perfix=71985,webedia-api; post-show-census; occupancy_rate=1; reserved=n,MARQ,,,post-show-census
2026-09-25,webedia-2026-09-27T18:45Z,2026-09-27T18:45:50.381126+00:00,2026-09-27T18:00Z,2026-09-27,Sunday,Marquee Cinemas - Wytheville 8,,America/New_York,Primetime,16:00,X0K7W:2026-09-27T16:00:00:1,74,Screen 1,Digital,,,,0.0,,https:\\omniwebticketing9.com\marquee\wytheville\?schdate=2026-09-27&perfix=71986,webedia-api; occupancy_rate=0; reserved=n,MARQ,,,webedia-api
2026-09-25,webedia-2026-09-27T18:45Z,2026-09-27T18:45:50.381126+00:00,2026-09-27T18:00Z,2026-09-27,Sunday,Marquee Cinemas - Wytheville 8,,America/New_York,Primetime,19:00,X0K7W:2026-09-27T19:00:00:1,254,Screen 1,Digital,,,,0.0,,https:\\omniwebticketing9.com\marquee\wytheville\?schdate=2026-09-27&perfix=71987,webedia-api; occupancy_rate=0; reserved=n,MARQ,,,webedia-api
2026-09-25,webedia-2026-09-27T19:05Z,2026-09-27T19:05:45.958878+00:00,2026-09-27T19:00Z,2026-09-27,Sunday,"Landmark Aquarius Theatre, Palo Alto",,America/Los_Angeles,Primetime,14:00,X00TM:2026-09-27T14:00:00:2,114,Screen 2,Digital,,,,0.0,0,https://booking.landmarktheatres.com/launch/ticketing/2ea83cc7-d9fc-511d-bedb-b5e42d65d56c,webedia-api; occupancy_rate=0; reserved=y,LMRK,,,webedia-api
2026-09-25,webedia-2026-09-27T19:05Z,2026-09-27T19:05:45.958878+00:00,2026-09-27T19:00Z,2026-09-27,Sunday,"Landmark Aquarius Theatre, Palo Alto",,America/Los_Angeles,Primetime,16:45,X00TM:2026-09-27T16:45:00:1,279,Screen 1,Digital,,,,15.0,0,https://booking.landmarktheatres.com/launch/ticketing/f8f0ed1d-1ab5-5e0c-82b2-5f67b0024cc1,webedia-api; occupancy_rate=15; reserved=y,LMRK,,,webedia-api
2026-09-25,webedia-2026-09-27T19:05Z,2026-09-27T19:05:45.958878+00:00,2026-09-27T19:00Z,2026-09-27,Sunday,"Landmark Aquarius Theatre, Palo Alto",,America/Los_Angeles,Primetime,19:00,X00TM:2026-09-27T19:00:00:2,414,Screen 2,Digital,,,,6.0,0,https://booking.landmarktheatres.com/launch/ticketing/7b43ee02-5dcc-5fdd-bcdf-0c1f6e7dbdd4,webedia-api; occupancy_rate=6; reserved=y,LMRK,,,webedia-api
2026-09-25,webedia-2026-09-27T19:05Z,2026-09-27T19:05:45.958878+00:00,2026-09-27T19:00Z,2026-09-27,Sunday,Landmark Atlantic Plumbing Cinema,,America/New_York,Heart of the Beast,13:30,X0WLT:2026-09-27T13:30:00:Screen 6,0,Screen Screen 6,Scope,,,,13.0,0,https://booking.landmarktheatres.com/launch/ticketing/61694139-d1f0-534f-8db5-47e1d89654ad,webedia-api; post-show-census; occupancy_rate=13; reserved=y,LMRK,,,post-show-census
2026-09-25,webedia-2026-09-27T19:05Z,2026-09-27T19:05:45.958878+00:00,2026-09-27T19:00Z,2026-09-27,Sunday,Landmark Atlantic Plumbing Cinema,,America/New_York,Heart of the Beast,16:20,X0WLT:2026-09-27T16:20:00:Screen 6,74,Screen Screen 6,Scope,,,,0.0,0,https://booking.landmarktheatres.com/launch/ticketing/e52f03bf-619e-54dd-8247-ce70d8798005,webedia-api; occupancy_rate=0; reserved=y,LMRK,,,webedia-api
2026-09-25,webedia-2026-09-27T19:05Z,2026-09-27T19:05:45.958878+00:00,2026-09-27T19:00Z,2026-09-27,Sunday,Landmark Atlantic Plumbing Cinema,,America/New_York,Heart of the Beast,19:00,X0WLT:2026-09-27T19:00:00:Screen 6,234,Screen Screen 6,Scope,,,,0.0,0,https://booking.landmarktheatres.com/launch/ticketing/2141e7f8-8ea8-5d64-a519-ec39cc2e131c,webedia-api; occupancy_rate=0; reserved=y,LMRK,,,webedia-api
2026-09-25,webedia-2026-09-27T19:05Z,2026-09-27T19:05:45.958878+00:00,2026-09-27T19:00Z,2026-09-27,Sunday,Landmark Atlantic Plumbing Cinema,,America/New_York,Primetime,13:45,X0WLT:2026-09-27T13:45:00:5,0,Screen 5,Digital,,,,61.0,0,https://booking.landmarktheatres.com/launch/ticketing/45e05ee4-ceed-5a5c-b0ff-02b72c570d77,webedia-api; post-show-census; occupancy_rate=61; reserved=y,LMRK,,,post-show-census
2026-09-25,webedia-2026-09-27T19:05Z,2026-09-27T19:05:45.958878+00:00,2026-09-27T19:00Z,2026-09-27,Sunday,Landmark Atlantic Plumbing Cinema,,America/New_York,Primetime,15:40,X0WLT:2026-09-27T15:40:00:Screen 2,34,Screen Screen 2,Digital,,,,64.0,0,https://booking.landmarktheatres.com/launch/ticketing/b58b51bc-23d3-5670-a4c1-ba0c38b1abe7,webedia-api; occupancy_rate=64; reserved=y,LMRK,,,webedia-api
2026-09-25,webedia-2026-09-27T19:05Z,2026-09-27T19:05:45.958878+00:00,2026-09-27T19:00Z,2026-09-27,Sunday,Landmark Atlantic Plumbing Cinema,,America/New_York,Primetime,16:40,X0WLT:2026-09-27T16:40:00:5,94,Screen 5,Digital,,,,49.0,0,https://booking.landmarktheatres.com/launch/ticketing/78b1ca15-fed8-56db-8836-45b0a8a31354,webedia-api; occupancy_rate=49; reserved=y,LMRK,,,webedia-api
2026-09-25,webedia-2026-09-27T19:05Z,2026-09-27T19:05:45.958878+00:00,2026-09-27T19:00Z,2026-09-27,Sunday,Landmark Atlantic Plumbing Cinema,,America/New_York,Primetime,18:20,X0WLT:2026-09-27T18:20:00:Screen 2,194,Screen Screen 2,Digital,,,,59.0,0,https://booking.landmarktheatres.com/launch/ticketing/bcae5f8c-1c22-57fe-a6f5-3c56bba0e1bf,webedia-api; occupancy_rate=59; reserved=y,LMRK,,,webedia-api
2026-09-25,webedia-2026-09-27T19:05Z,2026-09-27T19:05:45.958878+00:00,2026-09-27T19:00Z,2026-09-27,Sunday,Landmark Atlantic Plumbing Cinema,,America/New_York,Primetime,19:20,X0WLT:2026-09-27T19:20:00:5,254,Screen 5,Digital,,,,60.0,0,https://booking.landmarktheatres.com/launch/ticketing/df32e49d-3e85-57ae-b2d9-90e53737f32c,webedia-api; occupancy_rate=60; reserved=y,LMRK,,,webedia-api
2026-09-25,webedia-2026-09-27T19:05Z,2026-09-27T19:05:45.958878+00:00,2026-09-27T19:00Z,2026-09-27,Sunday,Landmark Bethesda Row Cinema,,America/New_York,Forgotten Island,12:15,X06C1:2026-09-27T12:15:00:2,0,Screen 2,Scope,,,,5.0,0,https://booking.landmarktheatres.com/launch/ticketing/e25fce76-ecf7-586e-bfb0-208ff2cfbd28,webedia-api; post-show-census; occupancy_rate=5; reserved=y,LMRK,,,post-show-census
2026-09-25,webedia-2026-09-27T19:05Z,2026-09-27T19:05:45.958878+00:00,2026-09-27T19:00Z,2026-09-27,Sunday,Landmark Bethesda Row Cinema,,America/New_York,Forgotten Island,13:15,X06C1:2026-09-27T13:15:00:5,0,Screen 5,"Scope,DolbyDigital",,,,15.0,0,https://booking.landmarktheatres.com/launch/ticketing/4667369b-a766-5e47-9cb6-90664eb3c16e,webedia-api; post-show-census; occupancy_rate=15; reserved=y,LMRK,,,post-show-census
2026-09-25,webedia-2026-09-27T19:05Z,2026-09-27T19:05:45.958878+00:00,2026-09-27T19:00Z,2026-09-27,Sunday,Landmark Bethesda Row Cinema,,America/New_York,Forgotten Island,16:15,X06C1:2026-09-27T16:15:00:5,69,Screen 5,"Scope,DolbyDigital",,,,3.0,0,https://booking.landmarktheatres.com/launch/ticketing/0e929383-c3a9-50a6-865e-a049104b783c,webedia-api; occupancy_rate=3; reserved=y,LMRK,,,webedia-api
2026-09-25,webedia-2026-09-27T19:05Z,2026-09-27T19:05:45.958878+00:00,2026-09-27T19:00Z,2026-09-27,Sunday,Landmark Bethesda Row Cinema,,America/New_York,Forgotten Island,19:15,X06C1:2026-09-27T19:15:00:5,249,Screen 5,"Scope,DolbyDigital",,,,0.0,0,https://booking.landmarktheatres.com/launch/ticketing/64440155-60c5-500f-8d98-076124e48f7d,webedia-api; occupancy_rate=0; reserved=y,LMRK,,,webedia-api
2026-09-25,webedia-2026-09-27T19:05Z,2026-09-27T19:05:45.958878+00:00,2026-09-27T19:00Z,2026-09-27,Sunday,Landmark Bethesda Row Cinema,,America/New_York,Heart of the Beast,14:30,X06C1:2026-09-27T14:30:00:3,0,Screen 3,Scope,,,,8.0,0,https://booking.landmarktheatres.com/launch/ticketing/4841438d-2225-543c-aa57-dae500618b8e,webedia-api; post-show-census; occupancy_rate=8; reserved=y,LMRK,,,post-show-census
2026-09-25,webedia-2026-09-27T19:05Z,2026-09-27T19:05:45.958878+00:00,2026-09-27T19:00Z,2026-09-27,Sunday,Landmark Bethesda Row Cinema,,America/New_York,Heart of the Beast,16:45,X06C1:2026-09-27T16:45:00:3,99,Screen 3,Scope,,,,12.0,0,https://booking.landmarktheatres.com/launch/ticketing/38c6ccf0-5e46-5479-a5d2-4455f85a9b97,webedia-api; occupancy_rate=12; reserved=y,LMRK,,,webedia-api
2026-09-25,webedia-2026-09-27T19:05Z,2026-09-27T19:05:45.958878+00:00,2026-09-27T19:00Z,2026-09-27,Sunday,Landmark Bethesda Row Cinema,,America/New_York,Heart of the Beast,19:10,X06C1:2026-09-27T19:10:00:3,244,Screen 3,Scope,,,,3.0,0,https://booking.landmarktheatres.com/launch/ticketing/d99e53c9-8c45-5ea4-8cc8-4beb4b8e8781,webedia-api; occupancy_rate=3; reserved=y,LMRK,,,webedia-api
2026-09-25,webedia-2026-09-27T19:05Z,2026-09-27T19:05:45.958878+00:00,2026-09-27T19:00Z,2026-09-27,Sunday,Landmark Bethesda Row Cinema,,America/New_York,Primetime,13:30,X06C1:2026-09-27T13:30:00:6,0,Screen 6,Digital,,,,14.0,0,https://booking.landmarktheatres.com/launch/ticketing/58e0fa2f-91a3-55f8-9c42-addb1a9e5df0,webedia-api; post-show-census; occupancy_rate=14; reserved=y,LMRK,,,post-show-census
2026-09-25,webedia-2026-09-27T19:05Z,2026-09-27T19:05:45.958878+00:00,2026-09-27T19:00Z,2026-09-27,Sunday,Landmark Bethesda Row Cinema,,America/New_York,Primetime,16:30,X06C1:2026-09-27T16:30:00:6,84,Screen 6,Digital,,,,8.0,0,https://booking.landmarktheatres.com/launch/ticketing/c72dac8b-79e7-5966-929a-8fa7adef801f,webedia-api; occupancy_rate=8; reserved=y,LMRK,,,webedia-api
2026-09-25,webedia-2026-09-27T19:05Z,2026-09-27T19:05:45.958878+00:00,2026-09-27T19:00Z,2026-09-27,Sunday,Landmark Bethesda Row Cinema,,America/New_York,Primetime,18:30,X06C1:2026-09-27T18:30:00:7,204,Screen 7,Digital,,,,16.0,0,https://booking.landmarktheatres.com/launch/ticketing/695ced37-9932-5765-a2db-3ba323ee1590,webedia-api; occupancy_rate=16; reserved=y,LMRK,,,webedia-api
2026-09-25,webedia-2026-09-27T19:05Z,2026-09-27T19:05:45.958878+00:00,2026-09-27T19:00Z,2026-09-27,Sunday,Landmark Bethesda Row Cinema,,America/New_York,Primetime,19:30,X06C1:2026-09-27T19:30:00:6,264,Screen 6,Digital,,,,4.0,0,https://booking.landmarktheatres.com/launch/ticketing/05890ace-a2a7-5839-a4e6-d9a4feff68b2,webedia-api; occupancy_rate=4; reserved=y,LMRK,,,webedia-api
2026-09-25,webedia-2026-09-27T19:05Z,2026-09-27T19:05:45.958878+00:00,2026-09-27T19:00Z,2026-09-27,Sunday,"Landmark Century Centre Cinema, Chicago",,America/Chicago,Primetime,12:30,X05IO:2026-09-27T12:30:00:Screen 3,0,Screen Screen 3,Digital,,,,9.0,0,https://booking.landmarktheatres.com/launch/ticketing/d92ad7c9-9f5d-53f2-aa9d-19cf4c3e3198,webedia-api; post-show-census; occupancy_rate=9; reserved=y,LMRK,,,post-show-census
2026-09-25,webedia-2026-09-27T19:05Z,2026-09-27T19:05:45.958878+00:00,2026-09-27T19:00Z,2026-09-27,Sunday,"Landmark Century Centre Cinema, Chicago",,America/Chicago,Primetime,13:30,X05IO:2026-09-27T13:30:00:7,0,Screen 7,Digital,,,,16.0,0,https://booking.landmarktheatres.com/launch/ticketing/c0bc0305-02e5-50dc-ab2f-4f0a9b939134,webedia-api; post-show-census; occupancy_rate=16; reserved=y,LMRK,,,post-show-census
2026-09-25,webedia-2026-09-27T19:05Z,2026-09-27T19:05:45.958878+00:00,2026-09-27T19:00Z,2026-09-27,Sunday,"Landmark Century Centre Cinema, Chicago",,America/Chicago,Primetime,15:15,X05IO:2026-09-27T15:15:00:Screen 3,69,Screen Screen 3,Digital,,,,4.0,0,https://booking.landmarktheatres.com/launch/ticketing/74d3e82d-f0ae-5b15-a0a1-8cb0efdde884,webedia-api; occupancy_rate=4; reserved=y,LMRK,,,webedia-api
2026-09-25,webedia-2026-09-27T19:05Z,2026-09-27T19:05:45.958878+00:00,2026-09-27T19:00Z,2026-09-27,Sunday,"Landmark Century Centre Cinema, Chicago",,America/Chicago,Primetime,15:45,X05IO:2026-09-27T15:45:00:Screen 5,99,Screen Screen 5,Digital,,,,26.0,0,https://booking.landmarktheatres.com/launch/ticketing/ed69ec2d-00e3-55b6-bf3d-9430fc4f51ed,webedia-api; occupancy_rate=26; reserved=y,LMRK,,,webedia-api
2026-09-25,webedia-2026-09-27T19:05Z,2026-09-27T19:05:45.958878+00:00,2026-09-27T19:00Z,2026-09-27,Sunday,"Landmark Century Centre Cinema, Chicago",,America/Chicago,Primetime,16:15,X05IO:2026-09-27T16:15:00:7,129,Screen 7,Digital,,,,6.0,0,https://booking.landmarktheatres.com/launch/ticketing/062f7897-d541-5b1d-ab7c-0a651442d09f,webedia-api; occupancy_rate=6; reserved=y,LMRK,,,webedia-api
2026-09-25,webedia-2026-09-27T19:05Z,2026-09-27T19:05:45.958878+00:00,2026-09-27T19:00Z,2026-09-27,Sunday,"Landmark Century Centre Cinema, Chicago",,America/Chicago,Primetime,18:00,X05IO:2026-09-27T18:00:00:Screen 3,234,Screen Screen 3,Digital,,,,2.0,0,https://booking.landmarktheatres.com/launch/ticketing/399ca3e5-4449-5414-b380-4263ad58b7a8,webedia-api; occupancy_rate=2; reserved=y,LMRK,,,webedia-api
2026-09-25,webedia-2026-09-27T19:05Z,2026-09-27T19:05:45.958878+00:00,2026-09-27T19:00Z,2026-09-27,Sunday,"Landmark Century Centre Cinema, Chicago",,America/Chicago,Primetime,18:15,X05IO:2026-09-27T18:15:00:Screen 5,249,Screen Screen 5,Digital,,,,28.0,0,https://booking.landmarktheatres.com/launch/ticketing/913176b1-29c7-5961-892a-7d5289ff061e,webedia-api; occupancy_rate=28; reserved=y,LMRK,,,webedia-api
2026-09-25,webedia-2026-09-27T19:05Z,2026-09-27T19:05:45.958878+00:00,2026-09-27T19:00Z,2026-09-27,Sunday,"Landmark Century Centre Cinema, Chicago",,America/Chicago,Primetime,19:00,X05IO:2026-09-27T19:00:00:7,294,Screen 7,Digital,,,,13.0,0,https://booking.landmarktheatres.com/launch/ticketing/cc6e5f22-13f9-5e8d-947f-403ce7474d01,webedia-api; occupancy_rate=13; reserved=y,LMRK,,,webedia-api
2026-09-25,webedia-2026-09-27T19:05Z,2026-09-27T19:05:45.958878+00:00,2026-09-27T19:00Z,2026-09-27,Sunday,Landmark Closter Plaza,,America/New_York,Forgotten Island,11:30,G01AA:2026-09-27T11:30:00:Screen 1,0,Screen Screen 1,Scope,,,,28.0,0,https://booking.landmarktheatres.com/launch/ticketing/c54959ee-a541-5cd3-be1e-bfeeed838870,webedia-api; post-show-census; occupancy_rate=28; reserved=y,LMRK,,,post-show-census
2026-09-25,webedia-2026-09-27T19:05Z,2026-09-27T19:05:45.958878+00:00,2026-09-27T19:00Z,2026-09-27,Sunday,Landmark Closter Plaza,,America/New_York,Forgotten Island,14:00,G01AA:2026-09-27T14:00:00:Screen 1,0,Screen Screen 1,Scope,,,,75.0,0,https://booking.landmarktheatres.com/launch/ticketing/16ba8103-be11-5e35-96be-66c0c5f2789f,webedia-api; post-show-census; occupancy_rate=75; reserved=y,LMRK,,,post-show-census
2026-09-25,webedia-2026-09-27T19:05Z,2026-09-27T19:05:45.958878+00:00,2026-09-27T19:00Z,2026-09-27,Sunday,Landmark Closter Plaza,,America/New_York,Forgotten Island,15:30,G01AA:2026-09-27T15:30:00:Screen 2,24,Screen Screen 2,Scope,,,,100.0,0,https://booking.landmarktheatres.com/launch/ticketing/8721a252-be7f-59ed-934e-3b5a6e351608,webedia-api; occupancy_rate=100; reserved=y,LMRK,,,webedia-api
2026-09-25,webedia-2026-09-27T19:05Z,2026-09-27T19:05:45.958878+00:00,2026-09-27T19:00Z,2026-09-27,Sunday,Landmark Closter Plaza,,America/New_York,Forgotten Island,16:30,G01AA:2026-09-27T16:30:00:Screen 1,84,Screen Screen 1,Scope,,,,46.0,0,https://booking.landmarktheatres.com/launch/ticketing/dd64e9eb-fb5a-5e37-8a3a-9cff7b57cba5,webedia-api; occupancy_rate=46; reserved=y,LMRK,,,webedia-api
2026-09-25,webedia-2026-09-27T19:05Z,2026-09-27T19:05:45.958878+00:00,2026-09-27T19:00Z,2026-09-27,Sunday,Landmark Closter Plaza,,America/New_York,Forgotten Island,19:00,G01AA:2026-09-27T19:00:00:Screen 1,234,Screen Screen 1,Scope,,,,2.0,0,https://booking.landmarktheatres.com/launch/ticketing/7a81efab-1a53-5b24-90cb-b900853bdd91,webedia-api; occupancy_rate=2; reserved=y,LMRK,,,webedia-api
2026-09-25,webedia-2026-09-27T19:05Z,2026-09-27T19:05:45.958878+00:00,2026-09-27T19:00Z,2026-09-27,Sunday,"Landmark Crest Cinema Center, Shoreline",,America/Los_Angeles,Forgotten Island,14:00,X00MT:2026-09-27T14:00:00:Screen 2,114,Screen Screen 2,Scope,,,,1.0,0,https://booking.landmarktheatres.com/launch/ticketing/c1662404-099d-5473-afbf-7dcab80d54ce,webedia-api; occupancy_rate=1; reserved=n,LMRK,,,webedia-api
2026-09-25,webedia-2026-09-27T19:05Z,2026-09-27T19:05:45.958878+00:00,2026-09-27T19:00Z,2026-09-27,Sunday,"Landmark Crest Cinema Center, Shoreline",,America/Los_Angeles,Forgotten Island,16:30,X00MT:2026-09-27T16:30:00:Screen 2,264,Screen Screen 2,Scope,,,,0.0,0,https://booking.landmarktheatres.com/launch/ticketing/cbc4d716-3f60-52b6-83e1-2f2317a06ce2,webedia-api; occupancy_rate=0; reserved=n,LMRK,,,webedia-api
2026-09-25,webedia-2026-09-27T19:05Z,2026-09-27T19:05:45.958878+00:00,2026-09-27T19:00Z,2026-09-27,Sunday,"Landmark Crest Cinema Center, Shoreline",,America/Los_Angeles,Forgotten Island,19:00,X00MT:2026-09-27T19:00:00:Screen 2,414,Screen Screen 2,Scope,,,,0.0,0,https://booking.landmarktheatres.com/launch/ticketing/d27f16b8-3098-539c-ac49-02ba07652cdf,webedia-api; occupancy_rate=0; reserved=n,LMRK,,,webedia-api
2026-09-25,webedia-2026-09-27T19:05Z,2026-09-27T19:05:45.958878+00:00,2026-09-27T19:00Z,2026-09-27,Sunday,"Landmark Crest Cinema Center, Shoreline",,America/Los_Angeles,Primetime,14:20,X00MT:2026-09-27T14:20:00:1,134,Screen 1,Digital,,,,0.0,0,https://booking.landmarktheatres.com/launch/ticketing/676571bb-92ed-55ef-9cd2-b3ed947aa57e,webedia-api; occupancy_rate=0; reserved=n,LMRK,,,webedia-api
2026-09-25,webedia-2026-09-27T19:05Z,2026-09-27T19:05:45.958878+00:00,2026-09-27T19:00Z,2026-09-27,Sunday,"Landmark Crest Cinema Center, Shoreline",,America/Los_Angeles,Primetime,16:50,X00MT:2026-09-27T16:50:00:1,284,Screen 1,Digital,,,,3.0,0,https://booking.landmarktheatres.com/launch/ticketing/493f29dc-1016-5723-b436-77a9fef49165,webedia-api; occupancy_rate=3; reserved=n,LMRK,,,webedia-api
2026-09-25,webedia-2026-09-27T19:05Z,2026-09-27T19:05:45.958878+00:00,2026-09-27T19:00Z,2026-09-27,Sunday,"Landmark Crest Cinema Center, Shoreline",,America/Los_Angeles,Primetime,19:20,X00MT:2026-09-27T19:20:00:1,434,Screen 1,Digital,,,,0.0,0,https://booking.landmarktheatres.com/launch/ticketing/fe64b510-8281-51b4-9c4b-60baed32a97d,webedia-api; occupancy_rate=0; reserved=n,LMRK,,,webedia-api
2026-09-25,webedia-2026-09-27T19:05Z,2026-09-27T19:05:45.958878+00:00,2026-09-27T19:00Z,2026-09-27,Sunday,"Landmark Del Mar Theatre, Santa Cruz",,America/Los_Angeles,Primetime,13:45,X00QV:2026-09-27T13:45:00:1,99,Screen 1,Digital,,,,1.0,0,https://booking.landmarktheatres.com/launch/ticketing/9f59517e-dcf5-5c94-a10c-875fd568cce4,webedia-api; occupancy_rate=1; reserved=y,LMRK,,,webedia-api
2026-09-25,webedia-2026-09-27T19:05Z,2026-09-27T19:05:45.958878+00:00,2026-09-27T19:00Z,2026-09-27,Sunday,"Landmark Del Mar Theatre, Santa Cruz",,America/Los_Angeles,Primetime,16:20,X00QV:2026-09-27T16:20:00:1,254,Screen 1,Digital,,,,2.0,0,https://booking.landmarktheatres.com/launch/ticketing/f078485d-2878-5a1e-a1e0-144db18e7586,webedia-api; occupancy_rate=2; reserved=y,LMRK,,,webedia-api
2026-09-25,webedia-2026-09-27T19:05Z,2026-09-27T19:05:45.958878+00:00,2026-09-27T19:00Z,2026-09-27,Sunday,"Landmark Del Mar Theatre, Santa Cruz",,America/Los_Angeles,Primetime,19:00,X00QV:2026-09-27T19:00:00:1,414,Screen 1,Digital,,,,0.0,0,https://booking.landmarktheatres.com/launch/ticketing/624b8503-ad73-57ba-8f60-8f3ebddf84ad,webedia-api; occupancy_rate=0; reserved=y,LMRK,,,webedia-api
2026-09-25,webedia-2026-09-27T19:05Z,2026-09-27T19:05:45.958878+00:00,2026-09-27T19:00Z,2026-09-27,Sunday,"Landmark Glendale 12, Indianapolis",,America/Indiana/Indianapolis,Forgotten Island,12:40,X0KAO:2026-09-27T12:40:00:3,0,Screen 3,Scope,,,,5.0,0,https://booking.landmarktheatres.com/launch/ticketing/2f941c6e-1a84-5ad0-9055-9eb377018da8,webedia-api; post-show-census; occupancy_rate=5; reserved=y,LMRK,,,post-show-census
2026-09-25,webedia-2026-09-27T19:05Z,2026-09-27T19:05:45.958878+00:00,2026-09-27T19:00Z,2026-09-27,Sunday,"Landmark Glendale 12, Indianapolis",,America/Indiana/Indianapolis,Forgotten Island,13:45,X0KAO:2026-09-27T13:45:00:8,0,Screen 8,Scope,,,,5.0,0,https://booking.landmarktheatres.com/launch/ticketing/d7ed4c6d-9f20-56cd-8904-be7bb9dd77d8,webedia-api; post-show-census; occupancy_rate=5; reserved=y,LMRK,,,post-show-census
2026-09-25,webedia-2026-09-27T19:05Z,2026-09-27T19:05:45.958878+00:00,2026-09-27T19:00Z,2026-09-27,Sunday,"Landmark Glendale 12, Indianapolis",,America/Indiana/Indianapolis,Forgotten Island,15:10,X0KAO:2026-09-27T15:10:00:3,4,Screen 3,Scope,,,,1.0,0,https://booking.landmarktheatres.com/launch/ticketing/a596141a-22fa-5e54-8ffd-e47c4c026e37,webedia-api; occupancy_rate=1; reserved=y,LMRK,,,webedia-api
2026-09-25,webedia-2026-09-27T19:05Z,2026-09-27T19:05:45.958878+00:00,2026-09-27T19:00Z,2026-09-27,Sunday,"Landmark Glendale 12, Indianapolis",,America/Indiana/Indianapolis,Forgotten Island,16:20,X0KAO:2026-09-27T16:20:00:8,74,Screen 8,Scope,,,,13.0,0,https://booking.landmarktheatres.com/launch/ticketing/96945edc-a776-519b-9e2a-b3c8a7baf7cc,webedia-api; occupancy_rate=13; reserved=y,LMRK,,,webedia-api
2026-09-25,webedia-2026-09-27T19:05Z,2026-09-27T19:05:45.958878+00:00,2026-09-27T19:00Z,2026-09-27,Sunday,"Landmark Glendale 12, Indianapolis",,America/Indiana/Indianapolis,Forgotten Island,18:00,X0KAO:2026-09-27T18:00:00:9,174,Screen 9,Scope,,,,0.0,0,https://booking.landmarktheatres.com/launch/ticketing/52ce0de0-47d5-51ff-bfd0-bc61a31e9a63,webedia-api; occupancy_rate=0; reserved=y,LMRK,,,webedia-api
2026-09-25,webedia-2026-09-27T19:05Z,2026-09-27T19:05:45.958878+00:00,2026-09-27T19:00Z,2026-09-27,Sunday,"Landmark Glendale 12, Indianapolis",,America/Indiana/Indianapolis,Forgotten Island,19:05,X0KAO:2026-09-27T19:05:00:8,239,Screen 8,Scope,,,,0.0,0,https://booking.landmarktheatres.com/launch/ticketing/24c55343-94ce-5065-b116-9be630c0ea60,webedia-api; occupancy_rate=0; reserved=y,LMRK,,,webedia-api
2026-09-25,webedia-2026-09-27T19:05Z,2026-09-27T19:05:45.958878+00:00,2026-09-27T19:00Z,2026-09-27,Sunday,"Landmark Glendale 12, Indianapolis",,America/Indiana/Indianapolis,Heart of the Beast,12:30,X0KAO:2026-09-27T12:30:00:1,0,Screen 1,Scope,,,,0.0,0,https://booking.landmarktheatres.com/launch/ticketing/7d3105ab-eb1d-5f98-ac3d-c4852f1cbc93,webedia-api; post-show-census; occupancy_rate=0; reserved=y,LMRK,,,post-show-census
2026-09-25,webedia-2026-09-27T19:05Z,2026-09-27T19:05:45.958878+00:00,2026-09-27T19:00Z,2026-09-27,Sunday,"Landmark Glendale 12, Indianapolis",,America/Indiana/Indianapolis,Heart of the Beast,13:40,X0KAO:2026-09-27T13:40:00:10,0,Screen 10,Scope,,,,3.0,0,https://booking.landmarktheatres.com/launch/ticketing/5f449d65-836d-5cc1-a27b-e79fef2674d8,webedia-api; post-show-census; occupancy_rate=3; reserved=y,LMRK,,,post-show-census
2026-09-25,webedia-2026-09-27T19:05Z,2026-09-27T19:05:45.958878+00:00,2026-09-27T19:00Z,2026-09-27,Sunday,"Landmark Glendale 12, Indianapolis",,America/Indiana/Indianapolis,Heart of the Beast,14:50,X0KAO:2026-09-27T14:50:00:1,0,Screen 1,Scope,,,,1.0,0,https://booking.landmarktheatres.com/launch/ticketing/775e3c56-6139-56cb-aed8-c0219dc7ee72,webedia-api; post-show-census; occupancy_rate=1; reserved=y,LMRK,,,post-show-census
2026-09-25,webedia-2026-09-27T19:05Z,2026-09-27T19:05:45.958878+00:00,2026-09-27T19:00Z,2026-09-27,Sunday,"Landmark Glendale 12, Indianapolis",,America/Indiana/Indianapolis,Heart of the Beast,16:00,X0KAO:2026-09-27T16:00:00:10,54,Screen 10,Scope,,,,0.0,0,https://booking.landmarktheatres.com/launch/ticketing/3eeae28f-9ab0-5aa3-b235-3ddca1e85c31,webedia-api; occupancy_rate=0; reserved=y,LMRK,,,webedia-api
2026-09-25,webedia-2026-09-27T19:05Z,2026-09-27T19:05:45.958878+00:00,2026-09-27T19:00Z,2026-09-27,Sunday,"Landmark Glendale 12, Indianapolis",,America/Indiana/Indianapolis,Heart of the Beast,17:10,X0KAO:2026-09-27T17:10:00:1,124,Screen 1,Scope,,,,0.0,0,https://booking.landmarktheatres.com/launch/ticketing/d34699f7-f3c9-5170-9e7f-ab4ab89c8e19,webedia-api; occupancy_rate=0; reserved=y,LMRK,,,webedia-api
2026-09-25,webedia-2026-09-27T19:05Z,2026-09-27T19:05:45.958878+00:00,2026-09-27T19:00Z,2026-09-27,Sunday,"Landmark Glendale 12, Indianapolis",,America/Indiana/Indianapolis,Heart of the Beast,18:20,X0KAO:2026-09-27T18:20:00:10,194,Screen 10,Scope,,,,3.0,0,https://booking.landmarktheatres.com/launch/ticketing/16371641-2e3e-520f-82e8-7477827786d6,webedia-api; occupancy_rate=3; reserved=y,LMRK,,,webedia-api
2026-09-25,webedia-2026-09-27T19:05Z,2026-09-27T19:05:45.958878+00:00,2026-09-27T19:00Z,2026-09-27,Sunday,"Landmark Glendale 12, Indianapolis",,America/Indiana/Indianapolis,Heart of the Beast,19:30,X0KAO:2026-09-27T19:30:00:1,264,Screen 1,Scope,,,,0.0,0,https://booking.landmarktheatres.com/launch/ticketing/9b46bdac-eb7b-55f9-a3e1-69c42816ca0c,webedia-api; occupancy_rate=0; reserved=y,LMRK,,,webedia-api
2026-09-25,webedia-2026-09-27T19:05Z,2026-09-27T19:05:45.958878+00:00,2026-09-27T19:00Z,2026-09-27,Sunday,"Landmark Glendale 12, Indianapolis",,America/Indiana/Indianapolis,Primetime,13:55,X0KAO:2026-09-27T13:55:00:12,0,Screen 12,Digital,,,,10.0,0,https://booking.landmarktheatres.com/launch/ticketing/9d2b17dd-8696-5045-975e-a3051dd26759,webedia-api; post-show-census; occupancy_rate=10; reserved=y,LMRK,,,post-show-census
2026-09-25,webedia-2026-09-27T19:05Z,2026-09-27T19:05:45.958878+00:00,2026-09-27T19:00Z,2026-09-27,Sunday,"Landmark Glendale 12, Indianapolis",,America/Indiana/Indianapolis,Primetime,16:30,X0KAO:2026-09-27T16:30:00:12,84,Screen 12,Digital,,,,5.0,0,https://booking.landmarktheatres.com/launch/ticketing/aed08f7e-d4f6-5250-bee9-7eaed95b4e1a,webedia-api; occupancy_rate=5; reserved=y,LMRK,,,webedia-api
2026-09-25,webedia-2026-09-27T19:05Z,2026-09-27T19:05:45.958878+00:00,2026-09-27T19:00Z,2026-09-27,Sunday,"Landmark Glendale 12, Indianapolis",,America/Indiana/Indianapolis,Primetime,18:05,X0KAO:2026-09-27T18:05:00:3,179,Screen 3,Digital,,,,1.0,0,https://booking.landmarktheatres.com/launch/ticketing/aba26ff4-97f6-5ca3-ae5c-4588ec6b6bc9,webedia-api; occupancy_rate=1; reserved=y,LMRK,,,webedia-api
2026-09-25,webedia-2026-09-27T19:05Z,2026-09-27T19:05:45.958878+00:00,2026-09-27T19:00Z,2026-09-27,Sunday,"Landmark Glendale 12, Indianapolis",,America/Indiana/Indianapolis,Primetime,19:00,X0KAO:2026-09-27T19:00:00:12,234,Screen 12,Digital,,,,0.0,0,https://booking.landmarktheatres.com/launch/ticketing/675d929f-30f8-5f41-8876-0a392580d672,webedia-api; occupancy_rate=0; reserved=y,LMRK,,,webedia-api
2026-09-25,webedia-2026-09-27T19:05Z,2026-09-27T19:05:45.958878+00:00,2026-09-27T19:00Z,2026-09-27,Sunday,"Landmark Inwood Theatre, Dallas",,America/Chicago,Forgotten Island,14:00,X02KC:2026-09-27T14:00:00:Screen 1,0,Screen Screen 1,Scope,,,,4.0,0,https://booking.landmarktheatres.com/launch/ticketing/9763cd18-5809-54d2-9e78-4b05e87b1cfa,webedia-api; post-show-census; occupancy_rate=4; reserved=n,LMRK,,,post-show-census
2026-09-25,webedia-2026-09-27T19:05Z,2026-09-27T19:05:45.958878+00:00,2026-09-27T19:00Z,2026-09-27,Sunday,"Landmark Inwood Theatre, Dallas",,America/Chicago,Forgotten Island,16:30,X02KC:2026-09-27T16:30:00:Screen 1,144,Screen Screen 1,Scope,,,,0.0,0,https://booking.landmarktheatres.com/launch/ticketing/d7f6126c-9346-5fda-9e13-8af398d7cfcc,webedia-api; occupancy_rate=0; reserved=n,LMRK,,,webedia-api
2026-09-25,webedia-2026-09-27T19:05Z,2026-09-27T19:05:45.958878+00:00,2026-09-27T19:00Z,2026-09-27,Sunday,"Landmark Inwood Theatre, Dallas",,America/Chicago,Forgotten Island,19:10,X02KC:2026-09-27T19:10:00:Screen 1,304,Screen Screen 1,Scope,,,,0.0,0,https://booking.landmarktheatres.com/launch/ticketing/7ba9e87d-e3b5-5471-880f-0bff6b1f2ce1,webedia-api; occupancy_rate=0; reserved=n,LMRK,,,webedia-api
2026-09-25,webedia-2026-09-27T19:05Z,2026-09-27T19:05:45.958878+00:00,2026-09-27T19:00Z,2026-09-27,Sunday,"Landmark Inwood Theatre, Dallas",,America/Chicago,Heart of the Beast,14:15,X02KC:2026-09-27T14:15:00:3,9,Screen 3,Scope,,,,0.0,0,https://booking.landmarktheatres.com/launch/ticketing/2d9b84c7-9d67-5da2-a55d-1edcaf9e93ea,webedia-api; occupancy_rate=0; reserved=n,LMRK,,,webedia-api
2026-09-25,webedia-2026-09-27T19:05Z,2026-09-27T19:05:45.958878+00:00,2026-09-27T19:00Z,2026-09-27,Sunday,"Landmark Inwood Theatre, Dallas",,America/Chicago,Heart of the Beast,16:35,X02KC:2026-09-27T16:35:00:3,149,Screen 3,Scope,,,,0.0,0,https://booking.landmarktheatres.com/launch/ticketing/2c4f8719-2b79-5959-87da-97a89d873b4c,webedia-api; occupancy_rate=0; reserved=n,LMRK,,,webedia-api
2026-09-25,webedia-2026-09-27T19:05Z,2026-09-27T19:05:45.958878+00:00,2026-09-27T19:00Z,2026-09-27,Sunday,"Landmark Inwood Theatre, Dallas",,America/Chicago,Heart of the Beast,19:15,X02KC:2026-09-27T19:15:00:3,309,Screen 3,Scope,,,,0.0,0,https://booking.landmarktheatres.com/launch/ticketing/cf1aa740-bed9-5fb3-b2ee-a6fdfe8708ba,webedia-api; occupancy_rate=0; reserved=n,LMRK,,,webedia-api
2026-09-25,webedia-2026-09-27T19:05Z,2026-09-27T19:05:45.958878+00:00,2026-09-27T19:00Z,2026-09-27,Sunday,"Landmark Kendall Square Cinema, Cambridge",,America/New_York,Heart of the Beast,13:40,X019B:2026-09-27T13:40:00:Screen 6,0,Screen Screen 6,Scope,,,,25.0,0,https://booking.landmarktheatres.com/launch/ticketing/3c3639b5-af3d-5ba7-abc1-da0bbc00a599,webedia-api; post-show-census; occupancy_rate=25; reserved=y,LMRK,,,post-show-census
2026-09-25,webedia-2026-09-27T19:05Z,2026-09-27T19:05:45.958878+00:00,2026-09-27T19:00Z,2026-09-27,Sunday,"Landmark Kendall Square Cinema, Cambridge",,America/New_York,Heart of the Beast,16:20,X019B:2026-09-27T16:20:00:Screen 6,74,Screen Screen 6,Scope,,,,3.0,0,https://booking.landmarktheatres.com/launch/ticketing/2f91b441-91a7-53b0-a6ba-31da9adf52fe,webedia-api; occupancy_rate=3; reserved=y,LMRK,,,webedia-api
2026-09-25,webedia-2026-09-27T19:05Z,2026-09-27T19:05:45.958878+00:00,2026-09-27T19:00Z,2026-09-27,Sunday,"Landmark Kendall Square Cinema, Cambridge",,America/New_York,Heart of the Beast,19:10,X019B:2026-09-27T19:10:00:Screen 6,244,Screen Screen 6,Scope,,,,6.0,0,https://booking.landmarktheatres.com/launch/ticketing/7256fd1a-5670-5496-9f72-a660bf398434,webedia-api; occupancy_rate=6; reserved=y,LMRK,,,webedia-api
2026-09-25,webedia-2026-09-27T19:05Z,2026-09-27T19:05:45.958878+00:00,2026-09-27T19:00Z,2026-09-27,Sunday,"Landmark Kendall Square Cinema, Cambridge",,America/New_York,Primetime,12:50,X019B:2026-09-27T12:50:00:Screen 4,0,Screen Screen 4,Digital,,,,32.0,0,https://booking.landmarktheatres.com/launch/ticketing/72edd891-9e88-5b32-bc6c-e3144bb9c9b2,webedia-api; post-show-census; occupancy_rate=32; reserved=y,LMRK,,,post-show-census
2026-09-25,webedia-2026-09-27T19:05Z,2026-09-27T19:05:45.958878+00:00,2026-09-27T19:00Z,2026-09-27,Sunday,"Landmark Kendall Square Cinema, Cambridge",,America/New_York,Primetime,13:50,X019B:2026-09-27T13:50:00:Screen 5,0,Screen Screen 5,Digital,,,,31.0,0,https://booking.landmarktheatres.com/launch/ticketing/bc05a0e0-b77c-5bb3-825f-899b702b7372,webedia-api; post-show-census; occupancy_rate=31; reserved=y,LMRK,,,post-show-census
2026-09-25,webedia-2026-09-27T19:05Z,2026-09-27T19:05:45.958878+00:00,2026-09-27T19:00Z,2026-09-27,Sunday,"Landmark Kendall Square Cinema, Cambridge",,America/New_York,Primetime,15:30,X019B:2026-09-27T15:30:00:Screen 4,24,Screen Screen 4,Digital,,,,30.0,0,https://booking.landmarktheatres.com/launch/ticketing/b7124e75-0dbb-55c1-82e7-cffbf00d53e7,webedia-api; occupancy_rate=30; reserved=y,LMRK,,,webedia-api
2026-09-25,webedia-2026-09-27T19:05Z,2026-09-27T19:05:45.958878+00:00,2026-09-27T19:00Z,2026-09-27,Sunday,"Landmark Kendall Square Cinema, Cambridge",,America/New_York,Primetime,16:30,X019B:2026-09-27T16:30:00:Screen 5,84,Screen Screen 5,Digital,,,,25.0,0,https://booking.landmarktheatres.com/launch/ticketing/a20fff64-5276-55bf-9427-3189afc42ff2,webedia-api; occupancy_rate=25; reserved=y,LMRK,,,webedia-api
2026-09-25,webedia-2026-09-27T19:05Z,2026-09-27T19:05:45.958878+00:00,2026-09-27T19:00Z,2026-09-27,Sunday,"Landmark Kendall Square Cinema, Cambridge",,America/New_York,Primetime,18:05,X019B:2026-09-27T18:05:00:Screen 4,179,Screen Screen 4,Digital,,,,35.0,0,https://booking.landmarktheatres.com/launch/ticketing/c6ea664c-170a-51a2-bbf5-8b0f9ddb348f,webedia-api; occupancy_rate=35; reserved=y,LMRK,,,webedia-api
2026-09-25,webedia-2026-09-27T19:05Z,2026-09-27T19:05:45.958878+00:00,2026-09-27T19:00Z,2026-09-27,Sunday,"Landmark Kendall Square Cinema, Cambridge",,America/New_York,Primetime,19:05,X019B:2026-09-27T19:05:00:Screen 5,239,Screen Screen 5,Digital,,,,28.0,0,https://booking.landmarktheatres.com/launch/ticketing/3b83bb54-864c-5c2e-bab1-f76c90c5989c,webedia-api; occupancy_rate=28; reserved=y,LMRK,,,webedia-api
2026-09-25,webedia-2026-09-27T19:05Z,2026-09-27T19:05:45.958878+00:00,2026-09-27T19:00Z,2026-09-27,Sunday,"Landmark Keystone Art Cinema, Indianapolis",,America/Indiana/Indianapolis,Heart of the Beast,13:30,X07M6:2026-09-27T13:30:00:5,0,Screen 5,Scope,,,,3.0,0,https://booking.landmarktheatres.com/launch/ticketing/5eed11ce-533c-58ab-bdf7-81f5b9920eeb,webedia-api; post-show-census; occupancy_rate=3; reserved=y,LMRK,,,post-show-census
2026-09-25,webedia-2026-09-27T19:05Z,2026-09-27T19:05:45.958878+00:00,2026-09-27T19:00Z,2026-09-27,Sunday,"Landmark Keystone Art Cinema, Indianapolis",,America/Indiana/Indianapolis,Heart of the Beast,16:20,X07M6:2026-09-27T16:20:00:5,74,Screen 5,Scope,,,,0.0,0,https://booking.landmarktheatres.com/launch/ticketing/f52cef7c-5c6d-51ed-8249-ebc62b06737b,webedia-api; occupancy_rate=0; reserved=y,LMRK,,,webedia-api
2026-09-25,webedia-2026-09-27T19:05Z,2026-09-27T19:05:45.958878+00:00,2026-09-27T19:00Z,2026-09-27,Sunday,"Landmark Keystone Art Cinema, Indianapolis",,America/Indiana/Indianapolis,Heart of the Beast,19:00,X07M6:2026-09-27T19:00:00:5,234,Screen 5,Scope,,,,0.0,0,https://booking.landmarktheatres.com/launch/ticketing/97d6bcc1-ef1c-5c72-a439-58f338003da7,webedia-api; occupancy_rate=0; reserved=y,LMRK,,,webedia-api
2026-09-25,webedia-2026-09-27T19:05Z,2026-09-27T19:05:45.958878+00:00,2026-09-27T19:00Z,2026-09-27,Sunday,"Landmark Keystone Art Cinema, Indianapolis",,America/Indiana/Indianapolis,Primetime,13:20,X07M6:2026-09-27T13:20:00:4,0,Screen 4,Digital,,,,6.0,0,https://booking.landmarktheatres.com/launch/ticketing/8aca6f5f-b047-5255-ba40-a866e35ef4d1,webedia-api; post-show-census; occupancy_rate=6; reserved=y,LMRK,,,post-show-census
2026-09-25,webedia-2026-09-27T19:05Z,2026-09-27T19:05:45.958878+00:00,2026-09-27T19:00Z,2026-09-27,Sunday,"Landmark Keystone Art Cinema, Indianapolis",,America/Indiana/Indianapolis,Primetime,16:00,X07M6:2026-09-27T16:00:00:4,54,Screen 4,Digital,,,,1.0,0,https://booking.landmarktheatres.com/launch/ticketing/8f52d608-df83-5619-ba91-65d6a276efc3,webedia-api; occupancy_rate=1; reserved=y,LMRK,,,webedia-api
2026-09-25,webedia-2026-09-27T19:05Z,2026-09-27T19:05:45.958878+00:00,2026-09-27T19:00Z,2026-09-27,Sunday,"Landmark Keystone Art Cinema, Indianapolis",,America/Indiana/Indianapolis,Primetime,18:50,X07M6:2026-09-27T18:50:00:4,224,Screen 4,Digital,,,,2.0,0,https://booking.landmarktheatres.com/launch/ticketing/987344a5-759c-5302-a619-00243b14ce0c,webedia-api; occupancy_rate=2; reserved=y,LMRK,,,webedia-api
2026-09-25,webedia-2026-09-27T19:05Z,2026-09-27T19:05:45.958878+00:00,2026-09-27T19:00Z,2026-09-27,Sunday,"Landmark Keystone Art Cinema, Indianapolis",,America/Indiana/Indianapolis,Primetime,19:50,X07M6:2026-09-27T19:50:00:7,284,Screen 7,Digital,,,,3.0,0,https://booking.landmarktheatres.com/launch/ticketing/a88067b6-0c83-50d5-bede-5c182b9aee00,webedia-api; occupancy_rate=3; reserved=y,LMRK,,,webedia-api
2026-09-25,webedia-2026-09-27T19:05Z,2026-09-27T19:05:45.958878+00:00,2026-09-27T19:00Z,2026-09-27,Sunday,"Landmark Lagoon Cinema, Minneapolis",,America/Chicago,Primetime,14:00,X01QW:2026-09-27T14:00:00:1,0,Screen 1,Digital,,,,5.0,0,https://booking.landmarktheatres.com/launch/ticketing/eceb7233-fd2a-5c33-adfe-e3eaf6bac692,webedia-api; post-show-census; occupancy_rate=5; reserved=n,LMRK,,,post-show-census
2026-09-25,webedia-2026-09-27T19:05Z,2026-09-27T19:05:45.958878+00:00,2026-09-27T19:00Z,2026-09-27,Sunday,"Landmark Lagoon Cinema, Minneapolis",,America/Chicago,Primetime,15:00,X01QW:2026-09-27T15:00:00:5,54,Screen 5,Digital,,,,1.0,0,https://booking.landmarktheatres.com/launch/ticketing/52ab80a2-9fde-501b-8a21-a6eed0af3b8f,webedia-api; occupancy_rate=1; reserved=n,LMRK,,,webedia-api
2026-09-25,webedia-2026-09-27T19:05Z,2026-09-27T19:05:45.958878+00:00,2026-09-27T19:00Z,2026-09-27,Sunday,"Landmark Lagoon Cinema, Minneapolis",,America/Chicago,Primetime,16:30,X01QW:2026-09-27T16:30:00:1,144,Screen 1,Digital,,,,2.0,0,https://booking.landmarktheatres.com/launch/ticketing/869a4a0e-0b2a-569c-9474-15ed6693fb85,webedia-api; occupancy_rate=2; reserved=n,LMRK,,,webedia-api
2026-09-25,webedia-2026-09-27T19:05Z,2026-09-27T19:05:45.958878+00:00,2026-09-27T19:00Z,2026-09-27,Sunday,"Landmark Lagoon Cinema, Minneapolis",,America/Chicago,Primetime,17:30,X01QW:2026-09-27T17:30:00:5,204,Screen 5,Digital,,,,0.0,0,https://booking.landmarktheatres.com/launch/ticketing/6b8f0f3a-937d-574d-b0f4-ff5fee8f7987,webedia-api; occupancy_rate=0; reserved=n,LMRK,,,webedia-api
2026-09-25,webedia-2026-09-27T19:05Z,2026-09-27T19:05:45.958878+00:00,2026-09-27T19:00Z,2026-09-27,Sunday,"Landmark Lagoon Cinema, Minneapolis",,America/Chicago,Primetime,18:30,X01QW:2026-09-27T18:30:00:4,264,Screen 4,Digital,,,,0.0,0,https://booking.landmarktheatres.com/launch/ticketing/7312eb13-b285-534e-bf5f-164ef57ab645,webedia-api; occupancy_rate=0; reserved=n,LMRK,,,webedia-api
2026-09-25,webedia-2026-09-27T19:05Z,2026-09-27T19:05:45.958878+00:00,2026-09-27T19:00Z,2026-09-27,Sunday,"Landmark Lagoon Cinema, Minneapolis",,America/Chicago,Primetime,19:30,X01QW:2026-09-27T19:30:00:1,324,Screen 1,Digital,,,,3.0,0,https://booking.landmarktheatres.com/launch/ticketing/9e0b5804-83cc-540b-8613-5c22f67f5c5f,webedia-api; occupancy_rate=3; reserved=n,LMRK,,,webedia-api
2026-09-25,webedia-2026-09-27T19:05Z,2026-09-27T19:05:45.958878+00:00,2026-09-27T19:00Z,2026-09-27,Sunday,"Landmark Mayan Theatre, Denver",,America/Denver,Primetime,14:00,X02AK:2026-09-27T14:00:00:Screen 1,54,Screen Screen 1,Digital,,,,3.0,0,https://booking.landmarktheatres.com/launch/ticketing/9cb7909a-5f2e-550d-989a-4aebf1509c05,webedia-api; occupancy_rate=3; reserved=n,LMRK,,,webedia-api
2026-09-25,webedia-2026-09-27T19:05Z,2026-09-27T19:05:45.958878+00:00,2026-09-27T19:00Z,2026-09-27,Sunday,"Landmark Mayan Theatre, Denver",,America/Denver,Primetime,16:30,X02AK:2026-09-27T16:30:00:Screen 1,204,Screen Screen 1,Digital,,,,3.0,0,https://booking.landmarktheatres.com/launch/ticketing/9174251b-b1d3-5646-8e93-adb91338adaa,webedia-api; occupancy_rate=3; reserved=n,LMRK,,,webedia-api
2026-09-25,webedia-2026-09-27T19:05Z,2026-09-27T19:05:45.958878+00:00,2026-09-27T19:00Z,2026-09-27,Sunday,"Landmark Mayan Theatre, Denver",,America/Denver,Primetime,19:00,X02AK:2026-09-27T19:00:00:Screen 1,354,Screen Screen 1,Digital,,,,2.0,0,https://booking.landmarktheatres.com/launch/ticketing/a1207945-e043-5129-8f23-17bef68d37ae,webedia-api; occupancy_rate=2; reserved=n,LMRK,,,webedia-api
2026-09-25,webedia-2026-09-27T19:05Z,2026-09-27T19:05:45.958878+00:00,2026-09-27T19:00Z,2026-09-27,Sunday,"Landmark Midtown Art Cinema, Atlanta",,America/New_York,Heart of the Beast,13:10,X00QM:2026-09-27T13:10:00:Screen 7,0,Screen Screen 7,Scope,,,,7.0,0,https://booking.landmarktheatres.com/launch/ticketing/8be2078d-8b00-5df6-9436-9ab8bd54102d,webedia-api; post-show-census; occupancy_rate=7; reserved=y,LMRK,,,post-show-census
2026-09-25,webedia-2026-09-27T19:05Z,2026-09-27T19:05:45.958878+00:00,2026-09-27T19:00Z,2026-09-27,Sunday,"Landmark Midtown Art Cinema, Atlanta",,America/New_York,Heart of the Beast,15:10,X00QM:2026-09-27T15:10:00:Screen 7,4,Screen Screen 7,Scope,,,,4.0,0,https://booking.landmarktheatres.com/launch/ticketing/46c4fea6-f0b8-575a-a364-9b4315d23f9d,webedia-api; occupancy_rate=4; reserved=y,LMRK,,,webedia-api
2026-09-25,webedia-2026-09-27T19:05Z,2026-09-27T19:05:45.958878+00:00,2026-09-27T19:00Z,2026-09-27,Sunday,"Landmark Midtown Art Cinema, Atlanta",,America/New_York,Heart of the Beast,17:10,X00QM:2026-09-27T17:10:00:Screen 7,124,Screen Screen 7,Scope,,,,0.0,0,https://booking.landmarktheatres.com/launch/ticketing/6bb1baa4-1cfd-5e19-a9a8-25094feab000,webedia-api; occupancy_rate=0; reserved=y,LMRK,,,webedia-api
2026-09-25,webedia-2026-09-27T19:05Z,2026-09-27T19:05:45.958878+00:00,2026-09-27T19:00Z,2026-09-27,Sunday,"Landmark Midtown Art Cinema, Atlanta",,America/New_York,Heart of the Beast,19:15,X00QM:2026-09-27T19:15:00:Screen 7,249,Screen Screen 7,Scope,,,,0.0,0,https://booking.landmarktheatres.com/launch/ticketing/ca0ccc09-de6c-5441-b790-e3d3db100787,webedia-api; occupancy_rate=0; reserved=y,LMRK,,,webedia-api
2026-09-25,webedia-2026-09-27T19:05Z,2026-09-27T19:05:45.958878+00:00,2026-09-27T19:00Z,2026-09-27,Sunday,"Landmark Midtown Art Cinema, Atlanta",,America/New_York,Primetime,13:05,X00QM:2026-09-27T13:05:00:Screen 6,0,Screen Screen 6,Digital,,,,23.0,0,https://booking.landmarktheatres.com/launch/ticketing/40bc53b6-7eab-5926-b19a-8dba61737f4d,webedia-api; post-show-census; occupancy_rate=23; reserved=y,LMRK,,,post-show-census
2026-09-25,webedia-2026-09-27T19:05Z,2026-09-27T19:05:45.958878+00:00,2026-09-27T19:00Z,2026-09-27,Sunday,"Landmark Midtown Art Cinema, Atlanta",,America/New_York,Primetime,16:05,X00QM:2026-09-27T16:05:00:Screen 6,59,Screen Screen 6,Digital,,,,8.0,0,https://booking.landmarktheatres.com/launch/ticketing/725514a5-5f15-5d94-b544-4c63b0e76311,webedia-api; occupancy_rate=8; reserved=y,LMRK,,,webedia-api
2026-09-25,webedia-2026-09-27T19:05Z,2026-09-27T19:05:45.958878+00:00,2026-09-27T19:00Z,2026-09-27,Sunday,"Landmark Midtown Art Cinema, Atlanta",,America/New_York,Primetime,19:05,X00QM:2026-09-27T19:05:00:Screen 6,239,Screen Screen 6,Digital,,,,12.0,0,https://booking.landmarktheatres.com/launch/ticketing/57c5b97b-d00b-5f18-974b-326c47151b17,webedia-api; occupancy_rate=12; reserved=y,LMRK,,,webedia-api
2026-09-25,webedia-2026-09-27T19:05Z,2026-09-27T19:05:45.958878+00:00,2026-09-27T19:00Z,2026-09-27,Sunday,"Landmark Opera Plaza Cinema, San Francisco",,America/Los_Angeles,Primetime,14:30,X00U8:2026-09-27T14:30:00:1,144,Screen 1,Digital,,,,15.0,0,https://booking.landmarktheatres.com/launch/ticketing/c89d734d-6456-590d-9b42-23b59cce1553,webedia-api; occupancy_rate=15; reserved=y,LMRK,,,webedia-api
2026-09-25,webedia-2026-09-27T19:05Z,2026-09-27T19:05:45.958878+00:00,2026-09-27T19:00Z,2026-09-27,Sunday,"Landmark Opera Plaza Cinema, San Francisco",,America/Los_Angeles,Primetime,17:00,X00U8:2026-09-27T17:00:00:1,294,Screen 1,Digital,,,,3.0,0,https://booking.landmarktheatres.com/launch/ticketing/e96b574f-1b0e-5130-b880-2b437058c425,webedia-api; occupancy_rate=3; reserved=y,LMRK,,,webedia-api
2026-09-25,webedia-2026-09-27T19:05Z,2026-09-27T19:05:45.958878+00:00,2026-09-27T19:00Z,2026-09-27,Sunday,"Landmark Opera Plaza Cinema, San Francisco",,America/Los_Angeles,Primetime,19:30,X00U8:2026-09-27T19:30:00:1,444,Screen 1,Digital,,,,5.0,0,https://booking.landmarktheatres.com/launch/ticketing/23cdfbab-3722-5b42-806b-7abf719ca487,webedia-api; occupancy_rate=5; reserved=y,LMRK,,,webedia-api
2026-09-25,webedia-2026-09-27T19:05Z,2026-09-27T19:05:45.958878+00:00,2026-09-27T19:00Z,2026-09-27,Sunday,"Landmark Piedmont Theatre, Oakland",,America/Los_Angeles,Primetime,13:50,X00Y7:2026-09-27T13:50:00:Screen 1,104,Screen Screen 1,Digital,,,,2.0,0,https://booking.landmarktheatres.com/launch/ticketing/01124e55-ab66-50ac-8b4b-0a98fc354723,webedia-api; occupancy_rate=2; reserved=n,LMRK,,,webedia-api
2026-09-25,webedia-2026-09-27T19:05Z,2026-09-27T19:05:45.958878+00:00,2026-09-27T19:00Z,2026-09-27,Sunday,"Landmark Piedmont Theatre, Oakland",,America/Los_Angeles,Primetime,16:30,X00Y7:2026-09-27T16:30:00:Screen 1,264,Screen Screen 1,Digital,,,,2.0,0,https://booking.landmarktheatres.com/launch/ticketing/3777a773-28ce-5e25-b993-fc25e9be3c10,webedia-api; occupancy_rate=2; reserved=n,LMRK,,,webedia-api
2026-09-25,webedia-2026-09-27T19:05Z,2026-09-27T19:05:45.958878+00:00,2026-09-27T19:00Z,2026-09-27,Sunday,"Landmark Piedmont Theatre, Oakland",,America/Los_Angeles,Primetime,19:00,X00Y7:2026-09-27T19:00:00:Screen 1,414,Screen Screen 1,Digital,,,,3.0,0,https://booking.landmarktheatres.com/launch/ticketing/57b73141-9a92-543b-a2dd-5f34333a89d7,webedia-api; occupancy_rate=3; reserved=n,LMRK,,,webedia-api
2026-09-25,webedia-2026-09-27T19:05Z,2026-09-27T19:05:45.958878+00:00,2026-09-27T19:00Z,2026-09-27,Sunday,"Landmark Ritz Five, Philadelphia",,America/New_York,Primetime,12:45,X081D:2026-09-27T12:45:00:5,0,Screen 5,Digital,,,,23.0,0,https://booking.landmarktheatres.com/launch/ticketing/554a8b1f-7762-5d62-9d56-d310b492de31,webedia-api; post-show-census; occupancy_rate=23; reserved=n,LMRK,,,post-show-census
2026-09-25,webedia-2026-09-27T19:05Z,2026-09-27T19:05:45.958878+00:00,2026-09-27T19:00Z,2026-09-27,Sunday,"Landmark Ritz Five, Philadelphia",,America/New_York,Primetime,15:00,X081D:2026-09-27T15:00:00:1,0,Screen 1,Digital,,,,13.0,0,https://booking.landmarktheatres.com/launch/ticketing/3f556b7d-846c-5daf-a65b-8c50719c6753,webedia-api; post-show-census; occupancy_rate=13; reserved=n,LMRK,,,post-show-census
2026-09-25,webedia-2026-09-27T19:05Z,2026-09-27T19:05:45.958878+00:00,2026-09-27T19:00Z,2026-09-27,Sunday,"Landmark Ritz Five, Philadelphia",,America/New_York,Primetime,17:15,X081D:2026-09-27T17:15:00:1,129,Screen 1,Digital,,,,3.0,0,https://booking.landmarktheatres.com/launch/ticketing/fb514ea9-e009-5611-9b4c-40869986f5af,webedia-api; occupancy_rate=3; reserved=n,LMRK,,,webedia-api
2026-09-25,webedia-2026-09-27T19:05Z,2026-09-27T19:05:45.958878+00:00,2026-09-27T19:00Z,2026-09-27,Sunday,"Landmark Ritz Five, Philadelphia",,America/New_York,Primetime,19:30,X081D:2026-09-27T19:30:00:1,264,Screen 1,Digital,,,,1.0,0,https://booking.landmarktheatres.com/launch/ticketing/43c48c8b-cafe-51c6-a50e-f4fbab44881a,webedia-api; occupancy_rate=1; reserved=n,LMRK,,,webedia-api
2026-09-25,webedia-2026-09-27T19:05Z,2026-09-27T19:05:45.958878+00:00,2026-09-27T19:00Z,2026-09-27,Sunday,Landmark Scottsdale Quarter Theatre,,America/Phoenix,Forgotten Island,13:15,X03C1:2026-09-27T13:15:00:1,69,Screen 1,Scope,,,,0.0,0,https://booking.landmarktheatres.com/launch/ticketing/67cf1c69-946f-5dc4-9e48-3d497f5a5747,webedia-api; occupancy_rate=0; reserved=y,LMRK,,,webedia-api
2026-09-25,webedia-2026-09-27T19:05Z,2026-09-27T19:05:45.958878+00:00,2026-09-27T19:00Z,2026-09-27,Sunday,Landmark Scottsdale Quarter Theatre,,America/Phoenix,Forgotten Island,14:15,X03C1:2026-09-27T14:15:00:Screen 3,129,Screen Screen 3,Scope,,,,4.0,0,https://booking.landmarktheatres.com/launch/ticketing/ad54a2e5-fda5-5412-9be5-5f587f94dfea,webedia-api; occupancy_rate=4; reserved=y,LMRK,,,webedia-api
2026-09-25,webedia-2026-09-27T19:05Z,2026-09-27T19:05:45.958878+00:00,2026-09-27T19:00Z,2026-09-27,Sunday,Landmark Scottsdale Quarter Theatre,,America/Phoenix,Forgotten Island,16:45,X03C1:2026-09-27T16:45:00:Screen 3,279,Screen Screen 3,Scope,,,,0.0,0,https://booking.landmarktheatres.com/launch/ticketing/60648388-9a36-5482-9b55-963b4c367f3b,webedia-api; occupancy_rate=0; reserved=y,LMRK,,,webedia-api
2026-09-25,webedia-2026-09-27T19:05Z,2026-09-27T19:05:45.958878+00:00,2026-09-27T19:00Z,2026-09-27,Sunday,Landmark Scottsdale Quarter Theatre,,America/Phoenix,Forgotten Island,19:15,X03C1:2026-09-27T19:15:00:Screen 3,429,Screen Screen 3,Scope,,,,0.0,0,https://booking.landmarktheatres.com/launch/ticketing/ff614f20-4498-5b38-88d8-d08ae451f322,webedia-api; occupancy_rate=0; reserved=y,LMRK,,,webedia-api
2026-09-25,webedia-2026-09-27T19:05Z,2026-09-27T19:05:45.958878+00:00,2026-09-27T19:00Z,2026-09-27,Sunday,Landmark Scottsdale Quarter Theatre,,America/Phoenix,Heart of the Beast,13:00,X03C1:2026-09-27T13:00:00:2,54,Screen 2,Scope,,,,10.0,0,https://booking.landmarktheatres.com/launch/ticketing/717e7fe2-dd81-5ca6-9ab4-ce9844e4b8a8,webedia-api; occupancy_rate=10; reserved=y,LMRK,,,webedia-api
2026-09-25,webedia-2026-09-27T19:05Z,2026-09-27T19:05:45.958878+00:00,2026-09-27T19:00Z,2026-09-27,Sunday,Landmark Scottsdale Quarter Theatre,,America/Phoenix,Heart of the Beast,14:00,X03C1:2026-09-27T14:00:00:5,114,Screen 5,Scope,,,,20.0,0,https://booking.landmarktheatres.com/launch/ticketing/806f4ef5-8fea-5386-99cb-c20af9513f23,webedia-api; occupancy_rate=20; reserved=y,LMRK,,,webedia-api
2026-09-25,webedia-2026-09-27T19:05Z,2026-09-27T19:05:45.958878+00:00,2026-09-27T19:00Z,2026-09-27,Sunday,Landmark Scottsdale Quarter Theatre,,America/Phoenix,Heart of the Beast,15:30,X03C1:2026-09-27T15:30:00:2,204,Screen 2,Scope,,,,0.0,0,https://booking.landmarktheatres.com/launch/ticketing/2b5d43b5-8a20-5d78-acaa-3cf57f9cb4b6,webedia-api; occupancy_rate=0; reserved=y,LMRK,,,webedia-api
2026-09-25,webedia-2026-09-27T19:05Z,2026-09-27T19:05:45.958878+00:00,2026-09-27T19:00Z,2026-09-27,Sunday,Landmark Scottsdale Quarter Theatre,,America/Phoenix,Heart of the Beast,16:30,X03C1:2026-09-27T16:30:00:5,264,Screen 5,Scope,,,,3.0,0,https://booking.landmarktheatres.com/launch/ticketing/a180af4c-8d02-54f1-95df-dad83743c867,webedia-api; occupancy_rate=3; reserved=y,LMRK,,,webedia-api
2026-09-25,webedia-2026-09-27T19:05Z,2026-09-27T19:05:45.958878+00:00,2026-09-27T19:00Z,2026-09-27,Sunday,Landmark Scottsdale Quarter Theatre,,America/Phoenix,Heart of the Beast,18:00,X03C1:2026-09-27T18:00:00:2,354,Screen 2,Scope,,,,3.0,0,https://booking.landmarktheatres.com/launch/ticketing/ccba88f1-059c-522d-9df2-2c9361f70fe8,webedia-api; occupancy_rate=3; reserved=y,LMRK,,,webedia-api
2026-09-25,webedia-2026-09-27T19:05Z,2026-09-27T19:05:45.958878+00:00,2026-09-27T19:00Z,2026-09-27,Sunday,Landmark Scottsdale Quarter Theatre,,America/Phoenix,Heart of the Beast,19:00,X03C1:2026-09-27T19:00:00:5,414,Screen 5,Scope,,,,0.0,0,https://booking.landmarktheatres.com/launch/ticketing/b3df69f3-6981-585d-9cf0-fe58b404dd92,webedia-api; occupancy_rate=0; reserved=y,LMRK,,,webedia-api
2026-09-25,webedia-2026-09-27T19:05Z,2026-09-27T19:05:45.958878+00:00,2026-09-27T19:00Z,2026-09-27,Sunday,Landmark Scottsdale Quarter Theatre,,America/Phoenix,Primetime,14:05,X03C1:2026-09-27T14:05:00:4,119,Screen 4,Digital,,,,13.0,0,https://booking.landmarktheatres.com/launch/ticketing/ec5d27dd-a250-5109-ae5e-328fe0c15265,webedia-api; occupancy_rate=13; reserved=y,LMRK,,,webedia-api
2026-09-25,webedia-2026-09-27T19:05Z,2026-09-27T19:05:45.958878+00:00,2026-09-27T19:00Z,2026-09-27,Sunday,Landmark Scottsdale Quarter Theatre,,America/Phoenix,Primetime,15:45,X03C1:2026-09-27T15:45:00:1,219,Screen 1,Digital,,,,4.0,0,https://booking.landmarktheatres.com/launch/ticketing/7b63c1a2-a12a-53a8-aebb-29eacfe0408f,webedia-api; occupancy_rate=4; reserved=y,LMRK,,,webedia-api
2026-09-25,webedia-2026-09-27T19:05Z,2026-09-27T19:05:45.958878+00:00,2026-09-27T19:00Z,2026-09-27,Sunday,Landmark Scottsdale Quarter Theatre,,America/Phoenix,Primetime,16:40,X03C1:2026-09-27T16:40:00:4,274,Screen 4,Digital,,,,19.0,0,https://booking.landmarktheatres.com/launch/ticketing/94f0f84d-e30e-5a7a-ab17-926f8982581a,webedia-api; occupancy_rate=19; reserved=y,LMRK,,,webedia-api
2026-09-25,webedia-2026-09-27T19:05Z,2026-09-27T19:05:45.958878+00:00,2026-09-27T19:00Z,2026-09-27,Sunday,Landmark Scottsdale Quarter Theatre,,America/Phoenix,Primetime,18:15,X03C1:2026-09-27T18:15:00:1,369,Screen 1,Digital,,,,0.0,0,https://booking.landmarktheatres.com/launch/ticketing/48d88c8c-6028-5216-a4d1-777cef5281e6,webedia-api; occupancy_rate=0; reserved=y,LMRK,,,webedia-api
2026-09-25,webedia-2026-09-27T19:05Z,2026-09-27T19:05:45.958878+00:00,2026-09-27T19:00Z,2026-09-27,Sunday,Landmark Scottsdale Quarter Theatre,,America/Phoenix,Primetime,19:10,X03C1:2026-09-27T19:10:00:4,424,Screen 4,Digital,,,,8.0,0,https://booking.landmarktheatres.com/launch/ticketing/8f6b3ed0-9337-5fc1-824b-be69aedc3f2b,webedia-api; occupancy_rate=8; reserved=y,LMRK,,,webedia-api
2026-09-25,webedia-2026-09-27T19:05Z,2026-09-27T19:05:45.958878+00:00,2026-09-27T19:00Z,2026-09-27,Sunday,Landmark Sunset Hollywood,,America/Los_Angeles,Primetime,13:00,G01SI:2026-09-27T13:00:00:Screen 1,54,Screen Screen 1,"Digital,DolbyDigital",,,,14.0,0,https://booking.landmarktheatres.com/launch/ticketing/abe27b57-d5f5-55a0-93d2-c23aa4f58172,webedia-api; occupancy_rate=14; reserved=y,LMRK,,,webedia-api
2026-09-25,webedia-2026-09-27T19:05Z,2026-09-27T19:05:45.958878+00:00,2026-09-27T19:00Z,2026-09-27,Sunday,Landmark Sunset Hollywood,,America/Los_Angeles,Primetime,15:00,G01SI:2026-09-27T15:00:00:Screen 5,174,Screen Screen 5,"Digital,DolbyDigital",,,,8.0,0,https://booking.landmarktheatres.com/launch/ticketing/a033583e-edca-58f6-b72f-fd98d7d6adfa,webedia-api; occupancy_rate=8; reserved=y,LMRK,,,webedia-api
2026-09-25,webedia-2026-09-27T19:05Z,2026-09-27T19:05:45.958878+00:00,2026-09-27T19:00Z,2026-09-27,Sunday,Landmark Sunset Hollywood,,America/Los_Angeles,Primetime,16:00,G01SI:2026-09-27T16:00:00:Screen 1,234,Screen Screen 1,"Digital,DolbyDigital",,,,6.0,0,https://booking.landmarktheatres.com/launch/ticketing/42232143-f0b6-5634-8121-11babfd64ae4,webedia-api; occupancy_rate=6; reserved=y,LMRK,,,webedia-api
2026-09-25,webedia-2026-09-27T19:05Z,2026-09-27T19:05:45.958878+00:00,2026-09-27T19:00Z,2026-09-27,Sunday,Landmark Sunset Hollywood,,America/Los_Angeles,Primetime,17:40,G01SI:2026-09-27T17:40:00:Screen 5,334,Screen Screen 5,"Digital,DolbyDigital",,,,15.0,0,https://booking.landmarktheatres.com/launch/ticketing/4a07b71f-0088-50ad-96ae-5cf0f2a928f5,webedia-api; occupancy_rate=15; reserved=y,LMRK,,,webedia-api
2026-09-25,webedia-2026-09-27T19:05Z,2026-09-27T19:05:45.958878+00:00,2026-09-27T19:00Z,2026-09-27,Sunday,Landmark Sunset Hollywood,,America/Los_Angeles,Primetime,19:00,G01SI:2026-09-27T19:00:00:Screen 1,414,Screen Screen 1,"Digital,DolbyDigital",,,,13.0,0,https://booking.landmarktheatres.com/launch/ticketing/8529ec83-726d-520e-af6c-f9cfa9d21a65,webedia-api; occupancy_rate=13; reserved=y,LMRK,,,webedia-api
2026-09-25,webedia-2026-09-27T19:05Z,2026-09-27T19:05:45.958878+00:00,2026-09-27T19:00Z,2026-09-27,Sunday,Landmark Sunset Hollywood,,America/Los_Angeles,Primetime,20:00,G01SI:2026-09-27T20:00:00:Screen 5,474,Screen Screen 5,"Digital,DolbyDigital",,,,6.0,0,https://booking.landmarktheatres.com/launch/ticketing/9c64718e-aa74-5db6-917d-28a830be83b3,webedia-api; occupancy_rate=6; reserved=y,LMRK,,,webedia-api
2026-09-25,webedia-2026-09-27T19:05Z,2026-09-27T19:05:45.958878+00:00,2026-09-27T19:00Z,2026-09-27,Sunday,Landmark Theatres Pasadena,,America/Los_Angeles,Heart of the Beast,12:00,G01CH:2026-09-27T12:00:00:Screen 3,0,Screen Screen 3,Scope,,,,16.0,0,https://booking.landmarktheatres.com/launch/ticketing/733778d9-ae5c-5f06-b7a4-49a945e0cc64,webedia-api; post-show-census; occupancy_rate=16; reserved=y,LMRK,,,post-show-census
2026-09-25,webedia-2026-09-27T19:05Z,2026-09-27T19:05:45.958878+00:00,2026-09-27T19:00Z,2026-09-27,Sunday,Landmark Theatres Pasadena,,America/Los_Angeles,Heart of the Beast,14:15,G01CH:2026-09-27T14:15:00:Screen 3,129,Screen Screen 3,Scope,,,,14.0,0,https://booking.landmarktheatres.com/launch/ticketing/fb2d24f6-1c0b-59db-bff1-7e1e55aece6e,webedia-api; occupancy_rate=14; reserved=y,LMRK,,,webedia-api
2026-09-25,webedia-2026-09-27T19:05Z,2026-09-27T19:05:45.958878+00:00,2026-09-27T19:00Z,2026-09-27,Sunday,Landmark Theatres Pasadena,,America/Los_Angeles,Heart of the Beast,16:45,G01CH:2026-09-27T16:45:00:Screen 3,279,Screen Screen 3,Scope,,,,5.0,0,https://booking.landmarktheatres.com/launch/ticketing/19ddbb88-625f-5596-979f-742491121732,webedia-api; occupancy_rate=5; reserved=y,LMRK,,,webedia-api
2026-09-25,webedia-2026-09-27T19:05Z,2026-09-27T19:05:45.958878+00:00,2026-09-27T19:00Z,2026-09-27,Sunday,Landmark Theatres Pasadena,,America/Los_Angeles,Heart of the Beast,19:15,G01CH:2026-09-27T19:15:00:Screen 3,429,Screen Screen 3,Scope,,,,5.0,0,https://booking.landmarktheatres.com/launch/ticketing/a0464988-384b-5da4-9fb3-35db5ccf0fd9,webedia-api; occupancy_rate=5; reserved=y,LMRK,,,webedia-api
2026-09-25,webedia-2026-09-27T19:05Z,2026-09-27T19:05:45.958878+00:00,2026-09-27T19:00Z,2026-09-27,Sunday,Landmark Theatres Pasadena,,America/Los_Angeles,Primetime,12:10,G01CH:2026-09-27T12:10:00:Screen 2,4,Screen Screen 2,Digital,,,,21.0,0,https://booking.landmarktheatres.com/launch/ticketing/23f72d76-6a26-5122-ad59-f40d50b79f80,webedia-api; occupancy_rate=21; reserved=y,LMRK,,,webedia-api
2026-09-25,webedia-2026-09-27T19:05Z,2026-09-27T19:05:45.958878+00:00,2026-09-27T19:00Z,2026-09-27,Sunday,Landmark Theatres Pasadena,,America/Los_Angeles,Primetime,14:30,G01CH:2026-09-27T14:30:00:Screen 2,144,Screen Screen 2,Digital,,,,38.0,0,https://booking.landmarktheatres.com/launch/ticketing/30a4357e-d86e-505c-a9f4-35cac861002e,webedia-api; occupancy_rate=38; reserved=y,LMRK,,,webedia-api
2026-09-25,webedia-2026-09-27T19:05Z,2026-09-27T19:05:45.958878+00:00,2026-09-27T19:00Z,2026-09-27,Sunday,Landmark Theatres Pasadena,,America/Los_Angeles,Primetime,15:30,G01CH:2026-09-27T15:30:00:Screen 7,204,Screen Screen 7,Digital,,,,17.0,0,https://booking.landmarktheatres.com/launch/ticketing/842b4dd4-323d-5595-86a9-238e269faa8e,webedia-api; occupancy_rate=17; reserved=y,LMRK,,,webedia-api
2026-09-25,webedia-2026-09-27T19:05Z,2026-09-27T19:05:45.958878+00:00,2026-09-27T19:00Z,2026-09-27,Sunday,Landmark Theatres Pasadena,,America/Los_Angeles,Primetime,17:00,G01CH:2026-09-27T17:00:00:Screen 2,294,Screen Screen 2,Digital,,,,11.0,0,https://booking.landmarktheatres.com/launch/ticketing/c14eab25-a97e-503d-8f7b-99d292d190ab,webedia-api; occupancy_rate=11; reserved=y,LMRK,,,webedia-api
2026-09-25,webedia-2026-09-27T19:05Z,2026-09-27T19:05:45.958878+00:00,2026-09-27T19:00Z,2026-09-27,Sunday,Landmark Theatres Pasadena,,America/Los_Angeles,Primetime,18:30,G01CH:2026-09-27T18:30:00:Screen 7,384,Screen Screen 7,Digital,,,,10.0,0,https://booking.landmarktheatres.com/launch/ticketing/40e5d1ad-0a76-5c5d-ab80-4ac1c384ec86,webedia-api; occupancy_rate=10; reserved=y,LMRK,,,webedia-api
2026-09-25,webedia-2026-09-27T19:05Z,2026-09-27T19:05:45.958878+00:00,2026-09-27T19:00Z,2026-09-27,Sunday,Landmark Theatres Pasadena,,America/Los_Angeles,Primetime,19:30,G01CH:2026-09-27T19:30:00:Screen 2,444,Screen Screen 2,Digital,,,,13.0,0,https://booking.landmarktheatres.com/launch/ticketing/0d046d6f-0bc7-5f18-ba48-ad760c75fd1a,webedia-api; occupancy_rate=13; reserved=y,LMRK,,,webedia-api
2026-09-25,webedia-2026-09-27T19:05Z,2026-09-27T19:05:45.958878+00:00,2026-09-27T19:00Z,2026-09-27,Sunday,"Landmark Westwood, Los Angeles",,America/Los_Angeles,Primetime,14:00,X00D9:2026-09-27T14:00:00:Screen 1,114,Screen Screen 1,Digital,,,,9.0,0,https://booking.landmarktheatres.com/launch/ticketing/5b05bc1f-ac6e-5764-bb9a-486a4636fd3d,webedia-api; occupancy_rate=9; reserved=y,LMRK,,,webedia-api
2026-09-25,webedia-2026-09-27T19:05Z,2026-09-27T19:05:45.958878+00:00,2026-09-27T19:00Z,2026-09-27,Sunday,"Landmark Westwood, Los Angeles",,America/Los_Angeles,Primetime,16:30,X00D9:2026-09-27T16:30:00:Screen 1,264,Screen Screen 1,Digital,,,,3.0,0,https://booking.landmarktheatres.com/launch/ticketing/06a05ad1-08f0-519c-ba30-917c6eab8c4e,webedia-api; occupancy_rate=3; reserved=y,LMRK,,,webedia-api
2026-09-25,webedia-2026-09-27T19:05Z,2026-09-27T19:05:45.958878+00:00,2026-09-27T19:00Z,2026-09-27,Sunday,"Landmark Westwood, Los Angeles",,America/Los_Angeles,Primetime,19:00,X00D9:2026-09-27T19:00:00:Screen 1,414,Screen Screen 1,Digital,,,,8.0,0,https://booking.landmarktheatres.com/launch/ticketing/fb13cb3b-c463-53cd-930e-0d2531dde4de,webedia-api; occupancy_rate=8; reserved=y,LMRK,,,webedia-api
2026-09-25,webedia-2026-09-27T19:05Z,2026-09-27T19:05:45.958878+00:00,2026-09-27T19:00Z,2026-09-27,Sunday,Landmark at Annapolis Harbour Center,,America/New_York,Forgotten Island,12:55,G019L:2026-09-27T12:55:00:Screen 1,0,Screen Screen 1,"Scope,DolbyDigital",,,,24.0,0,https://booking.landmarktheatres.com/launch/ticketing/fc34e38d-8a1f-534a-a21c-adca94f6107d,webedia-api; post-show-census; occupancy_rate=24; reserved=y,LMRK,,,post-show-census
2026-09-25,webedia-2026-09-27T19:05Z,2026-09-27T19:05:45.958878+00:00,2026-09-27T19:00Z,2026-09-27,Sunday,Landmark at Annapolis Harbour Center,,America/New_York,Forgotten Island,14:00,G019L:2026-09-27T14:00:00:Screen 2,0,Screen Screen 2,"Scope,DolbyDigital",,,,24.0,0,https://booking.landmarktheatres.com/launch/ticketing/643420af-f7bf-5204-9f7b-3fb13f5905e2,webedia-api; post-show-census; occupancy_rate=24; reserved=y,LMRK,,,post-show-census
2026-09-25,webedia-2026-09-27T19:05Z,2026-09-27T19:05:45.958878+00:00,2026-09-27T19:00Z,2026-09-27,Sunday,Landmark at Annapolis Harbour Center,,America/New_York,Forgotten Island,15:30,G019L:2026-09-27T15:30:00:Screen 1,24,Screen Screen 1,"Scope,DolbyDigital",,,,17.0,0,https://booking.landmarktheatres.com/launch/ticketing/a33fee4a-6920-5971-a178-6b2c263425ef,webedia-api; occupancy_rate=17; reserved=y,LMRK,,,webedia-api
2026-09-25,webedia-2026-09-27T19:05Z,2026-09-27T19:05:45.958878+00:00,2026-09-27T19:00Z,2026-09-27,Sunday,Landmark at Annapolis Harbour Center,,America/New_York,Forgotten Island,16:30,G019L:2026-09-27T16:30:00:Screen 2,84,Screen Screen 2,"Scope,DolbyDigital",,,,0.0,0,https://booking.landmarktheatres.com/launch/ticketing/4257452b-5724-52f7-896a-5a875e75451f,webedia-api; occupancy_rate=0; reserved=y,LMRK,,,webedia-api
2026-09-25,webedia-2026-09-27T19:05Z,2026-09-27T19:05:45.958878+00:00,2026-09-27T19:00Z,2026-09-27,Sunday,Landmark at Annapolis Harbour Center,,America/New_York,Forgotten Island,19:30,G019L:2026-09-27T19:30:00:Screen 2,264,Screen Screen 2,"Scope,DolbyDigital",,,,0.0,0,https://booking.landmarktheatres.com/launch/ticketing/cd2cb51a-50f1-51b8-91ab-f77ac25cb074,webedia-api; occupancy_rate=0; reserved=y,LMRK,,,webedia-api
2026-09-25,webedia-2026-09-27T19:05Z,2026-09-27T19:05:45.958878+00:00,2026-09-27T19:00Z,2026-09-27,Sunday,Landmark at Annapolis Harbour Center,,America/New_York,Heart of the Beast,13:10,G019L:2026-09-27T13:10:00:Screen 3,0,Screen Screen 3,"Scope,DolbyDigital",,,,57.0,0,https://booking.landmarktheatres.com/launch/ticketing/677b887b-03ef-573e-81b6-ae677d6ac899,webedia-api; post-show-census; occupancy_rate=57; reserved=y,LMRK,,,post-show-census
2026-09-25,webedia-2026-09-27T19:05Z,2026-09-27T19:05:45.958878+00:00,2026-09-27T19:00Z,2026-09-27,Sunday,Landmark at Annapolis Harbour Center,,America/New_York,Heart of the Beast,16:10,G019L:2026-09-27T16:10:00:Screen 3,64,Screen Screen 3,"Scope,DolbyDigital",,,,14.0,0,https://booking.landmarktheatres.com/launch/ticketing/8bb17e66-617d-55e0-8a01-cbe99e74eb20,webedia-api; occupancy_rate=14; reserved=y,LMRK,,,webedia-api
2026-09-25,webedia-2026-09-27T19:05Z,2026-09-27T19:05:45.958878+00:00,2026-09-27T19:00Z,2026-09-27,Sunday,Landmark at Annapolis Harbour Center,,America/New_York,Heart of the Beast,19:10,G019L:2026-09-27T19:10:00:Screen 3,244,Screen Screen 3,"Scope,DolbyDigital",,,,15.0,0,https://booking.landmarktheatres.com/launch/ticketing/f4443638-0216-5409-aba6-e6ae2ffe49d5,webedia-api; occupancy_rate=15; reserved=y,LMRK,,,webedia-api
2026-09-25,webedia-2026-09-27T19:05Z,2026-09-27T19:05:45.958878+00:00,2026-09-27T19:00Z,2026-09-27,Sunday,Landmark at Annapolis Harbour Center,,America/New_York,Primetime,13:20,G019L:2026-09-27T13:20:00:Screen 4,0,Screen Screen 4,"Digital,DolbyDigital",,,,13.0,0,https://booking.landmarktheatres.com/launch/ticketing/e898c8d9-b1d3-5988-8b04-48bc86873396,webedia-api; post-show-census; occupancy_rate=13; reserved=y,LMRK,,,post-show-census
2026-09-25,webedia-2026-09-27T19:05Z,2026-09-27T19:05:45.958878+00:00,2026-09-27T19:00Z,2026-09-27,Sunday,Landmark at Annapolis Harbour Center,,America/New_York,Primetime,16:20,G019L:2026-09-27T16:20:00:Screen 4,74,Screen Screen 4,"Digital,DolbyDigital",,,,9.0,0,https://booking.landmarktheatres.com/launch/ticketing/c5d7d6e6-9cc7-5839-93e0-61fefbf87dea,webedia-api; occupancy_rate=9; reserved=y,LMRK,,,webedia-api
2026-09-25,webedia-2026-09-27T19:05Z,2026-09-27T19:05:45.958878+00:00,2026-09-27T19:00Z,2026-09-27,Sunday,Landmark at Annapolis Harbour Center,,America/New_York,Primetime,19:20,G019L:2026-09-27T19:20:00:Screen 4,254,Screen Screen 4,"Digital,DolbyDigital",,,,1.0,0,https://booking.landmarktheatres.com/launch/ticketing/13eae6c4-7a97-54b8-b49e-c10e5dffe73d,webedia-api; occupancy_rate=1; reserved=y,LMRK,,,webedia-api
2026-09-25,webedia-2026-09-27T19:05Z,2026-09-27T19:05:45.958878+00:00,2026-09-27T19:00Z,2026-09-27,Sunday,"Landmark at The Glen, Glenview",,America/Chicago,Forgotten Island,13:00,X0JYT:2026-09-27T13:00:00:3,0,Screen 3,Scope,,,,0.0,0,https://booking.landmarktheatres.com/launch/ticketing/7ac957af-0e6d-5ced-ac0f-430a01b512a0,webedia-api; post-show-census; occupancy_rate=0; reserved=y,LMRK,,,post-show-census
2026-09-25,webedia-2026-09-27T19:05Z,2026-09-27T19:05:45.958878+00:00,2026-09-27T19:00Z,2026-09-27,Sunday,"Landmark at The Glen, Glenview",,America/Chicago,Forgotten Island,15:30,X0JYT:2026-09-27T15:30:00:3,84,Screen 3,Scope,,,,2.0,0,https://booking.landmarktheatres.com/launch/ticketing/e30ac65a-d51d-5794-9bdf-ddd916bc9586,webedia-api; occupancy_rate=2; reserved=y,LMRK,,,webedia-api
2026-09-25,webedia-2026-09-27T19:05Z,2026-09-27T19:05:45.958878+00:00,2026-09-27T19:00Z,2026-09-27,Sunday,"Landmark at The Glen, Glenview",,America/Chicago,Forgotten Island,19:10,X0JYT:2026-09-27T19:10:00:1,304,Screen 1,Scope,,,,0.0,0,https://booking.landmarktheatres.com/launch/ticketing/20b8c5ac-a725-53e0-93e3-092d86c76ffb,webedia-api; occupancy_rate=0; reserved=y,LMRK,,,webedia-api
2026-09-25,webedia-2026-09-27T19:05Z,2026-09-27T19:05:45.958878+00:00,2026-09-27T19:00Z,2026-09-27,Sunday,"Landmark at The Glen, Glenview",,America/Chicago,Heart of the Beast,14:00,X0JYT:2026-09-27T14:00:00:Screen 7,0,Screen Screen 7,Scope,,,,3.0,0,https://booking.landmarktheatres.com/launch/ticketing/6ccb15c9-6189-5bb7-a17a-a95376bd93e9,webedia-api; post-show-census; occupancy_rate=3; reserved=y,LMRK,,,post-show-census
2026-09-25,webedia-2026-09-27T19:05Z,2026-09-27T19:05:45.958878+00:00,2026-09-27T19:00Z,2026-09-27,Sunday,"Landmark at The Glen, Glenview",,America/Chicago,Heart of the Beast,16:30,X0JYT:2026-09-27T16:30:00:Screen 7,144,Screen Screen 7,Scope,,,,0.0,0,https://booking.landmarktheatres.com/launch/ticketing/65f72823-611e-5325-b7f6-26b6f3cac822,webedia-api; occupancy_rate=0; reserved=y,LMRK,,,webedia-api
2026-09-25,webedia-2026-09-27T19:05Z,2026-09-27T19:05:45.958878+00:00,2026-09-27T19:00Z,2026-09-27,Sunday,"Landmark at The Glen, Glenview",,America/Chicago,Heart of the Beast,19:00,X0JYT:2026-09-27T19:00:00:Screen 7,294,Screen Screen 7,Scope,,,,2.0,0,https://booking.landmarktheatres.com/launch/ticketing/5f7cd529-71be-5a4d-8b77-40d8b59f6c34,webedia-api; occupancy_rate=2; reserved=y,LMRK,,,webedia-api
2026-09-25,webedia-2026-09-27T19:05Z,2026-09-27T19:05:45.958878+00:00,2026-09-27T19:00Z,2026-09-27,Sunday,"Landmark at The Glen, Glenview",,America/Chicago,Primetime,14:10,X0JYT:2026-09-27T14:10:00:1,4,Screen 1,Digital,,,,4.0,0,https://booking.landmarktheatres.com/launch/ticketing/634b522b-655b-5f28-a0d4-3906baec9058,webedia-api; occupancy_rate=4; reserved=y,LMRK,,,webedia-api
2026-09-25,webedia-2026-09-27T19:05Z,2026-09-27T19:05:45.958878+00:00,2026-09-27T19:00Z,2026-09-27,Sunday,"Landmark at The Glen, Glenview",,America/Chicago,Primetime,16:40,X0JYT:2026-09-27T16:40:00:1,154,Screen 1,Digital,,,,2.0,0,https://booking.landmarktheatres.com/launch/ticketing/88d87636-f955-55d3-9c45-c638097b367a,webedia-api; occupancy_rate=2; reserved=y,LMRK,,,webedia-api
2026-09-25,webedia-2026-09-27T19:05Z,2026-09-27T19:05:45.958878+00:00,2026-09-27T19:00Z,2026-09-27,Sunday,"Landmark at The Glen, Glenview",,America/Chicago,Primetime,19:15,X0JYT:2026-09-27T19:15:00:5,309,Screen 5,Digital,,,,2.0,0,https://booking.landmarktheatres.com/launch/ticketing/9f1c3a3f-1556-510a-b5e3-a4adf671a37b,webedia-api; occupancy_rate=2; reserved=y,LMRK,,,webedia-api
2026-09-25,webedia-2026-09-27T19:05Z,2026-09-27T19:05:45.958878+00:00,2026-09-27T19:00Z,2026-09-27,Sunday,The Landmark Greenwood Village,,America/Denver,Forgotten Island,12:30,X0873:2026-09-27T12:30:00:2,0,Screen 2,Scope,,,,0.0,0,https://booking.landmarktheatres.com/launch/ticketing/02a32134-c35e-509d-9a64-6c3b870efc8b,webedia-api; post-show-census; occupancy_rate=0; reserved=y,LMRK,,,post-show-census
2026-09-25,webedia-2026-09-27T19:05Z,2026-09-27T19:05:45.958878+00:00,2026-09-27T19:00Z,2026-09-27,Sunday,The Landmark Greenwood Village,,America/Denver,Forgotten Island,13:20,X0873:2026-09-27T13:20:00:5,14,Screen 5,Scope,,,,6.0,0,https://booking.landmarktheatres.com/launch/ticketing/4c82f1c3-edb7-5320-8060-963a9dd01b72,webedia-api; occupancy_rate=6; reserved=y,LMRK,,,webedia-api
2026-09-25,webedia-2026-09-27T19:05Z,2026-09-27T19:05:45.958878+00:00,2026-09-27T19:00Z,2026-09-27,Sunday,The Landmark Greenwood Village,,America/Denver,Forgotten Island,15:10,X0873:2026-09-27T15:10:00:2,124,Screen 2,Scope,,,,0.0,0,https://booking.landmarktheatres.com/launch/ticketing/89bc128a-3e17-5683-a473-8397f7f6b9d9,webedia-api; occupancy_rate=0; reserved=y,LMRK,,,webedia-api
2026-09-25,webedia-2026-09-27T19:05Z,2026-09-27T19:05:45.958878+00:00,2026-09-27T19:00Z,2026-09-27,Sunday,The Landmark Greenwood Village,,America/Denver,Forgotten Island,16:10,X0873:2026-09-27T16:10:00:5,184,Screen 5,Scope,,,,0.0,0,https://booking.landmarktheatres.com/launch/ticketing/b1f530cf-c7f4-532f-964f-c59eb903f5b7,webedia-api; occupancy_rate=0; reserved=y,LMRK,,,webedia-api
2026-09-25,webedia-2026-09-27T19:05Z,2026-09-27T19:05:45.958878+00:00,2026-09-27T19:00Z,2026-09-27,Sunday,The Landmark Greenwood Village,,America/Denver,Forgotten Island,19:00,X0873:2026-09-27T19:00:00:5,354,Screen 5,Scope,,,,1.0,0,https://booking.landmarktheatres.com/launch/ticketing/1421f166-d628-5c3a-a8ec-2db343924528,webedia-api; occupancy_rate=1; reserved=y,LMRK,,,webedia-api
2026-09-25,webedia-2026-09-27T19:05Z,2026-09-27T19:05:45.958878+00:00,2026-09-27T19:00Z,2026-09-27,Sunday,The Landmark Greenwood Village,,America/Denver,Heart of the Beast,13:30,X0873:2026-09-27T13:30:00:6,24,Screen 6,Scope,,,,4.0,0,https://booking.landmarktheatres.com/launch/ticketing/15e77bbf-cbe7-5eb1-9331-027317488d4b,webedia-api; occupancy_rate=4; reserved=y,LMRK,,,webedia-api
2026-09-25,webedia-2026-09-27T19:05Z,2026-09-27T19:05:45.958878+00:00,2026-09-27T19:00Z,2026-09-27,Sunday,The Landmark Greenwood Village,,America/Denver,Heart of the Beast,16:20,X0873:2026-09-27T16:20:00:6,194,Screen 6,Scope,,,,5.0,0,https://booking.landmarktheatres.com/launch/ticketing/d2d016f0-3910-5746-8e22-d15a64c0562f,webedia-api; occupancy_rate=5; reserved=y,LMRK,,,webedia-api
2026-09-25,webedia-2026-09-27T19:05Z,2026-09-27T19:05:45.958878+00:00,2026-09-27T19:00Z,2026-09-27,Sunday,The Landmark Greenwood Village,,America/Denver,Heart of the Beast,19:10,X0873:2026-09-27T19:10:00:6,364,Screen 6,Scope,,,,0.0,0,https://booking.landmarktheatres.com/launch/ticketing/e4a9c18d-7ac2-5bfb-8c92-914e6371eb0b,webedia-api; occupancy_rate=0; reserved=y,LMRK,,,webedia-api
2026-09-25,webedia-2026-09-27T19:05Z,2026-09-27T19:05:45.958878+00:00,2026-09-27T19:00Z,2026-09-27,Sunday,The Landmark Greenwood Village,,America/Denver,Primetime,14:00,X0873:2026-09-27T14:00:00:Screen 3,54,Screen Screen 3,Digital,,,,3.0,0,https://booking.landmarktheatres.com/launch/ticketing/997601fb-6226-50a9-a0d0-620d49f3e3b2,webedia-api; occupancy_rate=3; reserved=y,LMRK,,,webedia-api
2026-09-25,webedia-2026-09-27T19:05Z,2026-09-27T19:05:45.958878+00:00,2026-09-27T19:00Z,2026-09-27,Sunday,The Landmark Greenwood Village,,America/Denver,Primetime,16:45,X0873:2026-09-27T16:45:00:Screen 3,219,Screen Screen 3,Digital,,,,5.0,0,https://booking.landmarktheatres.com/launch/ticketing/076171d1-be16-5c73-bc29-fcc0140318f8,webedia-api; occupancy_rate=5; reserved=y,LMRK,,,webedia-api
2026-09-25,webedia-2026-09-27T19:05Z,2026-09-27T19:05:45.958878+00:00,2026-09-27T19:00Z,2026-09-27,Sunday,The Landmark Greenwood Village,,America/Denver,Primetime,18:00,X0873:2026-09-27T18:00:00:2,294,Screen 2,Digital,,,,2.0,0,https://booking.landmarktheatres.com/launch/ticketing/bb580ed3-9304-5406-8234-cac005dc22b7,webedia-api; occupancy_rate=2; reserved=y,LMRK,,,webedia-api
2026-09-25,webedia-2026-09-27T19:05Z,2026-09-27T19:05:45.958878+00:00,2026-09-27T19:00Z,2026-09-27,Sunday,The Landmark Greenwood Village,,America/Denver,Primetime,19:20,X0873:2026-09-27T19:20:00:Screen 3,374,Screen Screen 3,Digital,,,,3.0,0,https://booking.landmarktheatres.com/launch/ticketing/c59d27a7-f7f9-52c4-a7ae-fff6575af815,webedia-api; occupancy_rate=3; reserved=y,LMRK,,,webedia-api
2026-09-25,webedia-2026-09-27T19:05Z,2026-09-27T19:05:45.958878+00:00,2026-09-27T19:00Z,2026-09-27,Sunday,"The Landmark at Merrick Park, Coral Gables",,America/New_York,Forgotten Island,10:15,X0XDF:2026-09-27T10:15:00:2,0,Screen 2,Scope,,,,9.0,0,https://booking.landmarktheatres.com/launch/ticketing/e5968d23-02ac-57ca-bb43-397366405a79,webedia-api; post-show-census; occupancy_rate=9; reserved=y,LMRK,,,post-show-census
2026-09-25,webedia-2026-09-27T19:05Z,2026-09-27T19:05:45.958878+00:00,2026-09-27T19:00Z,2026-09-27,Sunday,"The Landmark at Merrick Park, Coral Gables",,America/New_York,Forgotten Island,12:00,X0XDF:2026-09-27T12:00:00:1,0,Screen 1,Scope,,,,6.0,0,https://booking.landmarktheatres.com/launch/ticketing/25cf8edc-9970-5c0e-9761-8cb600893e6b,webedia-api; post-show-census; occupancy_rate=6; reserved=y,LMRK,,,post-show-census
2026-09-25,webedia-2026-09-27T19:05Z,2026-09-27T19:05:45.958878+00:00,2026-09-27T19:00Z,2026-09-27,Sunday,"The Landmark at Merrick Park, Coral Gables",,America/New_York,Forgotten Island,12:45,X0XDF:2026-09-27T12:45:00:6,0,Screen 6,Scope,,,,12.0,0,https://booking.landmarktheatres.com/launch/ticketing/9c06874e-6767-5f9e-ae9a-95244153eb6a,webedia-api; post-show-census; occupancy_rate=12; reserved=y,LMRK,,,post-show-census
2026-09-25,webedia-2026-09-27T19:05Z,2026-09-27T19:05:45.958878+00:00,2026-09-27T19:00Z,2026-09-27,Sunday,"The Landmark at Merrick Park, Coral Gables",,America/New_York,Forgotten Island,13:45,X0XDF:2026-09-27T13:45:00:3,0,Screen 3,Scope,,,,5.0,0,https://booking.landmarktheatres.com/launch/ticketing/c921ef12-0ffd-53b7-b098-2ffceb186d3d,webedia-api; post-show-census; occupancy_rate=5; reserved=y,LMRK,,,post-show-census
2026-09-25,webedia-2026-09-27T19:05Z,2026-09-27T19:05:45.958878+00:00,2026-09-27T19:00Z,2026-09-27,Sunday,"The Landmark at Merrick Park, Coral Gables",,America/New_York,Forgotten Island,16:30,X0XDF:2026-09-27T16:30:00:3,84,Screen 3,Scope,,,,4.0,0,https://booking.landmarktheatres.com/launch/ticketing/9e7af95b-f5b2-5e9c-80ee-6e1cc5c3e3f4,webedia-api; occupancy_rate=4; reserved=y,LMRK,,,webedia-api
2026-09-25,webedia-2026-09-27T19:05Z,2026-09-27T19:05:45.958878+00:00,2026-09-27T19:00Z,2026-09-27,Sunday,"The Landmark at Merrick Park, Coral Gables",,America/New_York,Forgotten Island,18:30,X0XDF:2026-09-27T18:30:00:1,204,Screen 1,Scope,,,,10.0,0,https://booking.landmarktheatres.com/launch/ticketing/16f0ab4c-f2b6-545a-9a27-6a64ccbd5bdd,webedia-api; occupancy_rate=10; reserved=y,LMRK,,,webedia-api
2026-09-25,webedia-2026-09-27T19:05Z,2026-09-27T19:05:45.958878+00:00,2026-09-27T19:00Z,2026-09-27,Sunday,"The Landmark at Merrick Park, Coral Gables",,America/New_York,Forgotten Island,19:15,X0XDF:2026-09-27T19:15:00:3,249,Screen 3,Scope,,,,0.0,0,https://booking.landmarktheatres.com/launch/ticketing/4fef2167-5a76-5674-808d-f4ff9c26a913,webedia-api; occupancy_rate=0; reserved=y,LMRK,,,webedia-api
2026-09-25,webedia-2026-09-27T19:05Z,2026-09-27T19:05:45.958878+00:00,2026-09-27T19:00Z,2026-09-27,Sunday,"The Landmark at Merrick Park, Coral Gables",,America/New_York,Heart of the Beast,14:15,X0XDF:2026-09-27T14:15:00:4,0,Screen 4,Scope,,,,42.0,0,https://booking.landmarktheatres.com/launch/ticketing/707ad21c-94a3-502d-a170-164da6f640d6,webedia-api; post-show-census; occupancy_rate=42; reserved=y,LMRK,,,post-show-census
2026-09-25,webedia-2026-09-27T19:05Z,2026-09-27T19:05:45.958878+00:00,2026-09-27T19:00Z,2026-09-27,Sunday,"The Landmark at Merrick Park, Coral Gables",,America/New_York,Heart of the Beast,16:45,X0XDF:2026-09-27T16:45:00:4,99,Screen 4,Scope,,,,66.0,0,https://booking.landmarktheatres.com/launch/ticketing/b5fbaa31-1407-597a-8108-4a04c6972e04,webedia-api; occupancy_rate=66; reserved=y,LMRK,,,webedia-api
2026-09-25,webedia-2026-09-27T19:05Z,2026-09-27T19:05:45.958878+00:00,2026-09-27T19:00Z,2026-09-27,Sunday,"The Landmark at Merrick Park, Coral Gables",,America/New_York,Heart of the Beast,19:45,X0XDF:2026-09-27T19:45:00:Screen 5,279,Screen Screen 5,Scope,,,,17.0,0,https://booking.landmarktheatres.com/launch/ticketing/79a393ea-f0cb-557d-94f7-5ef3624956b9,webedia-api; occupancy_rate=17; reserved=y,LMRK,,,webedia-api
2026-09-25,webedia-2026-09-27T19:05Z,2026-09-27T19:05:45.958878+00:00,2026-09-27T19:00Z,2026-09-27,Sunday,Blackstone Valley 14: Cinema de Lux,,America/New_York,Forgotten Island,15:10,X06PR:2026-09-27T15:10:00:7,4,Screen 7,Digital,,,,5.0,0,https://tickets.showcasecinemas.com/launch/ticketing/80a56011-ee36-5522-b628-1087bc8dd5b0,webedia-api; occupancy_rate=5; reserved=y,SHOW,,,webedia-api
2026-09-25,webedia-2026-09-27T19:05Z,2026-09-27T19:05:45.958878+00:00,2026-09-27T19:00Z,2026-09-27,Sunday,Blackstone Valley 14: Cinema de Lux,,America/New_York,Forgotten Island,16:00,X06PR:2026-09-27T16:00:00:11,54,Screen 11,3d,,,,9.0,0,https://tickets.showcasecinemas.com/launch/ticketing/5c3dc8d6-80e3-5f6e-8351-4c0bb4e52afb,webedia-api; occupancy_rate=9; reserved=y,SHOW,,,webedia-api
2026-09-25,webedia-2026-09-27T19:05Z,2026-09-27T19:05:45.958878+00:00,2026-09-27T19:00Z,2026-09-27,Sunday,Blackstone Valley 14: Cinema de Lux,,America/New_York,Forgotten Island,18:50,X06PR:2026-09-27T18:50:00:11,224,Screen 11,Digital,,,,0.0,0,https://tickets.showcasecinemas.com/launch/ticketing/396ba634-c461-5336-a90a-d118c904bef3,webedia-api; occupancy_rate=0; reserved=y,SHOW,,,webedia-api
2026-09-25,webedia-2026-09-27T19:05Z,2026-09-27T19:05:45.958878+00:00,2026-09-27T19:00Z,2026-09-27,Sunday,Blackstone Valley 14: Cinema de Lux,,America/New_York,Forgotten Island,21:40,X06PR:2026-09-27T21:40:00:11,394,Screen 11,Digital,,,,0.0,0,https://tickets.showcasecinemas.com/launch/ticketing/e7241b9b-d7f3-5913-b1ec-29e9fc062018,webedia-api; occupancy_rate=0; reserved=y,SHOW,,,webedia-api
2026-09-25,webedia-2026-09-27T19:05Z,2026-09-27T19:05:45.958878+00:00,2026-09-27T19:00Z,2026-09-27,Sunday,Blackstone Valley 14: Cinema de Lux,,America/New_York,Heart of the Beast,14:05,X06PR:2026-09-27T14:05:00:13,0,Screen 13,Digital,,,,50.0,0,https://tickets.showcasecinemas.com/launch/ticketing/cfec380c-e60e-50a2-8ff5-af836b9c78be,webedia-api; post-show-census; occupancy_rate=50; reserved=y,SHOW,,,post-show-census
2026-09-25,webedia-2026-09-27T19:05Z,2026-09-27T19:05:45.958878+00:00,2026-09-27T19:00Z,2026-09-27,Sunday,Blackstone Valley 14: Cinema de Lux,,America/New_York,Heart of the Beast,16:35,X06PR:2026-09-27T16:35:00:13,89,Screen 13,Digital,,,,30.0,0,https://tickets.showcasecinemas.com/launch/ticketing/570c7f34-2d60-5a17-84fa-5d90fb52cd62,webedia-api; occupancy_rate=30; reserved=y,SHOW,,,webedia-api
2026-09-25,webedia-2026-09-27T19:05Z,2026-09-27T19:05:45.958878+00:00,2026-09-27T19:00Z,2026-09-27,Sunday,Blackstone Valley 14: Cinema de Lux,,America/New_York,Heart of the Beast,19:10,X06PR:2026-09-27T19:10:00:13,244,Screen 13,Digital,,,,0.0,0,https://tickets.showcasecinemas.com/launch/ticketing/40524984-4b48-5736-905e-612d1e5766f8,webedia-api; occupancy_rate=0; reserved=y,SHOW,,,webedia-api
2026-09-25,webedia-2026-09-27T19:05Z,2026-09-27T19:05:45.958878+00:00,2026-09-27T19:00Z,2026-09-27,Sunday,Blackstone Valley 14: Cinema de Lux,,America/New_York,Heart of the Beast,21:45,X06PR:2026-09-27T21:45:00:13,399,Screen 13,Digital,,,,0.0,0,https://tickets.showcasecinemas.com/launch/ticketing/aaed8cdf-c9d7-56dc-8484-c094d79b91ab,webedia-api; occupancy_rate=0; reserved=y,SHOW,,,webedia-api
2026-09-25,webedia-2026-09-27T19:05Z,2026-09-27T19:05:45.958878+00:00,2026-09-27T19:00Z,2026-09-27,Sunday,Blackstone Valley 14: Cinema de Lux,,America/New_York,Primetime,15:45,X06PR:2026-09-27T15:45:00:12,39,Screen 12,Digital,,,,36.0,0,https://tickets.showcasecinemas.com/launch/ticketing/5ff2a8b9-8872-553e-92ce-5b14419babfd,webedia-api; occupancy_rate=36; reserved=y,SHOW,,,webedia-api
2026-09-25,webedia-2026-09-27T19:05Z,2026-09-27T19:05:45.958878+00:00,2026-09-27T19:00Z,2026-09-27,Sunday,Blackstone Valley 14: Cinema de Lux,,America/New_York,Primetime,18:45,X06PR:2026-09-27T18:45:00:12,219,Screen 12,Digital,,,,15.0,0,https://tickets.showcasecinemas.com/launch/ticketing/3b7cb6d9-9b18-5c98-acfd-1b68ced105f2,webedia-api; occupancy_rate=15; reserved=y,SHOW,,,webedia-api
2026-09-25,webedia-2026-09-27T19:05Z,2026-09-27T19:05:45.958878+00:00,2026-09-27T19:00Z,2026-09-27,Sunday,Blackstone Valley 14: Cinema de Lux,,America/New_York,Primetime,21:30,X06PR:2026-09-27T21:30:00:12,384,Screen 12,Digital,,,,2.0,0,https://tickets.showcasecinemas.com/launch/ticketing/4042efe1-f9be-5257-a056-febeb0e700d8,webedia-api; occupancy_rate=2; reserved=y,SHOW,,,webedia-api
2026-09-25,webedia-2026-09-27T19:05Z,2026-09-27T19:05:45.958878+00:00,2026-09-27T19:00Z,2026-09-27,Sunday,Island 16: Cinema de Lux,,America/New_York,Forgotten Island,15:50,X06DU:2026-09-27T15:50:00:9,44,Screen 9,3d,,,,14.0,0,https://tickets.showcasecinemas.com/launch/ticketing/6b64afe6-4a5b-5aeb-ad73-2873913d1e0f,webedia-api; occupancy_rate=14; reserved=y,SHOW,,,webedia-api
2026-09-25,webedia-2026-09-27T19:05Z,2026-09-27T19:05:45.958878+00:00,2026-09-27T19:00Z,2026-09-27,Sunday,Island 16: Cinema de Lux,,America/New_York,Forgotten Island,18:45,X06DU:2026-09-27T18:45:00:9,219,Screen 9,Digital,,,,5.0,0,https://tickets.showcasecinemas.com/launch/ticketing/ab4065bd-2272-5ad2-9a79-d2661f3df933,webedia-api; occupancy_rate=5; reserved=y,SHOW,,,webedia-api
2026-09-25,webedia-2026-09-27T19:05Z,2026-09-27T19:05:45.958878+00:00,2026-09-27T19:00Z,2026-09-27,Sunday,Island 16: Cinema de Lux,,America/New_York,Forgotten Island,21:35,X06DU:2026-09-27T21:35:00:9,389,Screen 9,Digital,,,,0.0,0,https://tickets.showcasecinemas.com/launch/ticketing/2b97e0e3-944b-5de2-982d-9f06542c5adb,webedia-api; occupancy_rate=0; reserved=y,SHOW,,,webedia-api
2026-09-25,webedia-2026-09-27T19:05Z,2026-09-27T19:05:45.958878+00:00,2026-09-27T19:00Z,2026-09-27,Sunday,Island 16: Cinema de Lux,,America/New_York,Heart of the Beast,14:05,X06DU:2026-09-27T14:05:00:8,0,Screen 8,Digital,,,,62.0,0,https://tickets.showcasecinemas.com/launch/ticketing/b8108f6c-77d1-5e57-8dd5-8fe2f4644215,webedia-api; post-show-census; occupancy_rate=62; reserved=y,SHOW,,,post-show-census
2026-09-25,webedia-2026-09-27T19:05Z,2026-09-27T19:05:45.958878+00:00,2026-09-27T19:00Z,2026-09-27,Sunday,Island 16: Cinema de Lux,,America/New_York,Heart of the Beast,16:40,X06DU:2026-09-27T16:40:00:8,94,Screen 8,Digital,,,,44.0,0,https://tickets.showcasecinemas.com/launch/ticketing/ac2f5e9e-47f9-5863-a03c-e2036aad42a4,webedia-api; occupancy_rate=44; reserved=y,SHOW,,,webedia-api
2026-09-25,webedia-2026-09-27T19:05Z,2026-09-27T19:05:45.958878+00:00,2026-09-27T19:00Z,2026-09-27,Sunday,Island 16: Cinema de Lux,,America/New_York,Heart of the Beast,19:20,X06DU:2026-09-27T19:20:00:8,254,Screen 8,Digital,,,,21.0,0,https://tickets.showcasecinemas.com/launch/ticketing/59282e56-5276-5663-b80e-f31bf7dcb5ac,webedia-api; occupancy_rate=21; reserved=y,SHOW,,,webedia-api
2026-09-25,webedia-2026-09-27T19:05Z,2026-09-27T19:05:45.958878+00:00,2026-09-27T19:00Z,2026-09-27,Sunday,Island 16: Cinema de Lux,,America/New_York,Heart of the Beast,22:00,X06DU:2026-09-27T22:00:00:8,414,Screen 8,Digital,,,,2.0,0,https://tickets.showcasecinemas.com/launch/ticketing/6aec800c-9022-52bf-92f7-e3a2a712c7e4,webedia-api; occupancy_rate=2; reserved=y,SHOW,,,webedia-api
2026-09-25,webedia-2026-09-27T19:05Z,2026-09-27T19:05:45.958878+00:00,2026-09-27T19:00Z,2026-09-27,Sunday,Island 16: Cinema de Lux,,America/New_York,Primetime,13:30,X06DU:2026-09-27T13:30:00:15,0,Screen 15,Digital,,,,36.0,0,https://tickets.showcasecinemas.com/launch/ticketing/906c07cb-8d02-587f-a5f0-8352b2307ed2,webedia-api; post-show-census; occupancy_rate=36; reserved=y,SHOW,,,post-show-census
2026-09-25,webedia-2026-09-27T19:05Z,2026-09-27T19:05:45.958878+00:00,2026-09-27T19:00Z,2026-09-27,Sunday,Island 16: Cinema de Lux,,America/New_York,Primetime,16:20,X06DU:2026-09-27T16:20:00:15,74,Screen 15,Digital,,,,39.0,0,https://tickets.showcasecinemas.com/launch/ticketing/c3f22e4d-c3da-5e76-aa07-e4858e9f71f5,webedia-api; occupancy_rate=39; reserved=y,SHOW,,,webedia-api
2026-09-25,webedia-2026-09-27T19:05Z,2026-09-27T19:05:45.958878+00:00,2026-09-27T19:00Z,2026-09-27,Sunday,Island 16: Cinema de Lux,,America/New_York,Primetime,19:10,X06DU:2026-09-27T19:10:00:15,244,Screen 15,Digital,,,,21.0,0,https://tickets.showcasecinemas.com/launch/ticketing/ea8e31e1-01eb-5ca2-bbd8-de19884715aa,webedia-api; occupancy_rate=21; reserved=y,SHOW,,,webedia-api
2026-09-25,webedia-2026-09-27T19:05Z,2026-09-27T19:05:45.958878+00:00,2026-09-27T19:00Z,2026-09-27,Sunday,Island 16: Cinema de Lux,,America/New_York,Primetime,22:00,X06DU:2026-09-27T22:00:00:15,414,Screen 15,Digital,,,,0.0,0,https://tickets.showcasecinemas.com/launch/ticketing/5ede80c8-ef33-57e6-8210-ccf822632e8a,webedia-api; occupancy_rate=0; reserved=y,SHOW,,,webedia-api
2026-09-25,webedia-2026-09-27T19:05Z,2026-09-27T19:05:45.958878+00:00,2026-09-27T19:00Z,2026-09-27,Sunday,Showcase Cinema de Lux Cross County,,America/New_York,Forgotten Island,15:50,X000P:2026-09-27T15:50:00:3,44,Screen 3,3d,,,,19.0,0,https://tickets.showcasecinemas.com/launch/ticketing/a62a83fe-901b-586a-a325-bf20d050553e,webedia-api; occupancy_rate=19; reserved=y,SHOW,,,webedia-api
2026-09-25,webedia-2026-09-27T19:05Z,2026-09-27T19:05:45.958878+00:00,2026-09-27T19:00Z,2026-09-27,Sunday,Showcase Cinema de Lux Cross County,,America/New_York,Forgotten Island,18:45,X000P:2026-09-27T18:45:00:3,219,Screen 3,Digital,,,,2.0,0,https://tickets.showcasecinemas.com/launch/ticketing/59b35f76-e5c9-5cc2-a938-9f7046f1b302,webedia-api; occupancy_rate=2; reserved=y,SHOW,,,webedia-api
2026-09-25,webedia-2026-09-27T19:05Z,2026-09-27T19:05:45.958878+00:00,2026-09-27T19:00Z,2026-09-27,Sunday,Showcase Cinema de Lux Cross County,,America/New_York,Forgotten Island,21:35,X000P:2026-09-27T21:35:00:3,389,Screen 3,Digital,,,,0.0,0,https://tickets.showcasecinemas.com/launch/ticketing/783b4f69-8a6d-51c6-b7b6-8b81ba0e9881,webedia-api; occupancy_rate=0; reserved=y,SHOW,,,webedia-api
2026-09-25,webedia-2026-09-27T19:05Z,2026-09-27T19:05:45.958878+00:00,2026-09-27T19:00Z,2026-09-27,Sunday,Showcase Cinema de Lux Cross County,,America/New_York,Heart of the Beast,14:05,X000P:2026-09-27T14:05:00:5,0,Screen 5,Digital,,,,54.0,0,https://tickets.showcasecinemas.com/launch/ticketing/fd44ed2a-b671-5056-bf24-bf07eb06e776,webedia-api; post-show-census; occupancy_rate=54; reserved=y,SHOW,,,post-show-census
2026-09-25,webedia-2026-09-27T19:05Z,2026-09-27T19:05:45.958878+00:00,2026-09-27T19:00Z,2026-09-27,Sunday,Showcase Cinema de Lux Cross County,,America/New_York,Heart of the Beast,16:40,X000P:2026-09-27T16:40:00:5,94,Screen 5,Digital,,,,43.0,0,https://tickets.showcasecinemas.com/launch/ticketing/8e250615-4696-5307-9a5c-593671b617a0,webedia-api; occupancy_rate=43; reserved=y,SHOW,,,webedia-api
2026-09-25,webedia-2026-09-27T19:05Z,2026-09-27T19:05:45.958878+00:00,2026-09-27T19:00Z,2026-09-27,Sunday,Showcase Cinema de Lux Cross County,,America/New_York,Heart of the Beast,19:20,X000P:2026-09-27T19:20:00:5,254,Screen 5,Digital,,,,8.0,0,https://tickets.showcasecinemas.com/launch/ticketing/487b0709-8dd2-5517-9eb1-86e71d70dc90,webedia-api; occupancy_rate=8; reserved=y,SHOW,,,webedia-api
2026-09-25,webedia-2026-09-27T19:05Z,2026-09-27T19:05:45.958878+00:00,2026-09-27T19:00Z,2026-09-27,Sunday,Showcase Cinema de Lux Cross County,,America/New_York,Heart of the Beast,22:00,X000P:2026-09-27T22:00:00:5,414,Screen 5,Digital,,,,0.0,0,https://tickets.showcasecinemas.com/launch/ticketing/b7305c5c-dc17-5bda-90d7-5e3a84ff4b4b,webedia-api; occupancy_rate=0; reserved=y,SHOW,,,webedia-api
2026-09-25,webedia-2026-09-27T19:05Z,2026-09-27T19:05:45.958878+00:00,2026-09-27T19:00Z,2026-09-27,Sunday,Showcase Cinema de Lux Cross County,,America/New_York,Primetime,13:30,X000P:2026-09-27T13:30:00:2,0,Screen 2,Digital,,,,19.0,0,https://tickets.showcasecinemas.com/launch/ticketing/370fae33-6a99-5e00-a5a4-aaa7e66d73d1,webedia-api; post-show-census; occupancy_rate=19; reserved=y,SHOW,,,post-show-census
2026-09-25,webedia-2026-09-27T19:05Z,2026-09-27T19:05:45.958878+00:00,2026-09-27T19:00Z,2026-09-27,Sunday,Showcase Cinema de Lux Cross County,,America/New_York,Primetime,16:20,X000P:2026-09-27T16:20:00:2,74,Screen 2,Digital,,,,3.0,0,https://tickets.showcasecinemas.com/launch/ticketing/3646a3a1-55f2-5b18-ba69-bebe16923735,webedia-api; occupancy_rate=3; reserved=y,SHOW,,,webedia-api
2026-09-25,webedia-2026-09-27T19:05Z,2026-09-27T19:05:45.958878+00:00,2026-09-27T19:00Z,2026-09-27,Sunday,Showcase Cinema de Lux Cross County,,America/New_York,Primetime,19:10,X000P:2026-09-27T19:10:00:2,244,Screen 2,Digital,,,,16.0,0,https://tickets.showcasecinemas.com/launch/ticketing/8ac0380d-56d5-5540-a983-c90e819419a3,webedia-api; occupancy_rate=16; reserved=y,SHOW,,,webedia-api
2026-09-25,webedia-2026-09-27T19:05Z,2026-09-27T19:05:45.958878+00:00,2026-09-27T19:00Z,2026-09-27,Sunday,Showcase Cinema de Lux Cross County,,America/New_York,Primetime,22:00,X000P:2026-09-27T22:00:00:2,414,Screen 2,Digital,,,,0.0,0,https://tickets.showcasecinemas.com/launch/ticketing/524f6461-eff3-512f-a958-be7e671fbfdd,webedia-api; occupancy_rate=0; reserved=y,SHOW,,,webedia-api
2026-09-25,webedia-2026-09-27T19:05Z,2026-09-27T19:05:45.958878+00:00,2026-09-27T19:00Z,2026-09-27,Sunday,Showcase Cinema de Lux Farmingdale,,America/New_York,Forgotten Island,15:50,X00UF:2026-09-27T15:50:00:10,44,Screen 10,3d,,,,0.0,0,https://tickets.showcasecinemas.com/launch/ticketing/146bfb52-2a87-56c7-af25-80a1ab60b612,webedia-api; occupancy_rate=0; reserved=y,SHOW,,,webedia-api
2026-09-25,webedia-2026-09-27T19:05Z,2026-09-27T19:05:45.958878+00:00,2026-09-27T19:00Z,2026-09-27,Sunday,Showcase Cinema de Lux Farmingdale,,America/New_York,Forgotten Island,18:45,X00UF:2026-09-27T18:45:00:10,219,Screen 10,Digital,,,,2.0,0,https://tickets.showcasecinemas.com/launch/ticketing/1eef9764-8927-5ef3-b368-d3404565f585,webedia-api; occupancy_rate=2; reserved=y,SHOW,,,webedia-api
2026-09-25,webedia-2026-09-27T19:05Z,2026-09-27T19:05:45.958878+00:00,2026-09-27T19:00Z,2026-09-27,Sunday,Showcase Cinema de Lux Farmingdale,,America/New_York,Forgotten Island,21:35,X00UF:2026-09-27T21:35:00:10,389,Screen 10,Digital,,,,0.0,0,https://tickets.showcasecinemas.com/launch/ticketing/1e5432de-4473-5b58-8b7c-8a7e4cc49480,webedia-api; occupancy_rate=0; reserved=y,SHOW,,,webedia-api
2026-09-25,webedia-2026-09-27T19:05Z,2026-09-27T19:05:45.958878+00:00,2026-09-27T19:00Z,2026-09-27,Sunday,Showcase Cinema de Lux Farmingdale,,America/New_York,Heart of the Beast,14:05,X00UF:2026-09-27T14:05:00:5,0,Screen 5,Digital,,,,41.0,0,https://tickets.showcasecinemas.com/launch/ticketing/16427a7d-935b-500c-a9d8-0300d0310e0d,webedia-api; post-show-census; occupancy_rate=41; reserved=y,SHOW,,,post-show-census
2026-09-25,webedia-2026-09-27T19:05Z,2026-09-27T19:05:45.958878+00:00,2026-09-27T19:00Z,2026-09-27,Sunday,Showcase Cinema de Lux Farmingdale,,America/New_York,Heart of the Beast,16:40,X00UF:2026-09-27T16:40:00:5,94,Screen 5,Digital,,,,11.0,0,https://tickets.showcasecinemas.com/launch/ticketing/548e2dc5-330e-5f62-b133-372636315462,webedia-api; occupancy_rate=11; reserved=y,SHOW,,,webedia-api
2026-09-25,webedia-2026-09-27T19:05Z,2026-09-27T19:05:45.958878+00:00,2026-09-27T19:00Z,2026-09-27,Sunday,Showcase Cinema de Lux Farmingdale,,America/New_York,Heart of the Beast,19:20,X00UF:2026-09-27T19:20:00:5,254,Screen 5,Digital,,,,2.0,0,https://tickets.showcasecinemas.com/launch/ticketing/8d6301c3-dc4c-5839-9bac-88930222eb4e,webedia-api; occupancy_rate=2; reserved=y,SHOW,,,webedia-api
2026-09-25,webedia-2026-09-27T19:05Z,2026-09-27T19:05:45.958878+00:00,2026-09-27T19:00Z,2026-09-27,Sunday,Showcase Cinema de Lux Farmingdale,,America/New_York,Heart of the Beast,22:00,X00UF:2026-09-27T22:00:00:5,414,Screen 5,Digital,,,,0.0,0,https://tickets.showcasecinemas.com/launch/ticketing/75154191-88e5-5cb1-88cc-e7e0cc701b76,webedia-api; occupancy_rate=0; reserved=y,SHOW,,,webedia-api
2026-09-25,webedia-2026-09-27T19:05Z,2026-09-27T19:05:45.958878+00:00,2026-09-27T19:00Z,2026-09-27,Sunday,Showcase Cinema de Lux Farmingdale,,America/New_York,Primetime,13:30,X00UF:2026-09-27T13:30:00:6,0,Screen 6,Digital,,,,32.0,0,https://tickets.showcasecinemas.com/launch/ticketing/cc400b03-4a8f-500a-9c50-639a5833b7dd,webedia-api; post-show-census; occupancy_rate=32; reserved=y,SHOW,,,post-show-census
2026-09-25,webedia-2026-09-27T19:05Z,2026-09-27T19:05:45.958878+00:00,2026-09-27T19:00Z,2026-09-27,Sunday,Showcase Cinema de Lux Farmingdale,,America/New_York,Primetime,16:20,X00UF:2026-09-27T16:20:00:6,74,Screen 6,Digital,,,,14.0,0,https://tickets.showcasecinemas.com/launch/ticketing/881614e4-d694-505e-ab45-1d01f55dc556,webedia-api; occupancy_rate=14; reserved=y,SHOW,,,webedia-api
2026-09-25,webedia-2026-09-27T19:05Z,2026-09-27T19:05:45.958878+00:00,2026-09-27T19:00Z,2026-09-27,Sunday,Showcase Cinema de Lux Farmingdale,,America/New_York,Primetime,19:10,X00UF:2026-09-27T19:10:00:6,244,Screen 6,Digital,,,,5.0,0,https://tickets.showcasecinemas.com/launch/ticketing/0851b5e9-9d84-5d7f-8d5c-fc7100115a5c,webedia-api; occupancy_rate=5; reserved=y,SHOW,,,webedia-api
2026-09-25,webedia-2026-09-27T19:05Z,2026-09-27T19:05:45.958878+00:00,2026-09-27T19:00Z,2026-09-27,Sunday,Showcase Cinema de Lux Farmingdale,,America/New_York,Primetime,22:00,X00UF:2026-09-27T22:00:00:6,414,Screen 6,Digital,,,,0.0,0,https://tickets.showcasecinemas.com/launch/ticketing/09294db5-ce24-5c0d-82fc-c46065712969,webedia-api; occupancy_rate=0; reserved=y,SHOW,,,webedia-api
2026-09-25,webedia-2026-09-27T19:05Z,2026-09-27T19:05:45.958878+00:00,2026-09-27T19:00Z,2026-09-27,Sunday,Showcase Cinema de Lux Hanover Crossing,,America/New_York,Forgotten Island,14:45,G019K:2026-09-27T14:45:00:Screen 6,0,Screen Screen 6,Digital,,,,49.0,0,https://tickets.showcasecinemas.com/launch/ticketing/d08ed905-a23b-5584-82fc-7528558d48d6,webedia-api; post-show-census; occupancy_rate=49; reserved=y,SHOW,,,post-show-census
2026-09-25,webedia-2026-09-27T19:05Z,2026-09-27T19:05:45.958878+00:00,2026-09-27T19:00Z,2026-09-27,Sunday,Showcase Cinema de Lux Hanover Crossing,,America/New_York,Forgotten Island,15:30,G019K:2026-09-27T15:30:00:Screen 4,24,Screen Screen 4,3d,,,,19.0,0,https://tickets.showcasecinemas.com/launch/ticketing/4f34af5b-a914-58d8-87a2-b0b06df9388c,webedia-api; occupancy_rate=19; reserved=y,SHOW,,,webedia-api
2026-09-25,webedia-2026-09-27T19:05Z,2026-09-27T19:05:45.958878+00:00,2026-09-27T19:00Z,2026-09-27,Sunday,Showcase Cinema de Lux Hanover Crossing,,America/New_York,Forgotten Island,18:30,G019K:2026-09-27T18:30:00:Screen 4,204,Screen Screen 4,Digital,,,,8.0,0,https://tickets.showcasecinemas.com/launch/ticketing/fb6faec8-fe7d-5ccd-a073-40e0e50093b8,webedia-api; occupancy_rate=8; reserved=y,SHOW,,,webedia-api
2026-09-25,webedia-2026-09-27T19:05Z,2026-09-27T19:05:45.958878+00:00,2026-09-27T19:00Z,2026-09-27,Sunday,Showcase Cinema de Lux Hanover Crossing,,America/New_York,Forgotten Island,21:15,G019K:2026-09-27T21:15:00:Screen 4,369,Screen Screen 4,Digital,,,,0.0,0,https://tickets.showcasecinemas.com/launch/ticketing/d24d2a2f-2a5d-5efe-aec0-ad760b41e309,webedia-api; occupancy_rate=0; reserved=y,SHOW,,,webedia-api
2026-09-25,webedia-2026-09-27T19:05Z,2026-09-27T19:05:45.958878+00:00,2026-09-27T19:00Z,2026-09-27,Sunday,Showcase Cinema de Lux Hanover Crossing,,America/New_York,Heart of the Beast,13:45,G019K:2026-09-27T13:45:00:Screen 2,0,Screen Screen 2,Digital,,,,70.0,0,https://tickets.showcasecinemas.com/launch/ticketing/ca3a9a37-009a-5e3c-bd14-8d211149a26f,webedia-api; post-show-census; occupancy_rate=70; reserved=y,SHOW,,,post-show-census
2026-09-25,webedia-2026-09-27T19:05Z,2026-09-27T19:05:45.958878+00:00,2026-09-27T19:00Z,2026-09-27,Sunday,Showcase Cinema de Lux Hanover Crossing,,America/New_York,Heart of the Beast,15:15,G019K:2026-09-27T15:15:00:Screen 1,9,Screen Screen 1,Digital,,,,62.0,0,https://tickets.showcasecinemas.com/launch/ticketing/b1631038-6116-5758-87e7-8f5f643e1493,webedia-api; occupancy_rate=62; reserved=y,SHOW,,,webedia-api
2026-09-25,webedia-2026-09-27T19:05Z,2026-09-27T19:05:45.958878+00:00,2026-09-27T19:00Z,2026-09-27,Sunday,Showcase Cinema de Lux Hanover Crossing,,America/New_York,Heart of the Beast,16:15,G019K:2026-09-27T16:15:00:Screen 2,69,Screen Screen 2,Digital,,,,53.0,0,https://tickets.showcasecinemas.com/launch/ticketing/21dca76b-fc3b-52ac-b5bd-98191565516f,webedia-api; occupancy_rate=53; reserved=y,SHOW,,,webedia-api
2026-09-25,webedia-2026-09-27T19:05Z,2026-09-27T19:05:45.958878+00:00,2026-09-27T19:00Z,2026-09-27,Sunday,Showcase Cinema de Lux Hanover Crossing,,America/New_York,Heart of the Beast,19:00,G019K:2026-09-27T19:00:00:Screen 2,234,Screen Screen 2,Digital,,,,16.0,0,https://tickets.showcasecinemas.com/launch/ticketing/dd65b327-1ae8-5597-aef8-766521feab82,webedia-api; occupancy_rate=16; reserved=y,SHOW,,,webedia-api
2026-09-25,webedia-2026-09-27T19:05Z,2026-09-27T19:05:45.958878+00:00,2026-09-27T19:00Z,2026-09-27,Sunday,Showcase Cinema de Lux Hanover Crossing,,America/New_York,Heart of the Beast,21:30,G019K:2026-09-27T21:30:00:Screen 2,384,Screen Screen 2,Digital,,,,3.0,0,https://tickets.showcasecinemas.com/launch/ticketing/4f8b226f-8b55-591f-9e73-f3fe363c41db,webedia-api; occupancy_rate=3; reserved=y,SHOW,,,webedia-api
2026-09-25,webedia-2026-09-27T19:05Z,2026-09-27T19:05:45.958878+00:00,2026-09-27T19:00Z,2026-09-27,Sunday,Showcase Cinema de Lux Hanover Crossing,,America/New_York,Primetime,15:45,G019K:2026-09-27T15:45:00:Screen 7,39,Screen Screen 7,Digital,,,,30.0,0,https://tickets.showcasecinemas.com/launch/ticketing/9cd24bb9-1415-511d-8176-6e26b3430bad,webedia-api; occupancy_rate=30; reserved=y,SHOW,,,webedia-api
2026-09-25,webedia-2026-09-27T19:05Z,2026-09-27T19:05:45.958878+00:00,2026-09-27T19:00Z,2026-09-27,Sunday,Showcase Cinema de Lux Hanover Crossing,,America/New_York,Primetime,18:50,G019K:2026-09-27T18:50:00:Screen 7,224,Screen Screen 7,Digital,,,,13.0,0,https://tickets.showcasecinemas.com/launch/ticketing/1532da2c-c6b5-5449-b2ac-e3ad04e5372f,webedia-api; occupancy_rate=13; reserved=y,SHOW,,,webedia-api
2026-09-25,webedia-2026-09-27T19:05Z,2026-09-27T19:05:45.958878+00:00,2026-09-27T19:00Z,2026-09-27,Sunday,Showcase Cinema de Lux Hanover Crossing,,America/New_York,Primetime,21:30,G019K:2026-09-27T21:30:00:Screen 7,384,Screen Screen 7,Digital,,,,0.0,0,https://tickets.showcasecinemas.com/launch/ticketing/d17ba91b-ef58-55a3-8e8b-037c0afcdd61,webedia-api; occupancy_rate=0; reserved=y,SHOW,,,webedia-api
2026-09-25,webedia-2026-09-27T19:05Z,2026-09-27T19:05:45.958878+00:00,2026-09-27T19:00Z,2026-09-27,Sunday,Showcase Cinema de Lux Legacy Place,,America/New_York,Forgotten Island,15:10,X0C11:2026-09-27T15:10:00:13,4,Screen 13,3d,,,,54.0,0,https://tickets.showcasecinemas.com/launch/ticketing/ef15349d-d400-5561-bda1-9ae8b20cf133,webedia-api; occupancy_rate=54; reserved=y,SHOW,,,webedia-api
2026-09-25,webedia-2026-09-27T19:05Z,2026-09-27T19:05:45.958878+00:00,2026-09-27T19:00Z,2026-09-27,Sunday,Showcase Cinema de Lux Legacy Place,,America/New_York,Forgotten Island,18:10,X0C11:2026-09-27T18:10:00:13,184,Screen 13,Digital,,,,21.0,0,https://tickets.showcasecinemas.com/launch/ticketing/2db56367-0b0f-5167-ab71-435025972605,webedia-api; occupancy_rate=21; reserved=y,SHOW,,,webedia-api
2026-09-25,webedia-2026-09-27T19:05Z,2026-09-27T19:05:45.958878+00:00,2026-09-27T19:00Z,2026-09-27,Sunday,Showcase Cinema de Lux Legacy Place,,America/New_York,Forgotten Island,21:10,X0C11:2026-09-27T21:10:00:13,364,Screen 13,Digital,,,,0.0,0,https://tickets.showcasecinemas.com/launch/ticketing/1d62dbcf-d349-56f0-8c03-e9cd30f69ad4,webedia-api; occupancy_rate=0; reserved=y,SHOW,,,webedia-api
2026-09-25,webedia-2026-09-27T19:05Z,2026-09-27T19:05:45.958878+00:00,2026-09-27T19:00Z,2026-09-27,Sunday,Showcase Cinema de Lux Legacy Place,,America/New_York,Heart of the Beast,16:10,X0C11:2026-09-27T16:10:00:10,64,Screen 10,Digital,,,,92.0,0,https://tickets.showcasecinemas.com/launch/ticketing/1f5e7797-45bd-5472-aa49-68d0d1a190b9,webedia-api; occupancy_rate=92; reserved=y,SHOW,,,webedia-api
2026-09-25,webedia-2026-09-27T19:05Z,2026-09-27T19:05:45.958878+00:00,2026-09-27T19:00Z,2026-09-27,Sunday,Showcase Cinema de Lux Legacy Place,,America/New_York,Heart of the Beast,19:00,X0C11:2026-09-27T19:00:00:10,234,Screen 10,Digital,,,,50.0,0,https://tickets.showcasecinemas.com/launch/ticketing/dded27d1-6eaa-5a27-befd-e63a1ba146fa,webedia-api; occupancy_rate=50; reserved=y,SHOW,,,webedia-api
2026-09-25,webedia-2026-09-27T19:05Z,2026-09-27T19:05:45.958878+00:00,2026-09-27T19:00Z,2026-09-27,Sunday,Showcase Cinema de Lux Legacy Place,,America/New_York,Heart of the Beast,22:00,X0C11:2026-09-27T22:00:00:10,414,Screen 10,Digital,,,,0.0,0,https://tickets.showcasecinemas.com/launch/ticketing/dc15aebe-d72d-506c-a08f-7995526c638b,webedia-api; occupancy_rate=0; reserved=y,SHOW,,,webedia-api
2026-09-25,webedia-2026-09-27T19:05Z,2026-09-27T19:05:45.958878+00:00,2026-09-27T19:00Z,2026-09-27,Sunday,Showcase Cinema de Lux Legacy Place,,America/New_York,Primetime,13:20,X0C11:2026-09-27T13:20:00:3,0,Screen 3,Digital,,,,62.0,0,https://tickets.showcasecinemas.com/launch/ticketing/dd413681-6a90-5586-a112-bb7d9ad94ec0,webedia-api; post-show-census; occupancy_rate=62; reserved=y,SHOW,,,post-show-census
2026-09-25,webedia-2026-09-27T19:05Z,2026-09-27T19:05:45.958878+00:00,2026-09-27T19:00Z,2026-09-27,Sunday,Showcase Cinema de Lux Legacy Place,,America/New_York,Primetime,16:20,X0C11:2026-09-27T16:20:00:3,74,Screen 3,Digital,,,,87.0,0,https://tickets.showcasecinemas.com/launch/ticketing/c9e20eee-49aa-58e2-8821-680867a7c864,webedia-api; occupancy_rate=87; reserved=y,SHOW,,,webedia-api
2026-09-25,webedia-2026-09-27T19:05Z,2026-09-27T19:05:45.958878+00:00,2026-09-27T19:00Z,2026-09-27,Sunday,Showcase Cinema de Lux Legacy Place,,America/New_York,Primetime,19:20,X0C11:2026-09-27T19:20:00:3,254,Screen 3,Digital,,,,80.0,0,https://tickets.showcasecinemas.com/launch/ticketing/569a641f-9e93-52d7-95d2-b269dd08ad89,webedia-api; occupancy_rate=80; reserved=y,SHOW,,,webedia-api
2026-09-25,webedia-2026-09-27T19:05Z,2026-09-27T19:05:45.958878+00:00,2026-09-27T19:00Z,2026-09-27,Sunday,Showcase Cinema de Lux Legacy Place,,America/New_York,Primetime,22:15,X0C11:2026-09-27T22:15:00:3,429,Screen 3,Digital,,,,0.0,0,https://tickets.showcasecinemas.com/launch/ticketing/31f0524d-a0ec-5439-b182-8b664d4a7000,webedia-api; occupancy_rate=0; reserved=y,SHOW,,,webedia-api
2026-09-25,webedia-2026-09-27T19:05Z,2026-09-27T19:05:45.958878+00:00,2026-09-27T19:00Z,2026-09-27,Sunday,Showcase Cinema de Lux Lowell,,America/New_York,Forgotten Island,15:10,X02XX:2026-09-27T15:10:00:14,4,Screen 14,Digital,,,,3.0,0,https://tickets.showcasecinemas.com/launch/ticketing/e5198f43-a8d5-51b2-ba0f-cccfe2b21764,webedia-api; occupancy_rate=3; reserved=y,SHOW,,,webedia-api
2026-09-25,webedia-2026-09-27T19:05Z,2026-09-27T19:05:45.958878+00:00,2026-09-27T19:00Z,2026-09-27,Sunday,Showcase Cinema de Lux Lowell,,America/New_York,Forgotten Island,15:40,X02XX:2026-09-27T15:40:00:13,34,Screen 13,3d,,,,19.0,0,https://tickets.showcasecinemas.com/launch/ticketing/a82b8b89-b0ae-5825-9770-e3b6cb768d50,webedia-api; occupancy_rate=19; reserved=y,SHOW,,,webedia-api
2026-09-25,webedia-2026-09-27T19:05Z,2026-09-27T19:05:45.958878+00:00,2026-09-27T19:00Z,2026-09-27,Sunday,Showcase Cinema de Lux Lowell,,America/New_York,Forgotten Island,18:30,X02XX:2026-09-27T18:30:00:13,204,Screen 13,Digital,,,,5.0,0,https://tickets.showcasecinemas.com/launch/ticketing/453a61e5-4f13-5902-aacb-659afd09e146,webedia-api; occupancy_rate=5; reserved=y,SHOW,,,webedia-api
2026-09-25,webedia-2026-09-27T19:05Z,2026-09-27T19:05:45.958878+00:00,2026-09-27T19:00Z,2026-09-27,Sunday,Showcase Cinema de Lux Lowell,,America/New_York,Forgotten Island,21:15,X02XX:2026-09-27T21:15:00:13,369,Screen 13,Digital,,,,0.0,0,https://tickets.showcasecinemas.com/launch/ticketing/b2e78e12-b9ee-5f12-bad8-b8f99b7f206b,webedia-api; occupancy_rate=0; reserved=y,SHOW,,,webedia-api
2026-09-25,webedia-2026-09-27T19:05Z,2026-09-27T19:05:45.958878+00:00,2026-09-27T19:00Z,2026-09-27,Sunday,Showcase Cinema de Lux Lowell,,America/New_York,Heart of the Beast,13:20,X02XX:2026-09-27T13:20:00:5,0,Screen 5,Digital,,,,25.0,0,https://tickets.showcasecinemas.com/launch/ticketing/f659865d-11b6-5956-825c-91c5fb150e63,webedia-api; post-show-census; occupancy_rate=25; reserved=y,SHOW,,,post-show-census
2026-09-25,webedia-2026-09-27T19:05Z,2026-09-27T19:05:45.958878+00:00,2026-09-27T19:00Z,2026-09-27,Sunday,Showcase Cinema de Lux Lowell,,America/New_York,Heart of the Beast,16:10,X02XX:2026-09-27T16:10:00:5,64,Screen 5,Digital,,,,17.0,0,https://tickets.showcasecinemas.com/launch/ticketing/56957a6d-cfa0-5600-a07b-9a13e94de3c6,webedia-api; occupancy_rate=17; reserved=y,SHOW,,,webedia-api
2026-09-25,webedia-2026-09-27T19:05Z,2026-09-27T19:05:45.958878+00:00,2026-09-27T19:00Z,2026-09-27,Sunday,Showcase Cinema de Lux Lowell,,America/New_York,Heart of the Beast,18:50,X02XX:2026-09-27T18:50:00:5,224,Screen 5,Digital,,,,11.0,0,https://tickets.showcasecinemas.com/launch/ticketing/523bb0c5-54a2-5dbf-8017-43b27c68cb44,webedia-api; occupancy_rate=11; reserved=y,SHOW,,,webedia-api
2026-09-25,webedia-2026-09-27T19:05Z,2026-09-27T19:05:45.958878+00:00,2026-09-27T19:00Z,2026-09-27,Sunday,Showcase Cinema de Lux Lowell,,America/New_York,Heart of the Beast,21:25,X02XX:2026-09-27T21:25:00:5,379,Screen 5,Digital,,,,0.0,0,https://tickets.showcasecinemas.com/launch/ticketing/b241fc2d-86e2-530d-9e25-c39a2b4b8382,webedia-api; occupancy_rate=0; reserved=y,SHOW,,,webedia-api
2026-09-25,webedia-2026-09-27T19:05Z,2026-09-27T19:05:45.958878+00:00,2026-09-27T19:00Z,2026-09-27,Sunday,Showcase Cinema de Lux Lowell,,America/New_York,Primetime,13:40,X02XX:2026-09-27T13:40:00:3,0,Screen 3,Digital,,,,9.0,0,https://tickets.showcasecinemas.com/launch/ticketing/d8d78da5-e041-5fb0-9adf-45e64dc809ee,webedia-api; post-show-census; occupancy_rate=9; reserved=y,SHOW,,,post-show-census
2026-09-25,webedia-2026-09-27T19:05Z,2026-09-27T19:05:45.958878+00:00,2026-09-27T19:00Z,2026-09-27,Sunday,Showcase Cinema de Lux Lowell,,America/New_York,Primetime,16:30,X02XX:2026-09-27T16:30:00:3,84,Screen 3,Digital,,,,16.0,0,https://tickets.showcasecinemas.com/launch/ticketing/f24e4ee0-b733-5275-b1b4-58059974666f,webedia-api; occupancy_rate=16; reserved=y,SHOW,,,webedia-api
2026-09-25,webedia-2026-09-27T19:05Z,2026-09-27T19:05:45.958878+00:00,2026-09-27T19:00Z,2026-09-27,Sunday,Showcase Cinema de Lux Lowell,,America/New_York,Primetime,19:20,X02XX:2026-09-27T19:20:00:3,254,Screen 3,Digital,,,,9.0,0,https://tickets.showcasecinemas.com/launch/ticketing/14560b4c-ec3e-5a36-8609-27f9a4eb1b67,webedia-api; occupancy_rate=9; reserved=y,SHOW,,,webedia-api
2026-09-25,webedia-2026-09-27T19:05Z,2026-09-27T19:05:45.958878+00:00,2026-09-27T19:00Z,2026-09-27,Sunday,Showcase Cinema de Lux North Attleboro,,America/New_York,Forgotten Island,15:20,X02RA:2026-09-27T15:20:00:3,14,Screen 3,3d,,,,26.0,0,https://tickets.showcasecinemas.com/launch/ticketing/6cb49b21-94eb-5449-9b05-31936a1feea1,webedia-api; occupancy_rate=26; reserved=y,SHOW,,,webedia-api
2026-09-25,webedia-2026-09-27T19:05Z,2026-09-27T19:05:45.958878+00:00,2026-09-27T19:00Z,2026-09-27,Sunday,Showcase Cinema de Lux North Attleboro,,America/New_York,Forgotten Island,18:10,X02RA:2026-09-27T18:10:00:3,184,Screen 3,Digital,,,,0.0,0,https://tickets.showcasecinemas.com/launch/ticketing/5766e7b6-d4b5-5270-8d40-70fbc9206fc8,webedia-api; occupancy_rate=0; reserved=y,SHOW,,,webedia-api
2026-09-25,webedia-2026-09-27T19:05Z,2026-09-27T19:05:45.958878+00:00,2026-09-27T19:00Z,2026-09-27,Sunday,Showcase Cinema de Lux North Attleboro,,America/New_York,Forgotten Island,21:10,X02RA:2026-09-27T21:10:00:3,364,Screen 3,Digital,,,,0.0,0,https://tickets.showcasecinemas.com/launch/ticketing/de56a3fa-e89c-5407-8d80-e16a9435e99f,webedia-api; occupancy_rate=0; reserved=y,SHOW,,,webedia-api
2026-09-25,webedia-2026-09-27T19:05Z,2026-09-27T19:05:45.958878+00:00,2026-09-27T19:00Z,2026-09-27,Sunday,Showcase Cinema de Lux North Attleboro,,America/New_York,Heart of the Beast,14:30,X02RA:2026-09-27T14:30:00:2,0,Screen 2,Digital,,,,73.0,0,https://tickets.showcasecinemas.com/launch/ticketing/458953bb-615c-5424-b05f-33380bd3e050,webedia-api; post-show-census; occupancy_rate=73; reserved=y,SHOW,,,post-show-census
2026-09-25,webedia-2026-09-27T19:05Z,2026-09-27T19:05:45.958878+00:00,2026-09-27T19:00Z,2026-09-27,Sunday,Showcase Cinema de Lux North Attleboro,,America/New_York,Heart of the Beast,17:00,X02RA:2026-09-27T17:00:00:2,114,Screen 2,Digital,,,,50.0,0,https://tickets.showcasecinemas.com/launch/ticketing/c8fa0548-7801-55cd-8b83-095a059eff2b,webedia-api; occupancy_rate=50; reserved=y,SHOW,,,webedia-api
2026-09-25,webedia-2026-09-27T19:05Z,2026-09-27T19:05:45.958878+00:00,2026-09-27T19:00Z,2026-09-27,Sunday,Showcase Cinema de Lux North Attleboro,,America/New_York,Heart of the Beast,19:30,X02RA:2026-09-27T19:30:00:2,264,Screen 2,Digital,,,,20.0,0,https://tickets.showcasecinemas.com/launch/ticketing/f83d2e05-3ef0-585a-8cea-d20cee1223d2,webedia-api; occupancy_rate=20; reserved=y,SHOW,,,webedia-api
2026-09-25,webedia-2026-09-27T19:05Z,2026-09-27T19:05:45.958878+00:00,2026-09-27T19:00Z,2026-09-27,Sunday,Showcase Cinema de Lux North Attleboro,,America/New_York,Heart of the Beast,22:00,X02RA:2026-09-27T22:00:00:2,414,Screen 2,Digital,,,,3.0,0,https://tickets.showcasecinemas.com/launch/ticketing/b6419bda-e8d6-5b7a-a637-17eca87ef630,webedia-api; occupancy_rate=3; reserved=y,SHOW,,,webedia-api
2026-09-25,webedia-2026-09-27T19:05Z,2026-09-27T19:05:45.958878+00:00,2026-09-27T19:00Z,2026-09-27,Sunday,Showcase Cinema de Lux North Attleboro,,America/New_York,Primetime,15:30,X02RA:2026-09-27T15:30:00:12,24,Screen 12,Digital,,,,48.0,0,https://tickets.showcasecinemas.com/launch/ticketing/86ace37a-22c3-5014-b2d7-55694307494f,webedia-api; occupancy_rate=48; reserved=y,SHOW,,,webedia-api
2026-09-25,webedia-2026-09-27T19:05Z,2026-09-27T19:05:45.958878+00:00,2026-09-27T19:00Z,2026-09-27,Sunday,Showcase Cinema de Lux North Attleboro,,America/New_York,Primetime,18:30,X02RA:2026-09-27T18:30:00:12,204,Screen 12,Digital,,,,39.0,0,https://tickets.showcasecinemas.com/launch/ticketing/bf68104b-1da6-55be-9afd-a88b219ef8df,webedia-api; occupancy_rate=39; reserved=y,SHOW,,,webedia-api
2026-09-25,webedia-2026-09-27T19:05Z,2026-09-27T19:05:45.958878+00:00,2026-09-27T19:00Z,2026-09-27,Sunday,Showcase Cinema de Lux North Attleboro,,America/New_York,Primetime,21:20,X02RA:2026-09-27T21:20:00:12,374,Screen 12,Digital,,,,3.0,0,https://tickets.showcasecinemas.com/launch/ticketing/1cf6c421-2b00-52c7-b68f-cf03ca2eb266,webedia-api; occupancy_rate=3; reserved=y,SHOW,,,webedia-api
2026-09-25,webedia-2026-09-27T19:05Z,2026-09-27T19:05:45.958878+00:00,2026-09-27T19:00Z,2026-09-27,Sunday,Showcase Cinema de Lux Ridge Hill,,America/New_York,Forgotten Island,15:45,X0L42:2026-09-27T15:45:00:7,39,Screen 7,3d,,,,3.0,0,https://tickets.showcasecinemas.com/launch/ticketing/11a839fc-286f-54b0-9584-0ede5b20f57e,webedia-api; occupancy_rate=3; reserved=y,SHOW,,,webedia-api
2026-09-25,webedia-2026-09-27T19:05Z,2026-09-27T19:05:45.958878+00:00,2026-09-27T19:00Z,2026-09-27,Sunday,Showcase Cinema de Lux Ridge Hill,,America/New_York,Forgotten Island,18:30,X0L42:2026-09-27T18:30:00:7,204,Screen 7,Digital,,,,2.0,0,https://tickets.showcasecinemas.com/launch/ticketing/64f00c92-9bea-5df8-b594-04f435d02d94,webedia-api; occupancy_rate=2; reserved=y,SHOW,,,webedia-api
2026-09-25,webedia-2026-09-27T19:05Z,2026-09-27T19:05:45.958878+00:00,2026-09-27T19:00Z,2026-09-27,Sunday,Showcase Cinema de Lux Ridge Hill,,America/New_York,Forgotten Island,21:15,X0L42:2026-09-27T21:15:00:7,369,Screen 7,Digital,,,,0.0,0,https://tickets.showcasecinemas.com/launch/ticketing/30fb6b5f-5e02-58e5-90b6-78f385a4a619,webedia-api; occupancy_rate=0; reserved=y,SHOW,,,webedia-api
2026-09-25,webedia-2026-09-27T19:05Z,2026-09-27T19:05:45.958878+00:00,2026-09-27T19:00Z,2026-09-27,Sunday,Showcase Cinema de Lux Ridge Hill,,America/New_York,Heart of the Beast,13:35,X0L42:2026-09-27T13:35:00:9,0,Screen 9,Digital,,,,9.0,0,https://tickets.showcasecinemas.com/launch/ticketing/51f12828-3446-5d8c-8029-aae8aa8da4e0,webedia-api; post-show-census; occupancy_rate=9; reserved=y,SHOW,,,post-show-census
2026-09-25,webedia-2026-09-27T19:05Z,2026-09-27T19:05:45.958878+00:00,2026-09-27T19:00Z,2026-09-27,Sunday,Showcase Cinema de Lux Ridge Hill,,America/New_York,Heart of the Beast,16:15,X0L42:2026-09-27T16:15:00:9,69,Screen 9,Digital,,,,7.0,0,https://tickets.showcasecinemas.com/launch/ticketing/b807fe92-201a-5953-94c2-84737de045d6,webedia-api; occupancy_rate=7; reserved=y,SHOW,,,webedia-api
2026-09-25,webedia-2026-09-27T19:05Z,2026-09-27T19:05:45.958878+00:00,2026-09-27T19:00Z,2026-09-27,Sunday,Showcase Cinema de Lux Ridge Hill,,America/New_York,Heart of the Beast,18:55,X0L42:2026-09-27T18:55:00:9,229,Screen 9,Digital,,,,1.0,0,https://tickets.showcasecinemas.com/launch/ticketing/127da003-32bd-5dd7-b869-75c1bd234d70,webedia-api; occupancy_rate=1; reserved=y,SHOW,,,webedia-api
2026-09-25,webedia-2026-09-27T19:05Z,2026-09-27T19:05:45.958878+00:00,2026-09-27T19:00Z,2026-09-27,Sunday,Showcase Cinema de Lux Ridge Hill,,America/New_York,Heart of the Beast,21:30,X0L42:2026-09-27T21:30:00:9,384,Screen 9,Digital,,,,0.0,0,https://tickets.showcasecinemas.com/launch/ticketing/ac8a137d-dca8-5787-b95d-3fb69e1e6c00,webedia-api; occupancy_rate=0; reserved=y,SHOW,,,webedia-api
2026-09-25,webedia-2026-09-27T19:05Z,2026-09-27T19:05:45.958878+00:00,2026-09-27T19:00Z,2026-09-27,Sunday,Showcase Cinema de Lux Ridge Hill,,America/New_York,Primetime,15:50,X0L42:2026-09-27T15:50:00:12,44,Screen 12,Digital,,,,11.0,0,https://tickets.showcasecinemas.com/launch/ticketing/d6c6918e-2119-5868-9c42-eeb1795e3b84,webedia-api; occupancy_rate=11; reserved=y,SHOW,,,webedia-api
2026-09-25,webedia-2026-09-27T19:05Z,2026-09-27T19:05:45.958878+00:00,2026-09-27T19:00Z,2026-09-27,Sunday,Showcase Cinema de Lux Ridge Hill,,America/New_York,Primetime,18:40,X0L42:2026-09-27T18:40:00:12,214,Screen 12,Digital,,,,0.0,0,https://tickets.showcasecinemas.com/launch/ticketing/b3490bf4-624c-517f-bfab-f084925c5bee,webedia-api; occupancy_rate=0; reserved=y,SHOW,,,webedia-api
2026-09-25,webedia-2026-09-27T19:05Z,2026-09-27T19:05:45.958878+00:00,2026-09-27T19:00Z,2026-09-27,Sunday,Showcase Cinema de Lux Ridge Hill,,America/New_York,Primetime,21:25,X0L42:2026-09-27T21:25:00:12,379,Screen 12,Digital,,,,0.0,0,https://tickets.showcasecinemas.com/launch/ticketing/dddcceae-88db-5c91-b386-349fde1aecdc,webedia-api; occupancy_rate=0; reserved=y,SHOW,,,webedia-api
2026-09-25,webedia-2026-09-27T19:05Z,2026-09-27T19:05:45.958878+00:00,2026-09-27T19:00Z,2026-09-27,Sunday,Showcase Cinema de Lux Springdale,,America/New_York,Forgotten Island,15:50,X0343:2026-09-27T15:50:00:12,44,Screen 12,3d,,,,1.0,0,https://tickets.showcasecinemas.com/launch/ticketing/4e63c586-02eb-57a3-8826-723a65b91cf3,webedia-api; occupancy_rate=1; reserved=y,SHOW,,,webedia-api
2026-09-25,webedia-2026-09-27T19:05Z,2026-09-27T19:05:45.958878+00:00,2026-09-27T19:00Z,2026-09-27,Sunday,Showcase Cinema de Lux Springdale,,America/New_York,Forgotten Island,18:45,X0343:2026-09-27T18:45:00:12,219,Screen 12,Digital,,,,0.0,0,https://tickets.showcasecinemas.com/launch/ticketing/85afe5c4-3eb8-564a-a1de-c99c82f1ace7,webedia-api; occupancy_rate=0; reserved=y,SHOW,,,webedia-api
2026-09-25,webedia-2026-09-27T19:05Z,2026-09-27T19:05:45.958878+00:00,2026-09-27T19:00Z,2026-09-27,Sunday,Showcase Cinema de Lux Springdale,,America/New_York,Forgotten Island,21:20,X0343:2026-09-27T21:20:00:12,374,Screen 12,Digital,,,,0.0,0,https://tickets.showcasecinemas.com/launch/ticketing/9beb0040-d2a3-5020-84d5-4b5e4c8686f4,webedia-api; occupancy_rate=0; reserved=y,SHOW,,,webedia-api
2026-09-25,webedia-2026-09-27T19:05Z,2026-09-27T19:05:45.958878+00:00,2026-09-27T19:00Z,2026-09-27,Sunday,Showcase Cinema de Lux Springdale,,America/New_York,Heart of the Beast,13:35,X0343:2026-09-27T13:35:00:10,0,Screen 10,Digital,,,,3.0,0,https://tickets.showcasecinemas.com/launch/ticketing/ec2b8bce-ffc3-53cc-b53c-93d18d1ba753,webedia-api; post-show-census; occupancy_rate=3; reserved=y,SHOW,,,post-show-census
2026-09-25,webedia-2026-09-27T19:05Z,2026-09-27T19:05:45.958878+00:00,2026-09-27T19:00Z,2026-09-27,Sunday,Showcase Cinema de Lux Springdale,,America/New_York,Heart of the Beast,16:15,X0343:2026-09-27T16:15:00:10,69,Screen 10,Digital,,,,0.0,0,https://tickets.showcasecinemas.com/launch/ticketing/d43347d1-8376-5e86-890f-bafef5ce9f64,webedia-api; occupancy_rate=0; reserved=y,SHOW,,,webedia-api
2026-09-25,webedia-2026-09-27T19:05Z,2026-09-27T19:05:45.958878+00:00,2026-09-27T19:00Z,2026-09-27,Sunday,Showcase Cinema de Lux Springdale,,America/New_York,Heart of the Beast,19:00,X0343:2026-09-27T19:00:00:10,234,Screen 10,Digital,,,,0.0,0,https://tickets.showcasecinemas.com/launch/ticketing/d3db2a9a-0077-5dab-8763-5ae3f09f7a0d,webedia-api; occupancy_rate=0; reserved=y,SHOW,,,webedia-api
2026-09-25,webedia-2026-09-27T19:05Z,2026-09-27T19:05:45.958878+00:00,2026-09-27T19:00Z,2026-09-27,Sunday,Showcase Cinema de Lux Springdale,,America/New_York,Heart of the Beast,21:30,X0343:2026-09-27T21:30:00:10,384,Screen 10,Digital,,,,0.0,0,https://tickets.showcasecinemas.com/launch/ticketing/4df38f85-292c-5e2b-9b3b-f65320f824fa,webedia-api; occupancy_rate=0; reserved=y,SHOW,,,webedia-api
2026-09-25,webedia-2026-09-27T19:05Z,2026-09-27T19:05:45.958878+00:00,2026-09-27T19:00Z,2026-09-27,Sunday,Showcase Cinema de Lux Springdale,,America/New_York,Primetime,15:50,X0343:2026-09-27T15:50:00:3,44,Screen 3,Digital,,,,0.0,0,https://tickets.showcasecinemas.com/launch/ticketing/e15c098d-1050-5d37-acf5-3a9fb9fc4f6b,webedia-api; occupancy_rate=0; reserved=y,SHOW,,,webedia-api
2026-09-25,webedia-2026-09-27T19:05Z,2026-09-27T19:05:45.958878+00:00,2026-09-27T19:00Z,2026-09-27,Sunday,Showcase Cinema de Lux Springdale,,America/New_York,Primetime,17:45,X0343:2026-09-27T17:45:00:4,159,Screen 4,Digital,,,,8.0,0,https://tickets.showcasecinemas.com/launch/ticketing/dc48a221-a62e-5de0-a5a4-7f4909079dd8,webedia-api; occupancy_rate=8; reserved=y,SHOW,,,webedia-api
2026-09-25,webedia-2026-09-27T19:05Z,2026-09-27T19:05:45.958878+00:00,2026-09-27T19:00Z,2026-09-27,Sunday,Showcase Cinema de Lux Springdale,,America/New_York,Primetime,18:40,X0343:2026-09-27T18:40:00:3,214,Screen 3,Digital,,,,13.0,0,https://tickets.showcasecinemas.com/launch/ticketing/22fe443e-4723-55f2-bc4c-df7562ad9fd2,webedia-api; occupancy_rate=13; reserved=y,SHOW,,,webedia-api
2026-09-25,webedia-2026-09-27T19:05Z,2026-09-27T19:05:45.958878+00:00,2026-09-27T19:00Z,2026-09-27,Sunday,Showcase Cinema de Lux Springdale,,America/New_York,Primetime,21:25,X0343:2026-09-27T21:25:00:3,379,Screen 3,Digital,,,,0.0,0,https://tickets.showcasecinemas.com/launch/ticketing/a387e61a-6b0a-5930-bcca-d0c605321280,webedia-api; occupancy_rate=0; reserved=y,SHOW,,,webedia-api
2026-09-25,webedia-2026-09-27T19:05Z,2026-09-27T19:05:45.958878+00:00,2026-09-27T19:00Z,2026-09-27,Sunday,Showcase Cinema de Lux Woburn,,America/New_York,Forgotten Island,15:40,X01AF:2026-09-27T15:40:00:14,34,Screen 14,3d,,,,16.0,0,https://tickets.showcasecinemas.com/launch/ticketing/20ceb1f8-0fff-53ca-86ef-db4d292cf809,webedia-api; occupancy_rate=16; reserved=y,SHOW,,,webedia-api
2026-09-25,webedia-2026-09-27T19:05Z,2026-09-27T19:05:45.958878+00:00,2026-09-27T19:00Z,2026-09-27,Sunday,Showcase Cinema de Lux Woburn,,America/New_York,Forgotten Island,18:20,X01AF:2026-09-27T18:20:00:14,194,Screen 14,Digital,,,,0.0,0,https://tickets.showcasecinemas.com/launch/ticketing/245b7a5e-6ed9-50e6-9de8-96040f0bfa10,webedia-api; occupancy_rate=0; reserved=y,SHOW,,,webedia-api
2026-09-25,webedia-2026-09-27T19:05Z,2026-09-27T19:05:45.958878+00:00,2026-09-27T19:00Z,2026-09-27,Sunday,Showcase Cinema de Lux Woburn,,America/New_York,Forgotten Island,21:00,X01AF:2026-09-27T21:00:00:14,354,Screen 14,Digital,,,,0.0,0,https://tickets.showcasecinemas.com/launch/ticketing/af771bfd-9795-5f5f-a9f4-cab7761c856a,webedia-api; occupancy_rate=0; reserved=y,SHOW,,,webedia-api
2026-09-25,webedia-2026-09-27T19:05Z,2026-09-27T19:05:45.958878+00:00,2026-09-27T19:00Z,2026-09-27,Sunday,Showcase Cinema de Lux Woburn,,America/New_York,Heart of the Beast,16:00,X01AF:2026-09-27T16:00:00:7,54,Screen 7,Digital,,,,52.0,0,https://tickets.showcasecinemas.com/launch/ticketing/c850fb3a-4113-5662-9276-26bf8ba537d7,webedia-api; occupancy_rate=52; reserved=y,SHOW,,,webedia-api
2026-09-25,webedia-2026-09-27T19:05Z,2026-09-27T19:05:45.958878+00:00,2026-09-27T19:00Z,2026-09-27,Sunday,Showcase Cinema de Lux Woburn,,America/New_York,Heart of the Beast,18:30,X01AF:2026-09-27T18:30:00:7,204,Screen 7,Digital,,,,33.0,0,https://tickets.showcasecinemas.com/launch/ticketing/98d2261c-480a-55b4-9709-e99c50547f8b,webedia-api; occupancy_rate=33; reserved=y,SHOW,,,webedia-api
2026-09-25,webedia-2026-09-27T19:05Z,2026-09-27T19:05:45.958878+00:00,2026-09-27T19:00Z,2026-09-27,Sunday,Showcase Cinema de Lux Woburn,,America/New_York,Heart of the Beast,21:10,X01AF:2026-09-27T21:10:00:7,364,Screen 7,Digital,,,,0.0,0,https://tickets.showcasecinemas.com/launch/ticketing/b5beb91c-e04f-57c2-bc84-542afd1a3e94,webedia-api; occupancy_rate=0; reserved=y,SHOW,,,webedia-api
2026-09-25,webedia-2026-09-27T19:05Z,2026-09-27T19:05:45.958878+00:00,2026-09-27T19:00Z,2026-09-27,Sunday,Showcase Cinema de Lux Woburn,,America/New_York,Primetime,15:50,X01AF:2026-09-27T15:50:00:4,44,Screen 4,Digital,,,,27.0,0,https://tickets.showcasecinemas.com/launch/ticketing/67f5481a-f6ab-5716-8371-c8ba4c4fcd5b,webedia-api; occupancy_rate=27; reserved=y,SHOW,,,webedia-api
2026-09-25,webedia-2026-09-27T19:05Z,2026-09-27T19:05:45.958878+00:00,2026-09-27T19:00Z,2026-09-27,Sunday,Showcase Cinema de Lux Woburn,,America/New_York,Primetime,18:45,X01AF:2026-09-27T18:45:00:4,219,Screen 4,Digital,,,,25.0,0,https://tickets.showcasecinemas.com/launch/ticketing/1660cba2-bf62-57e5-acf2-d2fab6216250,webedia-api; occupancy_rate=25; reserved=y,SHOW,,,webedia-api
2026-09-25,webedia-2026-09-27T19:05Z,2026-09-27T19:05:45.958878+00:00,2026-09-27T19:00Z,2026-09-27,Sunday,Showcase Cinema de Lux Woburn,,America/New_York,Primetime,21:30,X01AF:2026-09-27T21:30:00:4,384,Screen 4,Digital,,,,6.0,0,https://tickets.showcasecinemas.com/launch/ticketing/dfc101a1-f1fc-5b1d-8372-6b4fdcc9a5bb,webedia-api; occupancy_rate=6; reserved=y,SHOW,,,webedia-api
2026-09-25,webedia-2026-09-27T19:05Z,2026-09-27T19:05:45.958878+00:00,2026-09-27T19:00Z,2026-09-27,Sunday,Showcase Cinemas Warwick - Quaker Lane,,America/New_York,Forgotten Island,15:20,X02NZ:2026-09-27T15:20:00:9,14,Screen 9,Digital,,,,9.0,0,https://tickets.showcasecinemas.com/launch/ticketing/f7e3ce96-108e-5dd2-9eda-ac1d7c47d8e6,webedia-api; occupancy_rate=9; reserved=y,SHOW,,,webedia-api
2026-09-25,webedia-2026-09-27T19:05Z,2026-09-27T19:05:45.958878+00:00,2026-09-27T19:00Z,2026-09-27,Sunday,Showcase Cinemas Warwick - Quaker Lane,,America/New_York,Forgotten Island,18:15,X02NZ:2026-09-27T18:15:00:9,189,Screen 9,Digital,,,,3.0,0,https://tickets.showcasecinemas.com/launch/ticketing/d2f0ac73-ecb2-550c-a6b6-36fb0d9730fb,webedia-api; occupancy_rate=3; reserved=y,SHOW,,,webedia-api
2026-09-25,webedia-2026-09-27T19:05Z,2026-09-27T19:05:45.958878+00:00,2026-09-27T19:00Z,2026-09-27,Sunday,Showcase Cinemas Warwick - Quaker Lane,,America/New_York,Forgotten Island,21:05,X02NZ:2026-09-27T21:05:00:9,359,Screen 9,Digital,,,,0.0,0,https://tickets.showcasecinemas.com/launch/ticketing/c91c9b8d-6614-5d57-85b9-089f38cee6d8,webedia-api; occupancy_rate=0; reserved=y,SHOW,,,webedia-api
2026-09-25,webedia-2026-09-27T19:05Z,2026-09-27T19:05:45.958878+00:00,2026-09-27T19:00Z,2026-09-27,Sunday,Showcase Cinemas Warwick - Quaker Lane,,America/New_York,Heart of the Beast,14:05,X02NZ:2026-09-27T14:05:00:7,0,Screen 7,Digital,,,,79.0,0,https://tickets.showcasecinemas.com/launch/ticketing/d370e77d-7e7f-5865-81a6-6627cedba4bd,webedia-api; post-show-census; occupancy_rate=79; reserved=y,SHOW,,,post-show-census
2026-09-25,webedia-2026-09-27T19:05Z,2026-09-27T19:05:45.958878+00:00,2026-09-27T19:00Z,2026-09-27,Sunday,Showcase Cinemas Warwick - Quaker Lane,,America/New_York,Heart of the Beast,16:45,X02NZ:2026-09-27T16:45:00:7,99,Screen 7,Digital,,,,55.0,0,https://tickets.showcasecinemas.com/launch/ticketing/b06b2954-11dd-51b5-80ce-e47ee534e250,webedia-api; occupancy_rate=55; reserved=y,SHOW,,,webedia-api
2026-09-25,webedia-2026-09-27T19:05Z,2026-09-27T19:05:45.958878+00:00,2026-09-27T19:00Z,2026-09-27,Sunday,Showcase Cinemas Warwick - Quaker Lane,,America/New_York,Heart of the Beast,19:30,X02NZ:2026-09-27T19:30:00:7,264,Screen 7,Digital,,,,11.0,0,https://tickets.showcasecinemas.com/launch/ticketing/d5a88a46-c0ae-58d2-9c48-545558d15b1b,webedia-api; occupancy_rate=11; reserved=y,SHOW,,,webedia-api
2026-09-25,webedia-2026-09-27T19:05Z,2026-09-27T19:05:45.958878+00:00,2026-09-27T19:00Z,2026-09-27,Sunday,Showcase Cinemas Warwick - Quaker Lane,,America/New_York,Heart of the Beast,22:15,X02NZ:2026-09-27T22:15:00:7,429,Screen 7,Digital,,,,0.0,0,https://tickets.showcasecinemas.com/launch/ticketing/1c3fb14f-d24e-5f84-91f7-797b8d4866f0,webedia-api; occupancy_rate=0; reserved=y,SHOW,,,webedia-api
2026-09-25,webedia-2026-09-27T19:05Z,2026-09-27T19:05:45.958878+00:00,2026-09-27T19:00Z,2026-09-27,Sunday,Showcase Cinemas Warwick - Quaker Lane,,America/New_York,Primetime,16:00,X02NZ:2026-09-27T16:00:00:4,54,Screen 4,Digital,,,,32.0,0,https://tickets.showcasecinemas.com/launch/ticketing/85b3c2cb-f306-5b2c-aedd-60689d621a52,webedia-api; occupancy_rate=32; reserved=y,SHOW,,,webedia-api
2026-09-25,webedia-2026-09-27T19:05Z,2026-09-27T19:05:45.958878+00:00,2026-09-27T19:00Z,2026-09-27,Sunday,Showcase Cinemas Warwick - Quaker Lane,,America/New_York,Primetime,16:30,X02NZ:2026-09-27T16:30:00:13,84,Screen 13,Digital,,,,28.0,0,https://tickets.showcasecinemas.com/launch/ticketing/0436a811-3f30-5be6-bf65-33afaf9e9e72,webedia-api; occupancy_rate=28; reserved=y,SHOW,,,webedia-api
2026-09-25,webedia-2026-09-27T19:05Z,2026-09-27T19:05:45.958878+00:00,2026-09-27T19:00Z,2026-09-27,Sunday,Showcase Cinemas Warwick - Quaker Lane,,America/New_York,Primetime,18:50,X02NZ:2026-09-27T18:50:00:4,224,Screen 4,Digital,,,,25.0,0,https://tickets.showcasecinemas.com/launch/ticketing/90d1dd72-07bb-5445-b080-1d2cd8396e06,webedia-api; occupancy_rate=25; reserved=y,SHOW,,,webedia-api
2026-09-25,webedia-2026-09-27T19:05Z,2026-09-27T19:05:45.958878+00:00,2026-09-27T19:00Z,2026-09-27,Sunday,Showcase Cinemas Warwick - Quaker Lane,,America/New_York,Primetime,19:20,X02NZ:2026-09-27T19:20:00:13,254,Screen 13,Digital,,,,38.0,0,https://tickets.showcasecinemas.com/launch/ticketing/17b2d131-c2c9-52cc-92a3-d98c34026a7c,webedia-api; occupancy_rate=38; reserved=y,SHOW,,,webedia-api
2026-09-25,webedia-2026-09-27T19:05Z,2026-09-27T19:05:45.958878+00:00,2026-09-27T19:00Z,2026-09-27,Sunday,Showcase Cinemas Warwick - Quaker Lane,,America/New_York,Primetime,21:40,X02NZ:2026-09-27T21:40:00:4,394,Screen 4,Digital,,,,4.0,0,https://tickets.showcasecinemas.com/launch/ticketing/f013d296-8422-5620-b484-daf6fe2dd7bc,webedia-api; occupancy_rate=4; reserved=y,SHOW,,,webedia-api
2026-09-25,webedia-2026-09-27T19:05Z,2026-09-27T19:05:45.958878+00:00,2026-09-27T19:00Z,2026-09-27,Sunday,Showcase Cinemas Warwick - Quaker Lane,,America/New_York,Primetime,22:10,X02NZ:2026-09-27T22:10:00:13,424,Screen 13,Digital,,,,0.0,0,https://tickets.showcasecinemas.com/launch/ticketing/296dba57-b66f-5bae-8da0-8f85d0d9e9d4,webedia-api; occupancy_rate=0; reserved=y,SHOW,,,webedia-api
2026-09-25,webedia-2026-09-27T19:05Z,2026-09-27T19:05:45.958878+00:00,2026-09-27T19:00Z,2026-09-27,Sunday,Showcase SuperLux Chestnut Hill,,America/New_York,Forgotten Island,15:00,X0PTT:2026-09-27T15:00:00:6,0,Screen 6,Digital,,,,88.0,0,https://tickets.showcasecinemas.com/launch/ticketing/1c0c3047-c474-50a1-b133-5b38f64f47e0,webedia-api; post-show-census; occupancy_rate=88; reserved=y,SHOW,,,post-show-census
2026-09-25,webedia-2026-09-27T19:05Z,2026-09-27T19:05:45.958878+00:00,2026-09-27T19:00Z,2026-09-27,Sunday,Showcase SuperLux Chestnut Hill,,America/New_York,Forgotten Island,18:00,X0PTT:2026-09-27T18:00:00:6,174,Screen 6,Digital,,,,41.0,0,https://tickets.showcasecinemas.com/launch/ticketing/74911b45-44c2-54d6-98e4-347e598fdc5e,webedia-api; occupancy_rate=41; reserved=y,SHOW,,,webedia-api
2026-09-25,webedia-2026-09-27T19:05Z,2026-09-27T19:05:45.958878+00:00,2026-09-27T19:00Z,2026-09-27,Sunday,Showcase SuperLux Chestnut Hill,,America/New_York,Forgotten Island,22:15,X0PTT:2026-09-27T22:15:00:3,429,Screen 3,Digital,,,,0.0,0,https://tickets.showcasecinemas.com/launch/ticketing/80d6a697-7fbf-53cf-ac11-be9dd6b0a278,webedia-api; occupancy_rate=0; reserved=y,SHOW,,,webedia-api
2026-09-25,webedia-2026-09-27T19:05Z,2026-09-27T19:05:45.958878+00:00,2026-09-27T19:00Z,2026-09-27,Sunday,Showcase SuperLux Chestnut Hill,,America/New_York,Heart of the Beast,14:30,X0PTT:2026-09-27T14:30:00:4,0,Screen 4,Digital,,,,74.0,0,https://tickets.showcasecinemas.com/launch/ticketing/d7a857ce-d64a-5633-9572-38e09802f748,webedia-api; post-show-census; occupancy_rate=74; reserved=y,SHOW,,,post-show-census
2026-09-25,webedia-2026-09-27T19:05Z,2026-09-27T19:05:45.958878+00:00,2026-09-27T19:00Z,2026-09-27,Sunday,Showcase SuperLux Chestnut Hill,,America/New_York,Heart of the Beast,17:30,X0PTT:2026-09-27T17:30:00:4,144,Screen 4,Digital,,,,58.0,0,https://tickets.showcasecinemas.com/launch/ticketing/29b586d6-360b-504b-9ac6-c206ed2e9bd5,webedia-api; occupancy_rate=58; reserved=y,SHOW,,,webedia-api
2026-09-25,webedia-2026-09-27T19:05Z,2026-09-27T19:05:45.958878+00:00,2026-09-27T19:00Z,2026-09-27,Sunday,Showcase SuperLux Chestnut Hill,,America/New_York,Heart of the Beast,20:30,X0PTT:2026-09-27T20:30:00:4,324,Screen 4,Digital,,,,20.0,0,https://tickets.showcasecinemas.com/launch/ticketing/99126a23-a399-5f10-84f7-580c308b56ab,webedia-api; occupancy_rate=20; reserved=y,SHOW,,,webedia-api
2026-09-25,webedia-2026-09-27T19:05Z,2026-09-27T19:05:45.958878+00:00,2026-09-27T19:00Z,2026-09-27,Sunday,Showcase SuperLux Chestnut Hill,,America/New_York,Primetime,15:30,X0PTT:2026-09-27T15:30:00:2,24,Screen 2,Digital,,,,48.0,0,https://tickets.showcasecinemas.com/launch/ticketing/cd73edcb-e01f-5dc3-b814-459fd2065767,webedia-api; occupancy_rate=48; reserved=y,SHOW,,,webedia-api
2026-09-25,webedia-2026-09-27T19:05Z,2026-09-27T19:05:45.958878+00:00,2026-09-27T19:00Z,2026-09-27,Sunday,Showcase SuperLux Chestnut Hill,,America/New_York,Primetime,18:30,X0PTT:2026-09-27T18:30:00:2,204,Screen 2,Digital,,,,42.0,0,https://tickets.showcasecinemas.com/launch/ticketing/463d3d9d-02f1-5c42-b987-8e6f19ba5d24,webedia-api; occupancy_rate=42; reserved=y,SHOW,,,webedia-api
2026-09-25,webedia-2026-09-27T19:05Z,2026-09-27T19:05:45.958878+00:00,2026-09-27T19:00Z,2026-09-27,Sunday,Showcase SuperLux Chestnut Hill,,America/New_York,Primetime,21:30,X0PTT:2026-09-27T21:30:00:2,384,Screen 2,Digital,,,,5.0,0,https://tickets.showcasecinemas.com/launch/ticketing/83f080ef-3198-5506-85b4-d732889884f5,webedia-api; occupancy_rate=5; reserved=y,SHOW,,,webedia-api
2026-09-25,webedia-2026-09-27T19:05Z,2026-09-27T19:05:45.958878+00:00,2026-09-27T19:00Z,2026-09-27,Sunday,MJR Adrian Cinema,,America/Detroit,Forgotten Island,15:20,X027B:2026-09-27T15:20:00:Auditorium 2,14,Screen Auditorium 2,Digital,,,,18.0,0,https://booking.mjrtheatres.com/launch/ticketing/8d8092ee-0dcb-5a78-b1bc-50673fd9a144,webedia-api; occupancy_rate=18; reserved=y,MJRT,,,webedia-api
2026-09-25,webedia-2026-09-27T19:05Z,2026-09-27T19:05:45.958878+00:00,2026-09-27T19:00Z,2026-09-27,Sunday,MJR Adrian Cinema,,America/Detroit,Forgotten Island,18:15,X027B:2026-09-27T18:15:00:Auditorium 2,189,Screen Auditorium 2,Digital,,,,0.0,0,https://booking.mjrtheatres.com/launch/ticketing/fc2bca91-ba2c-51f7-a32d-a1f8ac3278b3,webedia-api; occupancy_rate=0; reserved=y,MJRT,,,webedia-api
2026-09-25,webedia-2026-09-27T19:05Z,2026-09-27T19:05:45.958878+00:00,2026-09-27T19:00Z,2026-09-27,Sunday,MJR Adrian Cinema,,America/Detroit,Forgotten Island,21:00,X027B:2026-09-27T21:00:00:Auditorium 2,354,Screen Auditorium 2,Digital,,,,0.0,0,https://booking.mjrtheatres.com/launch/ticketing/eed1ebae-e897-55a4-9a1b-62af0843cca2,webedia-api; occupancy_rate=0; reserved=y,MJRT,,,webedia-api
2026-09-25,webedia-2026-09-27T19:05Z,2026-09-27T19:05:45.958878+00:00,2026-09-27T19:00Z,2026-09-27,Sunday,MJR Adrian Cinema,,America/Detroit,Heart of the Beast,15:10,X027B:2026-09-27T15:10:00:Auditorium 8,4,Screen Auditorium 8,Digital,,,,14.0,0,https://booking.mjrtheatres.com/launch/ticketing/6b8f76fa-88a2-537c-9416-ef5e01b5bd67,webedia-api; occupancy_rate=14; reserved=y,MJRT,,,webedia-api
2026-09-25,webedia-2026-09-27T19:05Z,2026-09-27T19:05:45.958878+00:00,2026-09-27T19:00Z,2026-09-27,Sunday,MJR Adrian Cinema,,America/Detroit,Heart of the Beast,17:45,X027B:2026-09-27T17:45:00:Auditorium 8,159,Screen Auditorium 8,Digital,,,,3.0,0,https://booking.mjrtheatres.com/launch/ticketing/34ee3cf5-570b-5090-a48c-bee8397e45bf,webedia-api; occupancy_rate=3; reserved=y,MJRT,,,webedia-api
2026-09-25,webedia-2026-09-27T19:05Z,2026-09-27T19:05:45.958878+00:00,2026-09-27T19:00Z,2026-09-27,Sunday,MJR Adrian Cinema,,America/Detroit,Heart of the Beast,20:30,X027B:2026-09-27T20:30:00:Auditorium 8,324,Screen Auditorium 8,Digital,,,,0.0,0,https://booking.mjrtheatres.com/launch/ticketing/6157f811-6b26-5c8c-9c58-389390eddf0d,webedia-api; occupancy_rate=0; reserved=y,MJRT,,,webedia-api
2026-09-25,webedia-2026-09-27T19:05Z,2026-09-27T19:05:45.958878+00:00,2026-09-27T19:00Z,2026-09-27,Sunday,MJR Adrian Cinema,,America/Detroit,Primetime,15:45,X027B:2026-09-27T15:45:00:Auditorium 10,39,Screen Auditorium 10,Digital,,,,8.0,0,https://booking.mjrtheatres.com/launch/ticketing/01d74e5d-165a-584a-a2f1-6ec087750cc8,webedia-api; occupancy_rate=8; reserved=y,MJRT,,,webedia-api
2026-09-25,webedia-2026-09-27T19:05Z,2026-09-27T19:05:45.958878+00:00,2026-09-27T19:00Z,2026-09-27,Sunday,MJR Adrian Cinema,,America/Detroit,Primetime,18:30,X027B:2026-09-27T18:30:00:Auditorium 10,204,Screen Auditorium 10,Digital,,,,0.0,0,https://booking.mjrtheatres.com/launch/ticketing/00c2ab28-e601-5b3c-b692-f3b1d34180c9,webedia-api; occupancy_rate=0; reserved=y,MJRT,,,webedia-api
2026-09-25,webedia-2026-09-27T19:05Z,2026-09-27T19:05:45.958878+00:00,2026-09-27T19:00Z,2026-09-27,Sunday,MJR Adrian Cinema,,America/Detroit,Primetime,21:15,X027B:2026-09-27T21:15:00:Auditorium 10,369,Screen Auditorium 10,Digital,,,,0.0,0,https://booking.mjrtheatres.com/launch/ticketing/fe6071d3-b1e4-5129-8d0b-0dd82ca39905,webedia-api; occupancy_rate=0; reserved=y,MJRT,,,webedia-api
2026-09-25,webedia-2026-09-27T19:05Z,2026-09-27T19:05:45.958878+00:00,2026-09-27T19:00Z,2026-09-27,Sunday,MJR Brighton Cinema,,America/Detroit,Forgotten Island,15:20,X062H:2026-09-27T15:20:00:14,14,Screen 14,Digital,,,,8.0,0,https://booking.mjrtheatres.com/launch/ticketing/9b93b568-68c0-5511-be36-b9d8b6cf32f6,webedia-api; occupancy_rate=8; reserved=y,MJRT,,,webedia-api
2026-09-25,webedia-2026-09-27T19:05Z,2026-09-27T19:05:45.958878+00:00,2026-09-27T19:00Z,2026-09-27,Sunday,MJR Brighton Cinema,,America/Detroit,Forgotten Island,16:15,X062H:2026-09-27T16:15:00:15,69,Screen 15,Digital,,,,1.0,0,https://booking.mjrtheatres.com/launch/ticketing/1860ba6a-5bbd-59ec-97c0-4514dcbcce79,webedia-api; occupancy_rate=1; reserved=y,MJRT,,,webedia-api
2026-09-25,webedia-2026-09-27T19:05Z,2026-09-27T19:05:45.958878+00:00,2026-09-27T19:00Z,2026-09-27,Sunday,MJR Brighton Cinema,,America/Detroit,Forgotten Island,18:15,X062H:2026-09-27T18:15:00:14,189,Screen 14,Digital,,,,3.0,0,https://booking.mjrtheatres.com/launch/ticketing/05a0ac2f-bbf6-577f-92ae-8ea664b399ca,webedia-api; occupancy_rate=3; reserved=y,MJRT,,,webedia-api
2026-09-25,webedia-2026-09-27T19:05Z,2026-09-27T19:05:45.958878+00:00,2026-09-27T19:00Z,2026-09-27,Sunday,MJR Brighton Cinema,,America/Detroit,Forgotten Island,19:15,X062H:2026-09-27T19:15:00:15,249,Screen 15,Digital,,,,0.0,0,https://booking.mjrtheatres.com/launch/ticketing/8dc1a4f7-9d1c-5612-8e94-7e20c07b2333,webedia-api; occupancy_rate=0; reserved=y,MJRT,,,webedia-api
2026-09-25,webedia-2026-09-27T19:05Z,2026-09-27T19:05:45.958878+00:00,2026-09-27T19:00Z,2026-09-27,Sunday,MJR Brighton Cinema,,America/Detroit,Forgotten Island,21:00,X062H:2026-09-27T21:00:00:14,354,Screen 14,Digital,,,,0.0,0,https://booking.mjrtheatres.com/launch/ticketing/1df71de2-3b2f-528e-a900-23b1ca60f33a,webedia-api; occupancy_rate=0; reserved=y,MJRT,,,webedia-api
2026-09-25,webedia-2026-09-27T19:05Z,2026-09-27T19:05:45.958878+00:00,2026-09-27T19:00Z,2026-09-27,Sunday,MJR Brighton Cinema,,America/Detroit,Heart of the Beast,16:20,X062H:2026-09-27T16:20:00:2,74,Screen 2,Digital,,,,23.0,0,https://booking.mjrtheatres.com/launch/ticketing/f69c908a-3c1b-5993-bb2d-c4b5a55e607b,webedia-api; occupancy_rate=23; reserved=y,MJRT,,,webedia-api
2026-09-25,webedia-2026-09-27T19:05Z,2026-09-27T19:05:45.958878+00:00,2026-09-27T19:00Z,2026-09-27,Sunday,MJR Brighton Cinema,,America/Detroit,Heart of the Beast,18:50,X062H:2026-09-27T18:50:00:2,224,Screen 2,Digital,,,,7.0,0,https://booking.mjrtheatres.com/launch/ticketing/1a19a8da-a276-5660-a646-f5a3cab7b9de,webedia-api; occupancy_rate=7; reserved=y,MJRT,,,webedia-api
2026-09-25,webedia-2026-09-27T19:05Z,2026-09-27T19:05:45.958878+00:00,2026-09-27T19:00Z,2026-09-27,Sunday,MJR Brighton Cinema,,America/Detroit,Heart of the Beast,20:00,X062H:2026-09-27T20:00:00:17,294,Screen 17,Digital,,,,0.0,0,https://booking.mjrtheatres.com/launch/ticketing/212fd946-1f20-5e01-b6b8-388f4f6bb218,webedia-api; occupancy_rate=0; reserved=y,MJRT,,,webedia-api
2026-09-25,webedia-2026-09-27T19:05Z,2026-09-27T19:05:45.958878+00:00,2026-09-27T19:00Z,2026-09-27,Sunday,MJR Brighton Cinema,,America/Detroit,Heart of the Beast,21:30,X062H:2026-09-27T21:30:00:2,384,Screen 2,Digital,,,,0.0,0,https://booking.mjrtheatres.com/launch/ticketing/cfc943f8-8669-56c4-ba4e-489f454dad0c,webedia-api; occupancy_rate=0; reserved=y,MJRT,,,webedia-api
2026-09-25,webedia-2026-09-27T19:05Z,2026-09-27T19:05:45.958878+00:00,2026-09-27T19:00Z,2026-09-27,Sunday,MJR Brighton Cinema,,America/Detroit,Primetime,15:30,X062H:2026-09-27T15:30:00:3,24,Screen 3,Digital,,,,2.0,0,https://booking.mjrtheatres.com/launch/ticketing/ddaffec4-28d7-51a2-932f-f6b142526e22,webedia-api; occupancy_rate=2; reserved=y,MJRT,,,webedia-api
2026-09-25,webedia-2026-09-27T19:05Z,2026-09-27T19:05:45.958878+00:00,2026-09-27T19:00Z,2026-09-27,Sunday,MJR Brighton Cinema,,America/Detroit,Primetime,16:30,X062H:2026-09-27T16:30:00:6,84,Screen 6,Digital,,,,5.0,0,https://booking.mjrtheatres.com/launch/ticketing/bd061832-8433-5a9a-9a6e-8755d994a5fa,webedia-api; occupancy_rate=5; reserved=y,MJRT,,,webedia-api
2026-09-25,webedia-2026-09-27T19:05Z,2026-09-27T19:05:45.958878+00:00,2026-09-27T19:00Z,2026-09-27,Sunday,MJR Brighton Cinema,,America/Detroit,Primetime,18:15,X062H:2026-09-27T18:15:00:3,189,Screen 3,Digital,,,,8.0,0,https://booking.mjrtheatres.com/launch/ticketing/7eb86c4d-0338-50a7-8594-49a0634a3a58,webedia-api; occupancy_rate=8; reserved=y,MJRT,,,webedia-api
2026-09-25,webedia-2026-09-27T19:05Z,2026-09-27T19:05:45.958878+00:00,2026-09-27T19:00Z,2026-09-27,Sunday,MJR Brighton Cinema,,America/Detroit,Primetime,19:15,X062H:2026-09-27T19:15:00:6,249,Screen 6,Digital,,,,2.0,0,https://booking.mjrtheatres.com/launch/ticketing/cf8d6779-413e-590e-9662-9d67c141df44,webedia-api; occupancy_rate=2; reserved=y,MJRT,,,webedia-api
2026-09-25,webedia-2026-09-27T19:05Z,2026-09-27T19:05:45.958878+00:00,2026-09-27T19:00Z,2026-09-27,Sunday,MJR Brighton Cinema,,America/Detroit,Primetime,21:00,X062H:2026-09-27T21:00:00:3,354,Screen 3,Digital,,,,2.0,0,https://booking.mjrtheatres.com/launch/ticketing/f5b38bb4-915b-5f24-86ee-28d3062e0052,webedia-api; occupancy_rate=2; reserved=y,MJRT,,,webedia-api
2026-09-25,webedia-2026-09-27T19:05Z,2026-09-27T19:05:45.958878+00:00,2026-09-27T19:00Z,2026-09-27,Sunday,MJR Brighton Cinema,,America/Detroit,Primetime,22:00,X062H:2026-09-27T22:00:00:6,414,Screen 6,Digital,,,,0.0,0,https://booking.mjrtheatres.com/launch/ticketing/9abad77e-2b05-5431-a9de-8bfb6c3242e3,webedia-api; occupancy_rate=0; reserved=y,MJRT,,,webedia-api
2026-09-25,webedia-2026-09-27T19:05Z,2026-09-27T19:05:45.958878+00:00,2026-09-27T19:00Z,2026-09-27,Sunday,MJR Chesterfield Cinema,,America/Detroit,Forgotten Island,14:45,X027D:2026-09-27T14:45:00:9,0,Screen 9,3d,,,,0.0,0,https://booking.mjrtheatres.com/launch/ticketing/71a9cd22-514b-5cc7-b660-3262597d9a2a,webedia-api; post-show-census; occupancy_rate=0; reserved=y,MJRT,,,post-show-census
2026-09-25,webedia-2026-09-27T19:05Z,2026-09-27T19:05:45.958878+00:00,2026-09-27T19:00Z,2026-09-27,Sunday,MJR Chesterfield Cinema,,America/Detroit,Forgotten Island,15:30,X027D:2026-09-27T15:30:00:13,24,Screen 13,Digital,,,,0.0,0,https://booking.mjrtheatres.com/launch/ticketing/8a220bee-0841-5be3-94da-dcdb0a2101f1,webedia-api; occupancy_rate=0; reserved=y,MJRT,,,webedia-api
2026-09-25,webedia-2026-09-27T19:05Z,2026-09-27T19:05:45.958878+00:00,2026-09-27T19:00Z,2026-09-27,Sunday,MJR Chesterfield Cinema,,America/Detroit,Forgotten Island,18:20,X027D:2026-09-27T18:20:00:13,194,Screen 13,Digital,,,,3.0,0,https://booking.mjrtheatres.com/launch/ticketing/819725c1-4a61-56fb-8a5a-88ccb3e1c2f4,webedia-api; occupancy_rate=3; reserved=y,MJRT,,,webedia-api
2026-09-25,webedia-2026-09-27T19:05Z,2026-09-27T19:05:45.958878+00:00,2026-09-27T19:00Z,2026-09-27,Sunday,MJR Chesterfield Cinema,,America/Detroit,Forgotten Island,21:15,X027D:2026-09-27T21:15:00:13,369,Screen 13,Digital,,,,0.0,0,https://booking.mjrtheatres.com/launch/ticketing/247bf0fa-06bd-5c01-b046-738e0e780503,webedia-api; occupancy_rate=0; reserved=y,MJRT,,,webedia-api
2026-09-25,webedia-2026-09-27T19:05Z,2026-09-27T19:05:45.958878+00:00,2026-09-27T19:00Z,2026-09-27,Sunday,MJR Chesterfield Cinema,,America/Detroit,Heart of the Beast,16:20,X027D:2026-09-27T16:20:00:1,74,Screen 1,Digital,,,,20.0,0,https://booking.mjrtheatres.com/launch/ticketing/2cca9193-8ee1-546a-89c4-9bfc5f473364,webedia-api; occupancy_rate=20; reserved=y,MJRT,,,webedia-api
2026-09-25,webedia-2026-09-27T19:05Z,2026-09-27T19:05:45.958878+00:00,2026-09-27T19:00Z,2026-09-27,Sunday,MJR Chesterfield Cinema,,America/Detroit,Heart of the Beast,18:50,X027D:2026-09-27T18:50:00:1,224,Screen 1,Digital,,,,16.0,0,https://booking.mjrtheatres.com/launch/ticketing/bfc55adb-93ca-5219-950a-305c2274a88b,webedia-api; occupancy_rate=16; reserved=y,MJRT,,,webedia-api
2026-09-25,webedia-2026-09-27T19:05Z,2026-09-27T19:05:45.958878+00:00,2026-09-27T19:00Z,2026-09-27,Sunday,MJR Chesterfield Cinema,,America/Detroit,Heart of the Beast,21:30,X027D:2026-09-27T21:30:00:1,384,Screen 1,Digital,,,,0.0,0,https://booking.mjrtheatres.com/launch/ticketing/a27fd5e6-3dd7-5146-b370-53fe16269a34,webedia-api; occupancy_rate=0; reserved=y,MJRT,,,webedia-api
2026-09-25,webedia-2026-09-27T19:05Z,2026-09-27T19:05:45.958878+00:00,2026-09-27T19:00Z,2026-09-27,Sunday,MJR Chesterfield Cinema,,America/Detroit,Primetime,16:30,X027D:2026-09-27T16:30:00:15,84,Screen 15,Digital,,,,0.0,0,https://booking.mjrtheatres.com/launch/ticketing/09be4226-d4ca-54fb-8e74-d5ada2f38561,webedia-api; occupancy_rate=0; reserved=y,MJRT,,,webedia-api
2026-09-25,webedia-2026-09-27T19:05Z,2026-09-27T19:05:45.958878+00:00,2026-09-27T19:00Z,2026-09-27,Sunday,MJR Chesterfield Cinema,,America/Detroit,Primetime,18:00,X027D:2026-09-27T18:00:00:9,174,Screen 9,Digital,,,,2.0,0,https://booking.mjrtheatres.com/launch/ticketing/0a3c0295-1d3c-54d9-9f40-05b2c36c7109,webedia-api; occupancy_rate=2; reserved=y,MJRT,,,webedia-api
2026-09-25,webedia-2026-09-27T19:05Z,2026-09-27T19:05:45.958878+00:00,2026-09-27T19:00Z,2026-09-27,Sunday,MJR Chesterfield Cinema,,America/Detroit,Primetime,19:15,X027D:2026-09-27T19:15:00:15,249,Screen 15,Digital,,,,11.0,0,https://booking.mjrtheatres.com/launch/ticketing/195ceedb-fbff-563c-862d-3b714a7b6546,webedia-api; occupancy_rate=11; reserved=y,MJRT,,,webedia-api
2026-09-25,webedia-2026-09-27T19:05Z,2026-09-27T19:05:45.958878+00:00,2026-09-27T19:00Z,2026-09-27,Sunday,MJR Chesterfield Cinema,,America/Detroit,Primetime,20:45,X027D:2026-09-27T20:45:00:9,339,Screen 9,Digital,,,,2.0,0,https://booking.mjrtheatres.com/launch/ticketing/bea27808-d0f6-50dd-84d7-042db772afa7,webedia-api; occupancy_rate=2; reserved=y,MJRT,,,webedia-api
2026-09-25,webedia-2026-09-27T19:05Z,2026-09-27T19:05:45.958878+00:00,2026-09-27T19:00Z,2026-09-27,Sunday,MJR Chesterfield Cinema,,America/Detroit,Primetime,22:00,X027D:2026-09-27T22:00:00:15,414,Screen 15,Digital,,,,0.0,0,https://booking.mjrtheatres.com/launch/ticketing/2799b5c7-7c66-5e9d-9398-2c3873d1cd22,webedia-api; occupancy_rate=0; reserved=y,MJRT,,,webedia-api
2026-09-25,webedia-2026-09-27T19:05Z,2026-09-27T19:05:45.958878+00:00,2026-09-27T19:00Z,2026-09-27,Sunday,MJR Marketplace Cinema,,America/Detroit,Forgotten Island,15:30,X07M4:2026-09-27T15:30:00:2,24,Screen 2,Digital,,,,34.0,0,https://booking.mjrtheatres.com/launch/ticketing/588aae25-0caa-5947-8d57-b28223412643,webedia-api; occupancy_rate=34; reserved=y,MJRT,,,webedia-api
2026-09-25,webedia-2026-09-27T19:05Z,2026-09-27T19:05:45.958878+00:00,2026-09-27T19:00Z,2026-09-27,Sunday,MJR Marketplace Cinema,,America/Detroit,Forgotten Island,18:15,X07M4:2026-09-27T18:15:00:2,189,Screen 2,Digital,,,,2.0,0,https://booking.mjrtheatres.com/launch/ticketing/1a88da57-bacc-5c86-9c24-69bde2ee0cd6,webedia-api; occupancy_rate=2; reserved=y,MJRT,,,webedia-api
2026-09-25,webedia-2026-09-27T19:05Z,2026-09-27T19:05:45.958878+00:00,2026-09-27T19:00Z,2026-09-27,Sunday,MJR Marketplace Cinema,,America/Detroit,Forgotten Island,21:15,X07M4:2026-09-27T21:15:00:2,369,Screen 2,Digital,,,,0.0,0,https://booking.mjrtheatres.com/launch/ticketing/0957e642-2755-5a47-982e-2e1bc92c8dd7,webedia-api; occupancy_rate=0; reserved=y,MJRT,,,webedia-api
2026-09-25,webedia-2026-09-27T19:05Z,2026-09-27T19:05:45.958878+00:00,2026-09-27T19:00Z,2026-09-27,Sunday,MJR Marketplace Cinema,,America/Detroit,Heart of the Beast,16:20,X07M4:2026-09-27T16:20:00:13,74,Screen 13,Digital,,,,19.0,0,https://booking.mjrtheatres.com/launch/ticketing/ad78d6e3-9ddc-513f-a137-7e25ea07413e,webedia-api; occupancy_rate=19; reserved=y,MJRT,,,webedia-api
2026-09-25,webedia-2026-09-27T19:05Z,2026-09-27T19:05:45.958878+00:00,2026-09-27T19:00Z,2026-09-27,Sunday,MJR Marketplace Cinema,,America/Detroit,Heart of the Beast,18:50,X07M4:2026-09-27T18:50:00:13,224,Screen 13,Digital,,,,13.0,0,https://booking.mjrtheatres.com/launch/ticketing/f9019339-92b0-509b-9429-ea2ed2131753,webedia-api; occupancy_rate=13; reserved=y,MJRT,,,webedia-api
2026-09-25,webedia-2026-09-27T19:05Z,2026-09-27T19:05:45.958878+00:00,2026-09-27T19:00Z,2026-09-27,Sunday,MJR Marketplace Cinema,,America/Detroit,Heart of the Beast,21:30,X07M4:2026-09-27T21:30:00:13,384,Screen 13,Digital,,,,0.0,0,https://booking.mjrtheatres.com/launch/ticketing/783f5c5e-eb58-5253-9663-24fe33bcec56,webedia-api; occupancy_rate=0; reserved=y,MJRT,,,webedia-api
2026-09-25,webedia-2026-09-27T19:05Z,2026-09-27T19:05:45.958878+00:00,2026-09-27T19:00Z,2026-09-27,Sunday,MJR Marketplace Cinema,,America/Detroit,Primetime,15:15,X07M4:2026-09-27T15:15:00:9,9,Screen 9,Digital,,,,4.0,0,https://booking.mjrtheatres.com/launch/ticketing/5cac4b8f-72b6-5eea-8f44-1d891864d037,webedia-api; occupancy_rate=4; reserved=y,MJRT,,,webedia-api
2026-09-25,webedia-2026-09-27T19:05Z,2026-09-27T19:05:45.958878+00:00,2026-09-27T19:00Z,2026-09-27,Sunday,MJR Marketplace Cinema,,America/Detroit,Primetime,16:30,X07M4:2026-09-27T16:30:00:6,84,Screen 6,Digital,,,,10.0,0,https://booking.mjrtheatres.com/launch/ticketing/9159dd52-83ab-57e6-82c3-3dfa26eb4876,webedia-api; occupancy_rate=10; reserved=y,MJRT,,,webedia-api
2026-09-25,webedia-2026-09-27T19:05Z,2026-09-27T19:05:45.958878+00:00,2026-09-27T19:00Z,2026-09-27,Sunday,MJR Marketplace Cinema,,America/Detroit,Primetime,18:05,X07M4:2026-09-27T18:05:00:9,179,Screen 9,Digital,,,,12.0,0,https://booking.mjrtheatres.com/launch/ticketing/0d6d2b63-3abe-5954-bf3d-4672c29f86e0,webedia-api; occupancy_rate=12; reserved=y,MJRT,,,webedia-api
2026-09-25,webedia-2026-09-27T19:05Z,2026-09-27T19:05:45.958878+00:00,2026-09-27T19:00Z,2026-09-27,Sunday,MJR Marketplace Cinema,,America/Detroit,Primetime,19:15,X07M4:2026-09-27T19:15:00:6,249,Screen 6,Digital,,,,21.0,0,https://booking.mjrtheatres.com/launch/ticketing/33f319d1-dc6c-5499-b3db-e7fccb432243,webedia-api; occupancy_rate=21; reserved=y,MJRT,,,webedia-api
2026-09-25,webedia-2026-09-27T19:05Z,2026-09-27T19:05:45.958878+00:00,2026-09-27T19:00Z,2026-09-27,Sunday,MJR Marketplace Cinema,,America/Detroit,Primetime,20:50,X07M4:2026-09-27T20:50:00:9,344,Screen 9,Digital,,,,2.0,0,https://booking.mjrtheatres.com/launch/ticketing/22044036-ecb3-5268-89f9-1c29d319bb45,webedia-api; occupancy_rate=2; reserved=y,MJRT,,,webedia-api
2026-09-25,webedia-2026-09-27T19:05Z,2026-09-27T19:05:45.958878+00:00,2026-09-27T19:00Z,2026-09-27,Sunday,MJR Marketplace Cinema,,America/Detroit,Primetime,22:00,X07M4:2026-09-27T22:00:00:6,414,Screen 6,Digital,,,,5.0,0,https://booking.mjrtheatres.com/launch/ticketing/4535c8c4-b43a-5f51-8a15-d9eb36d3155f,webedia-api; occupancy_rate=5; reserved=y,MJRT,,,webedia-api
2026-09-25,webedia-2026-09-27T19:05Z,2026-09-27T19:05:45.958878+00:00,2026-09-27T19:00Z,2026-09-27,Sunday,MJR Partridge Creek Cinema,,America/Detroit,Forgotten Island,16:00,X086T:2026-09-27T16:00:00:2,54,Screen 2,Digital,,,,12.0,0,https://booking.mjrtheatres.com/launch/ticketing/17994ea6-0566-5b9e-89bf-7d6401e03284,webedia-api; occupancy_rate=12; reserved=y,MJRT,,,webedia-api
2026-09-25,webedia-2026-09-27T19:05Z,2026-09-27T19:05:45.958878+00:00,2026-09-27T19:00Z,2026-09-27,Sunday,MJR Partridge Creek Cinema,,America/Detroit,Forgotten Island,18:45,X086T:2026-09-27T18:45:00:2,219,Screen 2,Digital,,,,0.0,0,https://booking.mjrtheatres.com/launch/ticketing/151c68c9-e269-58a0-acec-195c07d0b630,webedia-api; occupancy_rate=0; reserved=y,MJRT,,,webedia-api
2026-09-25,webedia-2026-09-27T19:05Z,2026-09-27T19:05:45.958878+00:00,2026-09-27T19:00Z,2026-09-27,Sunday,MJR Partridge Creek Cinema,,America/Detroit,Forgotten Island,21:30,X086T:2026-09-27T21:30:00:2,384,Screen 2,Digital,,,,0.0,0,https://booking.mjrtheatres.com/launch/ticketing/56f45642-6ecb-5b77-a6d5-79d5d1b8158f,webedia-api; occupancy_rate=0; reserved=y,MJRT,,,webedia-api
2026-09-25,webedia-2026-09-27T19:05Z,2026-09-27T19:05:45.958878+00:00,2026-09-27T19:00Z,2026-09-27,Sunday,MJR Partridge Creek Cinema,,America/Detroit,Heart of the Beast,16:20,X086T:2026-09-27T16:20:00:11,74,Screen 11,Digital,,,,16.0,0,https://booking.mjrtheatres.com/launch/ticketing/893c8aff-2967-5e69-8586-b4430daf7a7a,webedia-api; occupancy_rate=16; reserved=y,MJRT,,,webedia-api
2026-09-25,webedia-2026-09-27T19:05Z,2026-09-27T19:05:45.958878+00:00,2026-09-27T19:00Z,2026-09-27,Sunday,MJR Partridge Creek Cinema,,America/Detroit,Heart of the Beast,18:50,X086T:2026-09-27T18:50:00:11,224,Screen 11,Digital,,,,19.0,0,https://booking.mjrtheatres.com/launch/ticketing/270fa561-f551-5c3c-b452-43e89ba2c2c1,webedia-api; occupancy_rate=19; reserved=y,MJRT,,,webedia-api
2026-09-25,webedia-2026-09-27T19:05Z,2026-09-27T19:05:45.958878+00:00,2026-09-27T19:00Z,2026-09-27,Sunday,MJR Partridge Creek Cinema,,America/Detroit,Heart of the Beast,21:30,X086T:2026-09-27T21:30:00:11,384,Screen 11,Digital,,,,6.0,0,https://booking.mjrtheatres.com/launch/ticketing/b35d0929-3e97-554e-bebf-b3de33f0a6d2,webedia-api; occupancy_rate=6; reserved=y,MJRT,,,webedia-api
2026-09-25,webedia-2026-09-27T19:05Z,2026-09-27T19:05:45.958878+00:00,2026-09-27T19:00Z,2026-09-27,Sunday,MJR Partridge Creek Cinema,,America/Detroit,Primetime,15:30,X086T:2026-09-27T15:30:00:14,24,Screen 14,Digital,,,,0.0,0,https://booking.mjrtheatres.com/launch/ticketing/fb36aa59-3c9a-55e0-9db6-4372f9d98f0d,webedia-api; occupancy_rate=0; reserved=y,MJRT,,,webedia-api
2026-09-25,webedia-2026-09-27T19:05Z,2026-09-27T19:05:45.958878+00:00,2026-09-27T19:00Z,2026-09-27,Sunday,MJR Partridge Creek Cinema,,America/Detroit,Primetime,16:30,X086T:2026-09-27T16:30:00:4,84,Screen 4,Digital,,,,3.0,0,https://booking.mjrtheatres.com/launch/ticketing/8cfcf2c7-2f6e-5570-b2a7-8f70a2d2e17b,webedia-api; occupancy_rate=3; reserved=y,MJRT,,,webedia-api
2026-09-25,webedia-2026-09-27T19:05Z,2026-09-27T19:05:45.958878+00:00,2026-09-27T19:00Z,2026-09-27,Sunday,MJR Partridge Creek Cinema,,America/Detroit,Primetime,18:15,X086T:2026-09-27T18:15:00:14,189,Screen 14,Digital,,,,13.0,0,https://booking.mjrtheatres.com/launch/ticketing/97f29abe-7746-5930-bbe3-e3919d397436,webedia-api; occupancy_rate=13; reserved=y,MJRT,,,webedia-api
2026-09-25,webedia-2026-09-27T19:05Z,2026-09-27T19:05:45.958878+00:00,2026-09-27T19:00Z,2026-09-27,Sunday,MJR Partridge Creek Cinema,,America/Detroit,Primetime,19:15,X086T:2026-09-27T19:15:00:4,249,Screen 4,Digital,,,,6.0,0,https://booking.mjrtheatres.com/launch/ticketing/6da75e9f-516b-5960-a3ad-3ed567769c4a,webedia-api; occupancy_rate=6; reserved=y,MJRT,,,webedia-api
2026-09-25,webedia-2026-09-27T19:05Z,2026-09-27T19:05:45.958878+00:00,2026-09-27T19:00Z,2026-09-27,Sunday,MJR Partridge Creek Cinema,,America/Detroit,Primetime,21:00,X086T:2026-09-27T21:00:00:14,354,Screen 14,Digital,,,,3.0,0,https://booking.mjrtheatres.com/launch/ticketing/0771fbd7-5bd0-5216-8076-125d30d01123,webedia-api; occupancy_rate=3; reserved=y,MJRT,,,webedia-api
2026-09-25,webedia-2026-09-27T19:05Z,2026-09-27T19:05:45.958878+00:00,2026-09-27T19:00Z,2026-09-27,Sunday,MJR Partridge Creek Cinema,,America/Detroit,Primetime,22:00,X086T:2026-09-27T22:00:00:4,414,Screen 4,Digital,,,,6.0,0,https://booking.mjrtheatres.com/launch/ticketing/1a3c716d-6bc8-5f22-b735-e2bf61442152,webedia-api; occupancy_rate=6; reserved=y,MJRT,,,webedia-api
2026-09-25,webedia-2026-09-27T19:05Z,2026-09-27T19:05:45.958878+00:00,2026-09-27T19:00Z,2026-09-27,Sunday,MJR Southgate Cinema,,America/Detroit,Forgotten Island,15:30,X042Y:2026-09-27T15:30:00:3,24,Screen 3,Digital,,,,0.0,0,https://booking.mjrtheatres.com/launch/ticketing/d92c082e-3098-526c-b528-9cbefbfff766,webedia-api; occupancy_rate=0; reserved=y,MJRT,,,webedia-api
2026-09-25,webedia-2026-09-27T19:05Z,2026-09-27T19:05:45.958878+00:00,2026-09-27T19:00Z,2026-09-27,Sunday,MJR Southgate Cinema,,America/Detroit,Forgotten Island,17:00,X042Y:2026-09-27T17:00:00:18,114,Screen 18,Digital,,,,23.0,0,https://booking.mjrtheatres.com/launch/ticketing/9695b581-0f9e-56de-8b74-3a98e991503d,webedia-api; occupancy_rate=23; reserved=y,MJRT,,,webedia-api
2026-09-25,webedia-2026-09-27T19:05Z,2026-09-27T19:05:45.958878+00:00,2026-09-27T19:00Z,2026-09-27,Sunday,MJR Southgate Cinema,,America/Detroit,Forgotten Island,18:20,X042Y:2026-09-27T18:20:00:3,194,Screen 3,Digital,,,,0.0,0,https://booking.mjrtheatres.com/launch/ticketing/cd95e364-0119-5d52-b3f1-a3c50008e539,webedia-api; occupancy_rate=0; reserved=y,MJRT,,,webedia-api
2026-09-25,webedia-2026-09-27T19:05Z,2026-09-27T19:05:45.958878+00:00,2026-09-27T19:00Z,2026-09-27,Sunday,MJR Southgate Cinema,,America/Detroit,Forgotten Island,19:40,X042Y:2026-09-27T19:40:00:18,274,Screen 18,Digital,,,,0.0,0,https://booking.mjrtheatres.com/launch/ticketing/7001d1a3-4781-5b71-af5c-06fa1b5d945f,webedia-api; occupancy_rate=0; reserved=y,MJRT,,,webedia-api
2026-09-25,webedia-2026-09-27T19:05Z,2026-09-27T19:05:45.958878+00:00,2026-09-27T19:00Z,2026-09-27,Sunday,MJR Southgate Cinema,,America/Detroit,Forgotten Island,21:15,X042Y:2026-09-27T21:15:00:5,369,Screen 5,Digital,,,,0.0,0,https://booking.mjrtheatres.com/launch/ticketing/a77c2c06-ae7d-5060-9a8e-d1a31db3042e,webedia-api; occupancy_rate=0; reserved=y,MJRT,,,webedia-api
2026-09-25,webedia-2026-09-27T19:05Z,2026-09-27T19:05:45.958878+00:00,2026-09-27T19:00Z,2026-09-27,Sunday,MJR Southgate Cinema,,America/Detroit,Heart of the Beast,16:20,X042Y:2026-09-27T16:20:00:6,74,Screen 6,Digital,,,,36.0,0,https://booking.mjrtheatres.com/launch/ticketing/51168618-fb96-5f88-a99f-65a36ba8f1ed,webedia-api; occupancy_rate=36; reserved=y,MJRT,,,webedia-api
2026-09-25,webedia-2026-09-27T19:05Z,2026-09-27T19:05:45.958878+00:00,2026-09-27T19:00Z,2026-09-27,Sunday,MJR Southgate Cinema,,America/Detroit,Heart of the Beast,18:50,X042Y:2026-09-27T18:50:00:6,224,Screen 6,Digital,,,,0.0,0,https://booking.mjrtheatres.com/launch/ticketing/5d028087-a485-5689-8760-8d3ee36a3620,webedia-api; occupancy_rate=0; reserved=y,MJRT,,,webedia-api
2026-09-25,webedia-2026-09-27T19:05Z,2026-09-27T19:05:45.958878+00:00,2026-09-27T19:00Z,2026-09-27,Sunday,MJR Southgate Cinema,,America/Detroit,Heart of the Beast,21:30,X042Y:2026-09-27T21:30:00:6,384,Screen 6,Digital,,,,3.0,0,https://booking.mjrtheatres.com/launch/ticketing/bcd32d1e-53c4-56f3-8d21-583669fc1ffa,webedia-api; occupancy_rate=3; reserved=y,MJRT,,,webedia-api
2026-09-25,webedia-2026-09-27T19:05Z,2026-09-27T19:05:45.958878+00:00,2026-09-27T19:00Z,2026-09-27,Sunday,MJR Southgate Cinema,,America/Detroit,Primetime,16:30,X042Y:2026-09-27T16:30:00:17,84,Screen 17,Digital,,,,3.0,0,https://booking.mjrtheatres.com/launch/ticketing/7c340f24-cb30-5775-8fcd-5bdb6dc7856f,webedia-api; occupancy_rate=3; reserved=y,MJRT,,,webedia-api
2026-09-25,webedia-2026-09-27T19:05Z,2026-09-27T19:05:45.958878+00:00,2026-09-27T19:00Z,2026-09-27,Sunday,MJR Southgate Cinema,,America/Detroit,Primetime,18:15,X042Y:2026-09-27T18:15:00:10,189,Screen 10,Digital,,,,14.0,0,https://booking.mjrtheatres.com/launch/ticketing/d7b37bd9-7dad-54bf-bbd9-06e384910702,webedia-api; occupancy_rate=14; reserved=y,MJRT,,,webedia-api
2026-09-25,webedia-2026-09-27T19:05Z,2026-09-27T19:05:45.958878+00:00,2026-09-27T19:00Z,2026-09-27,Sunday,MJR Southgate Cinema,,America/Detroit,Primetime,19:15,X042Y:2026-09-27T19:15:00:17,249,Screen 17,Digital,,,,0.0,0,https://booking.mjrtheatres.com/launch/ticketing/ee9d3742-fecc-5f38-a409-04d3e88775f0,webedia-api; occupancy_rate=0; reserved=y,MJRT,,,webedia-api
2026-09-25,webedia-2026-09-27T19:05Z,2026-09-27T19:05:45.958878+00:00,2026-09-27T19:00Z,2026-09-27,Sunday,MJR Southgate Cinema,,America/Detroit,Primetime,20:15,X042Y:2026-09-27T20:15:00:9,309,Screen 9,Digital,,,,11.0,0,https://booking.mjrtheatres.com/launch/ticketing/95aeeff6-8def-5d5e-98bf-97a21b4a6643,webedia-api; occupancy_rate=11; reserved=y,MJRT,,,webedia-api
2026-09-25,webedia-2026-09-27T19:05Z,2026-09-27T19:05:45.958878+00:00,2026-09-27T19:00Z,2026-09-27,Sunday,MJR Southgate Cinema,,America/Detroit,Primetime,21:00,X042Y:2026-09-27T21:00:00:10,354,Screen 10,Digital,,,,0.0,0,https://booking.mjrtheatres.com/launch/ticketing/c4aad1d6-309a-5240-9ed0-d3c72d04eaa5,webedia-api; occupancy_rate=0; reserved=y,MJRT,,,webedia-api
2026-09-25,webedia-2026-09-27T19:05Z,2026-09-27T19:05:45.958878+00:00,2026-09-27T19:00Z,2026-09-27,Sunday,MJR Southgate Cinema,,America/Detroit,Primetime,22:00,X042Y:2026-09-27T22:00:00:17,414,Screen 17,Digital,,,,0.0,0,https://booking.mjrtheatres.com/launch/ticketing/fd83ad2b-3291-5db0-bbc6-53f0496e1887,webedia-api; occupancy_rate=0; reserved=y,MJRT,,,webedia-api
2026-09-25,webedia-2026-09-27T19:05Z,2026-09-27T19:05:45.958878+00:00,2026-09-27T19:00Z,2026-09-27,Sunday,MJR Troy Cinema,,America/Detroit,Forgotten Island,15:30,X0TUX:2026-09-27T15:30:00:1,24,Screen 1,Digital,,,,2.0,0,https://booking.mjrtheatres.com/launch/ticketing/9b7b1aca-d4d2-5fe2-8cde-968a4e61fa92,webedia-api; occupancy_rate=2; reserved=y,MJRT,,,webedia-api
2026-09-25,webedia-2026-09-27T19:05Z,2026-09-27T19:05:45.958878+00:00,2026-09-27T19:00Z,2026-09-27,Sunday,MJR Troy Cinema,,America/Detroit,Forgotten Island,18:20,X0TUX:2026-09-27T18:20:00:1,194,Screen 1,Digital,,,,0.0,0,https://booking.mjrtheatres.com/launch/ticketing/c5c5e167-1241-5621-9fd1-5f10c1eb543c,webedia-api; occupancy_rate=0; reserved=y,MJRT,,,webedia-api
2026-09-25,webedia-2026-09-27T19:05Z,2026-09-27T19:05:45.958878+00:00,2026-09-27T19:00Z,2026-09-27,Sunday,MJR Troy Cinema,,America/Detroit,Forgotten Island,21:15,X0TUX:2026-09-27T21:15:00:1,369,Screen 1,Digital,,,,1.0,0,https://booking.mjrtheatres.com/launch/ticketing/7d6e2f8a-c798-5337-91eb-444cfa2a85cc,webedia-api; occupancy_rate=1; reserved=y,MJRT,,,webedia-api
2026-09-25,webedia-2026-09-27T19:05Z,2026-09-27T19:05:45.958878+00:00,2026-09-27T19:00Z,2026-09-27,Sunday,MJR Troy Cinema,,America/Detroit,Heart of the Beast,16:20,X0TUX:2026-09-27T16:20:00:4,74,Screen 4,Digital,,,,3.0,0,https://booking.mjrtheatres.com/launch/ticketing/8065fbd5-de26-5e7a-a6ea-f2ed32586419,webedia-api; occupancy_rate=3; reserved=y,MJRT,,,webedia-api
2026-09-25,webedia-2026-09-27T19:05Z,2026-09-27T19:05:45.958878+00:00,2026-09-27T19:00Z,2026-09-27,Sunday,MJR Troy Cinema,,America/Detroit,Heart of the Beast,18:50,X0TUX:2026-09-27T18:50:00:4,224,Screen 4,Digital,,,,0.0,0,https://booking.mjrtheatres.com/launch/ticketing/978ba712-f711-558a-a5fd-7ceb4ed7beeb,webedia-api; occupancy_rate=0; reserved=y,MJRT,,,webedia-api
2026-09-25,webedia-2026-09-27T19:05Z,2026-09-27T19:05:45.958878+00:00,2026-09-27T19:00Z,2026-09-27,Sunday,MJR Troy Cinema,,America/Detroit,Heart of the Beast,21:30,X0TUX:2026-09-27T21:30:00:4,384,Screen 4,Digital,,,,0.0,0,https://booking.mjrtheatres.com/launch/ticketing/10b76f6d-87f8-5728-9ca7-94829aa437b7,webedia-api; occupancy_rate=0; reserved=y,MJRT,,,webedia-api
2026-09-25,webedia-2026-09-27T19:05Z,2026-09-27T19:05:45.958878+00:00,2026-09-27T19:00Z,2026-09-27,Sunday,MJR Troy Cinema,,America/Detroit,Primetime,15:30,X0TUX:2026-09-27T15:30:00:13,24,Screen 13,Digital,,,,6.0,0,https://booking.mjrtheatres.com/launch/ticketing/6d19c98e-1e64-5f93-ac6f-be4e6f063dc8,webedia-api; occupancy_rate=6; reserved=y,MJRT,,,webedia-api
2026-09-25,webedia-2026-09-27T19:05Z,2026-09-27T19:05:45.958878+00:00,2026-09-27T19:00Z,2026-09-27,Sunday,MJR Troy Cinema,,America/Detroit,Primetime,16:30,X0TUX:2026-09-27T16:30:00:6,84,Screen 6,Digital,,,,13.0,0,https://booking.mjrtheatres.com/launch/ticketing/8a7e6edb-c3a1-5e03-8f3d-aef69a3fd0bb,webedia-api; occupancy_rate=13; reserved=y,MJRT,,,webedia-api
2026-09-25,webedia-2026-09-27T19:05Z,2026-09-27T19:05:45.958878+00:00,2026-09-27T19:00Z,2026-09-27,Sunday,MJR Troy Cinema,,America/Detroit,Primetime,18:20,X0TUX:2026-09-27T18:20:00:13,194,Screen 13,Digital,,,,7.0,0,https://booking.mjrtheatres.com/launch/ticketing/2dee1e16-b14c-5171-8ecf-dd7cad873451,webedia-api; occupancy_rate=7; reserved=y,MJRT,,,webedia-api
2026-09-25,webedia-2026-09-27T19:05Z,2026-09-27T19:05:45.958878+00:00,2026-09-27T19:00Z,2026-09-27,Sunday,MJR Troy Cinema,,America/Detroit,Primetime,19:15,X0TUX:2026-09-27T19:15:00:6,249,Screen 6,Digital,,,,0.0,0,https://booking.mjrtheatres.com/launch/ticketing/ac41ca76-b95c-5157-bd39-7f18ce333ef8,webedia-api; occupancy_rate=0; reserved=y,MJRT,,,webedia-api
2026-09-25,webedia-2026-09-27T19:05Z,2026-09-27T19:05:45.958878+00:00,2026-09-27T19:00Z,2026-09-27,Sunday,MJR Troy Cinema,,America/Detroit,Primetime,21:15,X0TUX:2026-09-27T21:15:00:11,369,Screen 11,Digital,,,,1.0,0,https://booking.mjrtheatres.com/launch/ticketing/1181da58-46ad-5fe3-8615-34891fa437d2,webedia-api; occupancy_rate=1; reserved=y,MJRT,,,webedia-api
2026-09-25,webedia-2026-09-27T19:05Z,2026-09-27T19:05:45.958878+00:00,2026-09-27T19:00Z,2026-09-27,Sunday,MJR Troy Cinema,,America/Detroit,Primetime,22:00,X0TUX:2026-09-27T22:00:00:6,414,Screen 6,Digital,,,,0.0,0,https://booking.mjrtheatres.com/launch/ticketing/8ea4eed0-c313-54f5-926e-535ee1977e5d,webedia-api; occupancy_rate=0; reserved=y,MJRT,,,webedia-api
2026-09-25,webedia-2026-09-27T19:05Z,2026-09-27T19:05:45.958878+00:00,2026-09-27T19:00Z,2026-09-27,Sunday,MJR Universal Cinema,,America/Detroit,Forgotten Island,15:20,X02OO:2026-09-27T15:20:00:9,14,Screen 9,Digital,,,,10.0,0,https://booking.mjrtheatres.com/launch/ticketing/df24f76a-221c-5cb5-9a18-bba61af1d599,webedia-api; occupancy_rate=10; reserved=y,MJRT,,,webedia-api
2026-09-25,webedia-2026-09-27T19:05Z,2026-09-27T19:05:45.958878+00:00,2026-09-27T19:00Z,2026-09-27,Sunday,MJR Universal Cinema,,America/Detroit,Forgotten Island,18:15,X02OO:2026-09-27T18:15:00:9,189,Screen 9,Digital,,,,0.0,0,https://booking.mjrtheatres.com/launch/ticketing/fef9ae2a-a335-5010-a230-427e74d562f5,webedia-api; occupancy_rate=0; reserved=y,MJRT,,,webedia-api
2026-09-25,webedia-2026-09-27T19:05Z,2026-09-27T19:05:45.958878+00:00,2026-09-27T19:00Z,2026-09-27,Sunday,MJR Universal Cinema,,America/Detroit,Forgotten Island,21:00,X02OO:2026-09-27T21:00:00:9,354,Screen 9,Digital,,,,0.0,0,https://booking.mjrtheatres.com/launch/ticketing/2f878dcf-eab6-5900-bc95-c2a5f8c0c398,webedia-api; occupancy_rate=0; reserved=y,MJRT,,,webedia-api
2026-09-25,webedia-2026-09-27T19:05Z,2026-09-27T19:05:45.958878+00:00,2026-09-27T19:00Z,2026-09-27,Sunday,MJR Universal Cinema,,America/Detroit,Heart of the Beast,16:20,X02OO:2026-09-27T16:20:00:5,74,Screen 5,Digital,,,,4.0,0,https://booking.mjrtheatres.com/launch/ticketing/2ad162a8-c671-580b-bafc-69878797d0c0,webedia-api; occupancy_rate=4; reserved=y,MJRT,,,webedia-api
2026-09-25,webedia-2026-09-27T19:05Z,2026-09-27T19:05:45.958878+00:00,2026-09-27T19:00Z,2026-09-27,Sunday,MJR Universal Cinema,,America/Detroit,Heart of the Beast,18:50,X02OO:2026-09-27T18:50:00:5,224,Screen 5,Digital,,,,0.0,0,https://booking.mjrtheatres.com/launch/ticketing/84d7f755-fcf6-5095-a10e-0fcbb8416d6f,webedia-api; occupancy_rate=0; reserved=y,MJRT,,,webedia-api
2026-09-25,webedia-2026-09-27T19:05Z,2026-09-27T19:05:45.958878+00:00,2026-09-27T19:00Z,2026-09-27,Sunday,MJR Universal Cinema,,America/Detroit,Heart of the Beast,21:30,X02OO:2026-09-27T21:30:00:5,384,Screen 5,Digital,,,,0.0,0,https://booking.mjrtheatres.com/launch/ticketing/ec109b6d-bd47-5763-ba31-9f04dd5e01d8,webedia-api; occupancy_rate=0; reserved=y,MJRT,,,webedia-api
2026-09-25,webedia-2026-09-27T19:05Z,2026-09-27T19:05:45.958878+00:00,2026-09-27T19:00Z,2026-09-27,Sunday,MJR Universal Cinema,,America/Detroit,Primetime,15:45,X02OO:2026-09-27T15:45:00:6,39,Screen 6,Digital,,,,9.0,0,https://booking.mjrtheatres.com/launch/ticketing/7b7f3cf1-0415-5595-a167-f1b88a821abb,webedia-api; occupancy_rate=9; reserved=y,MJRT,,,webedia-api
2026-09-25,webedia-2026-09-27T19:05Z,2026-09-27T19:05:45.958878+00:00,2026-09-27T19:00Z,2026-09-27,Sunday,MJR Universal Cinema,,America/Detroit,Primetime,17:00,X02OO:2026-09-27T17:00:00:8,114,Screen 8,Digital,,,,0.0,0,https://booking.mjrtheatres.com/launch/ticketing/4d015618-b088-5fa8-ad5f-35615a9f3880,webedia-api; occupancy_rate=0; reserved=y,MJRT,,,webedia-api
2026-09-25,webedia-2026-09-27T19:05Z,2026-09-27T19:05:45.958878+00:00,2026-09-27T19:00Z,2026-09-27,Sunday,MJR Universal Cinema,,America/Detroit,Primetime,18:30,X02OO:2026-09-27T18:30:00:6,204,Screen 6,Digital,,,,27.0,0,https://booking.mjrtheatres.com/launch/ticketing/bf64c4a9-873b-582a-9047-a499f83f8ec9,webedia-api; occupancy_rate=27; reserved=y,MJRT,,,webedia-api
2026-09-25,webedia-2026-09-27T19:05Z,2026-09-27T19:05:45.958878+00:00,2026-09-27T19:00Z,2026-09-27,Sunday,MJR Universal Cinema,,America/Detroit,Primetime,19:40,X02OO:2026-09-27T19:40:00:8,274,Screen 8,Digital,,,,4.0,0,https://booking.mjrtheatres.com/launch/ticketing/107a5540-b7ad-565f-9b9b-a3440692317c,webedia-api; occupancy_rate=4; reserved=y,MJRT,,,webedia-api
2026-09-25,webedia-2026-09-27T19:05Z,2026-09-27T19:05:45.958878+00:00,2026-09-27T19:00Z,2026-09-27,Sunday,MJR Universal Cinema,,America/Detroit,Primetime,21:15,X02OO:2026-09-27T21:15:00:6,369,Screen 6,Digital,,,,4.0,0,https://booking.mjrtheatres.com/launch/ticketing/bc1c4144-2a04-54a5-a31b-8386e6c3259e,webedia-api; occupancy_rate=4; reserved=y,MJRT,,,webedia-api
2026-09-25,webedia-2026-09-27T19:05Z,2026-09-27T19:05:45.958878+00:00,2026-09-27T19:00Z,2026-09-27,Sunday,MJR Universal Cinema,,America/Detroit,Primetime,22:15,X02OO:2026-09-27T22:15:00:8,429,Screen 8,Digital,,,,0.0,0,https://booking.mjrtheatres.com/launch/ticketing/4fb6a7b3-d596-58a1-89e4-a676b2aeafda,webedia-api; occupancy_rate=0; reserved=y,MJRT,,,webedia-api
2026-09-25,webedia-2026-09-27T19:05Z,2026-09-27T19:05:45.958878+00:00,2026-09-27T19:00Z,2026-09-27,Sunday,MJR Waterford Cinema,,America/Detroit,Forgotten Island,15:30,X027E:2026-09-27T15:30:00:5,24,Screen 5,Digital,,,,9.0,0,https://booking.mjrtheatres.com/launch/ticketing/e55bd975-067c-5542-bf73-1c70e46894b9,webedia-api; occupancy_rate=9; reserved=y,MJRT,,,webedia-api
2026-09-25,webedia-2026-09-27T19:05Z,2026-09-27T19:05:45.958878+00:00,2026-09-27T19:00Z,2026-09-27,Sunday,MJR Waterford Cinema,,America/Detroit,Forgotten Island,18:15,X027E:2026-09-27T18:15:00:5,189,Screen 5,Digital,,,,0.0,0,https://booking.mjrtheatres.com/launch/ticketing/543a6f41-4b97-5c22-bf44-bc21f6862152,webedia-api; occupancy_rate=0; reserved=y,MJRT,,,webedia-api
2026-09-25,webedia-2026-09-27T19:05Z,2026-09-27T19:05:45.958878+00:00,2026-09-27T19:00Z,2026-09-27,Sunday,MJR Waterford Cinema,,America/Detroit,Forgotten Island,21:15,X027E:2026-09-27T21:15:00:5,369,Screen 5,Digital,,,,0.0,0,https://booking.mjrtheatres.com/launch/ticketing/e7a9a971-c005-537a-9a2c-f26123a771e5,webedia-api; occupancy_rate=0; reserved=y,MJRT,,,webedia-api
2026-09-25,webedia-2026-09-27T19:05Z,2026-09-27T19:05:45.958878+00:00,2026-09-27T19:00Z,2026-09-27,Sunday,MJR Waterford Cinema,,America/Detroit,Heart of the Beast,16:20,X027E:2026-09-27T16:20:00:10,74,Screen 10,Digital,,,,21.0,0,https://booking.mjrtheatres.com/launch/ticketing/23e8350c-95cf-5c3a-a28e-29612e21a470,webedia-api; occupancy_rate=21; reserved=y,MJRT,,,webedia-api
2026-09-25,webedia-2026-09-27T19:05Z,2026-09-27T19:05:45.958878+00:00,2026-09-27T19:00Z,2026-09-27,Sunday,MJR Waterford Cinema,,America/Detroit,Heart of the Beast,18:50,X027E:2026-09-27T18:50:00:10,224,Screen 10,Digital,,,,0.0,0,https://booking.mjrtheatres.com/launch/ticketing/c533de94-99d7-5801-a9bd-4189cf647d73,webedia-api; occupancy_rate=0; reserved=y,MJRT,,,webedia-api
2026-09-25,webedia-2026-09-27T19:05Z,2026-09-27T19:05:45.958878+00:00,2026-09-27T19:00Z,2026-09-27,Sunday,MJR Waterford Cinema,,America/Detroit,Heart of the Beast,21:30,X027E:2026-09-27T21:30:00:10,384,Screen 10,Digital,,,,1.0,0,https://booking.mjrtheatres.com/launch/ticketing/739c1875-87b0-5a97-a653-ba76d9805c26,webedia-api; occupancy_rate=1; reserved=y,MJRT,,,webedia-api
2026-09-25,webedia-2026-09-27T19:05Z,2026-09-27T19:05:45.958878+00:00,2026-09-27T19:00Z,2026-09-27,Sunday,MJR Waterford Cinema,,America/Detroit,Primetime,15:30,X027E:2026-09-27T15:30:00:2,24,Screen 2,Digital,,,,7.0,0,https://booking.mjrtheatres.com/launch/ticketing/f1a24770-1393-52cf-ad25-a69cecd3fb95,webedia-api; occupancy_rate=7; reserved=y,MJRT,,,webedia-api
2026-09-25,webedia-2026-09-27T19:05Z,2026-09-27T19:05:45.958878+00:00,2026-09-27T19:00Z,2026-09-27,Sunday,MJR Waterford Cinema,,America/Detroit,Primetime,16:30,X027E:2026-09-27T16:30:00:3,84,Screen 3,Digital,,,,0.0,0,https://booking.mjrtheatres.com/launch/ticketing/3b6a4963-0da4-5759-8530-02a01cdc1498,webedia-api; occupancy_rate=0; reserved=y,MJRT,,,webedia-api
2026-09-25,webedia-2026-09-27T19:05Z,2026-09-27T19:05:45.958878+00:00,2026-09-27T19:00Z,2026-09-27,Sunday,MJR Waterford Cinema,,America/Detroit,Primetime,18:10,X027E:2026-09-27T18:10:00:2,184,Screen 2,Digital,,,,0.0,0,https://booking.mjrtheatres.com/launch/ticketing/0c745395-f154-5d7e-b50d-97dbbc886c03,webedia-api; occupancy_rate=0; reserved=y,MJRT,,,webedia-api
2026-09-25,webedia-2026-09-27T19:05Z,2026-09-27T19:05:45.958878+00:00,2026-09-27T19:00Z,2026-09-27,Sunday,MJR Waterford Cinema,,America/Detroit,Primetime,19:15,X027E:2026-09-27T19:15:00:3,249,Screen 3,Digital,,,,13.0,0,https://booking.mjrtheatres.com/launch/ticketing/5c4ccec6-953a-5c00-8321-23b84e260e92,webedia-api; occupancy_rate=13; reserved=y,MJRT,,,webedia-api
2026-09-25,webedia-2026-09-27T19:05Z,2026-09-27T19:05:45.958878+00:00,2026-09-27T19:00Z,2026-09-27,Sunday,MJR Waterford Cinema,,America/Detroit,Primetime,20:45,X027E:2026-09-27T20:45:00:2,339,Screen 2,Digital,,,,6.0,0,https://booking.mjrtheatres.com/launch/ticketing/4c0ddb49-5902-55a2-9936-1cc63bd25297,webedia-api; occupancy_rate=6; reserved=y,MJRT,,,webedia-api
2026-09-25,webedia-2026-09-27T19:05Z,2026-09-27T19:05:45.958878+00:00,2026-09-27T19:00Z,2026-09-27,Sunday,MJR Waterford Cinema,,America/Detroit,Primetime,22:00,X027E:2026-09-27T22:00:00:3,414,Screen 3,Digital,,,,0.0,0,https://booking.mjrtheatres.com/launch/ticketing/dc8a7669-4db3-5b84-9f89-50d06f6112d3,webedia-api; occupancy_rate=0; reserved=y,MJRT,,,webedia-api
2026-09-25,webedia-2026-09-27T19:05Z,2026-09-27T19:05:45.958878+00:00,2026-09-27T19:00Z,2026-09-27,Sunday,MJR Westland Cinema,,America/Detroit,Forgotten Island,15:30,X0LIE:2026-09-27T15:30:00:2,24,Screen 2,Digital,,,,30.0,0,https://booking.mjrtheatres.com/launch/ticketing/80ca9920-09b1-59b1-9460-b369b8a7ebb2,webedia-api; occupancy_rate=30; reserved=y,MJRT,,,webedia-api
2026-09-25,webedia-2026-09-27T19:05Z,2026-09-27T19:05:45.958878+00:00,2026-09-27T19:00Z,2026-09-27,Sunday,MJR Westland Cinema,,America/Detroit,Forgotten Island,18:15,X0LIE:2026-09-27T18:15:00:2,189,Screen 2,Digital,,,,3.0,0,https://booking.mjrtheatres.com/launch/ticketing/f8f965cc-747f-5cc9-8799-52a12f0a14b2,webedia-api; occupancy_rate=3; reserved=y,MJRT,,,webedia-api
2026-09-25,webedia-2026-09-27T19:05Z,2026-09-27T19:05:45.958878+00:00,2026-09-27T19:00Z,2026-09-27,Sunday,MJR Westland Cinema,,America/Detroit,Forgotten Island,21:15,X0LIE:2026-09-27T21:15:00:2,369,Screen 2,Digital,,,,0.0,0,https://booking.mjrtheatres.com/launch/ticketing/d3bbe7f7-b3da-5160-96c5-b5bb0d4ecf2e,webedia-api; occupancy_rate=0; reserved=y,MJRT,,,webedia-api
2026-09-25,webedia-2026-09-27T19:05Z,2026-09-27T19:05:45.958878+00:00,2026-09-27T19:00Z,2026-09-27,Sunday,MJR Westland Cinema,,America/Detroit,Heart of the Beast,16:20,X0LIE:2026-09-27T16:20:00:13,74,Screen 13,Digital,,,,0.0,0,https://booking.mjrtheatres.com/launch/ticketing/0039030c-e327-57e8-9f8c-5a015920b81b,webedia-api; occupancy_rate=0; reserved=y,MJRT,,,webedia-api
2026-09-25,webedia-2026-09-27T19:05Z,2026-09-27T19:05:45.958878+00:00,2026-09-27T19:00Z,2026-09-27,Sunday,MJR Westland Cinema,,America/Detroit,Heart of the Beast,18:50,X0LIE:2026-09-27T18:50:00:13,224,Screen 13,Digital,,,,4.0,0,https://booking.mjrtheatres.com/launch/ticketing/d5de7073-f0b1-57e7-97d6-9b6dd0f0f5cd,webedia-api; occupancy_rate=4; reserved=y,MJRT,,,webedia-api
2026-09-25,webedia-2026-09-27T19:05Z,2026-09-27T19:05:45.958878+00:00,2026-09-27T19:00Z,2026-09-27,Sunday,MJR Westland Cinema,,America/Detroit,Heart of the Beast,21:30,X0LIE:2026-09-27T21:30:00:13,384,Screen 13,Digital,,,,0.0,0,https://booking.mjrtheatres.com/launch/ticketing/e0e54ede-08a4-5fb7-801a-d92a283570ca,webedia-api; occupancy_rate=0; reserved=y,MJRT,,,webedia-api
2026-09-25,webedia-2026-09-27T19:05Z,2026-09-27T19:05:45.958878+00:00,2026-09-27T19:00Z,2026-09-27,Sunday,MJR Westland Cinema,,America/Detroit,Primetime,16:30,X0LIE:2026-09-27T16:30:00:12,84,Screen 12,Digital,,,,14.0,0,https://booking.mjrtheatres.com/launch/ticketing/9a4f2cc5-b694-593c-acf7-b5cc79cd47fa,webedia-api; occupancy_rate=14; reserved=y,MJRT,,,webedia-api
2026-09-25,webedia-2026-09-27T19:05Z,2026-09-27T19:05:45.958878+00:00,2026-09-27T19:00Z,2026-09-27,Sunday,MJR Westland Cinema,,America/Detroit,Primetime,17:15,X0LIE:2026-09-27T17:15:00:14,129,Screen 14,Digital,,,,15.0,0,https://booking.mjrtheatres.com/launch/ticketing/21eaa0ea-e104-5734-b602-791d37e05f25,webedia-api; occupancy_rate=15; reserved=y,MJRT,,,webedia-api
2026-09-25,webedia-2026-09-27T19:05Z,2026-09-27T19:05:45.958878+00:00,2026-09-27T19:00Z,2026-09-27,Sunday,MJR Westland Cinema,,America/Detroit,Primetime,19:15,X0LIE:2026-09-27T19:15:00:12,249,Screen 12,Digital,,,,12.0,0,https://booking.mjrtheatres.com/launch/ticketing/53d65fab-efd7-55aa-91f3-176d9ab40d2e,webedia-api; occupancy_rate=12; reserved=y,MJRT,,,webedia-api
2026-09-25,webedia-2026-09-27T19:05Z,2026-09-27T19:05:45.958878+00:00,2026-09-27T19:00Z,2026-09-27,Sunday,MJR Westland Cinema,,America/Detroit,Primetime,22:00,X0LIE:2026-09-27T22:00:00:12,414,Screen 12,Digital,,,,3.0,0,https://booking.mjrtheatres.com/launch/ticketing/2243e20b-045f-5c1e-b0c7-c598a9a78f92,webedia-api; occupancy_rate=3; reserved=y,MJRT,,,webedia-api
2026-09-25,webedia-2026-09-27T19:05Z,2026-09-27T19:05:45.958878+00:00,2026-09-27T19:00Z,2026-09-27,Sunday,MJR Westland Cinema,,America/Detroit,Primetime,22:30,X0LIE:2026-09-27T22:30:00:4,444,Screen 4,Digital,,,,0.0,0,https://booking.mjrtheatres.com/launch/ticketing/f14bd7dd-f789-573d-b542-282b592d7437,webedia-api; occupancy_rate=0; reserved=y,MJRT,,,webedia-api
2026-09-25,webedia-2026-09-27T19:05Z,2026-09-27T19:05:45.958878+00:00,2026-09-27T19:00Z,2026-09-27,Sunday,ABQ Coors,,America/Denver,Forgotten Island,15:30,X0X2T:2026-09-27T15:30:00:3,144,Screen 3,Digital,,,,53.0,0,https://tickets.flixbrewhouse.com/launch/ticketing/ff823c2a-305e-5408-86aa-9e354962c2d5,webedia-api; occupancy_rate=53; reserved=y,FLIX,,,webedia-api
2026-09-25,webedia-2026-09-27T19:05Z,2026-09-27T19:05:45.958878+00:00,2026-09-27T19:00Z,2026-09-27,Sunday,ABQ Coors,,America/Denver,Forgotten Island,18:45,X0X2T:2026-09-27T18:45:00:3,339,Screen 3,Digital,,,,3.0,0,https://tickets.flixbrewhouse.com/launch/ticketing/4e4bbfb8-5573-5665-8575-afbb4ae733e0,webedia-api; occupancy_rate=3; reserved=y,FLIX,,,webedia-api
2026-09-25,webedia-2026-09-27T19:05Z,2026-09-27T19:05:45.958878+00:00,2026-09-27T19:00Z,2026-09-27,Sunday,ABQ Coors,,America/Denver,Forgotten Island,21:45,X0X2T:2026-09-27T21:45:00:Screen 3,519,Screen Screen 3,Digital,,,,0.0,0,https://tickets.flixbrewhouse.com/launch/ticketing/628071ea-a9db-54be-b540-aad364c01519,webedia-api; occupancy_rate=0; reserved=y,FLIX,,,webedia-api
2026-09-25,webedia-2026-09-27T19:05Z,2026-09-27T19:05:45.958878+00:00,2026-09-27T19:00Z,2026-09-27,Sunday,ABQ Coors,,America/Denver,Heart of the Beast,12:15,X0X2T:2026-09-27T12:15:00:6,0,Screen 6,Digital,,,,34.0,0,https://tickets.flixbrewhouse.com/launch/ticketing/c15aac94-548c-5742-aa3a-1e8e17817040,webedia-api; post-show-census; occupancy_rate=34; reserved=y,FLIX,,,post-show-census
2026-09-25,webedia-2026-09-27T19:05Z,2026-09-27T19:05:45.958878+00:00,2026-09-27T19:00Z,2026-09-27,Sunday,ABQ Coors,,America/Denver,Heart of the Beast,13:00,X0X2T:2026-09-27T13:00:00:Screen 2,0,Screen Screen 2,Digital,,,,19.0,0,https://tickets.flixbrewhouse.com/launch/ticketing/e94dea9e-07f6-53fd-aac8-f46b3b6aadfc,webedia-api; post-show-census; occupancy_rate=19; reserved=y,FLIX,,,post-show-census
2026-09-25,webedia-2026-09-27T19:05Z,2026-09-27T19:05:45.958878+00:00,2026-09-27T19:00Z,2026-09-27,Sunday,ABQ Coors,,America/Denver,Heart of the Beast,14:45,X0X2T:2026-09-27T14:45:00:9,99,Screen 9,Digital,,,,50.0,0,https://tickets.flixbrewhouse.com/launch/ticketing/7aea8dc1-c64e-50bf-b6c2-f9ec5f5fe8d4,webedia-api; occupancy_rate=50; reserved=y,FLIX,,,webedia-api
2026-09-25,webedia-2026-09-27T19:05Z,2026-09-27T19:05:45.958878+00:00,2026-09-27T19:00Z,2026-09-27,Sunday,ABQ Coors,,America/Denver,Heart of the Beast,16:15,X0X2T:2026-09-27T16:15:00:Screen 2,189,Screen Screen 2,Digital,,,,23.0,0,https://tickets.flixbrewhouse.com/launch/ticketing/d8769fb0-1b98-5f9b-b899-7c7b8d53d736,webedia-api; occupancy_rate=23; reserved=y,FLIX,,,webedia-api
2026-09-25,webedia-2026-09-27T19:05Z,2026-09-27T19:05:45.958878+00:00,2026-09-27T19:00Z,2026-09-27,Sunday,ABQ Coors,,America/Denver,Heart of the Beast,19:15,X0X2T:2026-09-27T19:15:00:Screen 2,369,Screen Screen 2,Digital,,,,13.0,0,https://tickets.flixbrewhouse.com/launch/ticketing/9c117e19-2834-5d91-90e5-45447eb5735f,webedia-api; occupancy_rate=13; reserved=y,FLIX,,,webedia-api
2026-09-25,webedia-2026-09-27T19:05Z,2026-09-27T19:05:45.958878+00:00,2026-09-27T19:00Z,2026-09-27,Sunday,ABQ Coors,,America/Denver,Heart of the Beast,22:15,X0X2T:2026-09-27T22:15:00:2,549,Screen 2,Digital,,,,0.0,0,https://tickets.flixbrewhouse.com/launch/ticketing/e4eb0f33-d6ed-5ca9-9e95-bafae4fb62ba,webedia-api; occupancy_rate=0; reserved=y,FLIX,,,webedia-api
2026-09-25,webedia-2026-09-27T19:05Z,2026-09-27T19:05:45.958878+00:00,2026-09-27T19:00Z,2026-09-27,Sunday,ABQ Coors,,America/Denver,Primetime,15:30,X0X2T:2026-09-27T15:30:00:6,144,Screen 6,Digital,,,,6.0,0,https://tickets.flixbrewhouse.com/launch/ticketing/9061e2bf-68f4-526b-8549-1b79f3e19c42,webedia-api; occupancy_rate=6; reserved=y,FLIX,,,webedia-api
2026-09-25,webedia-2026-09-27T19:05Z,2026-09-27T19:05:45.958878+00:00,2026-09-27T19:00Z,2026-09-27,Sunday,ABQ Coors,,America/Denver,Primetime,18:45,X0X2T:2026-09-27T18:45:00:6,339,Screen 6,Digital,,,,8.0,0,https://tickets.flixbrewhouse.com/launch/ticketing/ef8da0d3-bc77-5efa-a773-bcc8928d1d0b,webedia-api; occupancy_rate=8; reserved=y,FLIX,,,webedia-api
2026-09-25,webedia-2026-09-27T19:05Z,2026-09-27T19:05:45.958878+00:00,2026-09-27T19:00Z,2026-09-27,Sunday,ABQ Coors,,America/Denver,Primetime,20:45,X0X2T:2026-09-27T20:45:00:9,459,Screen 9,Digital,,,,13.0,0,https://tickets.flixbrewhouse.com/launch/ticketing/4519b77c-7a22-528a-84c0-9cdd5ac96f91,webedia-api; occupancy_rate=13; reserved=y,FLIX,,,webedia-api
2026-09-25,webedia-2026-09-27T19:05Z,2026-09-27T19:05:45.958878+00:00,2026-09-27T19:00Z,2026-09-27,Sunday,ABQ Coors,,America/Denver,Primetime,22:15,X0X2T:2026-09-27T22:15:00:4,549,Screen 4,Digital,,,,1.0,0,https://tickets.flixbrewhouse.com/launch/ticketing/bcab9d97-a244-5a1c-bfb8-b42f7d921611,webedia-api; occupancy_rate=1; reserved=y,FLIX,,,webedia-api
2026-09-25,webedia-2026-09-27T19:05Z,2026-09-27T19:05:45.958878+00:00,2026-09-27T19:00Z,2026-09-27,Sunday,ABQ Tramway,,America/Denver,Forgotten Island,13:15,G04GZ:2026-09-27T13:15:00:Screen 5,9,Screen Screen 5,Digital,,,,19.0,0,https://tickets.flixbrewhouse.com/launch/ticketing/64ce1263-0625-55e6-877d-82b44f8c5496,webedia-api; occupancy_rate=19; reserved=y,FLIX,,,webedia-api
2026-09-25,webedia-2026-09-27T19:05Z,2026-09-27T19:05:45.958878+00:00,2026-09-27T19:00Z,2026-09-27,Sunday,ABQ Tramway,,America/Denver,Forgotten Island,15:00,G04GZ:2026-09-27T15:00:00:Screen 4,114,Screen Screen 4,Digital,,,,21.0,0,https://tickets.flixbrewhouse.com/launch/ticketing/04cba3f1-98a1-56a6-87fa-20fa5e9cf11b,webedia-api; occupancy_rate=21; reserved=y,FLIX,,,webedia-api
2026-09-25,webedia-2026-09-27T19:05Z,2026-09-27T19:05:45.958878+00:00,2026-09-27T19:00Z,2026-09-27,Sunday,ABQ Tramway,,America/Denver,Forgotten Island,18:00,G04GZ:2026-09-27T18:00:00:Screen 2,294,Screen Screen 2,Digital,,,,6.0,0,https://tickets.flixbrewhouse.com/launch/ticketing/74ff27c9-d2c5-599e-a989-b1eccad0705a,webedia-api; occupancy_rate=6; reserved=y,FLIX,,,webedia-api
2026-09-25,webedia-2026-09-27T19:05Z,2026-09-27T19:05:45.958878+00:00,2026-09-27T19:00Z,2026-09-27,Sunday,ABQ Tramway,,America/Denver,Forgotten Island,21:00,G04GZ:2026-09-27T21:00:00:Screen 4,474,Screen Screen 4,Digital,,,,0.0,0,https://tickets.flixbrewhouse.com/launch/ticketing/4ec7482c-9a43-5c95-a2bd-c14db33e72fb,webedia-api; occupancy_rate=0; reserved=y,FLIX,,,webedia-api
2026-09-25,webedia-2026-09-27T19:05Z,2026-09-27T19:05:45.958878+00:00,2026-09-27T19:00Z,2026-09-27,Sunday,ABQ Tramway,,America/Denver,Heart of the Beast,16:30,G04GZ:2026-09-27T16:30:00:Screen 3,204,Screen Screen 3,Digital,,,,14.0,0,https://tickets.flixbrewhouse.com/launch/ticketing/4dc28303-4bec-50bd-9f07-3747e91bd7c4,webedia-api; occupancy_rate=14; reserved=y,FLIX,,,webedia-api
2026-09-25,webedia-2026-09-27T19:05Z,2026-09-27T19:05:45.958878+00:00,2026-09-27T19:00Z,2026-09-27,Sunday,ABQ Tramway,,America/Denver,Heart of the Beast,19:30,G04GZ:2026-09-27T19:30:00:Screen 3,384,Screen Screen 3,Digital,,,,0.0,0,https://tickets.flixbrewhouse.com/launch/ticketing/1f648ef5-b5b7-5be6-9fea-850156412adb,webedia-api; occupancy_rate=0; reserved=y,FLIX,,,webedia-api
2026-09-25,webedia-2026-09-27T19:05Z,2026-09-27T19:05:45.958878+00:00,2026-09-27T19:00Z,2026-09-27,Sunday,ABQ Tramway,,America/Denver,Heart of the Beast,21:00,G04GZ:2026-09-27T21:00:00:Screen 2,474,Screen Screen 2,Digital,,,,0.0,0,https://tickets.flixbrewhouse.com/launch/ticketing/d1eb821b-4aa7-502b-80a0-61b8d43a7f41,webedia-api; occupancy_rate=0; reserved=y,FLIX,,,webedia-api
2026-09-25,webedia-2026-09-27T19:05Z,2026-09-27T19:05:45.958878+00:00,2026-09-27T19:00Z,2026-09-27,Sunday,ABQ Tramway,,America/Denver,Primetime,12:45,G04GZ:2026-09-27T12:45:00:Screen 7,0,Screen Screen 7,Digital,,,,13.0,0,https://tickets.flixbrewhouse.com/launch/ticketing/1b5f28bc-bb2a-5abd-8e35-295ca7f847b0,webedia-api; post-show-census; occupancy_rate=13; reserved=y,FLIX,,,post-show-census
2026-09-25,webedia-2026-09-27T19:05Z,2026-09-27T19:05:45.958878+00:00,2026-09-27T19:00Z,2026-09-27,Sunday,ABQ Tramway,,America/Denver,Primetime,16:00,G04GZ:2026-09-27T16:00:00:Screen 7,174,Screen Screen 7,Digital,,,,14.0,0,https://tickets.flixbrewhouse.com/launch/ticketing/c77f345a-2378-5325-af3d-8e55d0b107c4,webedia-api; occupancy_rate=14; reserved=y,FLIX,,,webedia-api
2026-09-25,webedia-2026-09-27T19:05Z,2026-09-27T19:05:45.958878+00:00,2026-09-27T19:00Z,2026-09-27,Sunday,ABQ Tramway,,America/Denver,Primetime,18:00,G04GZ:2026-09-27T18:00:00:Screen 4,294,Screen Screen 4,Digital,,,,4.0,0,https://tickets.flixbrewhouse.com/launch/ticketing/fac2ebba-a467-5db3-8a70-21adbc7a60b8,webedia-api; occupancy_rate=4; reserved=y,FLIX,,,webedia-api
2026-09-25,webedia-2026-09-27T19:05Z,2026-09-27T19:05:45.958878+00:00,2026-09-27T19:00Z,2026-09-27,Sunday,ABQ Tramway,,America/Denver,Primetime,19:00,G04GZ:2026-09-27T19:00:00:Screen 5,354,Screen Screen 5,Digital,,,,8.0,0,https://tickets.flixbrewhouse.com/launch/ticketing/25578014-789c-5d5e-b86f-40a9cf4d4ff8,webedia-api; occupancy_rate=8; reserved=y,FLIX,,,webedia-api
2026-09-25,webedia-2026-09-27T19:05Z,2026-09-27T19:05:45.958878+00:00,2026-09-27T19:00Z,2026-09-27,Sunday,ABQ Tramway,,America/Denver,Primetime,20:30,G04GZ:2026-09-27T20:30:00:Screen 1,444,Screen Screen 1,Digital,,,,0.0,0,https://tickets.flixbrewhouse.com/launch/ticketing/e50e4477-fe34-5ec0-91d3-b115830e1464,webedia-api; occupancy_rate=0; reserved=y,FLIX,,,webedia-api
2026-09-25,webedia-2026-09-27T19:05Z,2026-09-27T19:05:45.958878+00:00,2026-09-27T19:00Z,2026-09-27,Sunday,Carmel,,America/Indiana/Indianapolis,Forgotten Island,16:45,X0VPQ:2026-09-27T16:45:00:2,99,Screen 2,Digital,,,,9.0,0,https://tickets.flixbrewhouse.com/launch/ticketing/1a351326-3723-5025-910e-b9d61d9551b2,webedia-api; occupancy_rate=9; reserved=y,FLIX,,,webedia-api
2026-09-25,webedia-2026-09-27T19:05Z,2026-09-27T19:05:45.958878+00:00,2026-09-27T19:00Z,2026-09-27,Sunday,Carmel,,America/Indiana/Indianapolis,Forgotten Island,19:45,X0VPQ:2026-09-27T19:45:00:2,279,Screen 2,Digital,,,,1.0,0,https://tickets.flixbrewhouse.com/launch/ticketing/264d2622-fbd0-5d43-8d26-bd3539f2cae4,webedia-api; occupancy_rate=1; reserved=y,FLIX,,,webedia-api
2026-09-25,webedia-2026-09-27T19:05Z,2026-09-27T19:05:45.958878+00:00,2026-09-27T19:00Z,2026-09-27,Sunday,Carmel,,America/Indiana/Indianapolis,Forgotten Island,22:00,X0VPQ:2026-09-27T22:00:00:1,414,Screen 1,Digital,,,,0.0,0,https://tickets.flixbrewhouse.com/launch/ticketing/e6ca911f-946f-5ef4-9b9c-b816f4ba1b42,webedia-api; occupancy_rate=0; reserved=y,FLIX,,,webedia-api
2026-09-25,webedia-2026-09-27T19:05Z,2026-09-27T19:05:45.958878+00:00,2026-09-27T19:00Z,2026-09-27,Sunday,Carmel,,America/Indiana/Indianapolis,Heart of the Beast,16:15,X0VPQ:2026-09-27T16:15:00:5,69,Screen 5,Digital,,,,22.0,0,https://tickets.flixbrewhouse.com/launch/ticketing/abf05be8-020e-5d6a-bda6-8cf819b6fab3,webedia-api; occupancy_rate=22; reserved=y,FLIX,,,webedia-api
2026-09-25,webedia-2026-09-27T19:05Z,2026-09-27T19:05:45.958878+00:00,2026-09-27T19:00Z,2026-09-27,Sunday,Carmel,,America/Indiana/Indianapolis,Heart of the Beast,17:45,X0VPQ:2026-09-27T17:45:00:6,159,Screen 6,Digital,,,,10.0,0,https://tickets.flixbrewhouse.com/launch/ticketing/6ebf367f-8e7b-532d-9b94-8d94f8a9a227,webedia-api; occupancy_rate=10; reserved=y,FLIX,,,webedia-api
2026-09-25,webedia-2026-09-27T19:05Z,2026-09-27T19:05:45.958878+00:00,2026-09-27T19:00Z,2026-09-27,Sunday,Carmel,,America/Indiana/Indianapolis,Heart of the Beast,19:15,X0VPQ:2026-09-27T19:15:00:1,249,Screen 1,Digital,,,,12.0,0,https://tickets.flixbrewhouse.com/launch/ticketing/98358cbd-b4ce-5817-8cf8-e8e7aba4847d,webedia-api; occupancy_rate=12; reserved=y,FLIX,,,webedia-api
2026-09-25,webedia-2026-09-27T19:05Z,2026-09-27T19:05:45.958878+00:00,2026-09-27T19:00Z,2026-09-27,Sunday,Carmel,,America/Indiana/Indianapolis,Heart of the Beast,21:00,X0VPQ:2026-09-27T21:00:00:7,354,Screen 7,Digital,,,,0.0,0,https://tickets.flixbrewhouse.com/launch/ticketing/cff97a8a-7092-5eea-b937-8340921fa03f,webedia-api; occupancy_rate=0; reserved=y,FLIX,,,webedia-api
2026-09-25,webedia-2026-09-27T19:05Z,2026-09-27T19:05:45.958878+00:00,2026-09-27T19:00Z,2026-09-27,Sunday,Carmel,,America/Indiana/Indianapolis,Primetime,16:00,X0VPQ:2026-09-27T16:00:00:1,54,Screen 1,Digital,,,,22.0,0,https://tickets.flixbrewhouse.com/launch/ticketing/4e8abd44-8170-50b9-9ead-a5c9e399b8c6,webedia-api; occupancy_rate=22; reserved=y,FLIX,,,webedia-api
2026-09-25,webedia-2026-09-27T19:05Z,2026-09-27T19:05:45.958878+00:00,2026-09-27T19:00Z,2026-09-27,Sunday,Carmel,,America/Indiana/Indianapolis,Primetime,19:15,X0VPQ:2026-09-27T19:15:00:5,249,Screen 5,Digital,,,,18.0,0,https://tickets.flixbrewhouse.com/launch/ticketing/4e503862-5fb5-5006-ad25-9c8ffe8c5efc,webedia-api; occupancy_rate=18; reserved=y,FLIX,,,webedia-api
2026-09-25,webedia-2026-09-27T19:05Z,2026-09-27T19:05:45.958878+00:00,2026-09-27T19:00Z,2026-09-27,Sunday,Carmel,,America/Indiana/Indianapolis,Primetime,22:15,X0VPQ:2026-09-27T22:15:00:5,429,Screen 5,Digital,,,,0.0,0,https://tickets.flixbrewhouse.com/launch/ticketing/034279ef-07c7-5ca2-ad45-5272c6a7df19,webedia-api; occupancy_rate=0; reserved=y,FLIX,,,webedia-api
2026-09-25,webedia-2026-09-27T19:05Z,2026-09-27T19:05:45.958878+00:00,2026-09-27T19:00Z,2026-09-27,Sunday,Des Moines,,America/Chicago,Forgotten Island,13:45,X05OK:2026-09-27T13:45:00:6,0,Screen 6,Digital,,,,7.0,0,https://tickets.flixbrewhouse.com/launch/ticketing/65901b58-78fe-50c1-ac56-0d80c68476f8,webedia-api; post-show-census; occupancy_rate=7; reserved=y,FLIX,,,post-show-census
2026-09-25,webedia-2026-09-27T19:05Z,2026-09-27T19:05:45.958878+00:00,2026-09-27T19:00Z,2026-09-27,Sunday,Des Moines,,America/Chicago,Forgotten Island,15:00,X05OK:2026-09-27T15:00:00:3,54,Screen 3,Digital,,,,17.0,0,https://tickets.flixbrewhouse.com/launch/ticketing/193d7b04-65fa-5c50-8907-ce6acf1b5c99,webedia-api; occupancy_rate=17; reserved=y,FLIX,,,webedia-api
2026-09-25,webedia-2026-09-27T19:05Z,2026-09-27T19:05:45.958878+00:00,2026-09-27T19:00Z,2026-09-27,Sunday,Des Moines,,America/Chicago,Forgotten Island,16:45,X05OK:2026-09-27T16:45:00:6,159,Screen 6,Digital,,,,3.0,0,https://tickets.flixbrewhouse.com/launch/ticketing/a41d82cb-5228-57f1-9050-a7a603946e20,webedia-api; occupancy_rate=3; reserved=y,FLIX,,,webedia-api
2026-09-25,webedia-2026-09-27T19:05Z,2026-09-27T19:05:45.958878+00:00,2026-09-27T19:00Z,2026-09-27,Sunday,Des Moines,,America/Chicago,Forgotten Island,18:15,X05OK:2026-09-27T18:15:00:7,249,Screen 7,Digital,,,,4.0,0,https://tickets.flixbrewhouse.com/launch/ticketing/6ed0199c-7706-5e91-b58a-ccd847182549,webedia-api; occupancy_rate=4; reserved=y,FLIX,,,webedia-api
2026-09-25,webedia-2026-09-27T19:05Z,2026-09-27T19:05:45.958878+00:00,2026-09-27T19:00Z,2026-09-27,Sunday,Des Moines,,America/Chicago,Forgotten Island,21:30,X05OK:2026-09-27T21:30:00:3,444,Screen 3,Digital,,,,0.0,0,https://tickets.flixbrewhouse.com/launch/ticketing/d73b7b9b-d723-5c4f-9cdd-1af6ced2b6dc,webedia-api; occupancy_rate=0; reserved=y,FLIX,,,webedia-api
2026-09-25,webedia-2026-09-27T19:05Z,2026-09-27T19:05:45.958878+00:00,2026-09-27T19:00Z,2026-09-27,Sunday,Des Moines,,America/Chicago,Heart of the Beast,15:20,X05OK:2026-09-27T15:20:00:7,74,Screen 7,Digital,,,,34.0,0,https://tickets.flixbrewhouse.com/launch/ticketing/cb070f7c-545a-5da5-841f-ab7196ef332f,webedia-api; occupancy_rate=34; reserved=y,FLIX,,,webedia-api
2026-09-25,webedia-2026-09-27T19:05Z,2026-09-27T19:05:45.958878+00:00,2026-09-27T19:00Z,2026-09-27,Sunday,Des Moines,,America/Chicago,Heart of the Beast,19:45,X05OK:2026-09-27T19:45:00:6,339,Screen 6,Digital,,,,3.0,0,https://tickets.flixbrewhouse.com/launch/ticketing/690cddf2-57b6-5547-92e5-eb528de43f0a,webedia-api; occupancy_rate=3; reserved=y,FLIX,,,webedia-api
2026-09-25,webedia-2026-09-27T19:05Z,2026-09-27T19:05:45.958878+00:00,2026-09-27T19:00Z,2026-09-27,Sunday,Des Moines,,America/Chicago,Heart of the Beast,22:00,X05OK:2026-09-27T22:00:00:1,474,Screen 1,Digital,,,,0.0,0,https://tickets.flixbrewhouse.com/launch/ticketing/a28d355f-3d7d-53d5-a2ac-9bcd4cf7303b,webedia-api; occupancy_rate=0; reserved=y,FLIX,,,webedia-api
2026-09-25,webedia-2026-09-27T19:05Z,2026-09-27T19:05:45.958878+00:00,2026-09-27T19:00Z,2026-09-27,Sunday,Des Moines,,America/Chicago,Primetime,16:00,X05OK:2026-09-27T16:00:00:8,114,Screen 8,Digital,,,,19.0,0,https://tickets.flixbrewhouse.com/launch/ticketing/d565c00e-21c0-5e71-9dc5-18e6ec49176f,webedia-api; occupancy_rate=19; reserved=y,FLIX,,,webedia-api
2026-09-25,webedia-2026-09-27T19:05Z,2026-09-27T19:05:45.958878+00:00,2026-09-27T19:00Z,2026-09-27,Sunday,Des Moines,,America/Chicago,Primetime,19:00,X05OK:2026-09-27T19:00:00:8,294,Screen 8,Digital,,,,15.0,0,https://tickets.flixbrewhouse.com/launch/ticketing/b7f56383-d6b0-5ee9-8929-f15909294b8a,webedia-api; occupancy_rate=15; reserved=y,FLIX,,,webedia-api
2026-09-25,webedia-2026-09-27T19:05Z,2026-09-27T19:05:45.958878+00:00,2026-09-27T19:00Z,2026-09-27,Sunday,Des Moines,,America/Chicago,Primetime,22:00,X05OK:2026-09-27T22:00:00:8,474,Screen 8,Digital,,,,6.0,0,https://tickets.flixbrewhouse.com/launch/ticketing/042178ac-544b-5f38-88f2-0b06ae1c6664,webedia-api; occupancy_rate=6; reserved=y,FLIX,,,webedia-api
2026-09-25,webedia-2026-09-27T19:05Z,2026-09-27T19:05:45.958878+00:00,2026-09-27T19:00Z,2026-09-27,Sunday,El Paso East,,America/Denver,Forgotten Island,15:00,G0FWZ:2026-09-27T15:00:00:Screen 8,114,Screen Screen 8,Digital,,,,23.0,0,https://tickets.flixbrewhouse.com/launch/ticketing/11542960-c17c-5453-9d19-9f135e75c63e,webedia-api; occupancy_rate=23; reserved=y,FLIX,,,webedia-api
2026-09-25,webedia-2026-09-27T19:05Z,2026-09-27T19:05:45.958878+00:00,2026-09-27T19:00Z,2026-09-27,Sunday,El Paso East,,America/Denver,Forgotten Island,18:00,G0FWZ:2026-09-27T18:00:00:Screen 8,294,Screen Screen 8,Digital,,,,0.0,0,https://tickets.flixbrewhouse.com/launch/ticketing/62cbbe9f-b9ef-56ab-8c10-acd7302f3f21,webedia-api; occupancy_rate=0; reserved=y,FLIX,,,webedia-api
2026-09-25,webedia-2026-09-27T19:05Z,2026-09-27T19:05:45.958878+00:00,2026-09-27T19:00Z,2026-09-27,Sunday,El Paso East,,America/Denver,Forgotten Island,20:00,G0FWZ:2026-09-27T20:00:00:Screen 6,414,Screen Screen 6,Digital,,,,0.0,0,https://tickets.flixbrewhouse.com/launch/ticketing/b8d2b858-9446-557a-9d4c-8baa0c1eb262,webedia-api; occupancy_rate=0; reserved=y,FLIX,,,webedia-api
2026-09-25,webedia-2026-09-27T19:05Z,2026-09-27T19:05:45.958878+00:00,2026-09-27T19:00Z,2026-09-27,Sunday,El Paso East,,America/Denver,Heart of the Beast,13:00,G0FWZ:2026-09-27T13:00:00:Screen 9,0,Screen Screen 9,Digital,,,,11.0,0,https://tickets.flixbrewhouse.com/launch/ticketing/2cb5a66a-45e5-5f8a-8fb2-875893c046aa,webedia-api; post-show-census; occupancy_rate=11; reserved=y,FLIX,,,post-show-census
2026-09-25,webedia-2026-09-27T19:05Z,2026-09-27T19:05:45.958878+00:00,2026-09-27T19:00Z,2026-09-27,Sunday,El Paso East,,America/Denver,Heart of the Beast,14:00,G0FWZ:2026-09-27T14:00:00:Screen 6,54,Screen Screen 6,Digital,,,,0.0,0,https://tickets.flixbrewhouse.com/launch/ticketing/d8b1f7f5-f9c1-52bc-b4d7-01bbaaed7e1b,webedia-api; occupancy_rate=0; reserved=y,FLIX,,,webedia-api
2026-09-25,webedia-2026-09-27T19:05Z,2026-09-27T19:05:45.958878+00:00,2026-09-27T19:00Z,2026-09-27,Sunday,El Paso East,,America/Denver,Heart of the Beast,15:00,G0FWZ:2026-09-27T15:00:00:Screen 3,114,Screen Screen 3,Digital,,,,0.0,0,https://tickets.flixbrewhouse.com/launch/ticketing/4ad06c99-9c78-5b55-ac2d-571f97c363d1,webedia-api; occupancy_rate=0; reserved=y,FLIX,,,webedia-api
2026-09-25,webedia-2026-09-27T19:05Z,2026-09-27T19:05:45.958878+00:00,2026-09-27T19:00Z,2026-09-27,Sunday,El Paso East,,America/Denver,Heart of the Beast,16:00,G0FWZ:2026-09-27T16:00:00:Screen 9,174,Screen Screen 9,Digital,,,,3.0,0,https://tickets.flixbrewhouse.com/launch/ticketing/76e34393-4cd5-5cc9-a346-20d05be048e2,webedia-api; occupancy_rate=3; reserved=y,FLIX,,,webedia-api
2026-09-25,webedia-2026-09-27T19:05Z,2026-09-27T19:05:45.958878+00:00,2026-09-27T19:00Z,2026-09-27,Sunday,El Paso East,,America/Denver,Heart of the Beast,17:00,G0FWZ:2026-09-27T17:00:00:Screen 6,234,Screen Screen 6,Digital,,,,17.0,0,https://tickets.flixbrewhouse.com/launch/ticketing/2f22661c-36f5-5d32-bfdb-ac467a69e895,webedia-api; occupancy_rate=17; reserved=y,FLIX,,,webedia-api
2026-09-25,webedia-2026-09-27T19:05Z,2026-09-27T19:05:45.958878+00:00,2026-09-27T19:00Z,2026-09-27,Sunday,El Paso East,,America/Denver,Heart of the Beast,19:00,G0FWZ:2026-09-27T19:00:00:Screen 9,354,Screen Screen 9,Digital,,,,3.0,0,https://tickets.flixbrewhouse.com/launch/ticketing/05e18254-3dfc-5c83-a983-234a4c06c194,webedia-api; occupancy_rate=3; reserved=y,FLIX,,,webedia-api
2026-09-25,webedia-2026-09-27T19:05Z,2026-09-27T19:05:45.958878+00:00,2026-09-27T19:00Z,2026-09-27,Sunday,El Paso East,,America/Denver,Heart of the Beast,20:30,G0FWZ:2026-09-27T20:30:00:Screen 4,444,Screen Screen 4,Digital,,,,0.0,0,https://tickets.flixbrewhouse.com/launch/ticketing/0b0689cd-6dc4-5404-a5e4-3a174e3cee63,webedia-api; occupancy_rate=0; reserved=y,FLIX,,,webedia-api
2026-09-25,webedia-2026-09-27T19:05Z,2026-09-27T19:05:45.958878+00:00,2026-09-27T19:00Z,2026-09-27,Sunday,El Paso East,,America/Denver,Heart of the Beast,22:00,G0FWZ:2026-09-27T22:00:00:Screen 9,534,Screen Screen 9,Digital,,,,0.0,0,https://tickets.flixbrewhouse.com/launch/ticketing/96cd4d9b-5a82-5e1e-94ae-7a84252c87c0,webedia-api; occupancy_rate=0; reserved=y,FLIX,,,webedia-api
2026-09-25,webedia-2026-09-27T19:05Z,2026-09-27T19:05:45.958878+00:00,2026-09-27T19:00Z,2026-09-27,Sunday,El Paso East,,America/Denver,Primetime,13:30,G0FWZ:2026-09-27T13:30:00:Screen 7,24,Screen Screen 7,Digital,,,,12.0,0,https://tickets.flixbrewhouse.com/launch/ticketing/a9036626-cb7e-5a87-94a8-36d3880e5fd9,webedia-api; occupancy_rate=12; reserved=y,FLIX,,,webedia-api
2026-09-25,webedia-2026-09-27T19:05Z,2026-09-27T19:05:45.958878+00:00,2026-09-27T19:00Z,2026-09-27,Sunday,El Paso East,,America/Denver,Primetime,14:30,G0FWZ:2026-09-27T14:30:00:Screen 10,84,Screen Screen 10,Digital,,,,1.0,0,https://tickets.flixbrewhouse.com/launch/ticketing/bbaad6e2-43bb-5786-be78-0f01dba4ae8f,webedia-api; occupancy_rate=1; reserved=y,FLIX,,,webedia-api
2026-09-25,webedia-2026-09-27T19:05Z,2026-09-27T19:05:45.958878+00:00,2026-09-27T19:00Z,2026-09-27,Sunday,El Paso East,,America/Denver,Primetime,16:30,G0FWZ:2026-09-27T16:30:00:Screen 7,204,Screen Screen 7,Digital,,,,4.0,0,https://tickets.flixbrewhouse.com/launch/ticketing/16279428-8388-5bec-ac64-4b6ed9f66aea,webedia-api; occupancy_rate=4; reserved=y,FLIX,,,webedia-api
2026-09-25,webedia-2026-09-27T19:05Z,2026-09-27T19:05:45.958878+00:00,2026-09-27T19:00Z,2026-09-27,Sunday,El Paso East,,America/Denver,Primetime,17:30,G0FWZ:2026-09-27T17:30:00:Screen 4,264,Screen Screen 4,Digital,,,,2.0,0,https://tickets.flixbrewhouse.com/launch/ticketing/54e4a258-dfec-5340-9e9c-335cdd88e701,webedia-api; occupancy_rate=2; reserved=y,FLIX,,,webedia-api
2026-09-25,webedia-2026-09-27T19:05Z,2026-09-27T19:05:45.958878+00:00,2026-09-27T19:00Z,2026-09-27,Sunday,El Paso East,,America/Denver,Primetime,19:30,G0FWZ:2026-09-27T19:30:00:Screen 7,384,Screen Screen 7,Digital,,,,5.0,0,https://tickets.flixbrewhouse.com/launch/ticketing/f5dcb6f3-9899-578b-879a-5e54c0b7cc15,webedia-api; occupancy_rate=5; reserved=y,FLIX,,,webedia-api
2026-09-25,webedia-2026-09-27T19:05Z,2026-09-27T19:05:45.958878+00:00,2026-09-27T19:00Z,2026-09-27,Sunday,El Paso East,,America/Denver,Primetime,21:00,G0FWZ:2026-09-27T21:00:00:Screen 8,474,Screen Screen 8,Digital,,,,2.0,0,https://tickets.flixbrewhouse.com/launch/ticketing/733d0995-13f9-5ae7-aacb-7ddd45616737,webedia-api; occupancy_rate=2; reserved=y,FLIX,,,webedia-api
2026-09-25,webedia-2026-09-27T19:05Z,2026-09-27T19:05:45.958878+00:00,2026-09-27T19:00Z,2026-09-27,Sunday,El Paso East,,America/Denver,Primetime,21:45,G0FWZ:2026-09-27T21:45:00:Screen 5,519,Screen Screen 5,Digital,,,,0.0,0,https://tickets.flixbrewhouse.com/launch/ticketing/f12fdfcd-e11a-551a-8d10-1ddff6ef594d,webedia-api; occupancy_rate=0; reserved=y,FLIX,,,webedia-api
2026-09-25,webedia-2026-09-27T19:05Z,2026-09-27T19:05:45.958878+00:00,2026-09-27T19:00Z,2026-09-27,Sunday,El Paso East,,America/Denver,Primetime,22:15,G0FWZ:2026-09-27T22:15:00:Screen 1,549,Screen Screen 1,Digital,,,,0.0,0,https://tickets.flixbrewhouse.com/launch/ticketing/3b29018c-a730-5747-8eb2-69692de01cfa,webedia-api; occupancy_rate=0; reserved=y,FLIX,,,webedia-api
2026-09-25,webedia-2026-09-27T19:05Z,2026-09-27T19:05:45.958878+00:00,2026-09-27T19:00Z,2026-09-27,Sunday,El Paso Montecillo ,,America/Denver,Forgotten Island,14:00,G0FX0:2026-09-27T14:00:00:Screen 4,54,Screen Screen 4,Digital,,,,16.0,0,https://tickets.flixbrewhouse.com/launch/ticketing/1749e742-64eb-58a1-99f9-1a9a549a3b0f,webedia-api; occupancy_rate=16; reserved=y,FLIX,,,webedia-api
2026-09-25,webedia-2026-09-27T19:05Z,2026-09-27T19:05:45.958878+00:00,2026-09-27T19:00Z,2026-09-27,Sunday,El Paso Montecillo ,,America/Denver,Forgotten Island,18:00,G0FX0:2026-09-27T18:00:00:Screen 2,294,Screen Screen 2,Digital,,,,0.0,0,https://tickets.flixbrewhouse.com/launch/ticketing/af843f37-4e60-53c8-b786-d5ca5e29872f,webedia-api; occupancy_rate=0; reserved=y,FLIX,,,webedia-api
2026-09-25,webedia-2026-09-27T19:05Z,2026-09-27T19:05:45.958878+00:00,2026-09-27T19:00Z,2026-09-27,Sunday,El Paso Montecillo ,,America/Denver,Forgotten Island,20:00,G0FX0:2026-09-27T20:00:00:Screen 1,414,Screen Screen 1,Digital,,,,0.0,0,https://tickets.flixbrewhouse.com/launch/ticketing/ff6c1aae-6dac-5d4d-a9d8-b7aa19fd3e17,webedia-api; occupancy_rate=0; reserved=y,FLIX,,,webedia-api
2026-09-25,webedia-2026-09-27T19:05Z,2026-09-27T19:05:45.958878+00:00,2026-09-27T19:00Z,2026-09-27,Sunday,El Paso Montecillo ,,America/Denver,Heart of the Beast,13:30,G0FX0:2026-09-27T13:30:00:Screen 8,24,Screen Screen 8,Digital,,,,8.0,0,https://tickets.flixbrewhouse.com/launch/ticketing/d5344522-7083-5a25-a8bc-e9f1caa2491b,webedia-api; occupancy_rate=8; reserved=y,FLIX,,,webedia-api
2026-09-25,webedia-2026-09-27T19:05Z,2026-09-27T19:05:45.958878+00:00,2026-09-27T19:00Z,2026-09-27,Sunday,El Paso Montecillo ,,America/Denver,Heart of the Beast,16:20,G0FX0:2026-09-27T16:20:00:Screen 8,194,Screen Screen 8,Digital,,,,14.0,0,https://tickets.flixbrewhouse.com/launch/ticketing/e122756a-ce54-5e25-94a0-512e255426da,webedia-api; occupancy_rate=14; reserved=y,FLIX,,,webedia-api
2026-09-25,webedia-2026-09-27T19:05Z,2026-09-27T19:05:45.958878+00:00,2026-09-27T19:00Z,2026-09-27,Sunday,El Paso Montecillo ,,America/Denver,Heart of the Beast,17:00,G0FX0:2026-09-27T17:00:00:Screen 1,234,Screen Screen 1,Digital,,,,0.0,0,https://tickets.flixbrewhouse.com/launch/ticketing/96768390-c0b1-584c-8bf0-fe61e4371a90,webedia-api; occupancy_rate=0; reserved=y,FLIX,,,webedia-api
2026-09-25,webedia-2026-09-27T19:05Z,2026-09-27T19:05:45.958878+00:00,2026-09-27T19:00Z,2026-09-27,Sunday,El Paso Montecillo ,,America/Denver,Heart of the Beast,19:15,G0FX0:2026-09-27T19:15:00:Screen 8,369,Screen Screen 8,Digital,,,,10.0,0,https://tickets.flixbrewhouse.com/launch/ticketing/985257e5-ee4f-5e8f-b721-79960432e990,webedia-api; occupancy_rate=10; reserved=y,FLIX,,,webedia-api
2026-09-25,webedia-2026-09-27T19:05Z,2026-09-27T19:05:45.958878+00:00,2026-09-27T19:00Z,2026-09-27,Sunday,El Paso Montecillo ,,America/Denver,Heart of the Beast,20:15,G0FX0:2026-09-27T20:15:00:Screen 7,429,Screen Screen 7,Digital,,,,2.0,0,https://tickets.flixbrewhouse.com/launch/ticketing/60e313d3-b3a7-5037-9f9d-acc5db23ca71,webedia-api; occupancy_rate=2; reserved=y,FLIX,,,webedia-api
2026-09-25,webedia-2026-09-27T19:05Z,2026-09-27T19:05:45.958878+00:00,2026-09-27T19:00Z,2026-09-27,Sunday,El Paso Montecillo ,,America/Denver,Heart of the Beast,21:00,G0FX0:2026-09-27T21:00:00:Screen 5,474,Screen Screen 5,Digital,,,,4.0,0,https://tickets.flixbrewhouse.com/launch/ticketing/31c8660b-e526-5fbb-af26-558d983e7ddc,webedia-api; occupancy_rate=4; reserved=y,FLIX,,,webedia-api
2026-09-25,webedia-2026-09-27T19:05Z,2026-09-27T19:05:45.958878+00:00,2026-09-27T19:00Z,2026-09-27,Sunday,El Paso Montecillo ,,America/Denver,Primetime,14:00,G0FX0:2026-09-27T14:00:00:Screen 7,54,Screen Screen 7,Digital,,,,2.0,0,https://tickets.flixbrewhouse.com/launch/ticketing/0d7ca9ba-c9a2-54ef-a351-d979a9188d93,webedia-api; occupancy_rate=2; reserved=y,FLIX,,,webedia-api
2026-09-25,webedia-2026-09-27T19:05Z,2026-09-27T19:05:45.958878+00:00,2026-09-27T19:00Z,2026-09-27,Sunday,El Paso Montecillo ,,America/Denver,Primetime,15:30,G0FX0:2026-09-27T15:30:00:Screen 3,144,Screen Screen 3,Digital,,,,11.0,0,https://tickets.flixbrewhouse.com/launch/ticketing/3302caf0-cd01-516d-9ce6-9025926b3748,webedia-api; occupancy_rate=11; reserved=y,FLIX,,,webedia-api
2026-09-25,webedia-2026-09-27T19:05Z,2026-09-27T19:05:45.958878+00:00,2026-09-27T19:00Z,2026-09-27,Sunday,El Paso Montecillo ,,America/Denver,Primetime,18:00,G0FX0:2026-09-27T18:00:00:Screen 5,294,Screen Screen 5,Digital,,,,30.0,0,https://tickets.flixbrewhouse.com/launch/ticketing/1d8a22bd-063a-5873-b8e5-da18080eb092,webedia-api; occupancy_rate=30; reserved=y,FLIX,,,webedia-api
2026-09-25,webedia-2026-09-27T19:05Z,2026-09-27T19:05:45.958878+00:00,2026-09-27T19:00Z,2026-09-27,Sunday,El Paso Montecillo ,,America/Denver,Primetime,20:45,G0FX0:2026-09-27T20:45:00:Screen 2,459,Screen Screen 2,Digital,,,,4.0,0,https://tickets.flixbrewhouse.com/launch/ticketing/3ff54024-2f22-51d3-bfa5-aab9c6d16d7f,webedia-api; occupancy_rate=4; reserved=y,FLIX,,,webedia-api
2026-09-25,webedia-2026-09-27T19:05Z,2026-09-27T19:05:45.958878+00:00,2026-09-27T19:00Z,2026-09-27,Sunday,El Paso West Towne,,America/Denver,Forgotten Island,13:45,X12H1:2026-09-27T13:45:00:2,39,Screen 2,Digital,,,,20.0,0,https://tickets.flixbrewhouse.com/launch/ticketing/c0e3b556-2b90-5694-95f3-48133cbae320,webedia-api; occupancy_rate=20; reserved=y,FLIX,,,webedia-api
2026-09-25,webedia-2026-09-27T19:05Z,2026-09-27T19:05:45.958878+00:00,2026-09-27T19:00Z,2026-09-27,Sunday,El Paso West Towne,,America/Denver,Forgotten Island,17:00,X12H1:2026-09-27T17:00:00:2,234,Screen 2,Digital,,,,10.0,0,https://tickets.flixbrewhouse.com/launch/ticketing/d0d4d2e7-28c4-5973-aa9a-06afa76ae20d,webedia-api; occupancy_rate=10; reserved=y,FLIX,,,webedia-api
2026-09-25,webedia-2026-09-27T19:05Z,2026-09-27T19:05:45.958878+00:00,2026-09-27T19:00Z,2026-09-27,Sunday,El Paso West Towne,,America/Denver,Forgotten Island,18:00,X12H1:2026-09-27T18:00:00:8,294,Screen 8,Digital,,,,0.0,0,https://tickets.flixbrewhouse.com/launch/ticketing/881b9076-e57d-5f12-ad84-c4b87b548762,webedia-api; occupancy_rate=0; reserved=y,FLIX,,,webedia-api
2026-09-25,webedia-2026-09-27T19:05Z,2026-09-27T19:05:45.958878+00:00,2026-09-27T19:00Z,2026-09-27,Sunday,El Paso West Towne,,America/Denver,Forgotten Island,22:00,X12H1:2026-09-27T22:00:00:9,534,Screen 9,Digital,,,,0.0,0,https://tickets.flixbrewhouse.com/launch/ticketing/ecb94058-9b81-5dd1-8a79-8b7ce9fd9a2b,webedia-api; occupancy_rate=0; reserved=y,FLIX,,,webedia-api
2026-09-25,webedia-2026-09-27T19:05Z,2026-09-27T19:05:45.958878+00:00,2026-09-27T19:00Z,2026-09-27,Sunday,El Paso West Towne,,America/Denver,Heart of the Beast,13:00,X12H1:2026-09-27T13:00:00:3,0,Screen 3,Digital,,,,24.0,0,https://tickets.flixbrewhouse.com/launch/ticketing/9152d302-6402-5d6e-ae14-50ac5e8cc32f,webedia-api; post-show-census; occupancy_rate=24; reserved=y,FLIX,,,post-show-census
2026-09-25,webedia-2026-09-27T19:05Z,2026-09-27T19:05:45.958878+00:00,2026-09-27T19:00Z,2026-09-27,Sunday,El Paso West Towne,,America/Denver,Heart of the Beast,16:00,X12H1:2026-09-27T16:00:00:3,174,Screen 3,Digital,,,,28.0,0,https://tickets.flixbrewhouse.com/launch/ticketing/37e0c18a-45c9-5900-ad43-e0a730a9c27a,webedia-api; occupancy_rate=28; reserved=y,FLIX,,,webedia-api
2026-09-25,webedia-2026-09-27T19:05Z,2026-09-27T19:05:45.958878+00:00,2026-09-27T19:00Z,2026-09-27,Sunday,El Paso West Towne,,America/Denver,Heart of the Beast,17:30,X12H1:2026-09-27T17:30:00:5,264,Screen 5,Digital,,,,34.0,0,https://tickets.flixbrewhouse.com/launch/ticketing/57365078-33c9-559d-b94c-806d480c1627,webedia-api; occupancy_rate=34; reserved=y,FLIX,,,webedia-api
2026-09-25,webedia-2026-09-27T19:05Z,2026-09-27T19:05:45.958878+00:00,2026-09-27T19:00Z,2026-09-27,Sunday,El Paso West Towne,,America/Denver,Heart of the Beast,19:15,X12H1:2026-09-27T19:15:00:3,369,Screen 3,Digital,,,,13.0,0,https://tickets.flixbrewhouse.com/launch/ticketing/7902a799-fad8-5b85-b9fd-89646b0d497e,webedia-api; occupancy_rate=13; reserved=y,FLIX,,,webedia-api
2026-09-25,webedia-2026-09-27T19:05Z,2026-09-27T19:05:45.958878+00:00,2026-09-27T19:00Z,2026-09-27,Sunday,El Paso West Towne,,America/Denver,Heart of the Beast,22:10,X12H1:2026-09-27T22:10:00:3,544,Screen 3,Digital,,,,0.0,0,https://tickets.flixbrewhouse.com/launch/ticketing/bd4e9563-449c-5f49-b4c8-30e894338884,webedia-api; occupancy_rate=0; reserved=y,FLIX,,,webedia-api
2026-09-25,webedia-2026-09-27T19:05Z,2026-09-27T19:05:45.958878+00:00,2026-09-27T19:00Z,2026-09-27,Sunday,El Paso West Towne,,America/Denver,Primetime,15:00,X12H1:2026-09-27T15:00:00:8,114,Screen 8,Digital,,,,18.0,0,https://tickets.flixbrewhouse.com/launch/ticketing/753ee549-c1a1-5040-b093-46a2d15ac0e9,webedia-api; occupancy_rate=18; reserved=y,FLIX,,,webedia-api
2026-09-25,webedia-2026-09-27T19:05Z,2026-09-27T19:05:45.958878+00:00,2026-09-27T19:00Z,2026-09-27,Sunday,El Paso West Towne,,America/Denver,Primetime,18:00,X12H1:2026-09-27T18:00:00:1,294,Screen 1,Digital,,,,8.0,0,https://tickets.flixbrewhouse.com/launch/ticketing/2797da26-7ab5-5341-b7d5-3c1e2a8baad1,webedia-api; occupancy_rate=8; reserved=y,FLIX,,,webedia-api
2026-09-25,webedia-2026-09-27T19:05Z,2026-09-27T19:05:45.958878+00:00,2026-09-27T19:00Z,2026-09-27,Sunday,El Paso West Towne,,America/Denver,Primetime,19:00,X12H1:2026-09-27T19:00:00:9,354,Screen 9,Digital,,,,0.0,0,https://tickets.flixbrewhouse.com/launch/ticketing/a702bb06-638b-588f-a203-94527526bd4c,webedia-api; occupancy_rate=0; reserved=y,FLIX,,,webedia-api
2026-09-25,webedia-2026-09-27T19:05Z,2026-09-27T19:05:45.958878+00:00,2026-09-27T19:00Z,2026-09-27,Sunday,El Paso West Towne,,America/Denver,Primetime,21:00,X12H1:2026-09-27T21:00:00:1,474,Screen 1,Digital,,,,2.0,0,https://tickets.flixbrewhouse.com/launch/ticketing/14e6a310-6a9e-5a17-98dc-ea0b2d985143,webedia-api; occupancy_rate=2; reserved=y,FLIX,,,webedia-api
2026-09-25,webedia-2026-09-27T19:05Z,2026-09-27T19:05:45.958878+00:00,2026-09-27T19:00Z,2026-09-27,Sunday,Frisco/Little Elm,,America/Chicago,Forgotten Island,15:45,X1158:2026-09-27T15:45:00:4,99,Screen 4,Digital,,,,22.0,0,https://tickets.flixbrewhouse.com/launch/ticketing/d234bf34-3448-57f1-bb56-3931a54634f6,webedia-api; occupancy_rate=22; reserved=y,FLIX,,,webedia-api
2026-09-25,webedia-2026-09-27T19:05Z,2026-09-27T19:05:45.958878+00:00,2026-09-27T19:00Z,2026-09-27,Sunday,Frisco/Little Elm,,America/Chicago,Forgotten Island,18:45,X1158:2026-09-27T18:45:00:4,279,Screen 4,Digital,,,,3.0,0,https://tickets.flixbrewhouse.com/launch/ticketing/d908bc45-710d-5325-94c5-3c6339c0ccb2,webedia-api; occupancy_rate=3; reserved=y,FLIX,,,webedia-api
2026-09-25,webedia-2026-09-27T19:05Z,2026-09-27T19:05:45.958878+00:00,2026-09-27T19:00Z,2026-09-27,Sunday,Frisco/Little Elm,,America/Chicago,Forgotten Island,20:40,X1158:2026-09-27T20:40:00:Screen 5,394,Screen Screen 5,Digital,,,,0.0,0,https://tickets.flixbrewhouse.com/launch/ticketing/6f7d9807-3b59-5f42-ae58-bb1877794537,webedia-api; occupancy_rate=0; reserved=y,FLIX,,,webedia-api
2026-09-25,webedia-2026-09-27T19:05Z,2026-09-27T19:05:45.958878+00:00,2026-09-27T19:00Z,2026-09-27,Sunday,Frisco/Little Elm,,America/Chicago,Heart of the Beast,15:00,X1158:2026-09-27T15:00:00:Screen 6,54,Screen Screen 6,Digital,,,,25.0,0,https://tickets.flixbrewhouse.com/launch/ticketing/98fc5f23-c411-5e0c-85f1-3049bd9247f8,webedia-api; occupancy_rate=25; reserved=y,FLIX,,,webedia-api
2026-09-25,webedia-2026-09-27T19:05Z,2026-09-27T19:05:45.958878+00:00,2026-09-27T19:00Z,2026-09-27,Sunday,Frisco/Little Elm,,America/Chicago,Heart of the Beast,18:00,X1158:2026-09-27T18:00:00:Screen 6,234,Screen Screen 6,Digital,,,,11.0,0,https://tickets.flixbrewhouse.com/launch/ticketing/5e087bab-2dcc-5615-bf80-9025bc91a6ba,webedia-api; occupancy_rate=11; reserved=y,FLIX,,,webedia-api
2026-09-25,webedia-2026-09-27T19:05Z,2026-09-27T19:05:45.958878+00:00,2026-09-27T19:00Z,2026-09-27,Sunday,Frisco/Little Elm,,America/Chicago,Heart of the Beast,21:00,X1158:2026-09-27T21:00:00:Screen 6,414,Screen Screen 6,Digital,,,,0.0,0,https://tickets.flixbrewhouse.com/launch/ticketing/f3848d09-418c-5bb4-a620-a0d2956e3065,webedia-api; occupancy_rate=0; reserved=y,FLIX,,,webedia-api
2026-09-25,webedia-2026-09-27T19:05Z,2026-09-27T19:05:45.958878+00:00,2026-09-27T19:00Z,2026-09-27,Sunday,Frisco/Little Elm,,America/Chicago,Primetime,14:30,X1158:2026-09-27T14:30:00:3,24,Screen 3,Digital,,,,28.0,0,https://tickets.flixbrewhouse.com/launch/ticketing/46cc6011-df11-5ccc-befc-5bdf8d097795,webedia-api; occupancy_rate=28; reserved=y,FLIX,,,webedia-api
2026-09-25,webedia-2026-09-27T19:05Z,2026-09-27T19:05:45.958878+00:00,2026-09-27T19:00Z,2026-09-27,Sunday,Frisco/Little Elm,,America/Chicago,Primetime,18:00,X1158:2026-09-27T18:00:00:3,234,Screen 3,Digital,,,,10.0,0,https://tickets.flixbrewhouse.com/launch/ticketing/0a9f7a2d-f3f8-5edd-bfba-987660988037,webedia-api; occupancy_rate=10; reserved=y,FLIX,,,webedia-api
2026-09-25,webedia-2026-09-27T19:05Z,2026-09-27T19:05:45.958878+00:00,2026-09-27T19:00Z,2026-09-27,Sunday,Frisco/Little Elm,,America/Chicago,Primetime,21:00,X1158:2026-09-27T21:00:00:3,414,Screen 3,Digital,,,,3.0,0,https://tickets.flixbrewhouse.com/launch/ticketing/dfa96ac3-d6c9-543e-b618-bcb8ac15c856,webedia-api; occupancy_rate=3; reserved=y,FLIX,,,webedia-api
2026-09-25,webedia-2026-09-27T19:05Z,2026-09-27T19:05:45.958878+00:00,2026-09-27T19:00Z,2026-09-27,Sunday,Katy,,America/Chicago,Forgotten Island,14:45,G0FX5:2026-09-27T14:45:00:Screen 4,39,Screen Screen 4,Digital,,,,27.0,0,https://tickets.flixbrewhouse.com/launch/ticketing/f518b80c-81ad-583b-b60e-4cfa30cab6a8,webedia-api; occupancy_rate=27; reserved=y,FLIX,,,webedia-api
2026-09-25,webedia-2026-09-27T19:05Z,2026-09-27T19:05:45.958878+00:00,2026-09-27T19:00Z,2026-09-27,Sunday,Katy,,America/Chicago,Forgotten Island,18:00,G0FX5:2026-09-27T18:00:00:Screen 4,234,Screen Screen 4,Digital,,,,10.0,0,https://tickets.flixbrewhouse.com/launch/ticketing/a9129d92-b7a8-5bd8-897d-25071c2de399,webedia-api; occupancy_rate=10; reserved=y,FLIX,,,webedia-api
2026-09-25,webedia-2026-09-27T19:05Z,2026-09-27T19:05:45.958878+00:00,2026-09-27T19:00Z,2026-09-27,Sunday,Katy,,America/Chicago,Forgotten Island,21:00,G0FX5:2026-09-27T21:00:00:Screen 4,414,Screen Screen 4,Digital,,,,0.0,0,https://tickets.flixbrewhouse.com/launch/ticketing/66899f36-9f1a-59fc-a6c8-6426322ef8b8,webedia-api; occupancy_rate=0; reserved=y,FLIX,,,webedia-api
2026-09-25,webedia-2026-09-27T19:05Z,2026-09-27T19:05:45.958878+00:00,2026-09-27T19:00Z,2026-09-27,Sunday,Katy,,America/Chicago,Heart of the Beast,13:30,G0FX5:2026-09-27T13:30:00:Screen 3,0,Screen Screen 3,Digital,,,,20.0,0,https://tickets.flixbrewhouse.com/launch/ticketing/9b4611b5-e9bb-5c71-b6c5-c78437a77b0d,webedia-api; post-show-census; occupancy_rate=20; reserved=y,FLIX,,,post-show-census
2026-09-25,webedia-2026-09-27T19:05Z,2026-09-27T19:05:45.958878+00:00,2026-09-27T19:00Z,2026-09-27,Sunday,Katy,,America/Chicago,Heart of the Beast,16:30,G0FX5:2026-09-27T16:30:00:Screen 3,144,Screen Screen 3,Digital,,,,28.0,0,https://tickets.flixbrewhouse.com/launch/ticketing/1788fcc1-2e9e-5987-9712-d6e5bbfad8ba,webedia-api; occupancy_rate=28; reserved=y,FLIX,,,webedia-api
2026-09-25,webedia-2026-09-27T19:05Z,2026-09-27T19:05:45.958878+00:00,2026-09-27T19:00Z,2026-09-27,Sunday,Katy,,America/Chicago,Heart of the Beast,19:30,G0FX5:2026-09-27T19:30:00:Screen 3,324,Screen Screen 3,Digital,,,,16.0,0,https://tickets.flixbrewhouse.com/launch/ticketing/24e16088-2b45-540b-b82c-73691d9e87f3,webedia-api; occupancy_rate=16; reserved=y,FLIX,,,webedia-api
2026-09-25,webedia-2026-09-27T19:05Z,2026-09-27T19:05:45.958878+00:00,2026-09-27T19:00Z,2026-09-27,Sunday,Katy,,America/Chicago,Heart of the Beast,20:30,G0FX5:2026-09-27T20:30:00:Screen 8,384,Screen Screen 8,Digital,,,,0.0,0,https://tickets.flixbrewhouse.com/launch/ticketing/0f73dc24-d3b1-5611-ba0a-508e428d9a7d,webedia-api; occupancy_rate=0; reserved=y,FLIX,,,webedia-api
2026-09-25,webedia-2026-09-27T19:05Z,2026-09-27T19:05:45.958878+00:00,2026-09-27T19:00Z,2026-09-27,Sunday,Katy,,America/Chicago,Primetime,13:35,G0FX5:2026-09-27T13:35:00:Screen 7,0,Screen Screen 7,Digital,,,,18.0,0,https://tickets.flixbrewhouse.com/launch/ticketing/dbe3efcb-0fe7-5058-92c2-8128e6cb29a5,webedia-api; post-show-census; occupancy_rate=18; reserved=y,FLIX,,,post-show-census
2026-09-25,webedia-2026-09-27T19:05Z,2026-09-27T19:05:45.958878+00:00,2026-09-27T19:00Z,2026-09-27,Sunday,Katy,,America/Chicago,Primetime,16:35,G0FX5:2026-09-27T16:35:00:Screen 7,149,Screen Screen 7,Digital,,,,17.0,0,https://tickets.flixbrewhouse.com/launch/ticketing/3c9476f1-7102-583c-bb54-cc132129bd9f,webedia-api; occupancy_rate=17; reserved=y,FLIX,,,webedia-api
2026-09-25,webedia-2026-09-27T19:05Z,2026-09-27T19:05:45.958878+00:00,2026-09-27T19:00Z,2026-09-27,Sunday,Katy,,America/Chicago,Primetime,19:35,G0FX5:2026-09-27T19:35:00:Screen 7,329,Screen Screen 7,Digital,,,,0.0,0,https://tickets.flixbrewhouse.com/launch/ticketing/6b554693-67c8-55ff-940b-846cc5166236,webedia-api; occupancy_rate=0; reserved=y,FLIX,,,webedia-api
2026-09-25,webedia-2026-09-27T19:05Z,2026-09-27T19:05:45.958878+00:00,2026-09-27T19:00Z,2026-09-27,Sunday,Katy,,America/Chicago,Primetime,21:15,G0FX5:2026-09-27T21:15:00:Screen 2,429,Screen Screen 2,Digital,,,,2.0,0,https://tickets.flixbrewhouse.com/launch/ticketing/0fcbe94f-f756-5da9-ab6d-d63652c09312,webedia-api; occupancy_rate=2; reserved=y,FLIX,,,webedia-api
2026-09-25,webedia-2026-09-27T19:05Z,2026-09-27T19:05:45.958878+00:00,2026-09-27T19:00Z,2026-09-27,Sunday,Lubbock,,America/Chicago,Forgotten Island,16:20,G0FWY:2026-09-27T16:20:00:Screen 3,134,Screen Screen 3,Digital,,,,0.0,0,https://tickets.flixbrewhouse.com/launch/ticketing/0a68ecab-9604-5f24-8740-c56203632799,webedia-api; occupancy_rate=0; reserved=y,FLIX,,,webedia-api
2026-09-25,webedia-2026-09-27T19:05Z,2026-09-27T19:05:45.958878+00:00,2026-09-27T19:00Z,2026-09-27,Sunday,Lubbock,,America/Chicago,Forgotten Island,18:00,G0FWY:2026-09-27T18:00:00:Screen 8,234,Screen Screen 8,Digital,,,,2.0,0,https://tickets.flixbrewhouse.com/launch/ticketing/49b68f5c-fa51-565a-9879-fc410182ef6d,webedia-api; occupancy_rate=2; reserved=y,FLIX,,,webedia-api
2026-09-25,webedia-2026-09-27T19:05Z,2026-09-27T19:05:45.958878+00:00,2026-09-27T19:00Z,2026-09-27,Sunday,Lubbock,,America/Chicago,Forgotten Island,20:45,G0FWY:2026-09-27T20:45:00:Screen 8,399,Screen Screen 8,Digital,,,,0.0,0,https://tickets.flixbrewhouse.com/launch/ticketing/7a39f8f1-06f1-5850-9e76-93a369a6204c,webedia-api; occupancy_rate=0; reserved=y,FLIX,,,webedia-api
2026-09-25,webedia-2026-09-27T19:05Z,2026-09-27T19:05:45.958878+00:00,2026-09-27T19:00Z,2026-09-27,Sunday,Lubbock,,America/Chicago,Heart of the Beast,13:15,G0FWY:2026-09-27T13:15:00:Screen 5,0,Screen Screen 5,Digital,,,,14.0,0,https://tickets.flixbrewhouse.com/launch/ticketing/8216b29d-bba8-5ef6-93a1-3eeb6d595533,webedia-api; post-show-census; occupancy_rate=14; reserved=y,FLIX,,,post-show-census
2026-09-25,webedia-2026-09-27T19:05Z,2026-09-27T19:05:45.958878+00:00,2026-09-27T19:00Z,2026-09-27,Sunday,Lubbock,,America/Chicago,Heart of the Beast,16:00,G0FWY:2026-09-27T16:00:00:Screen 5,114,Screen Screen 5,Digital,,,,6.0,0,https://tickets.flixbrewhouse.com/launch/ticketing/515911be-92e8-5180-a1e9-3c55f0f47a58,webedia-api; occupancy_rate=6; reserved=y,FLIX,,,webedia-api
2026-09-25,webedia-2026-09-27T19:05Z,2026-09-27T19:05:45.958878+00:00,2026-09-27T19:00Z,2026-09-27,Sunday,Lubbock,,America/Chicago,Heart of the Beast,19:00,G0FWY:2026-09-27T19:00:00:Screen 5,294,Screen Screen 5,Digital,,,,2.0,0,https://tickets.flixbrewhouse.com/launch/ticketing/a2e2e2ec-5cce-5e34-a6a3-904a60569ffd,webedia-api; occupancy_rate=2; reserved=y,FLIX,,,webedia-api
2026-09-25,webedia-2026-09-27T19:05Z,2026-09-27T19:05:45.958878+00:00,2026-09-27T19:00Z,2026-09-27,Sunday,Lubbock,,America/Chicago,Heart of the Beast,22:00,G0FWY:2026-09-27T22:00:00:Screen 5,474,Screen Screen 5,Digital,,,,0.0,0,https://tickets.flixbrewhouse.com/launch/ticketing/99d51900-47e5-5d40-9938-c5eb29524d9f,webedia-api; occupancy_rate=0; reserved=y,FLIX,,,webedia-api
2026-09-25,webedia-2026-09-27T19:05Z,2026-09-27T19:05:45.958878+00:00,2026-09-27T19:00Z,2026-09-27,Sunday,Madison,,America/Chicago,Forgotten Island,15:30,X118K:2026-09-27T15:30:00:2,84,Screen 2,Digital,,,,3.0,0,https://tickets.flixbrewhouse.com/launch/ticketing/663aa196-7821-5b79-a9d8-aa04fb51fd60,webedia-api; occupancy_rate=3; reserved=y,FLIX,,,webedia-api
2026-09-25,webedia-2026-09-27T19:05Z,2026-09-27T19:05:45.958878+00:00,2026-09-27T19:00Z,2026-09-27,Sunday,Madison,,America/Chicago,Forgotten Island,17:30,X118K:2026-09-27T17:30:00:1,204,Screen 1,Digital,,,,2.0,0,https://tickets.flixbrewhouse.com/launch/ticketing/e45d6ff4-aa53-5710-be55-45313286431b,webedia-api; occupancy_rate=2; reserved=y,FLIX,,,webedia-api
2026-09-25,webedia-2026-09-27T19:05Z,2026-09-27T19:05:45.958878+00:00,2026-09-27T19:00Z,2026-09-27,Sunday,Madison,,America/Chicago,Forgotten Island,21:00,X118K:2026-09-27T21:00:00:5,414,Screen 5,Digital,,,,0.0,0,https://tickets.flixbrewhouse.com/launch/ticketing/bc29cddd-184e-50ef-89f8-184288aca72c,webedia-api; occupancy_rate=0; reserved=y,FLIX,,,webedia-api
2026-09-25,webedia-2026-09-27T19:05Z,2026-09-27T19:05:45.958878+00:00,2026-09-27T19:00Z,2026-09-27,Sunday,Madison,,America/Chicago,Heart of the Beast,14:40,X118K:2026-09-27T14:40:00:1,34,Screen 1,Digital,,,,14.0,0,https://tickets.flixbrewhouse.com/launch/ticketing/b0ab39bd-8590-5360-b4da-30bf24b04907,webedia-api; occupancy_rate=14; reserved=y,FLIX,,,webedia-api
2026-09-25,webedia-2026-09-27T19:05Z,2026-09-27T19:05:45.958878+00:00,2026-09-27T19:00Z,2026-09-27,Sunday,Madison,,America/Chicago,Heart of the Beast,18:30,X118K:2026-09-27T18:30:00:2,264,Screen 2,Digital,,,,0.0,0,https://tickets.flixbrewhouse.com/launch/ticketing/74b81e13-df52-5583-b5dc-6d5ee9741ce3,webedia-api; occupancy_rate=0; reserved=y,FLIX,,,webedia-api
2026-09-25,webedia-2026-09-27T19:05Z,2026-09-27T19:05:45.958878+00:00,2026-09-27T19:00Z,2026-09-27,Sunday,Madison,,America/Chicago,Heart of the Beast,21:30,X118K:2026-09-27T21:30:00:2,444,Screen 2,Digital,,,,0.0,0,https://tickets.flixbrewhouse.com/launch/ticketing/b0c1939e-09f2-58da-8e42-939889547d54,webedia-api; occupancy_rate=0; reserved=y,FLIX,,,webedia-api
2026-09-25,webedia-2026-09-27T19:05Z,2026-09-27T19:05:45.958878+00:00,2026-09-27T19:00Z,2026-09-27,Sunday,Madison,,America/Chicago,Primetime,16:00,X118K:2026-09-27T16:00:00:Screen 9,114,Screen Screen 9,Digital,,,,5.0,0,https://tickets.flixbrewhouse.com/launch/ticketing/35a57184-3c1d-5d76-be6b-baa260bb177e,webedia-api; occupancy_rate=5; reserved=y,FLIX,,,webedia-api
2026-09-25,webedia-2026-09-27T19:05Z,2026-09-27T19:05:45.958878+00:00,2026-09-27T19:00Z,2026-09-27,Sunday,Madison,,America/Chicago,Primetime,17:30,X118K:2026-09-27T17:30:00:6,204,Screen 6,Digital,,,,19.0,0,https://tickets.flixbrewhouse.com/launch/ticketing/c3891f01-0d59-5ccf-a055-c3b3c7505640,webedia-api; occupancy_rate=19; reserved=y,FLIX,,,webedia-api
2026-09-25,webedia-2026-09-27T19:05Z,2026-09-27T19:05:45.958878+00:00,2026-09-27T19:00Z,2026-09-27,Sunday,Madison,,America/Chicago,Primetime,19:00,X118K:2026-09-27T19:00:00:Screen 9,294,Screen Screen 9,Digital,,,,18.0,0,https://tickets.flixbrewhouse.com/launch/ticketing/4ba31951-f86e-56e8-82c5-4ffd23f73db4,webedia-api; occupancy_rate=18; reserved=y,FLIX,,,webedia-api
2026-09-25,webedia-2026-09-27T19:05Z,2026-09-27T19:05:45.958878+00:00,2026-09-27T19:00Z,2026-09-27,Sunday,Madison,,America/Chicago,Primetime,21:30,X118K:2026-09-27T21:30:00:7,444,Screen 7,Digital,,,,2.0,0,https://tickets.flixbrewhouse.com/launch/ticketing/6fdf3f0e-c246-530f-96c8-fb467067785e,webedia-api; occupancy_rate=2; reserved=y,FLIX,,,webedia-api
2026-09-25,webedia-2026-09-27T19:05Z,2026-09-27T19:05:45.958878+00:00,2026-09-27T19:00Z,2026-09-27,Sunday,Mansfield,,America/Chicago,Forgotten Island,15:00,X11NG:2026-09-27T15:00:00:2,54,Screen 2,Digital,,,,12.0,0,https://tickets.flixbrewhouse.com/launch/ticketing/4e5bb8f4-85bf-5827-bbe7-623b48171542,webedia-api; occupancy_rate=12; reserved=y,FLIX,,,webedia-api
2026-09-25,webedia-2026-09-27T19:05Z,2026-09-27T19:05:45.958878+00:00,2026-09-27T19:00Z,2026-09-27,Sunday,Mansfield,,America/Chicago,Forgotten Island,16:00,X11NG:2026-09-27T16:00:00:5,114,Screen 5,Digital,,,,29.0,0,https://tickets.flixbrewhouse.com/launch/ticketing/70852f2b-c189-53bc-9c83-893cc0e0abbc,webedia-api; occupancy_rate=29; reserved=y,FLIX,,,webedia-api
2026-09-25,webedia-2026-09-27T19:05Z,2026-09-27T19:05:45.958878+00:00,2026-09-27T19:00Z,2026-09-27,Sunday,Mansfield,,America/Chicago,Forgotten Island,18:00,X11NG:2026-09-27T18:00:00:2,234,Screen 2,Digital,,,,2.0,0,https://tickets.flixbrewhouse.com/launch/ticketing/a70b390e-4e01-5c01-93ce-36014a8cde81,webedia-api; occupancy_rate=2; reserved=y,FLIX,,,webedia-api
2026-09-25,webedia-2026-09-27T19:05Z,2026-09-27T19:05:45.958878+00:00,2026-09-27T19:00Z,2026-09-27,Sunday,Mansfield,,America/Chicago,Forgotten Island,20:15,X11NG:2026-09-27T20:15:00:3,369,Screen 3,Digital,,,,0.0,0,https://tickets.flixbrewhouse.com/launch/ticketing/4be44e33-d93d-5bc9-98c8-a43b16b34f84,webedia-api; occupancy_rate=0; reserved=y,FLIX,,,webedia-api
2026-09-25,webedia-2026-09-27T19:05Z,2026-09-27T19:05:45.958878+00:00,2026-09-27T19:00Z,2026-09-27,Sunday,Mansfield,,America/Chicago,Heart of the Beast,14:45,X11NG:2026-09-27T14:45:00:4,39,Screen 4,Digital,,,,5.0,0,https://tickets.flixbrewhouse.com/launch/ticketing/68a13e38-f7aa-5c6b-951f-632f809f2df3,webedia-api; occupancy_rate=5; reserved=y,FLIX,,,webedia-api
2026-09-25,webedia-2026-09-27T19:05Z,2026-09-27T19:05:45.958878+00:00,2026-09-27T19:00Z,2026-09-27,Sunday,Mansfield,,America/Chicago,Heart of the Beast,15:45,X11NG:2026-09-27T15:45:00:8,99,Screen 8,Digital,,,,2.0,0,https://tickets.flixbrewhouse.com/launch/ticketing/b1fd0dad-ae0e-5e4f-8ef8-0390a8e3d939,webedia-api; occupancy_rate=2; reserved=y,FLIX,,,webedia-api
2026-09-25,webedia-2026-09-27T19:05Z,2026-09-27T19:05:45.958878+00:00,2026-09-27T19:00Z,2026-09-27,Sunday,Mansfield,,America/Chicago,Heart of the Beast,18:45,X11NG:2026-09-27T18:45:00:8,279,Screen 8,Digital,,,,19.0,0,https://tickets.flixbrewhouse.com/launch/ticketing/885ee9f4-2f41-5425-afa6-49da9e14ec6b,webedia-api; occupancy_rate=19; reserved=y,FLIX,,,webedia-api
2026-09-25,webedia-2026-09-27T19:05Z,2026-09-27T19:05:45.958878+00:00,2026-09-27T19:00Z,2026-09-27,Sunday,Mansfield,,America/Chicago,Heart of the Beast,21:45,X11NG:2026-09-27T21:45:00:8,459,Screen 8,Digital,,,,0.0,0,https://tickets.flixbrewhouse.com/launch/ticketing/101e2abd-1aa2-568c-8d5d-6dcf32193f92,webedia-api; occupancy_rate=0; reserved=y,FLIX,,,webedia-api
2026-09-25,webedia-2026-09-27T19:05Z,2026-09-27T19:05:45.958878+00:00,2026-09-27T19:00Z,2026-09-27,Sunday,Mansfield,,America/Chicago,Primetime,12:45,X11NG:2026-09-27T12:45:00:1,0,Screen 1,Digital,,,,27.0,0,https://tickets.flixbrewhouse.com/launch/ticketing/af1193c5-cb89-5181-aa73-c67b98b3eea5,webedia-api; post-show-census; occupancy_rate=27; reserved=y,FLIX,,,post-show-census
2026-09-25,webedia-2026-09-27T19:05Z,2026-09-27T19:05:45.958878+00:00,2026-09-27T19:00Z,2026-09-27,Sunday,Mansfield,,America/Chicago,Primetime,14:30,X11NG:2026-09-27T14:30:00:3,24,Screen 3,Digital,,,,15.0,0,https://tickets.flixbrewhouse.com/launch/ticketing/118de818-d044-5fe6-93cf-bba3507b2eda,webedia-api; occupancy_rate=15; reserved=y,FLIX,,,webedia-api
2026-09-25,webedia-2026-09-27T19:05Z,2026-09-27T19:05:45.958878+00:00,2026-09-27T19:00Z,2026-09-27,Sunday,Mansfield,,America/Chicago,Primetime,15:45,X11NG:2026-09-27T15:45:00:1,99,Screen 1,Digital,,,,9.0,0,https://tickets.flixbrewhouse.com/launch/ticketing/53f0bffd-8046-542d-984e-24b74ee9878e,webedia-api; occupancy_rate=9; reserved=y,FLIX,,,webedia-api
2026-09-25,webedia-2026-09-27T19:05Z,2026-09-27T19:05:45.958878+00:00,2026-09-27T19:00Z,2026-09-27,Sunday,Mansfield,,America/Chicago,Primetime,18:45,X11NG:2026-09-27T18:45:00:1,279,Screen 1,Digital,,,,9.0,0,https://tickets.flixbrewhouse.com/launch/ticketing/dabc7e5c-71f8-5139-9ed4-3ca5f59c8ec3,webedia-api; occupancy_rate=9; reserved=y,FLIX,,,webedia-api
2026-09-25,webedia-2026-09-27T19:05Z,2026-09-27T19:05:45.958878+00:00,2026-09-27T19:00Z,2026-09-27,Sunday,Mansfield,,America/Chicago,Primetime,21:45,X11NG:2026-09-27T21:45:00:1,459,Screen 1,Digital,,,,3.0,0,https://tickets.flixbrewhouse.com/launch/ticketing/b56dbf68-c848-5354-8981-0303f1a4f27f,webedia-api; occupancy_rate=3; reserved=y,FLIX,,,webedia-api
2026-09-25,webedia-2026-09-27T19:05Z,2026-09-27T19:05:45.958878+00:00,2026-09-27T19:00Z,2026-09-27,Sunday,Oklahoma City,,America/Chicago,Forgotten Island,13:45,G000T:2026-09-27T13:45:00:Screen 2,0,Screen Screen 2,Digital,,,,36.0,0,https://tickets.flixbrewhouse.com/launch/ticketing/a9fdd943-de43-5386-9fcd-44dd178f4dfd,webedia-api; post-show-census; occupancy_rate=36; reserved=y,FLIX,,,post-show-census
2026-09-25,webedia-2026-09-27T19:05Z,2026-09-27T19:05:45.958878+00:00,2026-09-27T19:00Z,2026-09-27,Sunday,Oklahoma City,,America/Chicago,Forgotten Island,15:30,G000T:2026-09-27T15:30:00:Screen 3,84,Screen Screen 3,Digital,,,,6.0,0,https://tickets.flixbrewhouse.com/launch/ticketing/2ae8ea0e-a0a8-5252-bf79-6c351f6a5ce6,webedia-api; occupancy_rate=6; reserved=y,FLIX,,,webedia-api
2026-09-25,webedia-2026-09-27T19:05Z,2026-09-27T19:05:45.958878+00:00,2026-09-27T19:00Z,2026-09-27,Sunday,Oklahoma City,,America/Chicago,Forgotten Island,16:45,G000T:2026-09-27T16:45:00:Screen 2,159,Screen Screen 2,Digital,,,,12.0,0,https://tickets.flixbrewhouse.com/launch/ticketing/03b637a4-b0a7-5316-9589-94bae516d58c,webedia-api; occupancy_rate=12; reserved=y,FLIX,,,webedia-api
2026-09-25,webedia-2026-09-27T19:05Z,2026-09-27T19:05:45.958878+00:00,2026-09-27T19:00Z,2026-09-27,Sunday,Oklahoma City,,America/Chicago,Forgotten Island,18:00,G000T:2026-09-27T18:00:00:Screen 8,234,Screen Screen 8,Digital,,,,8.0,0,https://tickets.flixbrewhouse.com/launch/ticketing/b528bea3-890c-5cf4-b793-4d87bf39c874,webedia-api; occupancy_rate=8; reserved=y,FLIX,,,webedia-api
2026-09-25,webedia-2026-09-27T19:05Z,2026-09-27T19:05:45.958878+00:00,2026-09-27T19:00Z,2026-09-27,Sunday,Oklahoma City,,America/Chicago,Forgotten Island,21:35,G000T:2026-09-27T21:35:00:Screen 5,449,Screen Screen 5,Digital,,,,0.0,0,https://tickets.flixbrewhouse.com/launch/ticketing/329aadca-74eb-5b8d-8a79-048da329c4e5,webedia-api; occupancy_rate=0; reserved=y,FLIX,,,webedia-api
2026-09-25,webedia-2026-09-27T19:05Z,2026-09-27T19:05:45.958878+00:00,2026-09-27T19:00Z,2026-09-27,Sunday,Oklahoma City,,America/Chicago,Heart of the Beast,15:30,G000T:2026-09-27T15:30:00:Screen 9,84,Screen Screen 9,Digital,,,,67.0,0,https://tickets.flixbrewhouse.com/launch/ticketing/ea5c6147-e28a-55d1-b2a9-530cd44c4d37,webedia-api; occupancy_rate=67; reserved=y,FLIX,,,webedia-api
2026-09-25,webedia-2026-09-27T19:05Z,2026-09-27T19:05:45.958878+00:00,2026-09-27T19:00Z,2026-09-27,Sunday,Oklahoma City,,America/Chicago,Heart of the Beast,18:45,G000T:2026-09-27T18:45:00:Screen 3,279,Screen Screen 3,Digital,,,,47.0,0,https://tickets.flixbrewhouse.com/launch/ticketing/6599f18d-70a4-510f-98e1-3c618ba1199f,webedia-api; occupancy_rate=47; reserved=y,FLIX,,,webedia-api
2026-09-25,webedia-2026-09-27T19:05Z,2026-09-27T19:05:45.958878+00:00,2026-09-27T19:00Z,2026-09-27,Sunday,Oklahoma City,,America/Chicago,Heart of the Beast,21:45,G000T:2026-09-27T21:45:00:Screen 3,459,Screen Screen 3,Digital,,,,3.0,0,https://tickets.flixbrewhouse.com/launch/ticketing/253f78b5-0292-54c4-86b6-6c5fa971b5d6,webedia-api; occupancy_rate=3; reserved=y,FLIX,,,webedia-api
2026-09-25,webedia-2026-09-27T19:05Z,2026-09-27T19:05:45.958878+00:00,2026-09-27T19:00Z,2026-09-27,Sunday,Oklahoma City,,America/Chicago,Primetime,14:55,G000T:2026-09-27T14:55:00:Screen 1,49,Screen Screen 1,Digital,,,,38.0,0,https://tickets.flixbrewhouse.com/launch/ticketing/10caf03c-6d54-5d4f-934f-1f3d4e40b917,webedia-api; occupancy_rate=38; reserved=y,FLIX,,,webedia-api
2026-09-25,webedia-2026-09-27T19:05Z,2026-09-27T19:05:45.958878+00:00,2026-09-27T19:00Z,2026-09-27,Sunday,Oklahoma City,,America/Chicago,Primetime,18:00,G000T:2026-09-27T18:00:00:Screen 1,234,Screen Screen 1,Digital,,,,44.0,0,https://tickets.flixbrewhouse.com/launch/ticketing/cb461a33-36cc-5392-bd9c-8497dfb2715e,webedia-api; occupancy_rate=44; reserved=y,FLIX,,,webedia-api
2026-09-25,webedia-2026-09-27T19:05Z,2026-09-27T19:05:45.958878+00:00,2026-09-27T19:00Z,2026-09-27,Sunday,Oklahoma City,,America/Chicago,Primetime,21:05,G000T:2026-09-27T21:05:00:Screen 1,419,Screen Screen 1,Digital,,,,5.0,0,https://tickets.flixbrewhouse.com/launch/ticketing/fc494f79-a0f3-50a4-9b5a-a5a1fef9cef5,webedia-api; occupancy_rate=5; reserved=y,FLIX,,,webedia-api
2026-09-25,webedia-2026-09-27T19:05Z,2026-09-27T19:05:45.958878+00:00,2026-09-27T19:00Z,2026-09-27,Sunday,Round Rock,,America/Chicago,Forgotten Island,13:30,X0LE3:2026-09-27T13:30:00:6,0,Screen 6,Digital,,,,66.0,0,https://tickets.flixbrewhouse.com/launch/ticketing/0185df34-e9cd-5a71-9cd2-071e17eed54c,webedia-api; post-show-census; occupancy_rate=66; reserved=y,FLIX,,,post-show-census
2026-09-25,webedia-2026-09-27T19:05Z,2026-09-27T19:05:45.958878+00:00,2026-09-27T19:00Z,2026-09-27,Sunday,Round Rock,,America/Chicago,Forgotten Island,16:30,X0LE3:2026-09-27T16:30:00:6,144,Screen 6,Digital,,,,12.0,0,https://tickets.flixbrewhouse.com/launch/ticketing/4434a051-8f56-576b-acae-02b034fddda7,webedia-api; occupancy_rate=12; reserved=y,FLIX,,,webedia-api
2026-09-25,webedia-2026-09-27T19:05Z,2026-09-27T19:05:45.958878+00:00,2026-09-27T19:00Z,2026-09-27,Sunday,Round Rock,,America/Chicago,Forgotten Island,18:00,X0LE3:2026-09-27T18:00:00:4,234,Screen 4,Digital,,,,7.0,0,https://tickets.flixbrewhouse.com/launch/ticketing/c8c582ec-e7dd-5e7c-8383-0282e5e27986,webedia-api; occupancy_rate=7; reserved=y,FLIX,,,webedia-api
2026-09-25,webedia-2026-09-27T19:05Z,2026-09-27T19:05:45.958878+00:00,2026-09-27T19:00Z,2026-09-27,Sunday,Round Rock,,America/Chicago,Forgotten Island,21:30,X0LE3:2026-09-27T21:30:00:5,444,Screen 5,Digital,,,,0.0,0,https://tickets.flixbrewhouse.com/launch/ticketing/aa91ff75-26b9-52bb-8236-770115d5bd04,webedia-api; occupancy_rate=0; reserved=y,FLIX,,,webedia-api
2026-09-25,webedia-2026-09-27T19:05Z,2026-09-27T19:05:45.958878+00:00,2026-09-27T19:00Z,2026-09-27,Sunday,Round Rock,,America/Chicago,Heart of the Beast,15:45,X0LE3:2026-09-27T15:45:00:2,99,Screen 2,Digital,,,,34.0,0,https://tickets.flixbrewhouse.com/launch/ticketing/ec534c3b-18d6-5a87-9eca-fc98d41dc3a6,webedia-api; occupancy_rate=34; reserved=y,FLIX,,,webedia-api
2026-09-25,webedia-2026-09-27T19:05Z,2026-09-27T19:05:45.958878+00:00,2026-09-27T19:00Z,2026-09-27,Sunday,Round Rock,,America/Chicago,Heart of the Beast,18:45,X0LE3:2026-09-27T18:45:00:2,279,Screen 2,Digital,,,,19.0,0,https://tickets.flixbrewhouse.com/launch/ticketing/901a116f-9cb2-5ba9-a868-caf2dfa78365,webedia-api; occupancy_rate=19; reserved=y,FLIX,,,webedia-api
2026-09-25,webedia-2026-09-27T19:05Z,2026-09-27T19:05:45.958878+00:00,2026-09-27T19:00Z,2026-09-27,Sunday,Round Rock,,America/Chicago,Heart of the Beast,21:45,X0LE3:2026-09-27T21:45:00:2,459,Screen 2,Digital,,,,0.0,0,https://tickets.flixbrewhouse.com/launch/ticketing/799a5f71-a185-55b7-ab37-c5b6919a5dff,webedia-api; occupancy_rate=0; reserved=y,FLIX,,,webedia-api
2026-09-25,webedia-2026-09-27T19:05Z,2026-09-27T19:05:45.958878+00:00,2026-09-27T19:00Z,2026-09-27,Sunday,Round Rock,,America/Chicago,Primetime,13:45,X0LE3:2026-09-27T13:45:00:1,0,Screen 1,Digital,,,,26.0,0,https://tickets.flixbrewhouse.com/launch/ticketing/670a2824-18bb-51e6-bb19-93dc2d12ecb2,webedia-api; post-show-census; occupancy_rate=26; reserved=y,FLIX,,,post-show-census
2026-09-25,webedia-2026-09-27T19:05Z,2026-09-27T19:05:45.958878+00:00,2026-09-27T19:00Z,2026-09-27,Sunday,Round Rock,,America/Chicago,Primetime,16:45,X0LE3:2026-09-27T16:45:00:1,159,Screen 1,Digital,,,,13.0,0,https://tickets.flixbrewhouse.com/launch/ticketing/332a2d31-ab17-552e-a2d1-423e531025ce,webedia-api; occupancy_rate=13; reserved=y,FLIX,,,webedia-api
2026-09-25,webedia-2026-09-27T19:05Z,2026-09-27T19:05:45.958878+00:00,2026-09-27T19:00Z,2026-09-27,Sunday,Round Rock,,America/Chicago,Primetime,19:45,X0LE3:2026-09-27T19:45:00:1,339,Screen 1,Digital,,,,19.0,0,https://tickets.flixbrewhouse.com/launch/ticketing/dc3f1714-c541-5bae-b221-141cf4b4cc44,webedia-api; occupancy_rate=19; reserved=y,FLIX,,,webedia-api
2026-09-25,webedia-2026-09-27T19:05Z,2026-09-27T19:05:45.958878+00:00,2026-09-27T19:00Z,2026-09-27,Sunday,Round Rock,,America/Chicago,Primetime,21:00,X0LE3:2026-09-27T21:00:00:8,414,Screen 8,Digital,,,,0.0,0,https://tickets.flixbrewhouse.com/launch/ticketing/251a52dc-2937-517a-b760-d17978cddaf4,webedia-api; occupancy_rate=0; reserved=y,FLIX,,,webedia-api
2026-09-25,webedia-2026-09-27T19:05Z,2026-09-27T19:05:45.958878+00:00,2026-09-27T19:00Z,2026-09-27,Sunday,San Antonio,,America/Chicago,Forgotten Island,14:00,G000K:2026-09-27T14:00:00:Screen 9,0,Screen Screen 9,Digital,,,,45.0,0,https://tickets.flixbrewhouse.com/launch/ticketing/840ebaea-071e-51ce-8e42-043af018c18a,webedia-api; post-show-census; occupancy_rate=45; reserved=y,FLIX,,,post-show-census
2026-09-25,webedia-2026-09-27T19:05Z,2026-09-27T19:05:45.958878+00:00,2026-09-27T19:00Z,2026-09-27,Sunday,San Antonio,,America/Chicago,Forgotten Island,14:45,G000K:2026-09-27T14:45:00:Screen 2,39,Screen Screen 2,Digital,,,,18.0,0,https://tickets.flixbrewhouse.com/launch/ticketing/c59c35c3-48e4-52e2-89cc-50dab6be9eba,webedia-api; occupancy_rate=18; reserved=y,FLIX,,,webedia-api
2026-09-25,webedia-2026-09-27T19:05Z,2026-09-27T19:05:45.958878+00:00,2026-09-27T19:00Z,2026-09-27,Sunday,San Antonio,,America/Chicago,Forgotten Island,17:00,G000K:2026-09-27T17:00:00:Screen 9,174,Screen Screen 9,Digital,,,,23.0,0,https://tickets.flixbrewhouse.com/launch/ticketing/1606bb4a-af57-54a9-88c2-1d4bbd891d81,webedia-api; occupancy_rate=23; reserved=y,FLIX,,,webedia-api
2026-09-25,webedia-2026-09-27T19:05Z,2026-09-27T19:05:45.958878+00:00,2026-09-27T19:00Z,2026-09-27,Sunday,San Antonio,,America/Chicago,Forgotten Island,18:00,G000K:2026-09-27T18:00:00:Screen 2,234,Screen Screen 2,Digital,,,,5.0,0,https://tickets.flixbrewhouse.com/launch/ticketing/66aa664c-c505-5d9a-bb6f-6907b056aa9d,webedia-api; occupancy_rate=5; reserved=y,FLIX,,,webedia-api
2026-09-25,webedia-2026-09-27T19:05Z,2026-09-27T19:05:45.958878+00:00,2026-09-27T19:00Z,2026-09-27,Sunday,San Antonio,,America/Chicago,Forgotten Island,21:00,G000K:2026-09-27T21:00:00:Screen 2,414,Screen Screen 2,Digital,,,,3.0,0,https://tickets.flixbrewhouse.com/launch/ticketing/a33212c4-33ec-53ff-9f29-2f9174d9bf90,webedia-api; occupancy_rate=3; reserved=y,FLIX,,,webedia-api
2026-09-25,webedia-2026-09-27T19:05Z,2026-09-27T19:05:45.958878+00:00,2026-09-27T19:00Z,2026-09-27,Sunday,San Antonio,,America/Chicago,Heart of the Beast,15:30,G000K:2026-09-27T15:30:00:Screen 3,84,Screen Screen 3,Digital,,,,58.0,0,https://tickets.flixbrewhouse.com/launch/ticketing/aee6e493-c567-50f7-b140-0d34d1dd4521,webedia-api; occupancy_rate=58; reserved=y,FLIX,,,webedia-api
2026-09-25,webedia-2026-09-27T19:05Z,2026-09-27T19:05:45.958878+00:00,2026-09-27T19:00Z,2026-09-27,Sunday,San Antonio,,America/Chicago,Heart of the Beast,18:30,G000K:2026-09-27T18:30:00:Screen 3,264,Screen Screen 3,Digital,,,,36.0,0,https://tickets.flixbrewhouse.com/launch/ticketing/ad80107c-67f1-5c62-ae03-29970d0dc379,webedia-api; occupancy_rate=36; reserved=y,FLIX,,,webedia-api
2026-09-25,webedia-2026-09-27T19:05Z,2026-09-27T19:05:45.958878+00:00,2026-09-27T19:00Z,2026-09-27,Sunday,San Antonio,,America/Chicago,Heart of the Beast,21:30,G000K:2026-09-27T21:30:00:Screen 3,444,Screen Screen 3,Digital,,,,7.0,0,https://tickets.flixbrewhouse.com/launch/ticketing/3ca90acc-a2f9-5a75-bda5-7b7ba8b21bdb,webedia-api; occupancy_rate=7; reserved=y,FLIX,,,webedia-api
2026-09-25,webedia-2026-09-27T19:05Z,2026-09-27T19:05:45.958878+00:00,2026-09-27T19:00Z,2026-09-27,Sunday,San Antonio,,America/Chicago,Primetime,15:00,G000K:2026-09-27T15:00:00:1,54,Screen 1,Digital,,,,46.0,0,https://tickets.flixbrewhouse.com/launch/ticketing/6ad9e534-187c-5405-8b51-865ca0fd4ec1,webedia-api; occupancy_rate=46; reserved=y,FLIX,,,webedia-api
2026-09-25,webedia-2026-09-27T19:05Z,2026-09-27T19:05:45.958878+00:00,2026-09-27T19:00Z,2026-09-27,Sunday,San Antonio,,America/Chicago,Primetime,18:15,G000K:2026-09-27T18:15:00:1,249,Screen 1,Digital,,,,50.0,0,https://tickets.flixbrewhouse.com/launch/ticketing/f111eb45-c0e9-5529-be75-af1427eeb491,webedia-api; occupancy_rate=50; reserved=y,FLIX,,,webedia-api
2026-09-25,webedia-2026-09-27T19:05Z,2026-09-27T19:05:45.958878+00:00,2026-09-27T19:00Z,2026-09-27,Sunday,San Antonio,,America/Chicago,Primetime,21:30,G000K:2026-09-27T21:30:00:1,444,Screen 1,Digital,,,,21.0,0,https://tickets.flixbrewhouse.com/launch/ticketing/b8fe1dfd-c254-5e6d-87ba-5b24c881f515,webedia-api; occupancy_rate=21; reserved=y,FLIX,,,webedia-api
2026-09-25,webedia-2026-09-27T19:05Z,2026-09-27T19:05:45.958878+00:00,2026-09-27T19:00Z,2026-09-27,Sunday,Epic Theatres Old Mill Playhouse,,America/New_York,Forgotten Island,11:15,G0205:2026-09-27T11:15:00:Screen 5,0,Screen Screen 5,Scope,,,,3.0,0,https://booking.epictheatres.com/launch/ticketing/7fa820a2-7786-56c8-a2ba-a2bf0bbee704,webedia-api; post-show-census; occupancy_rate=3; reserved=n,EPIC,,,post-show-census
2026-09-25,webedia-2026-09-27T19:05Z,2026-09-27T19:05:45.958878+00:00,2026-09-27T19:00Z,2026-09-27,Sunday,Epic Theatres Old Mill Playhouse,,America/New_York,Forgotten Island,13:50,G0205:2026-09-27T13:50:00:Screen 5,0,Screen Screen 5,"3d,Scope",,,,4.0,0,https://booking.epictheatres.com/launch/ticketing/71641dc9-7a47-5f95-8cfb-242eb085d04b,webedia-api; post-show-census; occupancy_rate=4; reserved=n,EPIC,,,post-show-census
2026-09-25,webedia-2026-09-27T19:05Z,2026-09-27T19:05:45.958878+00:00,2026-09-27T19:00Z,2026-09-27,Sunday,Epic Theatres Old Mill Playhouse,,America/New_York,Forgotten Island,16:25,G0205:2026-09-27T16:25:00:Screen 5,79,Screen Screen 5,Scope,,,,0.0,0,https://booking.epictheatres.com/launch/ticketing/f727abf0-7074-5e98-8f01-88b3e6481add,webedia-api; occupancy_rate=0; reserved=n,EPIC,,,webedia-api
2026-09-25,webedia-2026-09-27T19:05Z,2026-09-27T19:05:45.958878+00:00,2026-09-27T19:00Z,2026-09-27,Sunday,Epic Theatres Old Mill Playhouse,,America/New_York,Forgotten Island,19:00,G0205:2026-09-27T19:00:00:Screen 5,234,Screen Screen 5,Scope,,,,0.0,0,https://booking.epictheatres.com/launch/ticketing/72895078-2004-568f-a7d1-3c44dc002121,webedia-api; occupancy_rate=0; reserved=n,EPIC,,,webedia-api
2026-09-25,webedia-2026-09-27T19:05Z,2026-09-27T19:05:45.958878+00:00,2026-09-27T19:00Z,2026-09-27,Sunday,Epic Theatres Old Mill Playhouse,,America/New_York,Heart of the Beast,11:50,G0205:2026-09-27T11:50:00:Screen 6,0,Screen Screen 6,Scope,,,,34.0,0,https://booking.epictheatres.com/launch/ticketing/823ae8a7-35ee-5f92-a175-ba8d72df6f4e,webedia-api; post-show-census; occupancy_rate=34; reserved=n,EPIC,,,post-show-census
2026-09-25,webedia-2026-09-27T19:05Z,2026-09-27T19:05:45.958878+00:00,2026-09-27T19:00Z,2026-09-27,Sunday,Epic Theatres Old Mill Playhouse,,America/New_York,Heart of the Beast,14:20,G0205:2026-09-27T14:20:00:Screen 6,0,Screen Screen 6,Scope,,,,61.0,0,https://booking.epictheatres.com/launch/ticketing/97cf6cd9-adc2-5e27-b604-e4e636ad1ef2,webedia-api; post-show-census; occupancy_rate=61; reserved=n,EPIC,,,post-show-census
2026-09-25,webedia-2026-09-27T19:05Z,2026-09-27T19:05:45.958878+00:00,2026-09-27T19:00Z,2026-09-27,Sunday,Epic Theatres Old Mill Playhouse,,America/New_York,Heart of the Beast,16:50,G0205:2026-09-27T16:50:00:Screen 6,104,Screen Screen 6,Scope,,,,4.0,0,https://booking.epictheatres.com/launch/ticketing/7971626f-59d3-5572-8771-b603d8b68416,webedia-api; occupancy_rate=4; reserved=n,EPIC,,,webedia-api
2026-09-25,webedia-2026-09-27T19:05Z,2026-09-27T19:05:45.958878+00:00,2026-09-27T19:00Z,2026-09-27,Sunday,Epic Theatres Old Mill Playhouse,,America/New_York,Heart of the Beast,19:20,G0205:2026-09-27T19:20:00:Screen 6,254,Screen Screen 6,Scope,,,,2.0,0,https://booking.epictheatres.com/launch/ticketing/b3c10fda-debb-58e5-a701-c4421bd1c65b,webedia-api; occupancy_rate=2; reserved=n,EPIC,,,webedia-api
2026-09-25,webedia-2026-09-27T19:05Z,2026-09-27T19:05:45.958878+00:00,2026-09-27T19:00Z,2026-09-27,Sunday,Epic Theatres Old Mill Playhouse,,America/New_York,Primetime,11:50,G0205:2026-09-27T11:50:00:Screen 7,0,Screen Screen 7,Flat,,,,4.0,0,https://booking.epictheatres.com/launch/ticketing/35330be1-ae45-5232-908f-e224c44eb6ed,webedia-api; post-show-census; occupancy_rate=4; reserved=n,EPIC,,,post-show-census
2026-09-25,webedia-2026-09-27T19:05Z,2026-09-27T19:05:45.958878+00:00,2026-09-27T19:00Z,2026-09-27,Sunday,Epic Theatres Old Mill Playhouse,,America/New_York,Primetime,14:25,G0205:2026-09-27T14:25:00:Screen 7,0,Screen Screen 7,Flat,,,,5.0,0,https://booking.epictheatres.com/launch/ticketing/e09908e0-8d78-57bf-89d6-a2d5abb6578f,webedia-api; post-show-census; occupancy_rate=5; reserved=n,EPIC,,,post-show-census
2026-09-25,webedia-2026-09-27T19:05Z,2026-09-27T19:05:45.958878+00:00,2026-09-27T19:00Z,2026-09-27,Sunday,Epic Theatres Old Mill Playhouse,,America/New_York,Primetime,17:00,G0205:2026-09-27T17:00:00:Screen 7,114,Screen Screen 7,Flat,,,,0.0,0,https://booking.epictheatres.com/launch/ticketing/a91c89a0-e472-589d-9aeb-e12785f8bb6c,webedia-api; occupancy_rate=0; reserved=n,EPIC,,,webedia-api
2026-09-25,webedia-2026-09-27T19:05Z,2026-09-27T19:05:45.958878+00:00,2026-09-27T19:00Z,2026-09-27,Sunday,Epic Theatres Old Mill Playhouse,,America/New_York,Primetime,19:35,G0205:2026-09-27T19:35:00:Screen 7,269,Screen Screen 7,Flat,,,,0.0,0,https://booking.epictheatres.com/launch/ticketing/137041a3-e46f-523d-80f1-beda104bcdfd,webedia-api; occupancy_rate=0; reserved=n,EPIC,,,webedia-api
2026-09-25,webedia-2026-09-27T19:05Z,2026-09-27T19:05:45.958878+00:00,2026-09-27T19:00Z,2026-09-27,Sunday,Epic Theatres Stuart,,America/New_York,Forgotten Island,11:15,X01YS:2026-09-27T11:15:00:2,0,Screen 2,Scope,,,,2.0,0,https://booking.epictheatres.com/launch/ticketing/eb44936a-e36b-502b-a4b2-40f995f298d4,webedia-api; post-show-census; occupancy_rate=2; reserved=y,EPIC,,,post-show-census
2026-09-25,webedia-2026-09-27T19:05Z,2026-09-27T19:05:45.958878+00:00,2026-09-27T19:00Z,2026-09-27,Sunday,Epic Theatres Stuart,,America/New_York,Forgotten Island,13:50,X01YS:2026-09-27T13:50:00:2,0,Screen 2,Scope,,,,11.0,0,https://booking.epictheatres.com/launch/ticketing/5b2607f6-3ce5-5f16-8d3d-1ac3d7d79180,webedia-api; post-show-census; occupancy_rate=11; reserved=y,EPIC,,,post-show-census
2026-09-25,webedia-2026-09-27T19:05Z,2026-09-27T19:05:45.958878+00:00,2026-09-27T19:00Z,2026-09-27,Sunday,Epic Theatres Stuart,,America/New_York,Forgotten Island,16:25,X01YS:2026-09-27T16:25:00:2,79,Screen 2,Scope,,,,2.0,0,https://booking.epictheatres.com/launch/ticketing/878e88fa-1298-5b82-95e1-e062c4baf528,webedia-api; occupancy_rate=2; reserved=y,EPIC,,,webedia-api
2026-09-25,webedia-2026-09-27T19:05Z,2026-09-27T19:05:45.958878+00:00,2026-09-27T19:00Z,2026-09-27,Sunday,Epic Theatres Stuart,,America/New_York,Forgotten Island,19:00,X01YS:2026-09-27T19:00:00:2,234,Screen 2,Scope,,,,4.0,0,https://booking.epictheatres.com/launch/ticketing/1df372ad-1cd2-584b-8aa2-b42e4713eac7,webedia-api; occupancy_rate=4; reserved=y,EPIC,,,webedia-api
2026-09-25,webedia-2026-09-27T19:05Z,2026-09-27T19:05:45.958878+00:00,2026-09-27T19:00Z,2026-09-27,Sunday,Epic Theatres Stuart,,America/New_York,Forgotten Island,21:35,X01YS:2026-09-27T21:35:00:2,389,Screen 2,Scope,,,,0.0,0,https://booking.epictheatres.com/launch/ticketing/da5d885f-edec-5c0e-ba95-23db791ded76,webedia-api; occupancy_rate=0; reserved=y,EPIC,,,webedia-api
2026-09-25,webedia-2026-09-27T19:05Z,2026-09-27T19:05:45.958878+00:00,2026-09-27T19:00Z,2026-09-27,Sunday,Epic Theatres Stuart,,America/New_York,Heart of the Beast,11:50,X01YS:2026-09-27T11:50:00:8,0,Screen 8,Scope,,,,19.0,0,https://booking.epictheatres.com/launch/ticketing/9ae2dbf6-066f-5799-81c2-23f81f5d9a5c,webedia-api; post-show-census; occupancy_rate=19; reserved=y,EPIC,,,post-show-census
2026-09-25,webedia-2026-09-27T19:05Z,2026-09-27T19:05:45.958878+00:00,2026-09-27T19:00Z,2026-09-27,Sunday,Epic Theatres Stuart,,America/New_York,Heart of the Beast,14:20,X01YS:2026-09-27T14:20:00:8,0,Screen 8,Scope,,,,48.0,0,https://booking.epictheatres.com/launch/ticketing/87045e09-3265-573c-acbc-0d0cd34d0d32,webedia-api; post-show-census; occupancy_rate=48; reserved=y,EPIC,,,post-show-census
2026-09-25,webedia-2026-09-27T19:05Z,2026-09-27T19:05:45.958878+00:00,2026-09-27T19:00Z,2026-09-27,Sunday,Epic Theatres Stuart,,America/New_York,Heart of the Beast,16:50,X01YS:2026-09-27T16:50:00:8,104,Screen 8,Scope,,,,14.0,0,https://booking.epictheatres.com/launch/ticketing/18c98b53-d4de-5fa6-a858-ab707dccc0f7,webedia-api; occupancy_rate=14; reserved=y,EPIC,,,webedia-api
2026-09-25,webedia-2026-09-27T19:05Z,2026-09-27T19:05:45.958878+00:00,2026-09-27T19:00Z,2026-09-27,Sunday,Epic Theatres Stuart,,America/New_York,Heart of the Beast,19:20,X01YS:2026-09-27T19:20:00:8,254,Screen 8,Scope,,,,7.0,0,https://booking.epictheatres.com/launch/ticketing/5bb90dc1-e203-51ca-aca9-e27ec0d3a98e,webedia-api; occupancy_rate=7; reserved=y,EPIC,,,webedia-api
2026-09-25,webedia-2026-09-27T19:05Z,2026-09-27T19:05:45.958878+00:00,2026-09-27T19:00Z,2026-09-27,Sunday,Epic Theatres Stuart,,America/New_York,Heart of the Beast,21:50,X01YS:2026-09-27T21:50:00:8,404,Screen 8,Scope,,,,0.0,0,https://booking.epictheatres.com/launch/ticketing/ef0f3628-1028-5140-a90e-dfbaf74c0b9c,webedia-api; occupancy_rate=0; reserved=y,EPIC,,,webedia-api
2026-09-25,webedia-2026-09-27T19:05Z,2026-09-27T19:05:45.958878+00:00,2026-09-27T19:00Z,2026-09-27,Sunday,Epic Theatres Stuart,,America/New_York,Primetime,11:50,X01YS:2026-09-27T11:50:00:4,0,Screen 4,Flat,,,,7.0,0,https://booking.epictheatres.com/launch/ticketing/c99bdbbc-a046-583b-b8c5-29d5731bd71c,webedia-api; post-show-census; occupancy_rate=7; reserved=y,EPIC,,,post-show-census
2026-09-25,webedia-2026-09-27T19:05Z,2026-09-27T19:05:45.958878+00:00,2026-09-27T19:00Z,2026-09-27,Sunday,Epic Theatres Stuart,,America/New_York,Primetime,14:25,X01YS:2026-09-27T14:25:00:4,0,Screen 4,Flat,,,,13.0,0,https://booking.epictheatres.com/launch/ticketing/8d487ce5-5977-5f0f-8c81-fd6cc3ca9b5c,webedia-api; post-show-census; occupancy_rate=13; reserved=y,EPIC,,,post-show-census
2026-09-25,webedia-2026-09-27T19:05Z,2026-09-27T19:05:45.958878+00:00,2026-09-27T19:00Z,2026-09-27,Sunday,Epic Theatres Stuart,,America/New_York,Primetime,17:00,X01YS:2026-09-27T17:00:00:4,114,Screen 4,Flat,,,,7.0,0,https://booking.epictheatres.com/launch/ticketing/3d79b827-9c68-5777-80b7-ae87518b25ef,webedia-api; occupancy_rate=7; reserved=y,EPIC,,,webedia-api
2026-09-25,webedia-2026-09-27T19:05Z,2026-09-27T19:05:45.958878+00:00,2026-09-27T19:00Z,2026-09-27,Sunday,Epic Theatres Stuart,,America/New_York,Primetime,19:35,X01YS:2026-09-27T19:35:00:4,269,Screen 4,Flat,,,,4.0,0,https://booking.epictheatres.com/launch/ticketing/2706170c-22a9-5c32-bd5e-5ec3b8f53834,webedia-api; occupancy_rate=4; reserved=y,EPIC,,,webedia-api
2026-09-25,webedia-2026-09-27T19:05Z,2026-09-27T19:05:45.958878+00:00,2026-09-27T19:00Z,2026-09-27,Sunday,Epic Theatres Stuart,,America/New_York,Primetime,22:10,X01YS:2026-09-27T22:10:00:4,424,Screen 4,Flat,,,,0.0,0,https://booking.epictheatres.com/launch/ticketing/4447d44d-5a3a-58e1-afe2-2f2a641a67b7,webedia-api; occupancy_rate=0; reserved=y,EPIC,,,webedia-api
2026-09-25,webedia-2026-09-27T19:05Z,2026-09-27T19:05:45.958878+00:00,2026-09-27T19:00Z,2026-09-27,Sunday,Epic Theatres at Lee Vista with Epic XL,,America/New_York,Forgotten Island,11:15,X0X0T:2026-09-27T11:15:00:8,0,Screen 8,Scope,,,,10.0,0,https://booking.epictheatres.com/launch/ticketing/d6423812-51f9-5b29-93f5-07978ab81b6b,webedia-api; post-show-census; occupancy_rate=10; reserved=y,EPIC,,,post-show-census
2026-09-25,webedia-2026-09-27T19:05Z,2026-09-27T19:05:45.958878+00:00,2026-09-27T19:00Z,2026-09-27,Sunday,Epic Theatres at Lee Vista with Epic XL,,America/New_York,Forgotten Island,12:45,X0X0T:2026-09-27T12:45:00:1,0,Screen 1,Scope,,,,9.0,0,https://booking.epictheatres.com/launch/ticketing/5efc66b1-ddfd-5fca-854c-462b12eaa124,webedia-api; post-show-census; occupancy_rate=9; reserved=y,EPIC,,,post-show-census
2026-09-25,webedia-2026-09-27T19:05Z,2026-09-27T19:05:45.958878+00:00,2026-09-27T19:00Z,2026-09-27,Sunday,Epic Theatres at Lee Vista with Epic XL,,America/New_York,Forgotten Island,13:50,X0X0T:2026-09-27T13:50:00:8,0,Screen 8,"3d,Scope",,,,29.0,0,https://booking.epictheatres.com/launch/ticketing/1df6f429-8329-5ea9-b230-78e67517d72a,webedia-api; post-show-census; occupancy_rate=29; reserved=y,EPIC,,,post-show-census
2026-09-25,webedia-2026-09-27T19:05Z,2026-09-27T19:05:45.958878+00:00,2026-09-27T19:00Z,2026-09-27,Sunday,Epic Theatres at Lee Vista with Epic XL,,America/New_York,Forgotten Island,16:25,X0X0T:2026-09-27T16:25:00:8,79,Screen 8,Scope,,,,8.0,0,https://booking.epictheatres.com/launch/ticketing/f4838225-9a2d-54fa-85a8-7e063b11e3b0,webedia-api; occupancy_rate=8; reserved=y,EPIC,,,webedia-api
2026-09-25,webedia-2026-09-27T19:05Z,2026-09-27T19:05:45.958878+00:00,2026-09-27T19:00Z,2026-09-27,Sunday,Epic Theatres at Lee Vista with Epic XL,,America/New_York,Forgotten Island,19:00,X0X0T:2026-09-27T19:00:00:8,234,Screen 8,Scope,,,,21.0,0,https://booking.epictheatres.com/launch/ticketing/9b2d777e-422d-521f-9df1-880f7967fe97,webedia-api; occupancy_rate=21; reserved=y,EPIC,,,webedia-api
2026-09-25,webedia-2026-09-27T19:05Z,2026-09-27T19:05:45.958878+00:00,2026-09-27T19:00Z,2026-09-27,Sunday,Epic Theatres at Lee Vista with Epic XL,,America/New_York,Forgotten Island,21:35,X0X0T:2026-09-27T21:35:00:8,389,Screen 8,Scope,,,,0.0,0,https://booking.epictheatres.com/launch/ticketing/9bbd5daa-c07e-5108-8d8a-614700444a70,webedia-api; occupancy_rate=0; reserved=y,EPIC,,,webedia-api
2026-09-25,webedia-2026-09-27T19:05Z,2026-09-27T19:05:45.958878+00:00,2026-09-27T19:00Z,2026-09-27,Sunday,Epic Theatres at Lee Vista with Epic XL,,America/New_York,Heart of the Beast,11:50,X0X0T:2026-09-27T11:50:00:7,0,Screen 7,Scope,,,,14.0,0,https://booking.epictheatres.com/launch/ticketing/ec7254da-6730-56c0-bb99-abd549e968f0,webedia-api; post-show-census; occupancy_rate=14; reserved=y,EPIC,,,post-show-census
2026-09-25,webedia-2026-09-27T19:05Z,2026-09-27T19:05:45.958878+00:00,2026-09-27T19:00Z,2026-09-27,Sunday,Epic Theatres at Lee Vista with Epic XL,,America/New_York,Heart of the Beast,14:20,X0X0T:2026-09-27T14:20:00:7,0,Screen 7,Scope,,,,36.0,0,https://booking.epictheatres.com/launch/ticketing/31220022-4fa2-56d9-89b9-6c5e84d2bbc7,webedia-api; post-show-census; occupancy_rate=36; reserved=y,EPIC,,,post-show-census
2026-09-25,webedia-2026-09-27T19:05Z,2026-09-27T19:05:45.958878+00:00,2026-09-27T19:00Z,2026-09-27,Sunday,Epic Theatres at Lee Vista with Epic XL,,America/New_York,Heart of the Beast,15:20,X0X0T:2026-09-27T15:20:00:1,14,Screen 1,Scope,,,,12.0,0,https://booking.epictheatres.com/launch/ticketing/aee0cc46-725c-5175-abfb-9230e533d357,webedia-api; occupancy_rate=12; reserved=y,EPIC,,,webedia-api
2026-09-25,webedia-2026-09-27T19:05Z,2026-09-27T19:05:45.958878+00:00,2026-09-27T19:00Z,2026-09-27,Sunday,Epic Theatres at Lee Vista with Epic XL,,America/New_York,Heart of the Beast,16:50,X0X0T:2026-09-27T16:50:00:7,104,Screen 7,Scope,,,,5.0,0,https://booking.epictheatres.com/launch/ticketing/eb806734-9c06-5da6-8b06-230a2c149cc0,webedia-api; occupancy_rate=5; reserved=y,EPIC,,,webedia-api
2026-09-25,webedia-2026-09-27T19:05Z,2026-09-27T19:05:45.958878+00:00,2026-09-27T19:00Z,2026-09-27,Sunday,Epic Theatres at Lee Vista with Epic XL,,America/New_York,Heart of the Beast,17:50,X0X0T:2026-09-27T17:50:00:1,164,Screen 1,Scope,,,,8.0,0,https://booking.epictheatres.com/launch/ticketing/ddde6500-1d5f-51af-b413-a6fc1c8c9e2a,webedia-api; occupancy_rate=8; reserved=y,EPIC,,,webedia-api
2026-09-25,webedia-2026-09-27T19:05Z,2026-09-27T19:05:45.958878+00:00,2026-09-27T19:00Z,2026-09-27,Sunday,Epic Theatres at Lee Vista with Epic XL,,America/New_York,Heart of the Beast,19:20,X0X0T:2026-09-27T19:20:00:7,254,Screen 7,Scope,,,,11.0,0,https://booking.epictheatres.com/launch/ticketing/b5a69526-6ccb-56fe-af86-b5ae446cdc3e,webedia-api; occupancy_rate=11; reserved=y,EPIC,,,webedia-api
2026-09-25,webedia-2026-09-27T19:05Z,2026-09-27T19:05:45.958878+00:00,2026-09-27T19:00Z,2026-09-27,Sunday,Epic Theatres at Lee Vista with Epic XL,,America/New_York,Heart of the Beast,20:20,X0X0T:2026-09-27T20:20:00:1,314,Screen 1,Scope,,,,1.0,0,https://booking.epictheatres.com/launch/ticketing/bf9ea66b-8d2f-522d-ba51-f410ad621d10,webedia-api; occupancy_rate=1; reserved=y,EPIC,,,webedia-api
2026-09-25,webedia-2026-09-27T19:05Z,2026-09-27T19:05:45.958878+00:00,2026-09-27T19:00Z,2026-09-27,Sunday,Epic Theatres at Lee Vista with Epic XL,,America/New_York,Heart of the Beast,21:50,X0X0T:2026-09-27T21:50:00:7,404,Screen 7,Scope,,,,0.0,0,https://booking.epictheatres.com/launch/ticketing/041d3c29-4c9b-5e7e-a5ca-b04cb507d20e,webedia-api; occupancy_rate=0; reserved=y,EPIC,,,webedia-api
2026-09-25,webedia-2026-09-27T19:05Z,2026-09-27T19:05:45.958878+00:00,2026-09-27T19:00Z,2026-09-27,Sunday,Epic Theatres at Lee Vista with Epic XL,,America/New_York,Primetime,11:50,X0X0T:2026-09-27T11:50:00:4,0,Screen 4,Flat,,,,24.0,0,https://booking.epictheatres.com/launch/ticketing/5a23a3dd-23a9-5c09-a832-1228846e68c0,webedia-api; post-show-census; occupancy_rate=24; reserved=y,EPIC,,,post-show-census
2026-09-25,webedia-2026-09-27T19:05Z,2026-09-27T19:05:45.958878+00:00,2026-09-27T19:00Z,2026-09-27,Sunday,Epic Theatres at Lee Vista with Epic XL,,America/New_York,Primetime,14:25,X0X0T:2026-09-27T14:25:00:4,0,Screen 4,Flat,,,,24.0,0,https://booking.epictheatres.com/launch/ticketing/e275289a-71d6-5bf5-84a3-4c7bef5c5c13,webedia-api; post-show-census; occupancy_rate=24; reserved=y,EPIC,,,post-show-census
2026-09-25,webedia-2026-09-27T19:05Z,2026-09-27T19:05:45.958878+00:00,2026-09-27T19:00Z,2026-09-27,Sunday,Epic Theatres at Lee Vista with Epic XL,,America/New_York,Primetime,17:15,X0X0T:2026-09-27T17:15:00:4,129,Screen 4,Flat,,,,2.0,0,https://booking.epictheatres.com/launch/ticketing/61df7e48-850d-54b9-bb09-2ee72f542bc4,webedia-api; occupancy_rate=2; reserved=y,EPIC,,,webedia-api
2026-09-25,webedia-2026-09-27T19:05Z,2026-09-27T19:05:45.958878+00:00,2026-09-27T19:00Z,2026-09-27,Sunday,Epic Theatres at Lee Vista with Epic XL,,America/New_York,Primetime,19:35,X0X0T:2026-09-27T19:35:00:4,269,Screen 4,Flat,,,,39.0,0,https://booking.epictheatres.com/launch/ticketing/2be478fd-d759-5136-810d-b06d9bb50bc1,webedia-api; occupancy_rate=39; reserved=y,EPIC,,,webedia-api
2026-09-25,webedia-2026-09-27T19:05Z,2026-09-27T19:05:45.958878+00:00,2026-09-27T19:00Z,2026-09-27,Sunday,Epic Theatres at Lee Vista with Epic XL,,America/New_York,Primetime,22:10,X0X0T:2026-09-27T22:10:00:4,424,Screen 4,Flat,,,,4.0,0,https://booking.epictheatres.com/launch/ticketing/77f7740c-0e24-5838-8dc3-fc2ed36ebd09,webedia-api; occupancy_rate=4; reserved=y,EPIC,,,webedia-api
2026-09-25,webedia-2026-09-27T19:05Z,2026-09-27T19:05:45.958878+00:00,2026-09-27T19:00Z,2026-09-27,Sunday,Epic Theatres at Mount Dora with Epic XL,,America/New_York,Forgotten Island,11:00,X114I:2026-09-27T11:00:00:1,0,Screen 1,Scope,,,,3.0,0,https://booking.epictheatres.com/launch/ticketing/d921aba0-1010-5954-9066-e172cbfeb671,webedia-api; post-show-census; occupancy_rate=3; reserved=y,EPIC,,,post-show-census
2026-09-25,webedia-2026-09-27T19:05Z,2026-09-27T19:05:45.958878+00:00,2026-09-27T19:00Z,2026-09-27,Sunday,Epic Theatres at Mount Dora with Epic XL,,America/New_York,Forgotten Island,11:35,X114I:2026-09-27T11:35:00:3,0,Screen 3,Scope,,,,17.0,0,https://booking.epictheatres.com/launch/ticketing/b40f931b-7afe-5d3f-a7c2-8407f31e07a5,webedia-api; post-show-census; occupancy_rate=17; reserved=y,EPIC,,,post-show-census
2026-09-25,webedia-2026-09-27T19:05Z,2026-09-27T19:05:45.958878+00:00,2026-09-27T19:00Z,2026-09-27,Sunday,Epic Theatres at Mount Dora with Epic XL,,America/New_York,Forgotten Island,13:35,X114I:2026-09-27T13:35:00:1,0,Screen 1,Scope,,,,5.0,0,https://booking.epictheatres.com/launch/ticketing/da6697a0-501f-59d7-aca0-be487de49d3d,webedia-api; post-show-census; occupancy_rate=5; reserved=y,EPIC,,,post-show-census
2026-09-25,webedia-2026-09-27T19:05Z,2026-09-27T19:05:45.958878+00:00,2026-09-27T19:00Z,2026-09-27,Sunday,Epic Theatres at Mount Dora with Epic XL,,America/New_York,Forgotten Island,14:10,X114I:2026-09-27T14:10:00:3,0,Screen 3,"3d,Scope",,,,21.0,0,https://booking.epictheatres.com/launch/ticketing/fac4b768-6e90-540d-adac-85d00f02ab40,webedia-api; post-show-census; occupancy_rate=21; reserved=y,EPIC,,,post-show-census
2026-09-25,webedia-2026-09-27T19:05Z,2026-09-27T19:05:45.958878+00:00,2026-09-27T19:00Z,2026-09-27,Sunday,Epic Theatres at Mount Dora with Epic XL,,America/New_York,Forgotten Island,16:45,X114I:2026-09-27T16:45:00:3,99,Screen 3,Scope,,,,4.0,0,https://booking.epictheatres.com/launch/ticketing/e9c84f88-1244-5d9f-8980-d3e82e5b5a1c,webedia-api; occupancy_rate=4; reserved=y,EPIC,,,webedia-api
2026-09-25,webedia-2026-09-27T19:05Z,2026-09-27T19:05:45.958878+00:00,2026-09-27T19:00Z,2026-09-27,Sunday,Epic Theatres at Mount Dora with Epic XL,,America/New_York,Forgotten Island,19:20,X114I:2026-09-27T19:20:00:3,254,Screen 3,"3d,Scope",,,,0.0,0,https://booking.epictheatres.com/launch/ticketing/c08823ee-5602-525b-91e2-a6b47052970a,webedia-api; occupancy_rate=0; reserved=y,EPIC,,,webedia-api
2026-09-25,webedia-2026-09-27T19:05Z,2026-09-27T19:05:45.958878+00:00,2026-09-27T19:00Z,2026-09-27,Sunday,Epic Theatres at Mount Dora with Epic XL,,America/New_York,Forgotten Island,21:55,X114I:2026-09-27T21:55:00:3,409,Screen 3,Scope,,,,0.0,0,https://booking.epictheatres.com/launch/ticketing/4bb46398-4bf0-50a8-adb1-2115d041e24f,webedia-api; occupancy_rate=0; reserved=y,EPIC,,,webedia-api
2026-09-25,webedia-2026-09-27T19:05Z,2026-09-27T19:05:45.958878+00:00,2026-09-27T19:00Z,2026-09-27,Sunday,Epic Theatres at Mount Dora with Epic XL,,America/New_York,Heart of the Beast,12:00,X114I:2026-09-27T12:00:00:7,0,Screen 7,Scope,,,,24.0,0,https://booking.epictheatres.com/launch/ticketing/ce2d37d5-1fa8-523b-83be-f01e0e46c16f,webedia-api; post-show-census; occupancy_rate=24; reserved=y,EPIC,,,post-show-census
2026-09-25,webedia-2026-09-27T19:05Z,2026-09-27T19:05:45.958878+00:00,2026-09-27T19:00Z,2026-09-27,Sunday,Epic Theatres at Mount Dora with Epic XL,,America/New_York,Heart of the Beast,14:30,X114I:2026-09-27T14:30:00:7,0,Screen 7,Scope,,,,50.0,0,https://booking.epictheatres.com/launch/ticketing/f8f05255-c6a7-520c-aaf5-81ca8bdfce15,webedia-api; post-show-census; occupancy_rate=50; reserved=y,EPIC,,,post-show-census
2026-09-25,webedia-2026-09-27T19:05Z,2026-09-27T19:05:45.958878+00:00,2026-09-27T19:00Z,2026-09-27,Sunday,Epic Theatres at Mount Dora with Epic XL,,America/New_York,Heart of the Beast,16:10,X114I:2026-09-27T16:10:00:1,64,Screen 1,Scope,,,,3.0,0,https://booking.epictheatres.com/launch/ticketing/b38aefd4-5c18-5d8c-973b-8afd717efe2a,webedia-api; occupancy_rate=3; reserved=y,EPIC,,,webedia-api
2026-09-25,webedia-2026-09-27T19:05Z,2026-09-27T19:05:45.958878+00:00,2026-09-27T19:00Z,2026-09-27,Sunday,Epic Theatres at Mount Dora with Epic XL,,America/New_York,Heart of the Beast,17:00,X114I:2026-09-27T17:00:00:7,114,Screen 7,Scope,,,,16.0,0,https://booking.epictheatres.com/launch/ticketing/6b29d2f0-45a0-59d0-95a0-6ec5c89c8569,webedia-api; occupancy_rate=16; reserved=y,EPIC,,,webedia-api
2026-09-25,webedia-2026-09-27T19:05Z,2026-09-27T19:05:45.958878+00:00,2026-09-27T19:00Z,2026-09-27,Sunday,Epic Theatres at Mount Dora with Epic XL,,America/New_York,Heart of the Beast,18:40,X114I:2026-09-27T18:40:00:1,214,Screen 1,Scope,,,,1.0,0,https://booking.epictheatres.com/launch/ticketing/51b641b6-e516-590b-ae08-15c933721ea2,webedia-api; occupancy_rate=1; reserved=y,EPIC,,,webedia-api
2026-09-25,webedia-2026-09-27T19:05Z,2026-09-27T19:05:45.958878+00:00,2026-09-27T19:00Z,2026-09-27,Sunday,Epic Theatres at Mount Dora with Epic XL,,America/New_York,Heart of the Beast,19:30,X114I:2026-09-27T19:30:00:7,264,Screen 7,Scope,,,,5.0,0,https://booking.epictheatres.com/launch/ticketing/928153a2-3693-5e57-a540-3fdee8227a48,webedia-api; occupancy_rate=5; reserved=y,EPIC,,,webedia-api
2026-09-25,webedia-2026-09-27T19:05Z,2026-09-27T19:05:45.958878+00:00,2026-09-27T19:00Z,2026-09-27,Sunday,Epic Theatres at Mount Dora with Epic XL,,America/New_York,Heart of the Beast,22:00,X114I:2026-09-27T22:00:00:7,414,Screen 7,Scope,,,,0.0,0,https://booking.epictheatres.com/launch/ticketing/b7b487bf-ede2-5901-97b7-dae5d537af46,webedia-api; occupancy_rate=0; reserved=y,EPIC,,,webedia-api
2026-09-25,webedia-2026-09-27T19:05Z,2026-09-27T19:05:45.958878+00:00,2026-09-27T19:00Z,2026-09-27,Sunday,Epic Theatres at Mount Dora with Epic XL,,America/New_York,Primetime,11:50,X114I:2026-09-27T11:50:00:2,0,Screen 2,Flat,,,,11.0,0,https://booking.epictheatres.com/launch/ticketing/88fccc4f-6c05-5be5-aee8-3d12b053bb49,webedia-api; post-show-census; occupancy_rate=11; reserved=y,EPIC,,,post-show-census
2026-09-25,webedia-2026-09-27T19:05Z,2026-09-27T19:05:45.958878+00:00,2026-09-27T19:00Z,2026-09-27,Sunday,Epic Theatres at Mount Dora with Epic XL,,America/New_York,Primetime,14:25,X114I:2026-09-27T14:25:00:2,0,Screen 2,Flat,,,,5.0,0,https://booking.epictheatres.com/launch/ticketing/89fdbc28-d02b-5104-997e-8128ae8baa74,webedia-api; post-show-census; occupancy_rate=5; reserved=y,EPIC,,,post-show-census
2026-09-25,webedia-2026-09-27T19:05Z,2026-09-27T19:05:45.958878+00:00,2026-09-27T19:00Z,2026-09-27,Sunday,Epic Theatres at Mount Dora with Epic XL,,America/New_York,Primetime,17:00,X114I:2026-09-27T17:00:00:2,114,Screen 2,Flat,,,,11.0,0,https://booking.epictheatres.com/launch/ticketing/f4e5974c-4604-5f48-ab94-9dc78f3dc2e0,webedia-api; occupancy_rate=11; reserved=y,EPIC,,,webedia-api
2026-09-25,webedia-2026-09-27T19:05Z,2026-09-27T19:05:45.958878+00:00,2026-09-27T19:00Z,2026-09-27,Sunday,Epic Theatres at Mount Dora with Epic XL,,America/New_York,Primetime,19:35,X114I:2026-09-27T19:35:00:2,269,Screen 2,Flat,,,,7.0,0,https://booking.epictheatres.com/launch/ticketing/151394c8-967a-59be-93b5-1f797a35164b,webedia-api; occupancy_rate=7; reserved=y,EPIC,,,webedia-api
2026-09-25,webedia-2026-09-27T19:05Z,2026-09-27T19:05:45.958878+00:00,2026-09-27T19:00Z,2026-09-27,Sunday,Epic Theatres at Mount Dora with Epic XL,,America/New_York,Primetime,22:10,X114I:2026-09-27T22:10:00:2,424,Screen 2,Flat,,,,3.0,0,https://booking.epictheatres.com/launch/ticketing/3a33760a-dacc-55e7-a0a9-dfa43675ee77,webedia-api; occupancy_rate=3; reserved=y,EPIC,,,webedia-api
2026-09-25,webedia-2026-09-27T19:05Z,2026-09-27T19:05:45.958878+00:00,2026-09-27T19:00Z,2026-09-27,Sunday,Epic Theatres at Oakleaf with Epic XL,,America/New_York,Forgotten Island,11:15,X0X3V:2026-09-27T11:15:00:4,0,Screen 4,Scope,,,,13.0,0,https://booking.epictheatres.com/launch/ticketing/641f35fc-8ece-5df4-a257-d76ac54faeff,webedia-api; post-show-census; occupancy_rate=13; reserved=y,EPIC,,,post-show-census
2026-09-25,webedia-2026-09-27T19:05Z,2026-09-27T19:05:45.958878+00:00,2026-09-27T19:00Z,2026-09-27,Sunday,Epic Theatres at Oakleaf with Epic XL,,America/New_York,Forgotten Island,11:45,X0X3V:2026-09-27T11:45:00:6,0,Screen 6,Scope,,,,17.0,0,https://booking.epictheatres.com/launch/ticketing/a9d93994-8f1a-5fe4-b165-76c09f3eb1b0,webedia-api; post-show-census; occupancy_rate=17; reserved=y,EPIC,,,post-show-census
2026-09-25,webedia-2026-09-27T19:05Z,2026-09-27T19:05:45.958878+00:00,2026-09-27T19:00Z,2026-09-27,Sunday,Epic Theatres at Oakleaf with Epic XL,,America/New_York,Forgotten Island,12:15,X0X3V:2026-09-27T12:15:00:12,0,Screen 12,Scope,,,,1.0,0,https://booking.epictheatres.com/launch/ticketing/b94d7463-2d61-5819-a849-094a7152d19d,webedia-api; post-show-census; occupancy_rate=1; reserved=y,EPIC,,,post-show-census
2026-09-25,webedia-2026-09-27T19:05Z,2026-09-27T19:05:45.958878+00:00,2026-09-27T19:00Z,2026-09-27,Sunday,Epic Theatres at Oakleaf with Epic XL,,America/New_York,Forgotten Island,13:50,X0X3V:2026-09-27T13:50:00:4,0,Screen 4,"3d,Scope",,,,17.0,0,https://booking.epictheatres.com/launch/ticketing/bf1172a7-3085-5dcc-bcf9-3d5bbde7cd77,webedia-api; post-show-census; occupancy_rate=17; reserved=y,EPIC,,,post-show-census
2026-09-25,webedia-2026-09-27T19:05Z,2026-09-27T19:05:45.958878+00:00,2026-09-27T19:00Z,2026-09-27,Sunday,Epic Theatres at Oakleaf with Epic XL,,America/New_York,Forgotten Island,14:20,X0X3V:2026-09-27T14:20:00:6,0,Screen 6,Scope,,,,42.0,0,https://booking.epictheatres.com/launch/ticketing/a9ab3dfb-d0f0-50d7-8d59-f2a05bab8441,webedia-api; post-show-census; occupancy_rate=42; reserved=y,EPIC,,,post-show-census
2026-09-25,webedia-2026-09-27T19:05Z,2026-09-27T19:05:45.958878+00:00,2026-09-27T19:00Z,2026-09-27,Sunday,Epic Theatres at Oakleaf with Epic XL,,America/New_York,Forgotten Island,16:25,X0X3V:2026-09-27T16:25:00:4,79,Screen 4,Scope,,,,17.0,0,https://booking.epictheatres.com/launch/ticketing/cda3cc5a-2fee-52e3-ac05-9650fd8ad3c0,webedia-api; occupancy_rate=17; reserved=y,EPIC,,,webedia-api
2026-09-25,webedia-2026-09-27T19:05Z,2026-09-27T19:05:45.958878+00:00,2026-09-27T19:00Z,2026-09-27,Sunday,Epic Theatres at Oakleaf with Epic XL,,America/New_York,Forgotten Island,19:00,X0X3V:2026-09-27T19:00:00:4,234,Screen 4,Scope,,,,0.0,0,https://booking.epictheatres.com/launch/ticketing/8ecc335e-44f6-5af9-b88e-9128f7c66385,webedia-api; occupancy_rate=0; reserved=y,EPIC,,,webedia-api
2026-09-25,webedia-2026-09-27T19:05Z,2026-09-27T19:05:45.958878+00:00,2026-09-27T19:00Z,2026-09-27,Sunday,Epic Theatres at Oakleaf with Epic XL,,America/New_York,Forgotten Island,21:35,X0X3V:2026-09-27T21:35:00:4,389,Screen 4,Scope,,,,0.0,0,https://booking.epictheatres.com/launch/ticketing/65803baf-9b73-5747-bce6-f6fcc3d9a829,webedia-api; occupancy_rate=0; reserved=y,EPIC,,,webedia-api
2026-09-25,webedia-2026-09-27T19:05Z,2026-09-27T19:05:45.958878+00:00,2026-09-27T19:00Z,2026-09-27,Sunday,Epic Theatres at Oakleaf with Epic XL,,America/New_York,Heart of the Beast,11:50,X0X3V:2026-09-27T11:50:00:7,0,Screen 7,Scope,,,,29.0,0,https://booking.epictheatres.com/launch/ticketing/9923a200-7fed-59b2-b23a-f7a1ff37e5ed,webedia-api; post-show-census; occupancy_rate=29; reserved=y,EPIC,,,post-show-census
2026-09-25,webedia-2026-09-27T19:05Z,2026-09-27T19:05:45.958878+00:00,2026-09-27T19:00Z,2026-09-27,Sunday,Epic Theatres at Oakleaf with Epic XL,,America/New_York,Heart of the Beast,14:20,X0X3V:2026-09-27T14:20:00:8,0,Screen 8,Scope,,,,20.0,0,https://booking.epictheatres.com/launch/ticketing/a8f3d645-8cf3-5379-9a74-4953292102f3,webedia-api; post-show-census; occupancy_rate=20; reserved=y,EPIC,,,post-show-census
2026-09-25,webedia-2026-09-27T19:05Z,2026-09-27T19:05:45.958878+00:00,2026-09-27T19:00Z,2026-09-27,Sunday,Epic Theatres at Oakleaf with Epic XL,,America/New_York,Heart of the Beast,15:20,X0X3V:2026-09-27T15:20:00:12,14,Screen 12,Scope,,,,4.0,0,https://booking.epictheatres.com/launch/ticketing/4cfdadf9-35a4-5a8e-96af-b3c131363bfb,webedia-api; occupancy_rate=4; reserved=y,EPIC,,,webedia-api
2026-09-25,webedia-2026-09-27T19:05Z,2026-09-27T19:05:45.958878+00:00,2026-09-27T19:00Z,2026-09-27,Sunday,Epic Theatres at Oakleaf with Epic XL,,America/New_York,Heart of the Beast,16:50,X0X3V:2026-09-27T16:50:00:8,104,Screen 8,Scope,,,,7.0,0,https://booking.epictheatres.com/launch/ticketing/421bb4e6-8d33-583f-929c-3123ffabbef1,webedia-api; occupancy_rate=7; reserved=y,EPIC,,,webedia-api
2026-09-25,webedia-2026-09-27T19:05Z,2026-09-27T19:05:45.958878+00:00,2026-09-27T19:00Z,2026-09-27,Sunday,Epic Theatres at Oakleaf with Epic XL,,America/New_York,Heart of the Beast,19:20,X0X3V:2026-09-27T19:20:00:8,254,Screen 8,Scope,,,,0.0,0,https://booking.epictheatres.com/launch/ticketing/cb5032fc-13c4-5844-851a-f772268b90c2,webedia-api; occupancy_rate=0; reserved=y,EPIC,,,webedia-api
2026-09-25,webedia-2026-09-27T19:05Z,2026-09-27T19:05:45.958878+00:00,2026-09-27T19:00Z,2026-09-27,Sunday,Epic Theatres at Oakleaf with Epic XL,,America/New_York,Heart of the Beast,21:50,X0X3V:2026-09-27T21:50:00:8,404,Screen 8,Scope,,,,2.0,0,https://booking.epictheatres.com/launch/ticketing/5e62c2a8-e8fa-5ed1-a624-1e9bc85a38df,webedia-api; occupancy_rate=2; reserved=y,EPIC,,,webedia-api
2026-09-25,webedia-2026-09-27T19:05Z,2026-09-27T19:05:45.958878+00:00,2026-09-27T19:00Z,2026-09-27,Sunday,Epic Theatres at Oakleaf with Epic XL,,America/New_York,Primetime,11:50,X0X3V:2026-09-27T11:50:00:5,0,Screen 5,Flat,,,,6.0,0,https://booking.epictheatres.com/launch/ticketing/33cf6e30-7cf4-5f7c-8347-2d2859ecdd5a,webedia-api; post-show-census; occupancy_rate=6; reserved=y,EPIC,,,post-show-census
2026-09-25,webedia-2026-09-27T19:05Z,2026-09-27T19:05:45.958878+00:00,2026-09-27T19:00Z,2026-09-27,Sunday,Epic Theatres at Oakleaf with Epic XL,,America/New_York,Primetime,14:25,X0X3V:2026-09-27T14:25:00:5,0,Screen 5,Flat,,,,14.0,0,https://booking.epictheatres.com/launch/ticketing/cc785c06-c268-5c71-be76-cb94eb0e9fc9,webedia-api; post-show-census; occupancy_rate=14; reserved=y,EPIC,,,post-show-census
2026-09-25,webedia-2026-09-27T19:05Z,2026-09-27T19:05:45.958878+00:00,2026-09-27T19:00Z,2026-09-27,Sunday,Epic Theatres at Oakleaf with Epic XL,,America/New_York,Primetime,17:00,X0X3V:2026-09-27T17:00:00:5,114,Screen 5,Flat,,,,16.0,0,https://booking.epictheatres.com/launch/ticketing/860295df-1996-50c2-82b8-399d6b8342a7,webedia-api; occupancy_rate=16; reserved=y,EPIC,,,webedia-api
2026-09-25,webedia-2026-09-27T19:05Z,2026-09-27T19:05:45.958878+00:00,2026-09-27T19:00Z,2026-09-27,Sunday,Epic Theatres at Oakleaf with Epic XL,,America/New_York,Primetime,19:35,X0X3V:2026-09-27T19:35:00:5,269,Screen 5,Flat,,,,8.0,0,https://booking.epictheatres.com/launch/ticketing/368f7f38-0e96-5980-986f-0be72a0cd4f8,webedia-api; occupancy_rate=8; reserved=y,EPIC,,,webedia-api
2026-09-25,webedia-2026-09-27T19:05Z,2026-09-27T19:05:45.958878+00:00,2026-09-27T19:00Z,2026-09-27,Sunday,Epic Theatres at Oakleaf with Epic XL,,America/New_York,Primetime,22:10,X0X3V:2026-09-27T22:10:00:5,424,Screen 5,Flat,,,,0.0,0,https://booking.epictheatres.com/launch/ticketing/641e4661-095f-5915-99d0-085c2d3340e5,webedia-api; occupancy_rate=0; reserved=y,EPIC,,,webedia-api
2026-09-25,webedia-2026-09-27T19:05Z,2026-09-27T19:05:45.958878+00:00,2026-09-27T19:00Z,2026-09-27,Sunday,Epic Theatres at Titusville with Epic XL,,America/New_York,Forgotten Island,11:15,X114J:2026-09-27T11:15:00:1,0,Screen 1,Scope,,,,10.0,0,https://booking.epictheatres.com/launch/ticketing/cd444f0a-1502-5c96-a6ed-a67be985999a,webedia-api; post-show-census; occupancy_rate=10; reserved=y,EPIC,,,post-show-census
2026-09-25,webedia-2026-09-27T19:05Z,2026-09-27T19:05:45.958878+00:00,2026-09-27T19:00Z,2026-09-27,Sunday,Epic Theatres at Titusville with Epic XL,,America/New_York,Forgotten Island,13:50,X114J:2026-09-27T13:50:00:1,0,Screen 1,"3d,Scope",,,,13.0,0,https://booking.epictheatres.com/launch/ticketing/79ebad59-2e5c-5da5-a153-9492740f307a,webedia-api; post-show-census; occupancy_rate=13; reserved=y,EPIC,,,post-show-census
2026-09-25,webedia-2026-09-27T19:05Z,2026-09-27T19:05:45.958878+00:00,2026-09-27T19:00Z,2026-09-27,Sunday,Epic Theatres at Titusville with Epic XL,,America/New_York,Forgotten Island,16:25,X114J:2026-09-27T16:25:00:1,79,Screen 1,Scope,,,,13.0,0,https://booking.epictheatres.com/launch/ticketing/a9ef2740-5e6a-5460-a58b-60a58c24c5ba,webedia-api; occupancy_rate=13; reserved=y,EPIC,,,webedia-api
2026-09-25,webedia-2026-09-27T19:05Z,2026-09-27T19:05:45.958878+00:00,2026-09-27T19:00Z,2026-09-27,Sunday,Epic Theatres at Titusville with Epic XL,,America/New_York,Forgotten Island,17:15,X114J:2026-09-27T17:15:00:6,129,Screen 6,Scope,,,,0.0,0,https://booking.epictheatres.com/launch/ticketing/167119cc-0863-54a7-ba6e-d1a9c22f7468,webedia-api; occupancy_rate=0; reserved=y,EPIC,,,webedia-api
2026-09-25,webedia-2026-09-27T19:05Z,2026-09-27T19:05:45.958878+00:00,2026-09-27T19:00Z,2026-09-27,Sunday,Epic Theatres at Titusville with Epic XL,,America/New_York,Forgotten Island,19:00,X114J:2026-09-27T19:00:00:1,234,Screen 1,Scope,,,,1.0,0,https://booking.epictheatres.com/launch/ticketing/8e2d1d22-9aac-5163-9c71-2d7af93a8d8d,webedia-api; occupancy_rate=1; reserved=y,EPIC,,,webedia-api
2026-09-25,webedia-2026-09-27T19:05Z,2026-09-27T19:05:45.958878+00:00,2026-09-27T19:00Z,2026-09-27,Sunday,Epic Theatres at Titusville with Epic XL,,America/New_York,Forgotten Island,21:35,X114J:2026-09-27T21:35:00:1,389,Screen 1,Scope,,,,0.0,0,https://booking.epictheatres.com/launch/ticketing/cccbdd09-deb1-5bb6-9410-8e1061aca736,webedia-api; occupancy_rate=0; reserved=y,EPIC,,,webedia-api
2026-09-25,webedia-2026-09-27T19:05Z,2026-09-27T19:05:45.958878+00:00,2026-09-27T19:00Z,2026-09-27,Sunday,Epic Theatres at Titusville with Epic XL,,America/New_York,Heart of the Beast,11:50,X114J:2026-09-27T11:50:00:9,0,Screen 9,Scope,,,,20.0,0,https://booking.epictheatres.com/launch/ticketing/985f3891-2dde-5169-a7b8-34df5f02f50e,webedia-api; post-show-census; occupancy_rate=20; reserved=y,EPIC,,,post-show-census
2026-09-25,webedia-2026-09-27T19:05Z,2026-09-27T19:05:45.958878+00:00,2026-09-27T19:00Z,2026-09-27,Sunday,Epic Theatres at Titusville with Epic XL,,America/New_York,Heart of the Beast,14:20,X114J:2026-09-27T14:20:00:9,0,Screen 9,Scope,,,,22.0,0,https://booking.epictheatres.com/launch/ticketing/c655a10e-1a21-5690-aef0-0cb5a6cd2436,webedia-api; post-show-census; occupancy_rate=22; reserved=y,EPIC,,,post-show-census
2026-09-25,webedia-2026-09-27T19:05Z,2026-09-27T19:05:45.958878+00:00,2026-09-27T19:00Z,2026-09-27,Sunday,Epic Theatres at Titusville with Epic XL,,America/New_York,Heart of the Beast,15:30,X114J:2026-09-27T15:30:00:12,24,Screen 12,Scope,,,,7.0,0,https://booking.epictheatres.com/launch/ticketing/88b60388-51a2-5609-9f74-b3151c521c98,webedia-api; occupancy_rate=7; reserved=y,EPIC,,,webedia-api
2026-09-25,webedia-2026-09-27T19:05Z,2026-09-27T19:05:45.958878+00:00,2026-09-27T19:00Z,2026-09-27,Sunday,Epic Theatres at Titusville with Epic XL,,America/New_York,Heart of the Beast,16:50,X114J:2026-09-27T16:50:00:9,104,Screen 9,Scope,,,,13.0,0,https://booking.epictheatres.com/launch/ticketing/cebd1b94-42e7-5824-bfbc-a1081aba4f60,webedia-api; occupancy_rate=13; reserved=y,EPIC,,,webedia-api
2026-09-25,webedia-2026-09-27T19:05Z,2026-09-27T19:05:45.958878+00:00,2026-09-27T19:00Z,2026-09-27,Sunday,Epic Theatres at Titusville with Epic XL,,America/New_York,Heart of the Beast,19:20,X114J:2026-09-27T19:20:00:9,254,Screen 9,Scope,,,,6.0,0,https://booking.epictheatres.com/launch/ticketing/49e5ce62-6fa0-508d-afdb-7f71e5c14609,webedia-api; occupancy_rate=6; reserved=y,EPIC,,,webedia-api
2026-09-25,webedia-2026-09-27T19:05Z,2026-09-27T19:05:45.958878+00:00,2026-09-27T19:00Z,2026-09-27,Sunday,Epic Theatres at Titusville with Epic XL,,America/New_York,Heart of the Beast,21:50,X114J:2026-09-27T21:50:00:9,404,Screen 9,Scope,,,,0.0,0,https://booking.epictheatres.com/launch/ticketing/aeeeedef-40e3-5947-b78c-cbc4339f98fc,webedia-api; occupancy_rate=0; reserved=y,EPIC,,,webedia-api
2026-09-25,webedia-2026-09-27T19:05Z,2026-09-27T19:05:45.958878+00:00,2026-09-27T19:00Z,2026-09-27,Sunday,Epic Theatres at Titusville with Epic XL,,America/New_York,Primetime,11:50,X114J:2026-09-27T11:50:00:6,0,Screen 6,Flat,,,,55.0,0,https://booking.epictheatres.com/launch/ticketing/eea66fa0-57e0-5a22-8e21-7d36b0f50c0c,webedia-api; post-show-census; occupancy_rate=55; reserved=y,EPIC,,,post-show-census
2026-09-25,webedia-2026-09-27T19:05Z,2026-09-27T19:05:45.958878+00:00,2026-09-27T19:00Z,2026-09-27,Sunday,Epic Theatres at Titusville with Epic XL,,America/New_York,Primetime,14:25,X114J:2026-09-27T14:25:00:6,0,Screen 6,Flat,,,,14.0,0,https://booking.epictheatres.com/launch/ticketing/7a3ede5c-8ab4-551b-b84e-511fcc0b14ab,webedia-api; post-show-census; occupancy_rate=14; reserved=y,EPIC,,,post-show-census
2026-09-25,webedia-2026-09-27T19:05Z,2026-09-27T19:05:45.958878+00:00,2026-09-27T19:00Z,2026-09-27,Sunday,Epic Theatres at Titusville with Epic XL,,America/New_York,Primetime,16:40,X114J:2026-09-27T16:40:00:4,94,Screen 4,Flat,,,,10.0,0,https://booking.epictheatres.com/launch/ticketing/c2c1a918-1121-5dbc-aef0-9f4fc791e789,webedia-api; occupancy_rate=10; reserved=y,EPIC,,,webedia-api
2026-09-25,webedia-2026-09-27T19:05Z,2026-09-27T19:05:45.958878+00:00,2026-09-27T19:00Z,2026-09-27,Sunday,Epic Theatres at Titusville with Epic XL,,America/New_York,Primetime,19:35,X114J:2026-09-27T19:35:00:6,269,Screen 6,Flat,,,,12.0,0,https://booking.epictheatres.com/launch/ticketing/b1e46cac-2da5-5ff5-8acb-531975793571,webedia-api; occupancy_rate=12; reserved=y,EPIC,,,webedia-api
2026-09-25,webedia-2026-09-27T19:05Z,2026-09-27T19:05:45.958878+00:00,2026-09-27T19:00Z,2026-09-27,Sunday,Epic Theatres at Titusville with Epic XL,,America/New_York,Primetime,22:10,X114J:2026-09-27T22:10:00:6,424,Screen 6,Flat,,,,0.0,0,https://booking.epictheatres.com/launch/ticketing/87197138-b4ba-54aa-aee6-f8727fc9aec0,webedia-api; occupancy_rate=0; reserved=y,EPIC,,,webedia-api
2026-09-25,webedia-2026-09-27T19:05Z,2026-09-27T19:05:45.958878+00:00,2026-09-27T19:00Z,2026-09-27,Sunday,Epic Theatres of Clermont,,America/New_York,Forgotten Island,11:15,X0B27:2026-09-27T11:15:00:16,0,Screen 16,Scope,,,,18.0,0,https://booking.epictheatres.com/launch/ticketing/fb1a4c5a-1328-533c-9259-b7cb86d14433,webedia-api; post-show-census; occupancy_rate=18; reserved=y,EPIC,,,post-show-census
2026-09-25,webedia-2026-09-27T19:05Z,2026-09-27T19:05:45.958878+00:00,2026-09-27T19:00Z,2026-09-27,Sunday,Epic Theatres of Clermont,,America/New_York,Forgotten Island,11:45,X0B27:2026-09-27T11:45:00:11,0,Screen 11,Scope,,,,31.0,0,https://booking.epictheatres.com/launch/ticketing/9ab6f7b0-a3cb-556c-98c7-daf3af8bd63a,webedia-api; post-show-census; occupancy_rate=31; reserved=y,EPIC,,,post-show-census
2026-09-25,webedia-2026-09-27T19:05Z,2026-09-27T19:05:45.958878+00:00,2026-09-27T19:00Z,2026-09-27,Sunday,Epic Theatres of Clermont,,America/New_York,Forgotten Island,12:15,X0B27:2026-09-27T12:15:00:4,0,Screen 4,Scope,,,,21.0,0,https://booking.epictheatres.com/launch/ticketing/bc4cfd7d-193a-57ff-a60a-e63185e52164,webedia-api; post-show-census; occupancy_rate=21; reserved=y,EPIC,,,post-show-census
2026-09-25,webedia-2026-09-27T19:05Z,2026-09-27T19:05:45.958878+00:00,2026-09-27T19:00Z,2026-09-27,Sunday,Epic Theatres of Clermont,,America/New_York,Forgotten Island,13:50,X0B27:2026-09-27T13:50:00:16,0,Screen 16,"3d,Scope",,,,12.0,0,https://booking.epictheatres.com/launch/ticketing/28325f5b-d131-5198-8fb9-afbca2145a7b,webedia-api; post-show-census; occupancy_rate=12; reserved=y,EPIC,,,post-show-census
2026-09-25,webedia-2026-09-27T19:05Z,2026-09-27T19:05:45.958878+00:00,2026-09-27T19:00Z,2026-09-27,Sunday,Epic Theatres of Clermont,,America/New_York,Forgotten Island,14:15,X0B27:2026-09-27T14:15:00:11,0,Screen 11,Scope,,,,48.0,0,https://booking.epictheatres.com/launch/ticketing/f0c1c105-fada-5121-8509-516c7921462a,webedia-api; post-show-census; occupancy_rate=48; reserved=y,EPIC,,,post-show-census
2026-09-25,webedia-2026-09-27T19:05Z,2026-09-27T19:05:45.958878+00:00,2026-09-27T19:00Z,2026-09-27,Sunday,Epic Theatres of Clermont,,America/New_York,Forgotten Island,14:50,X0B27:2026-09-27T14:50:00:4,0,Screen 4,Scope,,,,29.0,0,https://booking.epictheatres.com/launch/ticketing/41608713-e8c8-50bb-9fb9-8c87d0b734ff,webedia-api; post-show-census; occupancy_rate=29; reserved=y,EPIC,,,post-show-census
2026-09-25,webedia-2026-09-27T19:05Z,2026-09-27T19:05:45.958878+00:00,2026-09-27T19:00Z,2026-09-27,Sunday,Epic Theatres of Clermont,,America/New_York,Forgotten Island,16:25,X0B27:2026-09-27T16:25:00:16,79,Screen 16,Scope,,,,9.0,0,https://booking.epictheatres.com/launch/ticketing/128bbf77-1853-59a2-9c73-46f0e50826b5,webedia-api; occupancy_rate=9; reserved=y,EPIC,,,webedia-api
2026-09-25,webedia-2026-09-27T19:05Z,2026-09-27T19:05:45.958878+00:00,2026-09-27T19:00Z,2026-09-27,Sunday,Epic Theatres of Clermont,,America/New_York,Forgotten Island,16:35,X0B27:2026-09-27T16:35:00:11,89,Screen 11,Scope,,,,6.0,0,https://booking.epictheatres.com/launch/ticketing/19d2faeb-5399-5fae-837b-110f27005a5c,webedia-api; occupancy_rate=6; reserved=y,EPIC,,,webedia-api
2026-09-25,webedia-2026-09-27T19:05Z,2026-09-27T19:05:45.958878+00:00,2026-09-27T19:00Z,2026-09-27,Sunday,Epic Theatres of Clermont,,America/New_York,Forgotten Island,17:25,X0B27:2026-09-27T17:25:00:4,139,Screen 4,Scope,,,,5.0,0,https://booking.epictheatres.com/launch/ticketing/9f7f5ae9-5765-5a3e-a826-11ea06c407d3,webedia-api; occupancy_rate=5; reserved=y,EPIC,,,webedia-api
2026-09-25,webedia-2026-09-27T19:05Z,2026-09-27T19:05:45.958878+00:00,2026-09-27T19:00Z,2026-09-27,Sunday,Epic Theatres of Clermont,,America/New_York,Forgotten Island,19:00,X0B27:2026-09-27T19:00:00:16,234,Screen 16,Scope,,,,2.0,0,https://booking.epictheatres.com/launch/ticketing/1d1dbe20-df0a-585b-a03e-5edeae622c22,webedia-api; occupancy_rate=2; reserved=y,EPIC,,,webedia-api
2026-09-25,webedia-2026-09-27T19:05Z,2026-09-27T19:05:45.958878+00:00,2026-09-27T19:00Z,2026-09-27,Sunday,Epic Theatres of Clermont,,America/New_York,Forgotten Island,20:00,X0B27:2026-09-27T20:00:00:4,294,Screen 4,Scope,,,,11.0,0,https://booking.epictheatres.com/launch/ticketing/1ed80018-c1d6-5069-aa95-c9fd44fbc3df,webedia-api; occupancy_rate=11; reserved=y,EPIC,,,webedia-api
2026-09-25,webedia-2026-09-27T19:05Z,2026-09-27T19:05:45.958878+00:00,2026-09-27T19:00Z,2026-09-27,Sunday,Epic Theatres of Clermont,,America/New_York,Forgotten Island,21:35,X0B27:2026-09-27T21:35:00:16,389,Screen 16,Scope,,,,0.0,0,https://booking.epictheatres.com/launch/ticketing/e638891e-d9bc-5a4d-90cc-c8e5cfd1c982,webedia-api; occupancy_rate=0; reserved=y,EPIC,,,webedia-api
2026-09-25,webedia-2026-09-27T19:05Z,2026-09-27T19:05:45.958878+00:00,2026-09-27T19:00Z,2026-09-27,Sunday,Epic Theatres of Clermont,,America/New_York,Forgotten Island,21:50,X0B27:2026-09-27T21:50:00:11,404,Screen 11,Scope,,,,0.0,0,https://booking.epictheatres.com/launch/ticketing/0f9a81d1-9870-5eed-923e-44f726687d78,webedia-api; occupancy_rate=0; reserved=y,EPIC,,,webedia-api
2026-09-25,webedia-2026-09-27T19:05Z,2026-09-27T19:05:45.958878+00:00,2026-09-27T19:00Z,2026-09-27,Sunday,Epic Theatres of Clermont,,America/New_York,Heart of the Beast,11:50,X0B27:2026-09-27T11:50:00:8,0,Screen 8,Scope,,,,16.0,0,https://booking.epictheatres.com/launch/ticketing/2ba0d117-82a5-5691-bd88-a1eba48c7aba,webedia-api; post-show-census; occupancy_rate=16; reserved=y,EPIC,,,post-show-census
2026-09-25,webedia-2026-09-27T19:05Z,2026-09-27T19:05:45.958878+00:00,2026-09-27T19:00Z,2026-09-27,Sunday,Epic Theatres of Clermont,,America/New_York,Heart of the Beast,14:20,X0B27:2026-09-27T14:20:00:8,0,Screen 8,Scope,,,,38.0,0,https://booking.epictheatres.com/launch/ticketing/450d6ce0-d28d-5eb1-8bfe-bf55d2aac824,webedia-api; post-show-census; occupancy_rate=38; reserved=y,EPIC,,,post-show-census
2026-09-25,webedia-2026-09-27T19:05Z,2026-09-27T19:05:45.958878+00:00,2026-09-27T19:00Z,2026-09-27,Sunday,Epic Theatres of Clermont,,America/New_York,Heart of the Beast,16:50,X0B27:2026-09-27T16:50:00:8,104,Screen 8,Scope,,,,1.0,0,https://booking.epictheatres.com/launch/ticketing/f241dc28-5105-5f47-8d74-92d03889d6d4,webedia-api; occupancy_rate=1; reserved=y,EPIC,,,webedia-api
2026-09-25,webedia-2026-09-27T19:05Z,2026-09-27T19:05:45.958878+00:00,2026-09-27T19:00Z,2026-09-27,Sunday,Epic Theatres of Clermont,,America/New_York,Heart of the Beast,17:50,X0B27:2026-09-27T17:50:00:14,164,Screen 14,Scope,,,,4.0,0,https://booking.epictheatres.com/launch/ticketing/cd8f8474-0909-544a-bde5-4d321c3a3f2a,webedia-api; occupancy_rate=4; reserved=y,EPIC,,,webedia-api
2026-09-25,webedia-2026-09-27T19:05Z,2026-09-27T19:05:45.958878+00:00,2026-09-27T19:00Z,2026-09-27,Sunday,Epic Theatres of Clermont,,America/New_York,Heart of the Beast,19:20,X0B27:2026-09-27T19:20:00:8,254,Screen 8,Scope,,,,4.0,0,https://booking.epictheatres.com/launch/ticketing/50613631-fb6c-566a-91e5-fd09f76add85,webedia-api; occupancy_rate=4; reserved=y,EPIC,,,webedia-api
2026-09-25,webedia-2026-09-27T19:05Z,2026-09-27T19:05:45.958878+00:00,2026-09-27T19:00Z,2026-09-27,Sunday,Epic Theatres of Clermont,,America/New_York,Heart of the Beast,20:20,X0B27:2026-09-27T20:20:00:14,314,Screen 14,Scope,,,,4.0,0,https://booking.epictheatres.com/launch/ticketing/3b2e6bab-0996-53a3-9490-24537dc9cdb5,webedia-api; occupancy_rate=4; reserved=y,EPIC,,,webedia-api
2026-09-25,webedia-2026-09-27T19:05Z,2026-09-27T19:05:45.958878+00:00,2026-09-27T19:00Z,2026-09-27,Sunday,Epic Theatres of Clermont,,America/New_York,Heart of the Beast,21:50,X0B27:2026-09-27T21:50:00:8,404,Screen 8,Scope,,,,0.0,0,https://booking.epictheatres.com/launch/ticketing/3aa8b55d-4d91-56b3-a7ef-1c545a1f5176,webedia-api; occupancy_rate=0; reserved=y,EPIC,,,webedia-api
2026-09-25,webedia-2026-09-27T19:05Z,2026-09-27T19:05:45.958878+00:00,2026-09-27T19:00Z,2026-09-27,Sunday,Epic Theatres of Clermont,,America/New_York,Primetime,11:50,X0B27:2026-09-27T11:50:00:2,0,Screen 2,Flat,,,,12.0,0,https://booking.epictheatres.com/launch/ticketing/a2bde413-f6d8-572e-ad25-2ac0e17eb7be,webedia-api; post-show-census; occupancy_rate=12; reserved=y,EPIC,,,post-show-census
2026-09-25,webedia-2026-09-27T19:05Z,2026-09-27T19:05:45.958878+00:00,2026-09-27T19:00Z,2026-09-27,Sunday,Epic Theatres of Clermont,,America/New_York,Primetime,14:25,X0B27:2026-09-27T14:25:00:2,0,Screen 2,Flat,,,,26.0,0,https://booking.epictheatres.com/launch/ticketing/e37c13f8-5de4-5706-8308-547fc39197fe,webedia-api; post-show-census; occupancy_rate=26; reserved=y,EPIC,,,post-show-census
2026-09-25,webedia-2026-09-27T19:05Z,2026-09-27T19:05:45.958878+00:00,2026-09-27T19:00Z,2026-09-27,Sunday,Epic Theatres of Clermont,,America/New_York,Primetime,17:00,X0B27:2026-09-27T17:00:00:2,114,Screen 2,Flat,,,,22.0,0,https://booking.epictheatres.com/launch/ticketing/6e0767ba-e18f-5f40-b5b6-e717ea5eea4c,webedia-api; occupancy_rate=22; reserved=y,EPIC,,,webedia-api
2026-09-25,webedia-2026-09-27T19:05Z,2026-09-27T19:05:45.958878+00:00,2026-09-27T19:00Z,2026-09-27,Sunday,Epic Theatres of Clermont,,America/New_York,Primetime,19:35,X0B27:2026-09-27T19:35:00:2,269,Screen 2,Flat,,,,15.0,0,https://booking.epictheatres.com/launch/ticketing/d018eed0-217e-5d2f-b03c-707b6528fbd0,webedia-api; occupancy_rate=15; reserved=y,EPIC,,,webedia-api
2026-09-25,webedia-2026-09-27T19:05Z,2026-09-27T19:05:45.958878+00:00,2026-09-27T19:00Z,2026-09-27,Sunday,Epic Theatres of Clermont,,America/New_York,Primetime,22:10,X0B27:2026-09-27T22:10:00:2,424,Screen 2,Flat,,,,0.0,0,https://booking.epictheatres.com/launch/ticketing/2e64276d-b8c2-5137-8e65-f71311f345f2,webedia-api; occupancy_rate=0; reserved=y,EPIC,,,webedia-api
2026-09-25,webedia-2026-09-27T19:05Z,2026-09-27T19:05:45.958878+00:00,2026-09-27T19:00Z,2026-09-27,Sunday,Epic Theatres of Hendersonville with IMAX,,America/New_York,Forgotten Island,10:45,X07GN:2026-09-27T10:45:00:8,0,Screen 8,Scope,,,,0.0,0,https://booking.epictheatres.com/launch/ticketing/c7d6d205-6125-5de4-aac8-18b7db377628,webedia-api; post-show-census; occupancy_rate=0; reserved=y,EPIC,,,post-show-census
2026-09-25,webedia-2026-09-27T19:05Z,2026-09-27T19:05:45.958878+00:00,2026-09-27T19:00Z,2026-09-27,Sunday,Epic Theatres of Hendersonville with IMAX,,America/New_York,Forgotten Island,11:15,X07GN:2026-09-27T11:15:00:5,0,Screen 5,Scope,,,,0.0,0,https://booking.epictheatres.com/launch/ticketing/aacf0c04-f8ef-5273-bd2f-967655dc179d,webedia-api; post-show-census; occupancy_rate=0; reserved=y,EPIC,,,post-show-census
2026-09-25,webedia-2026-09-27T19:05Z,2026-09-27T19:05:45.958878+00:00,2026-09-27T19:00Z,2026-09-27,Sunday,Epic Theatres of Hendersonville with IMAX,,America/New_York,Forgotten Island,13:20,X07GN:2026-09-27T13:20:00:8,0,Screen 8,Scope,,,,6.0,0,https://booking.epictheatres.com/launch/ticketing/782e6b21-c135-5b7e-896b-0b0b293b3b83,webedia-api; post-show-census; occupancy_rate=6; reserved=y,EPIC,,,post-show-census
2026-09-25,webedia-2026-09-27T19:05Z,2026-09-27T19:05:45.958878+00:00,2026-09-27T19:00Z,2026-09-27,Sunday,Epic Theatres of Hendersonville with IMAX,,America/New_York,Forgotten Island,13:50,X07GN:2026-09-27T13:50:00:5,0,Screen 5,Scope,,,,16.0,0,https://booking.epictheatres.com/launch/ticketing/fc4d6f89-4714-5b07-ae39-61330a14cd2f,webedia-api; post-show-census; occupancy_rate=16; reserved=y,EPIC,,,post-show-census
2026-09-25,webedia-2026-09-27T19:05Z,2026-09-27T19:05:45.958878+00:00,2026-09-27T19:00Z,2026-09-27,Sunday,Epic Theatres of Hendersonville with IMAX,,America/New_York,Forgotten Island,16:25,X07GN:2026-09-27T16:25:00:5,79,Screen 5,Scope,,,,0.0,0,https://booking.epictheatres.com/launch/ticketing/bfbb2b29-8c0e-512a-aee3-9642e8afc704,webedia-api; occupancy_rate=0; reserved=y,EPIC,,,webedia-api
2026-09-25,webedia-2026-09-27T19:05Z,2026-09-27T19:05:45.958878+00:00,2026-09-27T19:00Z,2026-09-27,Sunday,Epic Theatres of Hendersonville with IMAX,,America/New_York,Forgotten Island,19:00,X07GN:2026-09-27T19:00:00:5,234,Screen 5,Scope,,,,6.0,0,https://booking.epictheatres.com/launch/ticketing/395c0aa8-fcc9-578f-8308-e03d232b122b,webedia-api; occupancy_rate=6; reserved=y,EPIC,,,webedia-api
2026-09-25,webedia-2026-09-27T19:05Z,2026-09-27T19:05:45.958878+00:00,2026-09-27T19:00Z,2026-09-27,Sunday,Epic Theatres of Hendersonville with IMAX,,America/New_York,Forgotten Island,19:30,X07GN:2026-09-27T19:30:00:8,264,Screen 8,Scope,,,,0.0,0,https://booking.epictheatres.com/launch/ticketing/5405ae6d-29a7-5525-a041-559e30ac6699,webedia-api; occupancy_rate=0; reserved=y,EPIC,,,webedia-api
2026-09-25,webedia-2026-09-27T19:05Z,2026-09-27T19:05:45.958878+00:00,2026-09-27T19:00Z,2026-09-27,Sunday,Epic Theatres of Hendersonville with IMAX,,America/New_York,Forgotten Island,22:05,X07GN:2026-09-27T22:05:00:8,419,Screen 8,Scope,,,,0.0,0,https://booking.epictheatres.com/launch/ticketing/97d90e22-9ae2-53cd-95c0-acb3ca598dc8,webedia-api; occupancy_rate=0; reserved=y,EPIC,,,webedia-api
2026-09-25,webedia-2026-09-27T19:05Z,2026-09-27T19:05:45.958878+00:00,2026-09-27T19:00Z,2026-09-27,Sunday,Epic Theatres of Hendersonville with IMAX,,America/New_York,Heart of the Beast,11:50,X07GN:2026-09-27T11:50:00:12,0,Screen 12,Scope,,,,11.0,0,https://booking.epictheatres.com/launch/ticketing/9ee06b61-4f72-527c-9e0e-db1d19326126,webedia-api; post-show-census; occupancy_rate=11; reserved=y,EPIC,,,post-show-census
2026-09-25,webedia-2026-09-27T19:05Z,2026-09-27T19:05:45.958878+00:00,2026-09-27T19:00Z,2026-09-27,Sunday,Epic Theatres of Hendersonville with IMAX,,America/New_York,Heart of the Beast,12:50,X07GN:2026-09-27T12:50:00:3,0,Screen 3,Scope,,,,3.0,0,https://booking.epictheatres.com/launch/ticketing/97cafa74-3b34-556e-a56b-6316f62d8049,webedia-api; post-show-census; occupancy_rate=3; reserved=y,EPIC,,,post-show-census
2026-09-25,webedia-2026-09-27T19:05Z,2026-09-27T19:05:45.958878+00:00,2026-09-27T19:00Z,2026-09-27,Sunday,Epic Theatres of Hendersonville with IMAX,,America/New_York,Heart of the Beast,14:20,X07GN:2026-09-27T14:20:00:12,0,Screen 12,Scope,,,,18.0,0,https://booking.epictheatres.com/launch/ticketing/872101ec-aa33-5d33-bca0-530a284fae15,webedia-api; post-show-census; occupancy_rate=18; reserved=y,EPIC,,,post-show-census
2026-09-25,webedia-2026-09-27T19:05Z,2026-09-27T19:05:45.958878+00:00,2026-09-27T19:00Z,2026-09-27,Sunday,Epic Theatres of Hendersonville with IMAX,,America/New_York,Heart of the Beast,15:20,X07GN:2026-09-27T15:20:00:3,14,Screen 3,Scope,,,,7.0,0,https://booking.epictheatres.com/launch/ticketing/2c1ba931-3c2a-5baf-836c-0e65ac76a4e1,webedia-api; occupancy_rate=7; reserved=y,EPIC,,,webedia-api
2026-09-25,webedia-2026-09-27T19:05Z,2026-09-27T19:05:45.958878+00:00,2026-09-27T19:00Z,2026-09-27,Sunday,Epic Theatres of Hendersonville with IMAX,,America/New_York,Heart of the Beast,16:50,X07GN:2026-09-27T16:50:00:12,104,Screen 12,Scope,,,,3.0,0,https://booking.epictheatres.com/launch/ticketing/24f9ae33-e4c5-5c4d-b425-124b62e18459,webedia-api; occupancy_rate=3; reserved=y,EPIC,,,webedia-api
2026-09-25,webedia-2026-09-27T19:05Z,2026-09-27T19:05:45.958878+00:00,2026-09-27T19:00Z,2026-09-27,Sunday,Epic Theatres of Hendersonville with IMAX,,America/New_York,Heart of the Beast,17:50,X07GN:2026-09-27T17:50:00:3,164,Screen 3,Scope,,,,0.0,0,https://booking.epictheatres.com/launch/ticketing/581726e2-cb2d-5db5-b64c-d1e10092fe32,webedia-api; occupancy_rate=0; reserved=y,EPIC,,,webedia-api
2026-09-25,webedia-2026-09-27T19:05Z,2026-09-27T19:05:45.958878+00:00,2026-09-27T19:00Z,2026-09-27,Sunday,Epic Theatres of Hendersonville with IMAX,,America/New_York,Heart of the Beast,19:20,X07GN:2026-09-27T19:20:00:12,254,Screen 12,Scope,,,,2.0,0,https://booking.epictheatres.com/launch/ticketing/703e2f54-44f6-519f-89de-e19df4ef6cca,webedia-api; occupancy_rate=2; reserved=y,EPIC,,,webedia-api
2026-09-25,webedia-2026-09-27T19:05Z,2026-09-27T19:05:45.958878+00:00,2026-09-27T19:00Z,2026-09-27,Sunday,Epic Theatres of Hendersonville with IMAX,,America/New_York,Heart of the Beast,20:20,X07GN:2026-09-27T20:20:00:3,314,Screen 3,Scope,,,,0.0,0,https://booking.epictheatres.com/launch/ticketing/29efe629-71a8-5a67-b7fc-6a16363963db,webedia-api; occupancy_rate=0; reserved=y,EPIC,,,webedia-api
2026-09-25,webedia-2026-09-27T19:05Z,2026-09-27T19:05:45.958878+00:00,2026-09-27T19:00Z,2026-09-27,Sunday,Epic Theatres of Hendersonville with IMAX,,America/New_York,Heart of the Beast,21:50,X07GN:2026-09-27T21:50:00:12,404,Screen 12,Scope,,,,0.0,0,https://booking.epictheatres.com/launch/ticketing/25b62bab-687d-58b8-9a1d-a45ee78adffe,webedia-api; occupancy_rate=0; reserved=y,EPIC,,,webedia-api
2026-09-25,webedia-2026-09-27T19:05Z,2026-09-27T19:05:45.958878+00:00,2026-09-27T19:00Z,2026-09-27,Sunday,Epic Theatres of Hendersonville with IMAX,,America/New_York,Heart of the Beast,22:50,X07GN:2026-09-27T22:50:00:3,464,Screen 3,Scope,,,,0.0,0,https://booking.epictheatres.com/launch/ticketing/820653d2-d201-58d5-bda2-c3e501a37634,webedia-api; occupancy_rate=0; reserved=y,EPIC,,,webedia-api
2026-09-25,webedia-2026-09-27T19:05Z,2026-09-27T19:05:45.958878+00:00,2026-09-27T19:00Z,2026-09-27,Sunday,Epic Theatres of Hendersonville with IMAX,,America/New_York,Primetime,11:50,X07GN:2026-09-27T11:50:00:10,0,Screen 10,Flat,,,,9.0,0,https://booking.epictheatres.com/launch/ticketing/9cf4e178-6ca4-5400-a3c7-21648c73bbaa,webedia-api; post-show-census; occupancy_rate=9; reserved=y,EPIC,,,post-show-census
2026-09-25,webedia-2026-09-27T19:05Z,2026-09-27T19:05:45.958878+00:00,2026-09-27T19:00Z,2026-09-27,Sunday,Epic Theatres of Hendersonville with IMAX,,America/New_York,Primetime,14:25,X07GN:2026-09-27T14:25:00:10,0,Screen 10,Flat,,,,7.0,0,https://booking.epictheatres.com/launch/ticketing/0c5b6fb7-ec92-574f-8df7-8eec8ee33960,webedia-api; post-show-census; occupancy_rate=7; reserved=y,EPIC,,,post-show-census
2026-09-25,webedia-2026-09-27T19:05Z,2026-09-27T19:05:45.958878+00:00,2026-09-27T19:00Z,2026-09-27,Sunday,Epic Theatres of Hendersonville with IMAX,,America/New_York,Primetime,16:55,X07GN:2026-09-27T16:55:00:10,109,Screen 10,Flat,,,,1.0,0,https://booking.epictheatres.com/launch/ticketing/78fcc3d1-625a-5ac5-ba3a-da938e27f85d,webedia-api; occupancy_rate=1; reserved=y,EPIC,,,webedia-api
2026-09-25,webedia-2026-09-27T19:05Z,2026-09-27T19:05:45.958878+00:00,2026-09-27T19:00Z,2026-09-27,Sunday,Epic Theatres of Hendersonville with IMAX,,America/New_York,Primetime,19:35,X07GN:2026-09-27T19:35:00:10,269,Screen 10,Flat,,,,0.0,0,https://booking.epictheatres.com/launch/ticketing/911d14ca-dd87-5f14-876d-52f06020556a,webedia-api; occupancy_rate=0; reserved=y,EPIC,,,webedia-api
2026-09-25,webedia-2026-09-27T19:05Z,2026-09-27T19:05:45.958878+00:00,2026-09-27T19:00Z,2026-09-27,Sunday,Epic Theatres of Hendersonville with IMAX,,America/New_York,Primetime,22:10,X07GN:2026-09-27T22:10:00:10,424,Screen 10,Flat,,,,0.0,0,https://booking.epictheatres.com/launch/ticketing/dd8621d3-64f9-5228-992e-3f8a4c054e28,webedia-api; occupancy_rate=0; reserved=y,EPIC,,,webedia-api
2026-09-25,webedia-2026-09-27T19:05Z,2026-09-27T19:05:45.958878+00:00,2026-09-27T19:00Z,2026-09-27,Sunday,Epic Theatres of Ocala with Epic XL,,America/New_York,Forgotten Island,11:15,X125T:2026-09-27T11:15:00:4,0,Screen 4,Scope,,,,22.0,0,https://booking.epictheatres.com/launch/ticketing/1d7f857a-e2ca-5a03-bdb1-fe88eecaa8a6,webedia-api; post-show-census; occupancy_rate=22; reserved=y,EPIC,,,post-show-census
2026-09-25,webedia-2026-09-27T19:05Z,2026-09-27T19:05:45.958878+00:00,2026-09-27T19:00Z,2026-09-27,Sunday,Epic Theatres of Ocala with Epic XL,,America/New_York,Forgotten Island,12:00,X125T:2026-09-27T12:00:00:1,0,Screen 1,Scope,,,,7.0,0,https://booking.epictheatres.com/launch/ticketing/d40d90be-524d-5efa-b98e-90f572c0dc81,webedia-api; post-show-census; occupancy_rate=7; reserved=y,EPIC,,,post-show-census
2026-09-25,webedia-2026-09-27T19:05Z,2026-09-27T19:05:45.958878+00:00,2026-09-27T19:00Z,2026-09-27,Sunday,Epic Theatres of Ocala with Epic XL,,America/New_York,Forgotten Island,13:50,X125T:2026-09-27T13:50:00:4,0,Screen 4,"3d,Scope",,,,0.0,0,https://booking.epictheatres.com/launch/ticketing/1e10a30b-8040-5a00-8b1b-7a7f9c8a10e4,webedia-api; post-show-census; occupancy_rate=0; reserved=y,EPIC,,,post-show-census
2026-09-25,webedia-2026-09-27T19:05Z,2026-09-27T19:05:45.958878+00:00,2026-09-27T19:00Z,2026-09-27,Sunday,Epic Theatres of Ocala with Epic XL,,America/New_York,Forgotten Island,16:25,X125T:2026-09-27T16:25:00:4,79,Screen 4,Scope,,,,18.0,0,https://booking.epictheatres.com/launch/ticketing/49e7da66-20dd-529e-9664-0179135bd7ef,webedia-api; occupancy_rate=18; reserved=y,EPIC,,,webedia-api
2026-09-25,webedia-2026-09-27T19:05Z,2026-09-27T19:05:45.958878+00:00,2026-09-27T19:00Z,2026-09-27,Sunday,Epic Theatres of Ocala with Epic XL,,America/New_York,Forgotten Island,19:00,X125T:2026-09-27T19:00:00:4,234,Screen 4,Scope,,,,0.0,0,https://booking.epictheatres.com/launch/ticketing/966f6e46-5709-5127-8b89-0f35e39d3e40,webedia-api; occupancy_rate=0; reserved=y,EPIC,,,webedia-api
2026-09-25,webedia-2026-09-27T19:05Z,2026-09-27T19:05:45.958878+00:00,2026-09-27T19:00Z,2026-09-27,Sunday,Epic Theatres of Ocala with Epic XL,,America/New_York,Forgotten Island,21:35,X125T:2026-09-27T21:35:00:4,389,Screen 4,"3d,Scope",,,,0.0,0,https://booking.epictheatres.com/launch/ticketing/6fbcef16-7231-5ab3-852b-f1460135b036,webedia-api; occupancy_rate=0; reserved=y,EPIC,,,webedia-api
2026-09-25,webedia-2026-09-27T19:05Z,2026-09-27T19:05:45.958878+00:00,2026-09-27T19:00Z,2026-09-27,Sunday,Epic Theatres of Ocala with Epic XL,,America/New_York,Heart of the Beast,11:50,X125T:2026-09-27T11:50:00:7,0,Screen 7,Scope,,,,50.0,0,https://booking.epictheatres.com/launch/ticketing/537960a0-bc40-5fdc-a834-48752a04c45e,webedia-api; post-show-census; occupancy_rate=50; reserved=y,EPIC,,,post-show-census
2026-09-25,webedia-2026-09-27T19:05Z,2026-09-27T19:05:45.958878+00:00,2026-09-27T19:00Z,2026-09-27,Sunday,Epic Theatres of Ocala with Epic XL,,America/New_York,Heart of the Beast,14:20,X125T:2026-09-27T14:20:00:7,0,Screen 7,Scope,,,,57.0,0,https://booking.epictheatres.com/launch/ticketing/9d337832-0e5b-521c-be52-37d2b6b08462,webedia-api; post-show-census; occupancy_rate=57; reserved=y,EPIC,,,post-show-census
2026-09-25,webedia-2026-09-27T19:05Z,2026-09-27T19:05:45.958878+00:00,2026-09-27T19:00Z,2026-09-27,Sunday,Epic Theatres of Ocala with Epic XL,,America/New_York,Heart of the Beast,14:50,X125T:2026-09-27T14:50:00:1,0,Screen 1,Scope,,,,17.0,0,https://booking.epictheatres.com/launch/ticketing/0d5993d1-b7a8-5e4f-b357-d46a60184efc,webedia-api; post-show-census; occupancy_rate=17; reserved=y,EPIC,,,post-show-census
2026-09-25,webedia-2026-09-27T19:05Z,2026-09-27T19:05:45.958878+00:00,2026-09-27T19:00Z,2026-09-27,Sunday,Epic Theatres of Ocala with Epic XL,,America/New_York,Heart of the Beast,16:50,X125T:2026-09-27T16:50:00:7,104,Screen 7,Scope,,,,32.0,0,https://booking.epictheatres.com/launch/ticketing/d42c5750-6c6e-542a-b7e2-8d20e2888402,webedia-api; occupancy_rate=32; reserved=y,EPIC,,,webedia-api
2026-09-25,webedia-2026-09-27T19:05Z,2026-09-27T19:05:45.958878+00:00,2026-09-27T19:00Z,2026-09-27,Sunday,Epic Theatres of Ocala with Epic XL,,America/New_York,Heart of the Beast,17:20,X125T:2026-09-27T17:20:00:1,134,Screen 1,Scope,,,,8.0,0,https://booking.epictheatres.com/launch/ticketing/aa8770f4-6007-5033-9c93-bf6b0601035f,webedia-api; occupancy_rate=8; reserved=y,EPIC,,,webedia-api
2026-09-25,webedia-2026-09-27T19:05Z,2026-09-27T19:05:45.958878+00:00,2026-09-27T19:00Z,2026-09-27,Sunday,Epic Theatres of Ocala with Epic XL,,America/New_York,Heart of the Beast,19:20,X125T:2026-09-27T19:20:00:7,254,Screen 7,Scope,,,,3.0,0,https://booking.epictheatres.com/launch/ticketing/e51e8a73-b241-51db-8607-d477073f7770,webedia-api; occupancy_rate=3; reserved=y,EPIC,,,webedia-api
2026-09-25,webedia-2026-09-27T19:05Z,2026-09-27T19:05:45.958878+00:00,2026-09-27T19:00Z,2026-09-27,Sunday,Epic Theatres of Ocala with Epic XL,,America/New_York,Heart of the Beast,19:50,X125T:2026-09-27T19:50:00:1,284,Screen 1,Scope,,,,2.0,0,https://booking.epictheatres.com/launch/ticketing/67227313-f4ca-524c-b93f-b58d16a247bc,webedia-api; occupancy_rate=2; reserved=y,EPIC,,,webedia-api
2026-09-25,webedia-2026-09-27T19:05Z,2026-09-27T19:05:45.958878+00:00,2026-09-27T19:00Z,2026-09-27,Sunday,Epic Theatres of Ocala with Epic XL,,America/New_York,Heart of the Beast,21:50,X125T:2026-09-27T21:50:00:7,404,Screen 7,Scope,,,,0.0,0,https://booking.epictheatres.com/launch/ticketing/533d57d2-74f6-5fd9-89ac-7ae276bad7c6,webedia-api; occupancy_rate=0; reserved=y,EPIC,,,webedia-api
2026-09-25,webedia-2026-09-27T19:05Z,2026-09-27T19:05:45.958878+00:00,2026-09-27T19:00Z,2026-09-27,Sunday,Epic Theatres of Ocala with Epic XL,,America/New_York,Primetime,11:50,X125T:2026-09-27T11:50:00:11,0,Screen 11,Flat,,,,16.0,0,https://booking.epictheatres.com/launch/ticketing/276c8a4d-924b-5077-ae77-238ff0eb1613,webedia-api; post-show-census; occupancy_rate=16; reserved=y,EPIC,,,post-show-census
2026-09-25,webedia-2026-09-27T19:05Z,2026-09-27T19:05:45.958878+00:00,2026-09-27T19:00Z,2026-09-27,Sunday,Epic Theatres of Ocala with Epic XL,,America/New_York,Primetime,14:25,X125T:2026-09-27T14:25:00:11,0,Screen 11,Flat,,,,22.0,0,https://booking.epictheatres.com/launch/ticketing/3085c383-1fd7-59c1-b6cb-a3c6a6929a92,webedia-api; post-show-census; occupancy_rate=22; reserved=y,EPIC,,,post-show-census
2026-09-25,webedia-2026-09-27T19:05Z,2026-09-27T19:05:45.958878+00:00,2026-09-27T19:00Z,2026-09-27,Sunday,Epic Theatres of Ocala with Epic XL,,America/New_York,Primetime,17:00,X125T:2026-09-27T17:00:00:11,114,Screen 11,Flat,,,,6.0,0,https://booking.epictheatres.com/launch/ticketing/2abea6ae-95a0-5b25-b11d-f5f3ad973a25,webedia-api; occupancy_rate=6; reserved=y,EPIC,,,webedia-api
2026-09-25,webedia-2026-09-27T19:05Z,2026-09-27T19:05:45.958878+00:00,2026-09-27T19:00Z,2026-09-27,Sunday,Epic Theatres of Ocala with Epic XL,,America/New_York,Primetime,19:35,X125T:2026-09-27T19:35:00:11,269,Screen 11,Flat,,,,29.0,0,https://booking.epictheatres.com/launch/ticketing/b00b4b68-42ca-59f8-85a4-2260b7c61be0,webedia-api; occupancy_rate=29; reserved=y,EPIC,,,webedia-api
2026-09-25,webedia-2026-09-27T19:05Z,2026-09-27T19:05:45.958878+00:00,2026-09-27T19:00Z,2026-09-27,Sunday,Epic Theatres of Ocala with Epic XL,,America/New_York,Primetime,22:10,X125T:2026-09-27T22:10:00:11,424,Screen 11,Flat,,,,0.0,0,https://booking.epictheatres.com/launch/ticketing/f7941f6b-2123-5f86-a54a-c2306e3a1079,webedia-api; occupancy_rate=0; reserved=y,EPIC,,,webedia-api
2026-09-25,webedia-2026-09-27T19:05Z,2026-09-27T19:05:45.958878+00:00,2026-09-27T19:00Z,2026-09-27,Sunday,Epic Theatres of Palm Coast,,America/New_York,Forgotten Island,11:15,X047Z:2026-09-27T11:15:00:1,0,Screen 1,Scope,,,,14.0,0,https://booking.epictheatres.com/launch/ticketing/5c8114c4-2cc3-526c-ba4e-610b75f04ceb,webedia-api; post-show-census; occupancy_rate=14; reserved=y,EPIC,,,post-show-census
2026-09-25,webedia-2026-09-27T19:05Z,2026-09-27T19:05:45.958878+00:00,2026-09-27T19:00Z,2026-09-27,Sunday,Epic Theatres of Palm Coast,,America/New_York,Forgotten Island,12:15,X047Z:2026-09-27T12:15:00:4,0,Screen 4,Scope,,,,37.0,0,https://booking.epictheatres.com/launch/ticketing/295bcec5-978b-53fb-a71a-3ce3539c8ec2,webedia-api; post-show-census; occupancy_rate=37; reserved=y,EPIC,,,post-show-census
2026-09-25,webedia-2026-09-27T19:05Z,2026-09-27T19:05:45.958878+00:00,2026-09-27T19:00Z,2026-09-27,Sunday,Epic Theatres of Palm Coast,,America/New_York,Forgotten Island,13:50,X047Z:2026-09-27T13:50:00:1,0,Screen 1,"3d,Scope",,,,11.0,0,https://booking.epictheatres.com/launch/ticketing/5154aa5b-b112-5371-a2d0-54cc5c24f7a4,webedia-api; post-show-census; occupancy_rate=11; reserved=y,EPIC,,,post-show-census
2026-09-25,webedia-2026-09-27T19:05Z,2026-09-27T19:05:45.958878+00:00,2026-09-27T19:00Z,2026-09-27,Sunday,Epic Theatres of Palm Coast,,America/New_York,Forgotten Island,14:50,X047Z:2026-09-27T14:50:00:4,0,Screen 4,Scope,,,,42.0,0,https://booking.epictheatres.com/launch/ticketing/449bed1c-ec8b-5e08-9ecb-1bcfbb86817e,webedia-api; post-show-census; occupancy_rate=42; reserved=y,EPIC,,,post-show-census
2026-09-25,webedia-2026-09-27T19:05Z,2026-09-27T19:05:45.958878+00:00,2026-09-27T19:00Z,2026-09-27,Sunday,Epic Theatres of Palm Coast,,America/New_York,Forgotten Island,16:25,X047Z:2026-09-27T16:25:00:1,79,Screen 1,Scope,,,,6.0,0,https://booking.epictheatres.com/launch/ticketing/2f3c7823-57f8-5574-9694-bef0fa7f0855,webedia-api; occupancy_rate=6; reserved=y,EPIC,,,webedia-api
2026-09-25,webedia-2026-09-27T19:05Z,2026-09-27T19:05:45.958878+00:00,2026-09-27T19:00Z,2026-09-27,Sunday,Epic Theatres of Palm Coast,,America/New_York,Forgotten Island,17:25,X047Z:2026-09-27T17:25:00:4,139,Screen 4,Scope,,,,0.0,0,https://booking.epictheatres.com/launch/ticketing/bbb91942-50a8-52fb-8d6e-327a8b61671e,webedia-api; occupancy_rate=0; reserved=y,EPIC,,,webedia-api
2026-09-25,webedia-2026-09-27T19:05Z,2026-09-27T19:05:45.958878+00:00,2026-09-27T19:00Z,2026-09-27,Sunday,Epic Theatres of Palm Coast,,America/New_York,Forgotten Island,19:00,X047Z:2026-09-27T19:00:00:1,234,Screen 1,Scope,,,,0.0,0,https://booking.epictheatres.com/launch/ticketing/4873296a-5dde-561c-b554-5bb4f11e782c,webedia-api; occupancy_rate=0; reserved=y,EPIC,,,webedia-api
2026-09-25,webedia-2026-09-27T19:05Z,2026-09-27T19:05:45.958878+00:00,2026-09-27T19:00Z,2026-09-27,Sunday,Epic Theatres of Palm Coast,,America/New_York,Forgotten Island,20:00,X047Z:2026-09-27T20:00:00:4,294,Screen 4,Scope,,,,0.0,0,https://booking.epictheatres.com/launch/ticketing/e3dbdff1-d6f1-5b34-8bd2-4a9c175f5373,webedia-api; occupancy_rate=0; reserved=y,EPIC,,,webedia-api
2026-09-25,webedia-2026-09-27T19:05Z,2026-09-27T19:05:45.958878+00:00,2026-09-27T19:00Z,2026-09-27,Sunday,Epic Theatres of Palm Coast,,America/New_York,Forgotten Island,21:35,X047Z:2026-09-27T21:35:00:1,389,Screen 1,Scope,,,,0.0,0,https://booking.epictheatres.com/launch/ticketing/27485f1a-c102-58f0-881f-89abd2a4e442,webedia-api; occupancy_rate=0; reserved=y,EPIC,,,webedia-api
2026-09-25,webedia-2026-09-27T19:05Z,2026-09-27T19:05:45.958878+00:00,2026-09-27T19:00Z,2026-09-27,Sunday,Epic Theatres of Palm Coast,,America/New_York,Forgotten Island,22:35,X047Z:2026-09-27T22:35:00:4,449,Screen 4,Scope,,,,0.0,0,https://booking.epictheatres.com/launch/ticketing/eb0b715c-782f-5aa4-88b2-907e3b4f7746,webedia-api; occupancy_rate=0; reserved=y,EPIC,,,webedia-api
2026-09-25,webedia-2026-09-27T19:05Z,2026-09-27T19:05:45.958878+00:00,2026-09-27T19:00Z,2026-09-27,Sunday,Epic Theatres of Palm Coast,,America/New_York,Heart of the Beast,11:50,X047Z:2026-09-27T11:50:00:8,0,Screen 8,Scope,,,,37.0,0,https://booking.epictheatres.com/launch/ticketing/e5cdae4b-38aa-58f7-b1f9-45bee3549019,webedia-api; post-show-census; occupancy_rate=37; reserved=y,EPIC,,,post-show-census
2026-09-25,webedia-2026-09-27T19:05Z,2026-09-27T19:05:45.958878+00:00,2026-09-27T19:00Z,2026-09-27,Sunday,Epic Theatres of Palm Coast,,America/New_York,Heart of the Beast,14:20,X047Z:2026-09-27T14:20:00:8,0,Screen 8,Scope,,,,62.0,0,https://booking.epictheatres.com/launch/ticketing/e92f239d-93f3-507b-b4c1-5df8c28355d3,webedia-api; post-show-census; occupancy_rate=62; reserved=y,EPIC,,,post-show-census
2026-09-25,webedia-2026-09-27T19:05Z,2026-09-27T19:05:45.958878+00:00,2026-09-27T19:00Z,2026-09-27,Sunday,Epic Theatres of Palm Coast,,America/New_York,Heart of the Beast,15:20,X047Z:2026-09-27T15:20:00:7,14,Screen 7,Scope,,,,10.0,0,https://booking.epictheatres.com/launch/ticketing/57c7f7fd-b63d-57b6-a4d8-6994b31c823d,webedia-api; occupancy_rate=10; reserved=y,EPIC,,,webedia-api
2026-09-25,webedia-2026-09-27T19:05Z,2026-09-27T19:05:45.958878+00:00,2026-09-27T19:00Z,2026-09-27,Sunday,Epic Theatres of Palm Coast,,America/New_York,Heart of the Beast,16:50,X047Z:2026-09-27T16:50:00:8,104,Screen 8,Scope,,,,17.0,0,https://booking.epictheatres.com/launch/ticketing/1e925866-783f-5b3b-a54f-f38d6cdd5c06,webedia-api; occupancy_rate=17; reserved=y,EPIC,,,webedia-api
2026-09-25,webedia-2026-09-27T19:05Z,2026-09-27T19:05:45.958878+00:00,2026-09-27T19:00Z,2026-09-27,Sunday,Epic Theatres of Palm Coast,,America/New_York,Heart of the Beast,19:20,X047Z:2026-09-27T19:20:00:8,254,Screen 8,Scope,,,,5.0,0,https://booking.epictheatres.com/launch/ticketing/a9b912e0-050f-5f22-b390-a6492e8e9e5f,webedia-api; occupancy_rate=5; reserved=y,EPIC,,,webedia-api
2026-09-25,webedia-2026-09-27T19:05Z,2026-09-27T19:05:45.958878+00:00,2026-09-27T19:00Z,2026-09-27,Sunday,Epic Theatres of Palm Coast,,America/New_York,Heart of the Beast,21:50,X047Z:2026-09-27T21:50:00:8,404,Screen 8,Scope,,,,0.0,0,https://booking.epictheatres.com/launch/ticketing/e796aa52-aba5-505b-9c6e-7608139803a7,webedia-api; occupancy_rate=0; reserved=y,EPIC,,,webedia-api
2026-09-25,webedia-2026-09-27T19:05Z,2026-09-27T19:05:45.958878+00:00,2026-09-27T19:00Z,2026-09-27,Sunday,Epic Theatres of Palm Coast,,America/New_York,Primetime,11:50,X047Z:2026-09-27T11:50:00:11,0,Screen 11,Flat,,,,21.0,0,https://booking.epictheatres.com/launch/ticketing/30e1a001-3c7b-55eb-b3b8-816e1a02a6e4,webedia-api; post-show-census; occupancy_rate=21; reserved=y,EPIC,,,post-show-census
2026-09-25,webedia-2026-09-27T19:05Z,2026-09-27T19:05:45.958878+00:00,2026-09-27T19:00Z,2026-09-27,Sunday,Epic Theatres of Palm Coast,,America/New_York,Primetime,14:25,X047Z:2026-09-27T14:25:00:11,0,Screen 11,Flat,,,,36.0,0,https://booking.epictheatres.com/launch/ticketing/352dd504-c3f1-56cd-a35a-2f1a36437c6f,webedia-api; post-show-census; occupancy_rate=36; reserved=y,EPIC,,,post-show-census
2026-09-25,webedia-2026-09-27T19:05Z,2026-09-27T19:05:45.958878+00:00,2026-09-27T19:00Z,2026-09-27,Sunday,Epic Theatres of Palm Coast,,America/New_York,Primetime,17:00,X047Z:2026-09-27T17:00:00:11,114,Screen 11,Flat,,,,5.0,0,https://booking.epictheatres.com/launch/ticketing/fed9ee8b-120e-5f8b-aba5-6e6f2227d00d,webedia-api; occupancy_rate=5; reserved=y,EPIC,,,webedia-api
2026-09-25,webedia-2026-09-27T19:05Z,2026-09-27T19:05:45.958878+00:00,2026-09-27T19:00Z,2026-09-27,Sunday,Epic Theatres of Palm Coast,,America/New_York,Primetime,19:35,X047Z:2026-09-27T19:35:00:11,269,Screen 11,Flat,,,,10.0,0,https://booking.epictheatres.com/launch/ticketing/427cd414-57b1-5896-9c2a-b4a5c3e24f36,webedia-api; occupancy_rate=10; reserved=y,EPIC,,,webedia-api
2026-09-25,webedia-2026-09-27T19:05Z,2026-09-27T19:05:45.958878+00:00,2026-09-27T19:00Z,2026-09-27,Sunday,Epic Theatres of Palm Coast,,America/New_York,Primetime,22:10,X047Z:2026-09-27T22:10:00:11,424,Screen 11,Flat,,,,0.0,0,https://booking.epictheatres.com/launch/ticketing/8f2bd705-1446-5be7-9440-07c4db300930,webedia-api; occupancy_rate=0; reserved=y,EPIC,,,webedia-api
2026-09-25,webedia-2026-09-27T19:05Z,2026-09-27T19:05:45.958878+00:00,2026-09-27T19:00Z,2026-09-27,Sunday,Epic Theatres of St. Augustine with IMAX,,America/New_York,Forgotten Island,11:15,X0B5V:2026-09-27T11:15:00:13,0,Screen 13,Scope,,,,19.0,0,https://booking.epictheatres.com/launch/ticketing/ead89353-e22e-5659-8472-e725fbe8b00f,webedia-api; post-show-census; occupancy_rate=19; reserved=y,EPIC,,,post-show-census
2026-09-25,webedia-2026-09-27T19:05Z,2026-09-27T19:05:45.958878+00:00,2026-09-27T19:00Z,2026-09-27,Sunday,Epic Theatres of St. Augustine with IMAX,,America/New_York,Forgotten Island,12:15,X0B5V:2026-09-27T12:15:00:11,0,Screen 11,Scope,,,,22.0,0,https://booking.epictheatres.com/launch/ticketing/5b773c68-8135-5609-8139-26304035c38c,webedia-api; post-show-census; occupancy_rate=22; reserved=y,EPIC,,,post-show-census
2026-09-25,webedia-2026-09-27T19:05Z,2026-09-27T19:05:45.958878+00:00,2026-09-27T19:00Z,2026-09-27,Sunday,Epic Theatres of St. Augustine with IMAX,,America/New_York,Forgotten Island,13:50,X0B5V:2026-09-27T13:50:00:13,0,Screen 13,"3d,Scope",,,,73.0,0,https://booking.epictheatres.com/launch/ticketing/0a231ff3-2cb2-5bcb-a5b7-948689f952f0,webedia-api; post-show-census; occupancy_rate=73; reserved=y,EPIC,,,post-show-census
2026-09-25,webedia-2026-09-27T19:05Z,2026-09-27T19:05:45.958878+00:00,2026-09-27T19:00Z,2026-09-27,Sunday,Epic Theatres of St. Augustine with IMAX,,America/New_York,Forgotten Island,14:50,X0B5V:2026-09-27T14:50:00:11,0,Screen 11,Scope,,,,12.0,0,https://booking.epictheatres.com/launch/ticketing/ffe34d8d-3e37-538c-bec7-afabd2754323,webedia-api; post-show-census; occupancy_rate=12; reserved=y,EPIC,,,post-show-census
2026-09-25,webedia-2026-09-27T19:05Z,2026-09-27T19:05:45.958878+00:00,2026-09-27T19:00Z,2026-09-27,Sunday,Epic Theatres of St. Augustine with IMAX,,America/New_York,Forgotten Island,16:25,X0B5V:2026-09-27T16:25:00:13,79,Screen 13,Scope,,,,15.0,0,https://booking.epictheatres.com/launch/ticketing/770e192f-2679-54b7-8693-f4b6ec1db564,webedia-api; occupancy_rate=15; reserved=y,EPIC,,,webedia-api
2026-09-25,webedia-2026-09-27T19:05Z,2026-09-27T19:05:45.958878+00:00,2026-09-27T19:00Z,2026-09-27,Sunday,Epic Theatres of St. Augustine with IMAX,,America/New_York,Forgotten Island,17:25,X0B5V:2026-09-27T17:25:00:11,139,Screen 11,Scope,,,,6.0,0,https://booking.epictheatres.com/launch/ticketing/cb237149-3b0d-510c-bf6c-9bc98e7e101a,webedia-api; occupancy_rate=6; reserved=y,EPIC,,,webedia-api
2026-09-25,webedia-2026-09-27T19:05Z,2026-09-27T19:05:45.958878+00:00,2026-09-27T19:00Z,2026-09-27,Sunday,Epic Theatres of St. Augustine with IMAX,,America/New_York,Forgotten Island,19:00,X0B5V:2026-09-27T19:00:00:13,234,Screen 13,Scope,,,,0.0,0,https://booking.epictheatres.com/launch/ticketing/54a19437-bc44-52fb-9b54-cc2c341121b0,webedia-api; occupancy_rate=0; reserved=y,EPIC,,,webedia-api
2026-09-25,webedia-2026-09-27T19:05Z,2026-09-27T19:05:45.958878+00:00,2026-09-27T19:00Z,2026-09-27,Sunday,Epic Theatres of St. Augustine with IMAX,,America/New_York,Forgotten Island,20:00,X0B5V:2026-09-27T20:00:00:11,294,Screen 11,Scope,,,,0.0,0,https://booking.epictheatres.com/launch/ticketing/cbbb49d1-cd4a-5d15-b1cb-4bf712ae7be8,webedia-api; occupancy_rate=0; reserved=y,EPIC,,,webedia-api
2026-09-25,webedia-2026-09-27T19:05Z,2026-09-27T19:05:45.958878+00:00,2026-09-27T19:00Z,2026-09-27,Sunday,Epic Theatres of St. Augustine with IMAX,,America/New_York,Forgotten Island,21:35,X0B5V:2026-09-27T21:35:00:13,389,Screen 13,"3d,Scope",,,,0.0,0,https://booking.epictheatres.com/launch/ticketing/98bf184c-d728-5ca1-9e9e-d6219ed43534,webedia-api; occupancy_rate=0; reserved=y,EPIC,,,webedia-api
2026-09-25,webedia-2026-09-27T19:05Z,2026-09-27T19:05:45.958878+00:00,2026-09-27T19:00Z,2026-09-27,Sunday,Epic Theatres of St. Augustine with IMAX,,America/New_York,Forgotten Island,22:35,X0B5V:2026-09-27T22:35:00:11,449,Screen 11,Scope,,,,0.0,0,https://booking.epictheatres.com/launch/ticketing/17665278-4faf-528e-a8da-3dc0c930b01c,webedia-api; occupancy_rate=0; reserved=y,EPIC,,,webedia-api
2026-09-25,webedia-2026-09-27T19:05Z,2026-09-27T19:05:45.958878+00:00,2026-09-27T19:00Z,2026-09-27,Sunday,Epic Theatres of St. Augustine with IMAX,,America/New_York,Heart of the Beast,11:50,X0B5V:2026-09-27T11:50:00:9,0,Screen 9,Scope,,,,35.0,0,https://booking.epictheatres.com/launch/ticketing/ff1d4a3f-a583-5784-a207-218d3a8bfad8,webedia-api; post-show-census; occupancy_rate=35; reserved=y,EPIC,,,post-show-census
2026-09-25,webedia-2026-09-27T19:05Z,2026-09-27T19:05:45.958878+00:00,2026-09-27T19:00Z,2026-09-27,Sunday,Epic Theatres of St. Augustine with IMAX,,America/New_York,Heart of the Beast,14:20,X0B5V:2026-09-27T14:20:00:9,0,Screen 9,Scope,,,,40.0,0,https://booking.epictheatres.com/launch/ticketing/283279eb-d990-5562-ab6d-8ad3593d2cdb,webedia-api; post-show-census; occupancy_rate=40; reserved=y,EPIC,,,post-show-census
2026-09-25,webedia-2026-09-27T19:05Z,2026-09-27T19:05:45.958878+00:00,2026-09-27T19:00Z,2026-09-27,Sunday,Epic Theatres of St. Augustine with IMAX,,America/New_York,Heart of the Beast,16:30,X0B5V:2026-09-27T16:30:00:3,84,Screen 3,Scope,,,,35.0,0,https://booking.epictheatres.com/launch/ticketing/eba3a11e-d445-5362-97c5-aac51dfc2bb4,webedia-api; occupancy_rate=35; reserved=y,EPIC,,,webedia-api
2026-09-25,webedia-2026-09-27T19:05Z,2026-09-27T19:05:45.958878+00:00,2026-09-27T19:00Z,2026-09-27,Sunday,Epic Theatres of St. Augustine with IMAX,,America/New_York,Heart of the Beast,16:50,X0B5V:2026-09-27T16:50:00:9,104,Screen 9,Scope,,,,13.0,0,https://booking.epictheatres.com/launch/ticketing/0e128879-ac60-5b8e-82cd-7dbedbca63c1,webedia-api; occupancy_rate=13; reserved=y,EPIC,,,webedia-api
2026-09-25,webedia-2026-09-27T19:05Z,2026-09-27T19:05:45.958878+00:00,2026-09-27T19:00Z,2026-09-27,Sunday,Epic Theatres of St. Augustine with IMAX,,America/New_York,Heart of the Beast,19:20,X0B5V:2026-09-27T19:20:00:9,254,Screen 9,Scope,,,,8.0,0,https://booking.epictheatres.com/launch/ticketing/fd1b8717-000a-5879-a823-08595cee8794,webedia-api; occupancy_rate=8; reserved=y,EPIC,,,webedia-api
2026-09-25,webedia-2026-09-27T19:05Z,2026-09-27T19:05:45.958878+00:00,2026-09-27T19:00Z,2026-09-27,Sunday,Epic Theatres of St. Augustine with IMAX,,America/New_York,Heart of the Beast,21:50,X0B5V:2026-09-27T21:50:00:9,404,Screen 9,Scope,,,,2.0,0,https://booking.epictheatres.com/launch/ticketing/6e9e6c0b-621d-5f6f-8aef-ca2b8c6f14de,webedia-api; occupancy_rate=2; reserved=y,EPIC,,,webedia-api
2026-09-25,webedia-2026-09-27T19:05Z,2026-09-27T19:05:45.958878+00:00,2026-09-27T19:00Z,2026-09-27,Sunday,Epic Theatres of St. Augustine with IMAX,,America/New_York,Primetime,11:50,X0B5V:2026-09-27T11:50:00:14,0,Screen 14,Flat,,,,12.0,0,https://booking.epictheatres.com/launch/ticketing/08882eba-e92f-54c1-974e-7311d11a6bd0,webedia-api; post-show-census; occupancy_rate=12; reserved=y,EPIC,,,post-show-census
2026-09-25,webedia-2026-09-27T19:05Z,2026-09-27T19:05:45.958878+00:00,2026-09-27T19:00Z,2026-09-27,Sunday,Epic Theatres of St. Augustine with IMAX,,America/New_York,Primetime,14:25,X0B5V:2026-09-27T14:25:00:14,0,Screen 14,Flat,,,,41.0,0,https://booking.epictheatres.com/launch/ticketing/3b3524cc-5d65-5063-9c74-ffd74edf2eed,webedia-api; post-show-census; occupancy_rate=41; reserved=y,EPIC,,,post-show-census
2026-09-25,webedia-2026-09-27T19:05Z,2026-09-27T19:05:45.958878+00:00,2026-09-27T19:00Z,2026-09-27,Sunday,Epic Theatres of St. Augustine with IMAX,,America/New_York,Primetime,17:00,X0B5V:2026-09-27T17:00:00:14,114,Screen 14,Flat,,,,15.0,0,https://booking.epictheatres.com/launch/ticketing/624550cd-ea17-55c3-9971-ffdce180062d,webedia-api; occupancy_rate=15; reserved=y,EPIC,,,webedia-api
2026-09-25,webedia-2026-09-27T19:05Z,2026-09-27T19:05:45.958878+00:00,2026-09-27T19:00Z,2026-09-27,Sunday,Epic Theatres of St. Augustine with IMAX,,America/New_York,Primetime,19:35,X0B5V:2026-09-27T19:35:00:14,269,Screen 14,Flat,,,,37.0,0,https://booking.epictheatres.com/launch/ticketing/80018890-e8fc-5f0b-8456-82ef93c160a2,webedia-api; occupancy_rate=37; reserved=y,EPIC,,,webedia-api
2026-09-25,webedia-2026-09-27T19:05Z,2026-09-27T19:05:45.958878+00:00,2026-09-27T19:00Z,2026-09-27,Sunday,Epic Theatres of St. Augustine with IMAX,,America/New_York,Primetime,22:10,X0B5V:2026-09-27T22:10:00:14,424,Screen 14,Flat,,,,2.0,0,https://booking.epictheatres.com/launch/ticketing/143d126a-b0d2-50e1-a1de-de5ecd1a8f46,webedia-api; occupancy_rate=2; reserved=y,EPIC,,,webedia-api
2026-09-25,webedia-2026-09-27T19:05Z,2026-09-27T19:05:45.958878+00:00,2026-09-27T19:00Z,2026-09-27,Sunday,Epic Theatres of West Volusia with Epic XL and IMAX,,America/New_York,Forgotten Island,11:15,X0LX1:2026-09-27T11:15:00:11,0,Screen 11,Scope,,,,18.0,0,https://booking.epictheatres.com/launch/ticketing/43cf17c3-1b0e-5af9-92ce-4fdd8bed1869,webedia-api; post-show-census; occupancy_rate=18; reserved=y,EPIC,,,post-show-census
2026-09-25,webedia-2026-09-27T19:05Z,2026-09-27T19:05:45.958878+00:00,2026-09-27T19:00Z,2026-09-27,Sunday,Epic Theatres of West Volusia with Epic XL and IMAX,,America/New_York,Forgotten Island,11:45,X0LX1:2026-09-27T11:45:00:7,0,Screen 7,Scope,,,,3.0,0,https://booking.epictheatres.com/launch/ticketing/004b2ec5-ee6c-5300-ab06-7f0290de3f6f,webedia-api; post-show-census; occupancy_rate=3; reserved=y,EPIC,,,post-show-census
2026-09-25,webedia-2026-09-27T19:05Z,2026-09-27T19:05:45.958878+00:00,2026-09-27T19:00Z,2026-09-27,Sunday,Epic Theatres of West Volusia with Epic XL and IMAX,,America/New_York,Forgotten Island,12:15,X0LX1:2026-09-27T12:15:00:10,0,Screen 10,"3d,Scope",,,,19.0,0,https://booking.epictheatres.com/launch/ticketing/8d103389-9405-539d-a47c-3b4ab51e24fe,webedia-api; post-show-census; occupancy_rate=19; reserved=y,EPIC,,,post-show-census
2026-09-25,webedia-2026-09-27T19:05Z,2026-09-27T19:05:45.958878+00:00,2026-09-27T19:00Z,2026-09-27,Sunday,Epic Theatres of West Volusia with Epic XL and IMAX,,America/New_York,Forgotten Island,13:50,X0LX1:2026-09-27T13:50:00:11,0,Screen 11,"3d,Scope",,,,13.0,0,https://booking.epictheatres.com/launch/ticketing/78d3c938-c0b2-5f28-bb45-9ac0dc5c9029,webedia-api; post-show-census; occupancy_rate=13; reserved=y,EPIC,,,post-show-census
2026-09-25,webedia-2026-09-27T19:05Z,2026-09-27T19:05:45.958878+00:00,2026-09-27T19:00Z,2026-09-27,Sunday,Epic Theatres of West Volusia with Epic XL and IMAX,,America/New_York,Forgotten Island,16:25,X0LX1:2026-09-27T16:25:00:11,79,Screen 11,"3d,Scope",,,,20.0,0,https://booking.epictheatres.com/launch/ticketing/627f0ca6-dbf3-5776-8306-55183ce684d0,webedia-api; occupancy_rate=20; reserved=y,EPIC,,,webedia-api
2026-09-25,webedia-2026-09-27T19:05Z,2026-09-27T19:05:45.958878+00:00,2026-09-27T19:00Z,2026-09-27,Sunday,Epic Theatres of West Volusia with Epic XL and IMAX,,America/New_York,Forgotten Island,19:00,X0LX1:2026-09-27T19:00:00:11,234,Screen 11,Scope,,,,20.0,0,https://booking.epictheatres.com/launch/ticketing/1181ccf0-780e-5878-b953-bf9eee691499,webedia-api; occupancy_rate=20; reserved=y,EPIC,,,webedia-api
2026-09-25,webedia-2026-09-27T19:05Z,2026-09-27T19:05:45.958878+00:00,2026-09-27T19:00Z,2026-09-27,Sunday,Epic Theatres of West Volusia with Epic XL and IMAX,,America/New_York,Forgotten Island,21:35,X0LX1:2026-09-27T21:35:00:11,389,Screen 11,Scope,,,,4.0,0,https://booking.epictheatres.com/launch/ticketing/9853d5a8-69e0-5e06-a284-a6e3e58293a9,webedia-api; occupancy_rate=4; reserved=y,EPIC,,,webedia-api
2026-09-25,webedia-2026-09-27T19:05Z,2026-09-27T19:05:45.958878+00:00,2026-09-27T19:00Z,2026-09-27,Sunday,Epic Theatres of West Volusia with Epic XL and IMAX,,America/New_York,Heart of the Beast,11:35,X0LX1:2026-09-27T11:35:00:12,0,Screen 12,Scope,,,,49.0,0,https://booking.epictheatres.com/launch/ticketing/b326aa3a-8120-5f82-bb97-2a946b95d30c,webedia-api; post-show-census; occupancy_rate=49; reserved=y,EPIC,,,post-show-census
2026-09-25,webedia-2026-09-27T19:05Z,2026-09-27T19:05:45.958878+00:00,2026-09-27T19:00Z,2026-09-27,Sunday,Epic Theatres of West Volusia with Epic XL and IMAX,,America/New_York,Heart of the Beast,14:20,X0LX1:2026-09-27T14:20:00:7,0,Screen 7,Scope,,,,68.0,0,https://booking.epictheatres.com/launch/ticketing/82b3d816-4ba0-5472-86c5-4faa73c06b76,webedia-api; post-show-census; occupancy_rate=68; reserved=y,EPIC,,,post-show-census
2026-09-25,webedia-2026-09-27T19:05Z,2026-09-27T19:05:45.958878+00:00,2026-09-27T19:00Z,2026-09-27,Sunday,Epic Theatres of West Volusia with Epic XL and IMAX,,America/New_York,Heart of the Beast,16:50,X0LX1:2026-09-27T16:50:00:7,104,Screen 7,Scope,,,,21.0,0,https://booking.epictheatres.com/launch/ticketing/9c00c298-fa4e-5e51-94eb-76fc52dbb841,webedia-api; occupancy_rate=21; reserved=y,EPIC,,,webedia-api
2026-09-25,webedia-2026-09-27T19:05Z,2026-09-27T19:05:45.958878+00:00,2026-09-27T19:00Z,2026-09-27,Sunday,Epic Theatres of West Volusia with Epic XL and IMAX,,America/New_York,Heart of the Beast,19:20,X0LX1:2026-09-27T19:20:00:7,254,Screen 7,Scope,,,,7.0,0,https://booking.epictheatres.com/launch/ticketing/e86c5795-63ad-5f13-9459-649b86ce1b6d,webedia-api; occupancy_rate=7; reserved=y,EPIC,,,webedia-api
2026-09-25,webedia-2026-09-27T19:05Z,2026-09-27T19:05:45.958878+00:00,2026-09-27T19:00Z,2026-09-27,Sunday,Epic Theatres of West Volusia with Epic XL and IMAX,,America/New_York,Heart of the Beast,21:50,X0LX1:2026-09-27T21:50:00:12,404,Screen 12,Scope,,,,0.0,0,https://booking.epictheatres.com/launch/ticketing/30b9e28a-3d65-5b4f-a6a1-831dd16a6f24,webedia-api; occupancy_rate=0; reserved=y,EPIC,,,webedia-api
2026-09-25,webedia-2026-09-27T19:05Z,2026-09-27T19:05:45.958878+00:00,2026-09-27T19:00Z,2026-09-27,Sunday,Epic Theatres of West Volusia with Epic XL and IMAX,,America/New_York,Primetime,11:50,X0LX1:2026-09-27T11:50:00:5,0,Screen 5,Flat,,,,25.0,0,https://booking.epictheatres.com/launch/ticketing/1b5fd77e-7221-5d47-a5b6-856da8a276ce,webedia-api; post-show-census; occupancy_rate=25; reserved=y,EPIC,,,post-show-census
2026-09-25,webedia-2026-09-27T19:05Z,2026-09-27T19:05:45.958878+00:00,2026-09-27T19:00Z,2026-09-27,Sunday,Epic Theatres of West Volusia with Epic XL and IMAX,,America/New_York,Primetime,14:25,X0LX1:2026-09-27T14:25:00:5,0,Screen 5,Flat,,,,14.0,0,https://booking.epictheatres.com/launch/ticketing/efeb6f3b-b08e-530a-92b8-caa20f8121e3,webedia-api; post-show-census; occupancy_rate=14; reserved=y,EPIC,,,post-show-census
2026-09-25,webedia-2026-09-27T19:05Z,2026-09-27T19:05:45.958878+00:00,2026-09-27T19:00Z,2026-09-27,Sunday,Epic Theatres of West Volusia with Epic XL and IMAX,,America/New_York,Primetime,17:00,X0LX1:2026-09-27T17:00:00:5,114,Screen 5,Flat,,,,15.0,0,https://booking.epictheatres.com/launch/ticketing/b3f28325-9ee7-5116-a1a7-5e7c9d53b423,webedia-api; occupancy_rate=15; reserved=y,EPIC,,,webedia-api
2026-09-25,webedia-2026-09-27T19:05Z,2026-09-27T19:05:45.958878+00:00,2026-09-27T19:00Z,2026-09-27,Sunday,Epic Theatres of West Volusia with Epic XL and IMAX,,America/New_York,Primetime,19:35,X0LX1:2026-09-27T19:35:00:5,269,Screen 5,Flat,,,,10.0,0,https://booking.epictheatres.com/launch/ticketing/7370d709-9bad-570e-be3a-20886a33bf51,webedia-api; occupancy_rate=10; reserved=y,EPIC,,,webedia-api
2026-09-25,webedia-2026-09-27T19:05Z,2026-09-27T19:05:45.958878+00:00,2026-09-27T19:00Z,2026-09-27,Sunday,Epic Theatres of West Volusia with Epic XL and IMAX,,America/New_York,Primetime,21:45,X0LX1:2026-09-27T21:45:00:6,399,Screen 6,Flat,,,,5.0,0,https://booking.epictheatres.com/launch/ticketing/c4b0689f-c1d0-5fd8-b92b-82b5e4f4c3ce,webedia-api; occupancy_rate=5; reserved=y,EPIC,,,webedia-api
2026-09-25,webedia-2026-09-27T19:05Z,2026-09-27T19:05:45.958878+00:00,2026-09-27T19:00Z,2026-09-27,Sunday,Marquee Cinemas - Coralwood 10,,America/New_York,Forgotten Island,12:50,X0K7S:2026-09-27T12:50:00:5,0,Screen 5,Digital,,,,9.0,0,https://omniwebticketing9.com/marquee/cape-coral/?schdate=2026-09-27&perfix=106041,webedia-api; post-show-census; occupancy_rate=9; reserved=n,MARQ,,,post-show-census
2026-09-25,webedia-2026-09-27T19:05Z,2026-09-27T19:05:45.958878+00:00,2026-09-27T19:00Z,2026-09-27,Sunday,Marquee Cinemas - Coralwood 10,,America/New_York,Forgotten Island,15:50,X0K7S:2026-09-27T15:50:00:5,44,Screen 5,Digital,,,,4.0,0,https://omniwebticketing9.com/marquee/cape-coral/?schdate=2026-09-27&perfix=106042,webedia-api; occupancy_rate=4; reserved=n,MARQ,,,webedia-api
2026-09-25,webedia-2026-09-27T19:05Z,2026-09-27T19:05:45.958878+00:00,2026-09-27T19:00Z,2026-09-27,Sunday,Marquee Cinemas - Coralwood 10,,America/New_York,Forgotten Island,18:50,X0K7S:2026-09-27T18:50:00:5,224,Screen 5,Digital,,,,1.0,0,https://omniwebticketing9.com/marquee/cape-coral/?schdate=2026-09-27&perfix=106043,webedia-api; occupancy_rate=1; reserved=n,MARQ,,,webedia-api
2026-09-25,webedia-2026-09-27T19:05Z,2026-09-27T19:05:45.958878+00:00,2026-09-27T19:00Z,2026-09-27,Sunday,Marquee Cinemas - Coralwood 10,,America/New_York,Forgotten Island,21:25,X0K7S:2026-09-27T21:25:00:5,379,Screen 5,Digital,,,,0.0,0,https://omniwebticketing9.com/marquee/cape-coral/?schdate=2026-09-27&perfix=106044,webedia-api; occupancy_rate=0; reserved=n,MARQ,,,webedia-api
2026-09-25,webedia-2026-09-27T19:05Z,2026-09-27T19:05:45.958878+00:00,2026-09-27T19:00Z,2026-09-27,Sunday,Marquee Cinemas - Coralwood 10,,America/New_York,Heart of the Beast,12:40,X0K7S:2026-09-27T12:40:00:7,0,Screen 7,Digital,,,,66.0,0,https://omniwebticketing9.com/marquee/cape-coral/?schdate=2026-09-27&perfix=106060,webedia-api; post-show-census; occupancy_rate=66; reserved=n,MARQ,,,post-show-census
2026-09-25,webedia-2026-09-27T19:05Z,2026-09-27T19:05:45.958878+00:00,2026-09-27T19:00Z,2026-09-27,Sunday,Marquee Cinemas - Coralwood 10,,America/New_York,Heart of the Beast,15:40,X0K7S:2026-09-27T15:40:00:10,34,Screen 10,Digital,,,,32.0,0,https://omniwebticketing9.com/marquee/cape-coral/?schdate=2026-09-27&perfix=105307,webedia-api; occupancy_rate=32; reserved=n,MARQ,,,webedia-api
2026-09-25,webedia-2026-09-27T19:05Z,2026-09-27T19:05:45.958878+00:00,2026-09-27T19:00Z,2026-09-27,Sunday,Marquee Cinemas - Coralwood 10,,America/New_York,Heart of the Beast,18:40,X0K7S:2026-09-27T18:40:00:10,214,Screen 10,Digital,,,,15.0,0,https://omniwebticketing9.com/marquee/cape-coral/?schdate=2026-09-27&perfix=105308,webedia-api; occupancy_rate=15; reserved=n,MARQ,,,webedia-api
2026-09-25,webedia-2026-09-27T19:05Z,2026-09-27T19:05:45.958878+00:00,2026-09-27T19:00Z,2026-09-27,Sunday,Marquee Cinemas - Coralwood 10,,America/New_York,Heart of the Beast,21:20,X0K7S:2026-09-27T21:20:00:10,374,Screen 10,Digital,,,,2.0,0,https://omniwebticketing9.com/marquee/cape-coral/?schdate=2026-09-27&perfix=105309,webedia-api; occupancy_rate=2; reserved=n,MARQ,,,webedia-api
2026-09-25,webedia-2026-09-27T19:05Z,2026-09-27T19:05:45.958878+00:00,2026-09-27T19:00Z,2026-09-27,Sunday,Marquee Cinemas - Coralwood 10,,America/New_York,Primetime,13:00,X0K7S:2026-09-27T13:00:00:10,0,Screen 10,Digital,,,,13.0,0,https://omniwebticketing9.com/marquee/cape-coral/?schdate=2026-09-27&perfix=106050,webedia-api; post-show-census; occupancy_rate=13; reserved=n,MARQ,,,post-show-census
2026-09-25,webedia-2026-09-27T19:05Z,2026-09-27T19:05:45.958878+00:00,2026-09-27T19:00Z,2026-09-27,Sunday,Marquee Cinemas - Coralwood 10,,America/New_York,Primetime,16:00,X0K7S:2026-09-27T16:00:00:7,54,Screen 7,Digital,,,,6.0,0,https://omniwebticketing9.com/marquee/cape-coral/?schdate=2026-09-27&perfix=106051,webedia-api; occupancy_rate=6; reserved=n,MARQ,,,webedia-api
2026-09-25,webedia-2026-09-27T19:05Z,2026-09-27T19:05:45.958878+00:00,2026-09-27T19:00Z,2026-09-27,Sunday,Marquee Cinemas - Coralwood 10,,America/New_York,Primetime,19:00,X0K7S:2026-09-27T19:00:00:7,234,Screen 7,Digital,,,,10.0,0,https://omniwebticketing9.com/marquee/cape-coral/?schdate=2026-09-27&perfix=106052,webedia-api; occupancy_rate=10; reserved=n,MARQ,,,webedia-api
2026-09-25,webedia-2026-09-27T19:05Z,2026-09-27T19:05:45.958878+00:00,2026-09-27T19:00Z,2026-09-27,Sunday,Marquee Cinemas - Coralwood 10,,America/New_York,Primetime,21:40,X0K7S:2026-09-27T21:40:00:7,394,Screen 7,Digital,,,,0.0,0,https://omniwebticketing9.com/marquee/cape-coral/?schdate=2026-09-27&perfix=106053,webedia-api; occupancy_rate=0; reserved=n,MARQ,,,webedia-api
2026-09-25,webedia-2026-09-27T19:05Z,2026-09-27T19:05:45.958878+00:00,2026-09-27T19:00Z,2026-09-27,Sunday,Marquee Cinemas - Galleria 14,,America/New_York,Forgotten Island,12:20,X0K7I:2026-09-27T12:20:00:8,0,Screen 8,3d,,,,0.0,0,https://omniwebticketing9.com/marquee/beckley/?schdate=2026-09-27&perfix=148926,webedia-api; post-show-census; occupancy_rate=0; reserved=n,MARQ,,,post-show-census
2026-09-25,webedia-2026-09-27T19:05Z,2026-09-27T19:05:45.958878+00:00,2026-09-27T19:00Z,2026-09-27,Sunday,Marquee Cinemas - Galleria 14,,America/New_York,Forgotten Island,12:50,X0K7I:2026-09-27T12:50:00:4,0,Screen 4,Digital,,,,3.0,0,https://omniwebticketing9.com/marquee/beckley/?schdate=2026-09-27&perfix=148928,webedia-api; post-show-census; occupancy_rate=3; reserved=n,MARQ,,,post-show-census
2026-09-25,webedia-2026-09-27T19:05Z,2026-09-27T19:05:45.958878+00:00,2026-09-27T19:00Z,2026-09-27,Sunday,Marquee Cinemas - Galleria 14,,America/New_York,Forgotten Island,15:20,X0K7I:2026-09-27T15:20:00:8,14,Screen 8,Digital,,,,0.0,0,https://omniwebticketing9.com/marquee/beckley/?schdate=2026-09-27&perfix=148925,webedia-api; occupancy_rate=0; reserved=n,MARQ,,,webedia-api
2026-09-25,webedia-2026-09-27T19:05Z,2026-09-27T19:05:45.958878+00:00,2026-09-27T19:00Z,2026-09-27,Sunday,Marquee Cinemas - Galleria 14,,America/New_York,Forgotten Island,15:50,X0K7I:2026-09-27T15:50:00:4,44,Screen 4,Digital,,,,0.0,0,https://omniwebticketing9.com/marquee/beckley/?schdate=2026-09-27&perfix=148929,webedia-api; occupancy_rate=0; reserved=n,MARQ,,,webedia-api
2026-09-25,webedia-2026-09-27T19:05Z,2026-09-27T19:05:45.958878+00:00,2026-09-27T19:00Z,2026-09-27,Sunday,Marquee Cinemas - Galleria 14,,America/New_York,Forgotten Island,18:20,X0K7I:2026-09-27T18:20:00:8,194,Screen 8,3d,,,,0.0,0,https://omniwebticketing9.com/marquee/beckley/?schdate=2026-09-27&perfix=148927,webedia-api; occupancy_rate=0; reserved=n,MARQ,,,webedia-api
2026-09-25,webedia-2026-09-27T19:05Z,2026-09-27T19:05:45.958878+00:00,2026-09-27T19:00Z,2026-09-27,Sunday,Marquee Cinemas - Galleria 14,,America/New_York,Forgotten Island,18:50,X0K7I:2026-09-27T18:50:00:4,224,Screen 4,Digital,,,,0.0,0,https://omniwebticketing9.com/marquee/beckley/?schdate=2026-09-27&perfix=148930,webedia-api; occupancy_rate=0; reserved=n,MARQ,,,webedia-api
2026-09-25,webedia-2026-09-27T19:05Z,2026-09-27T19:05:45.958878+00:00,2026-09-27T19:00Z,2026-09-27,Sunday,Marquee Cinemas - Galleria 14,,America/New_York,Forgotten Island,20:55,X0K7I:2026-09-27T20:55:00:8,349,Screen 8,Digital,,,,0.0,0,https://omniwebticketing9.com/marquee/beckley/?schdate=2026-09-27&perfix=148924,webedia-api; occupancy_rate=0; reserved=n,MARQ,,,webedia-api
2026-09-25,webedia-2026-09-27T19:05Z,2026-09-27T19:05:45.958878+00:00,2026-09-27T19:00Z,2026-09-27,Sunday,Marquee Cinemas - Galleria 14,,America/New_York,Forgotten Island,21:25,X0K7I:2026-09-27T21:25:00:4,379,Screen 4,Digital,,,,0.0,0,https://omniwebticketing9.com/marquee/beckley/?schdate=2026-09-27&perfix=148931,webedia-api; occupancy_rate=0; reserved=n,MARQ,,,webedia-api
2026-09-25,webedia-2026-09-27T19:05Z,2026-09-27T19:05:45.958878+00:00,2026-09-27T19:00Z,2026-09-27,Sunday,Marquee Cinemas - Galleria 14,,America/New_York,Heart of the Beast,12:40,X0K7I:2026-09-27T12:40:00:3,0,Screen 3,Digital,,,,13.0,0,https://omniwebticketing9.com/marquee/beckley/?schdate=2026-09-27&perfix=147910,webedia-api; post-show-census; occupancy_rate=13; reserved=n,MARQ,,,post-show-census
2026-09-25,webedia-2026-09-27T19:05Z,2026-09-27T19:05:45.958878+00:00,2026-09-27T19:00Z,2026-09-27,Sunday,Marquee Cinemas - Galleria 14,,America/New_York,Heart of the Beast,15:40,X0K7I:2026-09-27T15:40:00:3,34,Screen 3,Digital,,,,0.0,0,https://omniwebticketing9.com/marquee/beckley/?schdate=2026-09-27&perfix=147911,webedia-api; occupancy_rate=0; reserved=n,MARQ,,,webedia-api
2026-09-25,webedia-2026-09-27T19:05Z,2026-09-27T19:05:45.958878+00:00,2026-09-27T19:00Z,2026-09-27,Sunday,Marquee Cinemas - Galleria 14,,America/New_York,Heart of the Beast,18:40,X0K7I:2026-09-27T18:40:00:3,214,Screen 3,Digital,,,,0.0,0,https://omniwebticketing9.com/marquee/beckley/?schdate=2026-09-27&perfix=147912,webedia-api; occupancy_rate=0; reserved=n,MARQ,,,webedia-api
2026-09-25,webedia-2026-09-27T19:05Z,2026-09-27T19:05:45.958878+00:00,2026-09-27T19:00Z,2026-09-27,Sunday,Marquee Cinemas - Galleria 14,,America/New_York,Heart of the Beast,21:20,X0K7I:2026-09-27T21:20:00:3,374,Screen 3,Digital,,,,0.0,0,https://omniwebticketing9.com/marquee/beckley/?schdate=2026-09-27&perfix=147913,webedia-api; occupancy_rate=0; reserved=n,MARQ,,,webedia-api
2026-09-25,webedia-2026-09-27T19:05Z,2026-09-27T19:05:45.958878+00:00,2026-09-27T19:00Z,2026-09-27,Sunday,Marquee Cinemas - Galleria 14,,America/New_York,Primetime,13:00,X0K7I:2026-09-27T13:00:00:12,0,Screen 12,Digital,,,,2.0,0,https://omniwebticketing9.com/marquee/beckley/?schdate=2026-09-27&perfix=148935,webedia-api; post-show-census; occupancy_rate=2; reserved=n,MARQ,,,post-show-census
2026-09-25,webedia-2026-09-27T19:05Z,2026-09-27T19:05:45.958878+00:00,2026-09-27T19:00Z,2026-09-27,Sunday,Marquee Cinemas - Galleria 14,,America/New_York,Primetime,16:00,X0K7I:2026-09-27T16:00:00:12,54,Screen 12,Digital,,,,0.0,0,https://omniwebticketing9.com/marquee/beckley/?schdate=2026-09-27&perfix=148936,webedia-api; occupancy_rate=0; reserved=n,MARQ,,,webedia-api
2026-09-25,webedia-2026-09-27T19:05Z,2026-09-27T19:05:45.958878+00:00,2026-09-27T19:00Z,2026-09-27,Sunday,Marquee Cinemas - Galleria 14,,America/New_York,Primetime,19:00,X0K7I:2026-09-27T19:00:00:12,234,Screen 12,Digital,,,,0.0,0,https://omniwebticketing9.com/marquee/beckley/?schdate=2026-09-27&perfix=148937,webedia-api; occupancy_rate=0; reserved=n,MARQ,,,webedia-api
2026-09-25,webedia-2026-09-27T19:05Z,2026-09-27T19:05:45.958878+00:00,2026-09-27T19:00Z,2026-09-27,Sunday,Marquee Cinemas - Galleria 14,,America/New_York,Primetime,21:40,X0K7I:2026-09-27T21:40:00:12,394,Screen 12,Digital,,,,0.0,0,https://omniwebticketing9.com/marquee/beckley/?schdate=2026-09-27&perfix=148938,webedia-api; occupancy_rate=0; reserved=n,MARQ,,,webedia-api
2026-09-25,webedia-2026-09-27T19:05Z,2026-09-27T19:05:45.958878+00:00,2026-09-27T19:00Z,2026-09-27,Sunday,Marquee Cinemas - Highlands 14,,America/New_York,Forgotten Island,12:20,X0K7H:2026-09-27T12:20:00:2,0,Screen 2,3d,,,,0.0,0,https://omniwebticketing9.com/marquee/triadelphia?schdate=2026-09-27&perfix=134812,webedia-api; post-show-census; occupancy_rate=0; reserved=n,MARQ,,,post-show-census
2026-09-25,webedia-2026-09-27T19:05Z,2026-09-27T19:05:45.958878+00:00,2026-09-27T19:00Z,2026-09-27,Sunday,Marquee Cinemas - Highlands 14,,America/New_York,Forgotten Island,12:50,X0K7H:2026-09-27T12:50:00:8,0,Screen 8,Digital,,,,0.0,0,https://omniwebticketing9.com/marquee/triadelphia?schdate=2026-09-27&perfix=134825,webedia-api; post-show-census; occupancy_rate=0; reserved=n,MARQ,,,post-show-census
2026-09-25,webedia-2026-09-27T19:05Z,2026-09-27T19:05:45.958878+00:00,2026-09-27T19:00Z,2026-09-27,Sunday,Marquee Cinemas - Highlands 14,,America/New_York,Forgotten Island,15:20,X0K7H:2026-09-27T15:20:00:2,14,Screen 2,Digital,,,,0.0,0,https://omniwebticketing9.com/marquee/triadelphia?schdate=2026-09-27&perfix=134824,webedia-api; occupancy_rate=0; reserved=n,MARQ,,,webedia-api
2026-09-25,webedia-2026-09-27T19:05Z,2026-09-27T19:05:45.958878+00:00,2026-09-27T19:00Z,2026-09-27,Sunday,Marquee Cinemas - Highlands 14,,America/New_York,Forgotten Island,15:50,X0K7H:2026-09-27T15:50:00:8,44,Screen 8,Digital,,,,0.0,0,https://omniwebticketing9.com/marquee/triadelphia?schdate=2026-09-27&perfix=134826,webedia-api; occupancy_rate=0; reserved=n,MARQ,,,webedia-api
2026-09-25,webedia-2026-09-27T19:05Z,2026-09-27T19:05:45.958878+00:00,2026-09-27T19:00Z,2026-09-27,Sunday,Marquee Cinemas - Highlands 14,,America/New_York,Forgotten Island,18:50,X0K7H:2026-09-27T18:50:00:8,224,Screen 8,Digital,,,,0.0,0,https://omniwebticketing9.com/marquee/triadelphia?schdate=2026-09-27&perfix=134827,webedia-api; occupancy_rate=0; reserved=n,MARQ,,,webedia-api
2026-09-25,webedia-2026-09-27T19:05Z,2026-09-27T19:05:45.958878+00:00,2026-09-27T19:00Z,2026-09-27,Sunday,Marquee Cinemas - Highlands 14,,America/New_York,Forgotten Island,21:25,X0K7H:2026-09-27T21:25:00:8,379,Screen 8,Digital,,,,0.0,0,https://omniwebticketing9.com/marquee/triadelphia?schdate=2026-09-27&perfix=134828,webedia-api; occupancy_rate=0; reserved=n,MARQ,,,webedia-api
2026-09-25,webedia-2026-09-27T19:05Z,2026-09-27T19:05:45.958878+00:00,2026-09-27T19:00Z,2026-09-27,Sunday,Marquee Cinemas - Highlands 14,,America/New_York,Heart of the Beast,12:40,X0K7H:2026-09-27T12:40:00:12,0,Screen 12,Digital,,,,9.0,0,https://omniwebticketing9.com/marquee/triadelphia?schdate=2026-09-27&perfix=133763,webedia-api; post-show-census; occupancy_rate=9; reserved=n,MARQ,,,post-show-census
2026-09-25,webedia-2026-09-27T19:05Z,2026-09-27T19:05:45.958878+00:00,2026-09-27T19:00Z,2026-09-27,Sunday,Marquee Cinemas - Highlands 14,,America/New_York,Heart of the Beast,15:40,X0K7H:2026-09-27T15:40:00:12,34,Screen 12,Digital,,,,0.0,0,https://omniwebticketing9.com/marquee/triadelphia?schdate=2026-09-27&perfix=133764,webedia-api; occupancy_rate=0; reserved=n,MARQ,,,webedia-api
2026-09-25,webedia-2026-09-27T19:05Z,2026-09-27T19:05:45.958878+00:00,2026-09-27T19:00Z,2026-09-27,Sunday,Marquee Cinemas - Highlands 14,,America/New_York,Heart of the Beast,18:40,X0K7H:2026-09-27T18:40:00:12,214,Screen 12,Digital,,,,0.0,0,https://omniwebticketing9.com/marquee/triadelphia?schdate=2026-09-27&perfix=133765,webedia-api; occupancy_rate=0; reserved=n,MARQ,,,webedia-api
2026-09-25,webedia-2026-09-27T19:05Z,2026-09-27T19:05:45.958878+00:00,2026-09-27T19:00Z,2026-09-27,Sunday,Marquee Cinemas - Highlands 14,,America/New_York,Heart of the Beast,21:20,X0K7H:2026-09-27T21:20:00:12,374,Screen 12,Digital,,,,0.0,0,https://omniwebticketing9.com/marquee/triadelphia?schdate=2026-09-27&perfix=133766,webedia-api; occupancy_rate=0; reserved=n,MARQ,,,webedia-api
2026-09-25,webedia-2026-09-27T19:05Z,2026-09-27T19:05:45.958878+00:00,2026-09-27T19:00Z,2026-09-27,Sunday,Marquee Cinemas - Highlands 14,,America/New_York,Primetime,13:00,X0K7H:2026-09-27T13:00:00:3,0,Screen 3,Digital,,,,2.0,0,https://omniwebticketing9.com/marquee/triadelphia?schdate=2026-09-27&perfix=134838,webedia-api; post-show-census; occupancy_rate=2; reserved=n,MARQ,,,post-show-census
2026-09-25,webedia-2026-09-27T19:05Z,2026-09-27T19:05:45.958878+00:00,2026-09-27T19:00Z,2026-09-27,Sunday,Marquee Cinemas - Highlands 14,,America/New_York,Primetime,16:00,X0K7H:2026-09-27T16:00:00:3,54,Screen 3,Digital,,,,0.0,0,https://omniwebticketing9.com/marquee/triadelphia?schdate=2026-09-27&perfix=134839,webedia-api; occupancy_rate=0; reserved=n,MARQ,,,webedia-api
2026-09-25,webedia-2026-09-27T19:05Z,2026-09-27T19:05:45.958878+00:00,2026-09-27T19:00Z,2026-09-27,Sunday,Marquee Cinemas - Highlands 14,,America/New_York,Primetime,19:00,X0K7H:2026-09-27T19:00:00:3,234,Screen 3,Digital,,,,0.0,0,https://omniwebticketing9.com/marquee/triadelphia?schdate=2026-09-27&perfix=134840,webedia-api; occupancy_rate=0; reserved=n,MARQ,,,webedia-api
2026-09-25,webedia-2026-09-27T19:05Z,2026-09-27T19:05:45.958878+00:00,2026-09-27T19:00Z,2026-09-27,Sunday,Marquee Cinemas - Highlands 14,,America/New_York,Primetime,21:40,X0K7H:2026-09-27T21:40:00:3,394,Screen 3,Digital,,,,0.0,0,https://omniwebticketing9.com/marquee/triadelphia?schdate=2026-09-27&perfix=134841,webedia-api; occupancy_rate=0; reserved=n,MARQ,,,webedia-api
2026-09-25,webedia-2026-09-27T19:05Z,2026-09-27T19:05:45.958878+00:00,2026-09-27T19:00Z,2026-09-27,Sunday,Marquee Cinemas - Mimosa 7,,America/New_York,Forgotten Island,12:50,X0K8B:2026-09-27T12:50:00:2,0,Screen 2,Digital,,,,24.0,0,https://omniwebticketing9.com/marquee/morganton/?schdate=2026-09-27&perfix=59167,webedia-api; post-show-census; occupancy_rate=24; reserved=n,MARQ,,,post-show-census
2026-09-25,webedia-2026-09-27T19:05Z,2026-09-27T19:05:45.958878+00:00,2026-09-27T19:00Z,2026-09-27,Sunday,Marquee Cinemas - Mimosa 7,,America/New_York,Forgotten Island,15:50,X0K8B:2026-09-27T15:50:00:2,44,Screen 2,Digital,,,,0.0,0,https://omniwebticketing9.com/marquee/morganton/?schdate=2026-09-27&perfix=59154,webedia-api; occupancy_rate=0; reserved=n,MARQ,,,webedia-api
2026-09-25,webedia-2026-09-27T19:05Z,2026-09-27T19:05:45.958878+00:00,2026-09-27T19:00Z,2026-09-27,Sunday,Marquee Cinemas - Mimosa 7,,America/New_York,Forgotten Island,18:50,X0K8B:2026-09-27T18:50:00:2,224,Screen 2,Digital,,,,0.0,0,https://omniwebticketing9.com/marquee/morganton/?schdate=2026-09-27&perfix=59155,webedia-api; occupancy_rate=0; reserved=n,MARQ,,,webedia-api
2026-09-25,webedia-2026-09-27T19:05Z,2026-09-27T19:05:45.958878+00:00,2026-09-27T19:00Z,2026-09-27,Sunday,Marquee Cinemas - Mimosa 7,,America/New_York,Forgotten Island,21:25,X0K8B:2026-09-27T21:25:00:2,379,Screen 2,Digital,,,,0.0,0,https://omniwebticketing9.com/marquee/morganton/?schdate=2026-09-27&perfix=59159,webedia-api; occupancy_rate=0; reserved=n,MARQ,,,webedia-api
2026-09-25,webedia-2026-09-27T19:05Z,2026-09-27T19:05:45.958878+00:00,2026-09-27T19:00Z,2026-09-27,Sunday,Marquee Cinemas - Mimosa 7,,America/New_York,Heart of the Beast,12:40,X0K8B:2026-09-27T12:40:00:4,0,Screen 4,Digital,,,,56.0,0,https://omniwebticketing9.com/marquee/morganton/?schdate=2026-09-27&perfix=58692,webedia-api; post-show-census; occupancy_rate=56; reserved=n,MARQ,,,post-show-census
2026-09-25,webedia-2026-09-27T19:05Z,2026-09-27T19:05:45.958878+00:00,2026-09-27T19:00Z,2026-09-27,Sunday,Marquee Cinemas - Mimosa 7,,America/New_York,Heart of the Beast,15:40,X0K8B:2026-09-27T15:40:00:4,34,Screen 4,Digital,,,,0.0,0,https://omniwebticketing9.com/marquee/morganton/?schdate=2026-09-27&perfix=58689,webedia-api; occupancy_rate=0; reserved=n,MARQ,,,webedia-api
2026-09-25,webedia-2026-09-27T19:05Z,2026-09-27T19:05:45.958878+00:00,2026-09-27T19:00Z,2026-09-27,Sunday,Marquee Cinemas - Mimosa 7,,America/New_York,Heart of the Beast,18:40,X0K8B:2026-09-27T18:40:00:4,214,Screen 4,Digital,,,,0.0,0,https://omniwebticketing9.com/marquee/morganton/?schdate=2026-09-27&perfix=58690,webedia-api; occupancy_rate=0; reserved=n,MARQ,,,webedia-api
2026-09-25,webedia-2026-09-27T19:05Z,2026-09-27T19:05:45.958878+00:00,2026-09-27T19:00Z,2026-09-27,Sunday,Marquee Cinemas - Mimosa 7,,America/New_York,Heart of the Beast,21:20,X0K8B:2026-09-27T21:20:00:4,374,Screen 4,Digital,,,,0.0,0,https://omniwebticketing9.com/marquee/morganton/?schdate=2026-09-27&perfix=58691,webedia-api; occupancy_rate=0; reserved=n,MARQ,,,webedia-api
2026-09-25,webedia-2026-09-27T19:05Z,2026-09-27T19:05:45.958878+00:00,2026-09-27T19:00Z,2026-09-27,Sunday,Marquee Cinemas - Mimosa 7,,America/New_York,Primetime,13:00,X0K8B:2026-09-27T13:00:00:6,0,Screen 6,Digital,,,,21.0,0,https://omniwebticketing9.com/marquee/morganton/?schdate=2026-09-27&perfix=59163,webedia-api; post-show-census; occupancy_rate=21; reserved=n,MARQ,,,post-show-census
2026-09-25,webedia-2026-09-27T19:05Z,2026-09-27T19:05:45.958878+00:00,2026-09-27T19:00Z,2026-09-27,Sunday,Marquee Cinemas - Mimosa 7,,America/New_York,Primetime,16:00,X0K8B:2026-09-27T16:00:00:6,54,Screen 6,Digital,,,,0.0,0,https://omniwebticketing9.com/marquee/morganton/?schdate=2026-09-27&perfix=59156,webedia-api; occupancy_rate=0; reserved=n,MARQ,,,webedia-api
2026-09-25,webedia-2026-09-27T19:05Z,2026-09-27T19:05:45.958878+00:00,2026-09-27T19:00Z,2026-09-27,Sunday,Marquee Cinemas - Mimosa 7,,America/New_York,Primetime,19:00,X0K8B:2026-09-27T19:00:00:6,234,Screen 6,Digital,,,,0.0,0,https://omniwebticketing9.com/marquee/morganton/?schdate=2026-09-27&perfix=59157,webedia-api; occupancy_rate=0; reserved=n,MARQ,,,webedia-api
2026-09-25,webedia-2026-09-27T19:05Z,2026-09-27T19:05:45.958878+00:00,2026-09-27T19:00Z,2026-09-27,Sunday,Marquee Cinemas - Mimosa 7,,America/New_York,Primetime,21:40,X0K8B:2026-09-27T21:40:00:6,394,Screen 6,Digital,,,,0.0,0,https://omniwebticketing9.com/marquee/morganton/?schdate=2026-09-27&perfix=59158,webedia-api; occupancy_rate=0; reserved=n,MARQ,,,webedia-api
2026-09-25,webedia-2026-09-27T19:05Z,2026-09-27T19:05:45.958878+00:00,2026-09-27T19:00Z,2026-09-27,Sunday,Marquee Cinemas - Nicholas Showcase,,America/New_York,Forgotten Island,12:50,X0K8C:2026-09-27T12:50:00:1,0,Screen 1,Digital,,,,0.0,0,https://omniwebticketing9.com/marquee/summersville/?schdate=2026-09-27&perfix=29417,webedia-api; post-show-census; occupancy_rate=0; reserved=n,MARQ,,,post-show-census
2026-09-25,webedia-2026-09-27T19:05Z,2026-09-27T19:05:45.958878+00:00,2026-09-27T19:00Z,2026-09-27,Sunday,Marquee Cinemas - Nicholas Showcase,,America/New_York,Forgotten Island,15:50,X0K8C:2026-09-27T15:50:00:1,44,Screen 1,Digital,,,,0.0,0,https://omniwebticketing9.com/marquee/summersville/?schdate=2026-09-27&perfix=29414,webedia-api; occupancy_rate=0; reserved=n,MARQ,,,webedia-api
2026-09-25,webedia-2026-09-27T19:05Z,2026-09-27T19:05:45.958878+00:00,2026-09-27T19:00Z,2026-09-27,Sunday,Marquee Cinemas - Nicholas Showcase,,America/New_York,Forgotten Island,18:50,X0K8C:2026-09-27T18:50:00:1,224,Screen 1,Digital,,,,0.0,0,https://omniwebticketing9.com/marquee/summersville/?schdate=2026-09-27&perfix=29415,webedia-api; occupancy_rate=0; reserved=n,MARQ,,,webedia-api
2026-09-25,webedia-2026-09-27T19:05Z,2026-09-27T19:05:45.958878+00:00,2026-09-27T19:00Z,2026-09-27,Sunday,Marquee Cinemas - Nicholas Showcase,,America/New_York,Heart of the Beast,12:40,X0K8C:2026-09-27T12:40:00:3,0,Screen 3,Digital,,,,2.0,0,https://omniwebticketing9.com/marquee/summersville/?schdate=2026-09-27&perfix=29205,webedia-api; post-show-census; occupancy_rate=2; reserved=n,MARQ,,,post-show-census
2026-09-25,webedia-2026-09-27T19:05Z,2026-09-27T19:05:45.958878+00:00,2026-09-27T19:00Z,2026-09-27,Sunday,Marquee Cinemas - Nicholas Showcase,,America/New_York,Heart of the Beast,15:40,X0K8C:2026-09-27T15:40:00:3,34,Screen 3,Digital,,,,0.0,0,https://omniwebticketing9.com/marquee/summersville/?schdate=2026-09-27&perfix=29202,webedia-api; occupancy_rate=0; reserved=n,MARQ,,,webedia-api
2026-09-25,webedia-2026-09-27T19:05Z,2026-09-27T19:05:45.958878+00:00,2026-09-27T19:00Z,2026-09-27,Sunday,Marquee Cinemas - Nicholas Showcase,,America/New_York,Heart of the Beast,18:40,X0K8C:2026-09-27T18:40:00:3,214,Screen 3,Digital,,,,0.0,0,https://omniwebticketing9.com/marquee/summersville/?schdate=2026-09-27&perfix=29203,webedia-api; occupancy_rate=0; reserved=n,MARQ,,,webedia-api
2026-09-25,webedia-2026-09-27T19:05Z,2026-09-27T19:05:45.958878+00:00,2026-09-27T19:00Z,2026-09-27,Sunday,Marquee Cinemas - Nicholas Showcase,,America/New_York,Primetime,13:00,X0K8C:2026-09-27T13:00:00:4,0,Screen 4,Digital,,,,3.0,0,https://omniwebticketing9.com/marquee/summersville/?schdate=2026-09-27&perfix=29418,webedia-api; post-show-census; occupancy_rate=3; reserved=n,MARQ,,,post-show-census
2026-09-25,webedia-2026-09-27T19:05Z,2026-09-27T19:05:45.958878+00:00,2026-09-27T19:00Z,2026-09-27,Sunday,Marquee Cinemas - Nicholas Showcase,,America/New_York,Primetime,16:00,X0K8C:2026-09-27T16:00:00:4,54,Screen 4,Digital,,,,0.0,0,https://omniwebticketing9.com/marquee/summersville/?schdate=2026-09-27&perfix=29408,webedia-api; occupancy_rate=0; reserved=n,MARQ,,,webedia-api
2026-09-25,webedia-2026-09-27T19:05Z,2026-09-27T19:05:45.958878+00:00,2026-09-27T19:00Z,2026-09-27,Sunday,Marquee Cinemas - Nicholas Showcase,,America/New_York,Primetime,19:00,X0K8C:2026-09-27T19:00:00:4,234,Screen 4,Digital,,,,0.0,0,https://omniwebticketing9.com/marquee/summersville/?schdate=2026-09-27&perfix=29409,webedia-api; occupancy_rate=0; reserved=n,MARQ,,,webedia-api
2026-09-25,webedia-2026-09-27T19:05Z,2026-09-27T19:05:45.958878+00:00,2026-09-27T19:00Z,2026-09-27,Sunday,Marquee Cinemas - Orchard 10,,America/New_York,Forgotten Island,12:50,X0K7T:2026-09-27T12:50:00:10,0,Screen 10,Digital,,,,35.0,0,https://omniwebticketing9.com/marquee/toms-river?schdate=2026-09-27&perfix=104087,webedia-api; post-show-census; occupancy_rate=35; reserved=n,MARQ,,,post-show-census
2026-09-25,webedia-2026-09-27T19:05Z,2026-09-27T19:05:45.958878+00:00,2026-09-27T19:00Z,2026-09-27,Sunday,Marquee Cinemas - Orchard 10,,America/New_York,Forgotten Island,15:50,X0K7T:2026-09-27T15:50:00:10,44,Screen 10,Digital,,,,6.0,0,https://omniwebticketing9.com/marquee/toms-river?schdate=2026-09-27&perfix=104088,webedia-api; occupancy_rate=6; reserved=n,MARQ,,,webedia-api
2026-09-25,webedia-2026-09-27T19:05Z,2026-09-27T19:05:45.958878+00:00,2026-09-27T19:00Z,2026-09-27,Sunday,Marquee Cinemas - Orchard 10,,America/New_York,Forgotten Island,18:50,X0K7T:2026-09-27T18:50:00:4,224,Screen 4,Digital,,,,7.0,0,https://omniwebticketing9.com/marquee/toms-river?schdate=2026-09-27&perfix=104086,webedia-api; occupancy_rate=7; reserved=n,MARQ,,,webedia-api
2026-09-25,webedia-2026-09-27T19:05Z,2026-09-27T19:05:45.958878+00:00,2026-09-27T19:00Z,2026-09-27,Sunday,Marquee Cinemas - Orchard 10,,America/New_York,Forgotten Island,21:25,X0K7T:2026-09-27T21:25:00:4,379,Screen 4,Digital,,,,0.0,0,https://omniwebticketing9.com/marquee/toms-river?schdate=2026-09-27&perfix=104061,webedia-api; occupancy_rate=0; reserved=n,MARQ,,,webedia-api
2026-09-25,webedia-2026-09-27T19:05Z,2026-09-27T19:05:45.958878+00:00,2026-09-27T19:00Z,2026-09-27,Sunday,Marquee Cinemas - Orchard 10,,America/New_York,Heart of the Beast,12:40,X0K7T:2026-09-27T12:40:00:1,0,Screen 1,Digital,,,,43.0,0,https://omniwebticketing9.com/marquee/toms-river?schdate=2026-09-27&perfix=102926,webedia-api; post-show-census; occupancy_rate=43; reserved=n,MARQ,,,post-show-census
2026-09-25,webedia-2026-09-27T19:05Z,2026-09-27T19:05:45.958878+00:00,2026-09-27T19:00Z,2026-09-27,Sunday,Marquee Cinemas - Orchard 10,,America/New_York,Heart of the Beast,15:40,X0K7T:2026-09-27T15:40:00:1,34,Screen 1,Digital,,,,33.0,0,https://omniwebticketing9.com/marquee/toms-river?schdate=2026-09-27&perfix=102927,webedia-api; occupancy_rate=33; reserved=n,MARQ,,,webedia-api
2026-09-25,webedia-2026-09-27T19:05Z,2026-09-27T19:05:45.958878+00:00,2026-09-27T19:00Z,2026-09-27,Sunday,Marquee Cinemas - Orchard 10,,America/New_York,Heart of the Beast,18:40,X0K7T:2026-09-27T18:40:00:1,214,Screen 1,Digital,,,,4.0,0,https://omniwebticketing9.com/marquee/toms-river?schdate=2026-09-27&perfix=102928,webedia-api; occupancy_rate=4; reserved=n,MARQ,,,webedia-api
2026-09-25,webedia-2026-09-27T19:05Z,2026-09-27T19:05:45.958878+00:00,2026-09-27T19:00Z,2026-09-27,Sunday,Marquee Cinemas - Orchard 10,,America/New_York,Heart of the Beast,21:20,X0K7T:2026-09-27T21:20:00:1,374,Screen 1,Digital,,,,2.0,0,https://omniwebticketing9.com/marquee/toms-river?schdate=2026-09-27&perfix=102929,webedia-api; occupancy_rate=2; reserved=n,MARQ,,,webedia-api
2026-09-25,webedia-2026-09-27T19:05Z,2026-09-27T19:05:45.958878+00:00,2026-09-27T19:00Z,2026-09-27,Sunday,Marquee Cinemas - Orchard 10,,America/New_York,Primetime,13:00,X0K7T:2026-09-27T13:00:00:4,0,Screen 4,Digital,,,,27.0,0,https://omniwebticketing9.com/marquee/toms-river?schdate=2026-09-27&perfix=104084,webedia-api; post-show-census; occupancy_rate=27; reserved=n,MARQ,,,post-show-census
2026-09-25,webedia-2026-09-27T19:05Z,2026-09-27T19:05:45.958878+00:00,2026-09-27T19:00Z,2026-09-27,Sunday,Marquee Cinemas - Orchard 10,,America/New_York,Primetime,16:00,X0K7T:2026-09-27T16:00:00:4,54,Screen 4,Digital,,,,16.0,0,https://omniwebticketing9.com/marquee/toms-river?schdate=2026-09-27&perfix=104085,webedia-api; occupancy_rate=16; reserved=n,MARQ,,,webedia-api
2026-09-25,webedia-2026-09-27T19:05Z,2026-09-27T19:05:45.958878+00:00,2026-09-27T19:00Z,2026-09-27,Sunday,Marquee Cinemas - Orchard 10,,America/New_York,Primetime,19:00,X0K7T:2026-09-27T19:00:00:10,234,Screen 10,Digital,,,,4.0,0,https://omniwebticketing9.com/marquee/toms-river?schdate=2026-09-27&perfix=104082,webedia-api; occupancy_rate=4; reserved=n,MARQ,,,webedia-api
2026-09-25,webedia-2026-09-27T19:05Z,2026-09-27T19:05:45.958878+00:00,2026-09-27T19:00Z,2026-09-27,Sunday,Marquee Cinemas - Orchard 10,,America/New_York,Primetime,21:40,X0K7T:2026-09-27T21:40:00:10,394,Screen 10,Digital,,,,0.0,0,https://omniwebticketing9.com/marquee/toms-river?schdate=2026-09-27&perfix=104083,webedia-api; occupancy_rate=0; reserved=n,MARQ,,,webedia-api
2026-09-25,webedia-2026-09-27T19:05Z,2026-09-27T19:05:45.958878+00:00,2026-09-27T19:00Z,2026-09-27,Sunday,Marquee Cinemas - Orchard 14,,America/New_York,Forgotten Island,12:00,X0K7G:2026-09-27T12:00:00:7,0,Screen 7,Digital,,,,7.0,0,https://omniwebticketing9.com/marquee/new-hartford/?schdate=2026-09-27&perfix=136405,webedia-api; post-show-census; occupancy_rate=7; reserved=n,MARQ,,,post-show-census
2026-09-25,webedia-2026-09-27T19:05Z,2026-09-27T19:05:45.958878+00:00,2026-09-27T19:00Z,2026-09-27,Sunday,Marquee Cinemas - Orchard 14,,America/New_York,Forgotten Island,12:20,X0K7G:2026-09-27T12:20:00:11,0,Screen 11,3d,,,,6.0,0,https://omniwebticketing9.com/marquee/new-hartford/?schdate=2026-09-27&perfix=136417,webedia-api; post-show-census; occupancy_rate=6; reserved=n,MARQ,,,post-show-census
2026-09-25,webedia-2026-09-27T19:05Z,2026-09-27T19:05:45.958878+00:00,2026-09-27T19:00Z,2026-09-27,Sunday,Marquee Cinemas - Orchard 14,,America/New_York,Forgotten Island,12:50,X0K7G:2026-09-27T12:50:00:3,0,Screen 3,Digital,,,,13.0,0,https://omniwebticketing9.com/marquee/new-hartford/?schdate=2026-09-27&perfix=136394,webedia-api; post-show-census; occupancy_rate=13; reserved=n,MARQ,,,post-show-census
2026-09-25,webedia-2026-09-27T19:05Z,2026-09-27T19:05:45.958878+00:00,2026-09-27T19:00Z,2026-09-27,Sunday,Marquee Cinemas - Orchard 14,,America/New_York,Forgotten Island,15:00,X0K7G:2026-09-27T15:00:00:7,0,Screen 7,Digital,,,,4.0,0,https://omniwebticketing9.com/marquee/new-hartford/?schdate=2026-09-27&perfix=136406,webedia-api; post-show-census; occupancy_rate=4; reserved=n,MARQ,,,post-show-census
2026-09-25,webedia-2026-09-27T19:05Z,2026-09-27T19:05:45.958878+00:00,2026-09-27T19:00Z,2026-09-27,Sunday,Marquee Cinemas - Orchard 14,,America/New_York,Forgotten Island,15:20,X0K7G:2026-09-27T15:20:00:11,14,Screen 11,Digital,,,,0.0,0,https://omniwebticketing9.com/marquee/new-hartford/?schdate=2026-09-27&perfix=136419,webedia-api; occupancy_rate=0; reserved=n,MARQ,,,webedia-api
2026-09-25,webedia-2026-09-27T19:05Z,2026-09-27T19:05:45.958878+00:00,2026-09-27T19:00Z,2026-09-27,Sunday,Marquee Cinemas - Orchard 14,,America/New_York,Forgotten Island,15:50,X0K7G:2026-09-27T15:50:00:3,44,Screen 3,Digital,,,,0.0,0,https://omniwebticketing9.com/marquee/new-hartford/?schdate=2026-09-27&perfix=136395,webedia-api; occupancy_rate=0; reserved=n,MARQ,,,webedia-api
2026-09-25,webedia-2026-09-27T19:05Z,2026-09-27T19:05:45.958878+00:00,2026-09-27T19:00Z,2026-09-27,Sunday,Marquee Cinemas - Orchard 14,,America/New_York,Forgotten Island,18:20,X0K7G:2026-09-27T18:20:00:11,194,Screen 11,3d,,,,0.0,0,https://omniwebticketing9.com/marquee/new-hartford/?schdate=2026-09-27&perfix=136418,webedia-api; occupancy_rate=0; reserved=n,MARQ,,,webedia-api
2026-09-25,webedia-2026-09-27T19:05Z,2026-09-27T19:05:45.958878+00:00,2026-09-27T19:00Z,2026-09-27,Sunday,Marquee Cinemas - Orchard 14,,America/New_York,Forgotten Island,18:50,X0K7G:2026-09-27T18:50:00:3,224,Screen 3,Digital,,,,0.0,0,https://omniwebticketing9.com/marquee/new-hartford/?schdate=2026-09-27&perfix=136396,webedia-api; occupancy_rate=0; reserved=n,MARQ,,,webedia-api
2026-09-25,webedia-2026-09-27T19:05Z,2026-09-27T19:05:45.958878+00:00,2026-09-27T19:00Z,2026-09-27,Sunday,Marquee Cinemas - Orchard 14,,America/New_York,Forgotten Island,21:25,X0K7G:2026-09-27T21:25:00:3,379,Screen 3,Digital,,,,0.0,0,https://omniwebticketing9.com/marquee/new-hartford/?schdate=2026-09-27&perfix=136397,webedia-api; occupancy_rate=0; reserved=n,MARQ,,,webedia-api
2026-09-25,webedia-2026-09-27T19:05Z,2026-09-27T19:05:45.958878+00:00,2026-09-27T19:00Z,2026-09-27,Sunday,Marquee Cinemas - Orchard 14,,America/New_York,Heart of the Beast,12:40,X0K7G:2026-09-27T12:40:00:2,0,Screen 2,Digital,,,,51.0,0,https://omniwebticketing9.com/marquee/new-hartford/?schdate=2026-09-27&perfix=135385,webedia-api; post-show-census; occupancy_rate=51; reserved=n,MARQ,,,post-show-census
2026-09-25,webedia-2026-09-27T19:05Z,2026-09-27T19:05:45.958878+00:00,2026-09-27T19:00Z,2026-09-27,Sunday,Marquee Cinemas - Orchard 14,,America/New_York,Heart of the Beast,15:40,X0K7G:2026-09-27T15:40:00:2,34,Screen 2,Digital,,,,27.0,0,https://omniwebticketing9.com/marquee/new-hartford/?schdate=2026-09-27&perfix=135386,webedia-api; occupancy_rate=27; reserved=n,MARQ,,,webedia-api
2026-09-25,webedia-2026-09-27T19:05Z,2026-09-27T19:05:45.958878+00:00,2026-09-27T19:00Z,2026-09-27,Sunday,Marquee Cinemas - Orchard 14,,America/New_York,Heart of the Beast,18:15,X0K7G:2026-09-27T18:15:00:7,189,Screen 7,Digital,,,,2.0,0,https://omniwebticketing9.com/marquee/new-hartford/?schdate=2026-09-27&perfix=136407,webedia-api; occupancy_rate=2; reserved=n,MARQ,,,webedia-api
2026-09-25,webedia-2026-09-27T19:05Z,2026-09-27T19:05:45.958878+00:00,2026-09-27T19:00Z,2026-09-27,Sunday,Marquee Cinemas - Orchard 14,,America/New_York,Heart of the Beast,18:40,X0K7G:2026-09-27T18:40:00:2,214,Screen 2,Digital,,,,5.0,0,https://omniwebticketing9.com/marquee/new-hartford/?schdate=2026-09-27&perfix=135387,webedia-api; occupancy_rate=5; reserved=n,MARQ,,,webedia-api
2026-09-25,webedia-2026-09-27T19:05Z,2026-09-27T19:05:45.958878+00:00,2026-09-27T19:00Z,2026-09-27,Sunday,Marquee Cinemas - Orchard 14,,America/New_York,Heart of the Beast,21:20,X0K7G:2026-09-27T21:20:00:2,374,Screen 2,Digital,,,,0.0,0,https://omniwebticketing9.com/marquee/new-hartford/?schdate=2026-09-27&perfix=135388,webedia-api; occupancy_rate=0; reserved=n,MARQ,,,webedia-api
2026-09-25,webedia-2026-09-27T19:05Z,2026-09-27T19:05:45.958878+00:00,2026-09-27T19:00Z,2026-09-27,Sunday,Marquee Cinemas - Orchard 14,,America/New_York,Primetime,13:00,X0K7G:2026-09-27T13:00:00:5,0,Screen 5,Digital,,,,10.0,0,https://omniwebticketing9.com/marquee/new-hartford/?schdate=2026-09-27&perfix=136398,webedia-api; post-show-census; occupancy_rate=10; reserved=n,MARQ,,,post-show-census
2026-09-25,webedia-2026-09-27T19:05Z,2026-09-27T19:05:45.958878+00:00,2026-09-27T19:00Z,2026-09-27,Sunday,Marquee Cinemas - Orchard 14,,America/New_York,Primetime,16:00,X0K7G:2026-09-27T16:00:00:5,54,Screen 5,Digital,,,,5.0,0,https://omniwebticketing9.com/marquee/new-hartford/?schdate=2026-09-27&perfix=136619,webedia-api; occupancy_rate=5; reserved=n,MARQ,,,webedia-api
2026-09-25,webedia-2026-09-27T19:05Z,2026-09-27T19:05:45.958878+00:00,2026-09-27T19:00Z,2026-09-27,Sunday,Marquee Cinemas - Orchard 14,,America/New_York,Primetime,19:00,X0K7G:2026-09-27T19:00:00:5,234,Screen 5,Digital,,,,10.0,0,https://omniwebticketing9.com/marquee/new-hartford/?schdate=2026-09-27&perfix=136399,webedia-api; occupancy_rate=10; reserved=n,MARQ,,,webedia-api
2026-09-25,webedia-2026-09-27T19:05Z,2026-09-27T19:05:45.958878+00:00,2026-09-27T19:00Z,2026-09-27,Sunday,Marquee Cinemas - Orchard 14,,America/New_York,Primetime,21:40,X0K7G:2026-09-27T21:40:00:5,394,Screen 5,Digital,,,,0.0,0,https://omniwebticketing9.com/marquee/new-hartford/?schdate=2026-09-27&perfix=136400,webedia-api; occupancy_rate=0; reserved=n,MARQ,,,webedia-api
2026-09-25,webedia-2026-09-27T19:05Z,2026-09-27T19:05:45.958878+00:00,2026-09-27T19:00Z,2026-09-27,Sunday,Marquee Cinemas - Pinnacle 12,,America/New_York,Forgotten Island,12:00,X0WFJ:2026-09-27T12:00:00:6,0,Screen 6,Digital,,,,0.0,0,https://omniwebticketing9.com/marquee/bristol/?schdate=2026-09-27&perfix=122668,webedia-api; post-show-census; occupancy_rate=0; reserved=n,MARQ,,,post-show-census
2026-09-25,webedia-2026-09-27T19:05Z,2026-09-27T19:05:45.958878+00:00,2026-09-27T19:00Z,2026-09-27,Sunday,Marquee Cinemas - Pinnacle 12,,America/New_York,Forgotten Island,12:20,X0WFJ:2026-09-27T12:20:00:4,0,Screen 4,3d,,,,0.0,0,https://omniwebticketing9.com/marquee/bristol/?schdate=2026-09-27&perfix=122664,webedia-api; post-show-census; occupancy_rate=0; reserved=n,MARQ,,,post-show-census
2026-09-25,webedia-2026-09-27T19:05Z,2026-09-27T19:05:45.958878+00:00,2026-09-27T19:00Z,2026-09-27,Sunday,Marquee Cinemas - Pinnacle 12,,America/New_York,Forgotten Island,12:50,X0WFJ:2026-09-27T12:50:00:1,0,Screen 1,Digital,,,,3.0,0,https://omniwebticketing9.com/marquee/bristol/?schdate=2026-09-27&perfix=122656,webedia-api; post-show-census; occupancy_rate=3; reserved=n,MARQ,,,post-show-census
2026-09-25,webedia-2026-09-27T19:05Z,2026-09-27T19:05:45.958878+00:00,2026-09-27T19:00Z,2026-09-27,Sunday,Marquee Cinemas - Pinnacle 12,,America/New_York,Forgotten Island,15:00,X0WFJ:2026-09-27T15:00:00:6,0,Screen 6,Digital,,,,2.0,0,https://omniwebticketing9.com/marquee/bristol/?schdate=2026-09-27&perfix=122669,webedia-api; post-show-census; occupancy_rate=2; reserved=n,MARQ,,,post-show-census
2026-09-25,webedia-2026-09-27T19:05Z,2026-09-27T19:05:45.958878+00:00,2026-09-27T19:00Z,2026-09-27,Sunday,Marquee Cinemas - Pinnacle 12,,America/New_York,Forgotten Island,15:50,X0WFJ:2026-09-27T15:50:00:1,44,Screen 1,Digital,,,,0.0,0,https://omniwebticketing9.com/marquee/bristol/?schdate=2026-09-27&perfix=122657,webedia-api; occupancy_rate=0; reserved=n,MARQ,,,webedia-api
2026-09-25,webedia-2026-09-27T19:05Z,2026-09-27T19:05:45.958878+00:00,2026-09-27T19:00Z,2026-09-27,Sunday,Marquee Cinemas - Pinnacle 12,,America/New_York,Forgotten Island,18:20,X0WFJ:2026-09-27T18:20:00:4,194,Screen 4,3d,,,,0.0,0,https://omniwebticketing9.com/marquee/bristol/?schdate=2026-09-27&perfix=122665,webedia-api; occupancy_rate=0; reserved=n,MARQ,,,webedia-api
2026-09-25,webedia-2026-09-27T19:05Z,2026-09-27T19:05:45.958878+00:00,2026-09-27T19:00Z,2026-09-27,Sunday,Marquee Cinemas - Pinnacle 12,,America/New_York,Forgotten Island,18:50,X0WFJ:2026-09-27T18:50:00:1,224,Screen 1,Digital,,,,0.0,0,https://omniwebticketing9.com/marquee/bristol/?schdate=2026-09-27&perfix=122658,webedia-api; occupancy_rate=0; reserved=n,MARQ,,,webedia-api
2026-09-25,webedia-2026-09-27T19:05Z,2026-09-27T19:05:45.958878+00:00,2026-09-27T19:00Z,2026-09-27,Sunday,Marquee Cinemas - Pinnacle 12,,America/New_York,Forgotten Island,21:25,X0WFJ:2026-09-27T21:25:00:1,379,Screen 1,Digital,,,,0.0,0,https://omniwebticketing9.com/marquee/bristol/?schdate=2026-09-27&perfix=122659,webedia-api; occupancy_rate=0; reserved=n,MARQ,,,webedia-api
2026-09-25,webedia-2026-09-27T19:05Z,2026-09-27T19:05:45.958878+00:00,2026-09-27T19:00Z,2026-09-27,Sunday,Marquee Cinemas - Pinnacle 12,,America/New_York,Heart of the Beast,12:40,X0WFJ:2026-09-27T12:40:00:3,0,Screen 3,Digital,,,,48.0,0,https://omniwebticketing9.com/marquee/bristol/?schdate=2026-09-27&perfix=121816,webedia-api; post-show-census; occupancy_rate=48; reserved=n,MARQ,,,post-show-census
2026-09-25,webedia-2026-09-27T19:05Z,2026-09-27T19:05:45.958878+00:00,2026-09-27T19:00Z,2026-09-27,Sunday,Marquee Cinemas - Pinnacle 12,,America/New_York,Heart of the Beast,15:40,X0WFJ:2026-09-27T15:40:00:3,34,Screen 3,Digital,,,,35.0,0,https://omniwebticketing9.com/marquee/bristol/?schdate=2026-09-27&perfix=121817,webedia-api; occupancy_rate=35; reserved=n,MARQ,,,webedia-api
2026-09-25,webedia-2026-09-27T19:05Z,2026-09-27T19:05:45.958878+00:00,2026-09-27T19:00Z,2026-09-27,Sunday,Marquee Cinemas - Pinnacle 12,,America/New_York,Heart of the Beast,18:15,X0WFJ:2026-09-27T18:15:00:6,189,Screen 6,Digital,,,,7.0,0,https://omniwebticketing9.com/marquee/bristol/?schdate=2026-09-27&perfix=122670,webedia-api; occupancy_rate=7; reserved=n,MARQ,,,webedia-api
2026-09-25,webedia-2026-09-27T19:05Z,2026-09-27T19:05:45.958878+00:00,2026-09-27T19:00Z,2026-09-27,Sunday,Marquee Cinemas - Pinnacle 12,,America/New_York,Heart of the Beast,18:40,X0WFJ:2026-09-27T18:40:00:3,214,Screen 3,Digital,,,,9.0,0,https://omniwebticketing9.com/marquee/bristol/?schdate=2026-09-27&perfix=121818,webedia-api; occupancy_rate=9; reserved=n,MARQ,,,webedia-api
2026-09-25,webedia-2026-09-27T19:05Z,2026-09-27T19:05:45.958878+00:00,2026-09-27T19:00Z,2026-09-27,Sunday,Marquee Cinemas - Pinnacle 12,,America/New_York,Heart of the Beast,21:20,X0WFJ:2026-09-27T21:20:00:3,374,Screen 3,Digital,,,,0.0,0,https://omniwebticketing9.com/marquee/bristol/?schdate=2026-09-27&perfix=121819,webedia-api; occupancy_rate=0; reserved=n,MARQ,,,webedia-api
2026-09-25,webedia-2026-09-27T19:05Z,2026-09-27T19:05:45.958878+00:00,2026-09-27T19:00Z,2026-09-27,Sunday,Marquee Cinemas - Pinnacle 12,,America/New_York,Primetime,13:00,X0WFJ:2026-09-27T13:00:00:12,0,Screen 12,Digital,,,,7.0,0,https://omniwebticketing9.com/marquee/bristol/?schdate=2026-09-27&perfix=122689,webedia-api; post-show-census; occupancy_rate=7; reserved=n,MARQ,,,post-show-census
2026-09-25,webedia-2026-09-27T19:05Z,2026-09-27T19:05:45.958878+00:00,2026-09-27T19:00Z,2026-09-27,Sunday,Marquee Cinemas - Pinnacle 12,,America/New_York,Primetime,16:00,X0WFJ:2026-09-27T16:00:00:12,54,Screen 12,Digital,,,,2.0,0,https://omniwebticketing9.com/marquee/bristol/?schdate=2026-09-27&perfix=122690,webedia-api; occupancy_rate=2; reserved=n,MARQ,,,webedia-api
2026-09-25,webedia-2026-09-27T19:05Z,2026-09-27T19:05:45.958878+00:00,2026-09-27T19:00Z,2026-09-27,Sunday,Marquee Cinemas - Pinnacle 12,,America/New_York,Primetime,19:00,X0WFJ:2026-09-27T19:00:00:12,234,Screen 12,Digital,,,,3.0,0,https://omniwebticketing9.com/marquee/bristol/?schdate=2026-09-27&perfix=122691,webedia-api; occupancy_rate=3; reserved=n,MARQ,,,webedia-api
2026-09-25,webedia-2026-09-27T19:05Z,2026-09-27T19:05:45.958878+00:00,2026-09-27T19:00Z,2026-09-27,Sunday,Marquee Cinemas - Pinnacle 12,,America/New_York,Primetime,21:40,X0WFJ:2026-09-27T21:40:00:12,394,Screen 12,Digital,,,,0.0,0,https://omniwebticketing9.com/marquee/bristol/?schdate=2026-09-27&perfix=122692,webedia-api; occupancy_rate=0; reserved=n,MARQ,,,webedia-api
2026-09-25,webedia-2026-09-27T19:05Z,2026-09-27T19:05:45.958878+00:00,2026-09-27T19:00Z,2026-09-27,Sunday,Marquee Cinemas - Southridge 12,,America/New_York,Forgotten Island,12:00,X0K7K:2026-09-27T12:00:00:3,0,Screen 3,Digital,,,,1.0,0,https://omniwebticketing9.com/marquee/south-charleston/?schdate=2026-09-27&perfix=117313,webedia-api; post-show-census; occupancy_rate=1; reserved=n,MARQ,,,post-show-census
2026-09-25,webedia-2026-09-27T19:05Z,2026-09-27T19:05:45.958878+00:00,2026-09-27T19:00Z,2026-09-27,Sunday,Marquee Cinemas - Southridge 12,,America/New_York,Forgotten Island,12:20,X0K7K:2026-09-27T12:20:00:5,0,Screen 5,3d,,,,3.0,0,https://omniwebticketing9.com/marquee/south-charleston/?schdate=2026-09-27&perfix=117312,webedia-api; post-show-census; occupancy_rate=3; reserved=n,MARQ,,,post-show-census
2026-09-25,webedia-2026-09-27T19:05Z,2026-09-27T19:05:45.958878+00:00,2026-09-27T19:00Z,2026-09-27,Sunday,Marquee Cinemas - Southridge 12,,America/New_York,Forgotten Island,12:50,X0K7K:2026-09-27T12:50:00:9,0,Screen 9,Digital,,,,8.0,0,https://omniwebticketing9.com/marquee/south-charleston/?schdate=2026-09-27&perfix=117308,webedia-api; post-show-census; occupancy_rate=8; reserved=n,MARQ,,,post-show-census
2026-09-25,webedia-2026-09-27T19:05Z,2026-09-27T19:05:45.958878+00:00,2026-09-27T19:00Z,2026-09-27,Sunday,Marquee Cinemas - Southridge 12,,America/New_York,Forgotten Island,15:00,X0K7K:2026-09-27T15:00:00:3,0,Screen 3,Digital,,,,0.0,0,https://omniwebticketing9.com/marquee/south-charleston/?schdate=2026-09-27&perfix=117314,webedia-api; post-show-census; occupancy_rate=0; reserved=n,MARQ,,,post-show-census
2026-09-25,webedia-2026-09-27T19:05Z,2026-09-27T19:05:45.958878+00:00,2026-09-27T19:00Z,2026-09-27,Sunday,Marquee Cinemas - Southridge 12,,America/New_York,Forgotten Island,15:20,X0K7K:2026-09-27T15:20:00:5,14,Screen 5,Digital,,,,0.0,0,https://omniwebticketing9.com/marquee/south-charleston/?schdate=2026-09-27&perfix=117344,webedia-api; occupancy_rate=0; reserved=n,MARQ,,,webedia-api
2026-09-25,webedia-2026-09-27T19:05Z,2026-09-27T19:05:45.958878+00:00,2026-09-27T19:00Z,2026-09-27,Sunday,Marquee Cinemas - Southridge 12,,America/New_York,Forgotten Island,15:50,X0K7K:2026-09-27T15:50:00:9,44,Screen 9,Digital,,,,0.0,0,https://omniwebticketing9.com/marquee/south-charleston/?schdate=2026-09-27&perfix=117309,webedia-api; occupancy_rate=0; reserved=n,MARQ,,,webedia-api
2026-09-25,webedia-2026-09-27T19:05Z,2026-09-27T19:05:45.958878+00:00,2026-09-27T19:00Z,2026-09-27,Sunday,Marquee Cinemas - Southridge 12,,America/New_York,Forgotten Island,18:50,X0K7K:2026-09-27T18:50:00:9,224,Screen 9,Digital,,,,0.0,0,https://omniwebticketing9.com/marquee/south-charleston/?schdate=2026-09-27&perfix=117310,webedia-api; occupancy_rate=0; reserved=n,MARQ,,,webedia-api
2026-09-25,webedia-2026-09-27T19:05Z,2026-09-27T19:05:45.958878+00:00,2026-09-27T19:00Z,2026-09-27,Sunday,Marquee Cinemas - Southridge 12,,America/New_York,Forgotten Island,21:25,X0K7K:2026-09-27T21:25:00:9,379,Screen 9,Digital,,,,0.0,0,https://omniwebticketing9.com/marquee/south-charleston/?schdate=2026-09-27&perfix=117311,webedia-api; occupancy_rate=0; reserved=n,MARQ,,,webedia-api
2026-09-25,webedia-2026-09-27T19:05Z,2026-09-27T19:05:45.958878+00:00,2026-09-27T19:00Z,2026-09-27,Sunday,Marquee Cinemas - Southridge 12,,America/New_York,Heart of the Beast,12:40,X0K7K:2026-09-27T12:40:00:10,0,Screen 10,Digital,,,,14.0,0,https://omniwebticketing9.com/marquee/south-charleston/?schdate=2026-09-27&perfix=116432,webedia-api; post-show-census; occupancy_rate=14; reserved=n,MARQ,,,post-show-census
2026-09-25,webedia-2026-09-27T19:05Z,2026-09-27T19:05:45.958878+00:00,2026-09-27T19:00Z,2026-09-27,Sunday,Marquee Cinemas - Southridge 12,,America/New_York,Heart of the Beast,15:40,X0K7K:2026-09-27T15:40:00:10,34,Screen 10,Digital,,,,3.0,0,https://omniwebticketing9.com/marquee/south-charleston/?schdate=2026-09-27&perfix=116433,webedia-api; occupancy_rate=3; reserved=n,MARQ,,,webedia-api
2026-09-25,webedia-2026-09-27T19:05Z,2026-09-27T19:05:45.958878+00:00,2026-09-27T19:00Z,2026-09-27,Sunday,Marquee Cinemas - Southridge 12,,America/New_York,Heart of the Beast,18:15,X0K7K:2026-09-27T18:15:00:3,189,Screen 3,Digital,,,,3.0,0,https://omniwebticketing9.com/marquee/south-charleston/?schdate=2026-09-27&perfix=117315,webedia-api; occupancy_rate=3; reserved=n,MARQ,,,webedia-api
2026-09-25,webedia-2026-09-27T19:05Z,2026-09-27T19:05:45.958878+00:00,2026-09-27T19:00Z,2026-09-27,Sunday,Marquee Cinemas - Southridge 12,,America/New_York,Heart of the Beast,18:40,X0K7K:2026-09-27T18:40:00:10,214,Screen 10,Digital,,,,0.0,0,https://omniwebticketing9.com/marquee/south-charleston/?schdate=2026-09-27&perfix=116434,webedia-api; occupancy_rate=0; reserved=n,MARQ,,,webedia-api
2026-09-25,webedia-2026-09-27T19:05Z,2026-09-27T19:05:45.958878+00:00,2026-09-27T19:00Z,2026-09-27,Sunday,Marquee Cinemas - Southridge 12,,America/New_York,Heart of the Beast,21:20,X0K7K:2026-09-27T21:20:00:10,374,Screen 10,Digital,,,,1.0,0,https://omniwebticketing9.com/marquee/south-charleston/?schdate=2026-09-27&perfix=116435,webedia-api; occupancy_rate=1; reserved=n,MARQ,,,webedia-api
2026-09-25,webedia-2026-09-27T19:05Z,2026-09-27T19:05:45.958878+00:00,2026-09-27T19:00Z,2026-09-27,Sunday,Marquee Cinemas - Southridge 12,,America/New_York,Primetime,13:00,X0K7K:2026-09-27T13:00:00:6,0,Screen 6,Digital,,,,16.0,0,https://omniwebticketing9.com/marquee/south-charleston/?schdate=2026-09-27&perfix=117339,webedia-api; post-show-census; occupancy_rate=16; reserved=n,MARQ,,,post-show-census
2026-09-25,webedia-2026-09-27T19:05Z,2026-09-27T19:05:45.958878+00:00,2026-09-27T19:00Z,2026-09-27,Sunday,Marquee Cinemas - Southridge 12,,America/New_York,Primetime,16:00,X0K7K:2026-09-27T16:00:00:6,54,Screen 6,Digital,,,,4.0,0,https://omniwebticketing9.com/marquee/south-charleston/?schdate=2026-09-27&perfix=117343,webedia-api; occupancy_rate=4; reserved=n,MARQ,,,webedia-api
2026-09-25,webedia-2026-09-27T19:05Z,2026-09-27T19:05:45.958878+00:00,2026-09-27T19:00Z,2026-09-27,Sunday,Marquee Cinemas - Southridge 12,,America/New_York,Primetime,19:00,X0K7K:2026-09-27T19:00:00:6,234,Screen 6,Digital,,,,0.0,0,https://omniwebticketing9.com/marquee/south-charleston/?schdate=2026-09-27&perfix=117340,webedia-api; occupancy_rate=0; reserved=n,MARQ,,,webedia-api
2026-09-25,webedia-2026-09-27T19:05Z,2026-09-27T19:05:45.958878+00:00,2026-09-27T19:00Z,2026-09-27,Sunday,Marquee Cinemas - Southridge 12,,America/New_York,Primetime,21:40,X0K7K:2026-09-27T21:40:00:6,394,Screen 6,Digital,,,,0.0,0,https://omniwebticketing9.com/marquee/south-charleston/?schdate=2026-09-27&perfix=117341,webedia-api; occupancy_rate=0; reserved=n,MARQ,,,webedia-api
2026-09-25,webedia-2026-09-27T19:05Z,2026-09-27T19:05:45.958878+00:00,2026-09-27T19:00Z,2026-09-27,Sunday,Marquee Cinemas - Wakefield 12,,America/New_York,Forgotten Island,12:20,X0K7N:2026-09-27T12:20:00:12,0,Screen 12,3d,,,,0.0,0,https://omniwebticketing9.com/marquee/raleigh/?schdate=2026-09-27&perfix=122906,webedia-api; post-show-census; occupancy_rate=0; reserved=n,MARQ,,,post-show-census
2026-09-25,webedia-2026-09-27T19:05Z,2026-09-27T19:05:45.958878+00:00,2026-09-27T19:00Z,2026-09-27,Sunday,Marquee Cinemas - Wakefield 12,,America/New_York,Forgotten Island,12:50,X0K7N:2026-09-27T12:50:00:8,0,Screen 8,Digital,,,,31.0,0,https://omniwebticketing9.com/marquee/raleigh/?schdate=2026-09-27&perfix=122888,webedia-api; post-show-census; occupancy_rate=31; reserved=n,MARQ,,,post-show-census
2026-09-25,webedia-2026-09-27T19:05Z,2026-09-27T19:05:45.958878+00:00,2026-09-27T19:00Z,2026-09-27,Sunday,Marquee Cinemas - Wakefield 12,,America/New_York,Forgotten Island,15:20,X0K7N:2026-09-27T15:20:00:12,14,Screen 12,Digital,,,,6.0,0,https://omniwebticketing9.com/marquee/raleigh/?schdate=2026-09-27&perfix=122907,webedia-api; occupancy_rate=6; reserved=n,MARQ,,,webedia-api
2026-09-25,webedia-2026-09-27T19:05Z,2026-09-27T19:05:45.958878+00:00,2026-09-27T19:00Z,2026-09-27,Sunday,Marquee Cinemas - Wakefield 12,,America/New_York,Forgotten Island,15:50,X0K7N:2026-09-27T15:50:00:8,44,Screen 8,Digital,,,,4.0,0,https://omniwebticketing9.com/marquee/raleigh/?schdate=2026-09-27&perfix=122889,webedia-api; occupancy_rate=4; reserved=n,MARQ,,,webedia-api
2026-09-25,webedia-2026-09-27T19:05Z,2026-09-27T19:05:45.958878+00:00,2026-09-27T19:00Z,2026-09-27,Sunday,Marquee Cinemas - Wakefield 12,,America/New_York,Forgotten Island,18:50,X0K7N:2026-09-27T18:50:00:8,224,Screen 8,Digital,,,,6.0,0,https://omniwebticketing9.com/marquee/raleigh/?schdate=2026-09-27&perfix=122890,webedia-api; occupancy_rate=6; reserved=n,MARQ,,,webedia-api
2026-09-25,webedia-2026-09-27T19:05Z,2026-09-27T19:05:45.958878+00:00,2026-09-27T19:00Z,2026-09-27,Sunday,Marquee Cinemas - Wakefield 12,,America/New_York,Forgotten Island,21:25,X0K7N:2026-09-27T21:25:00:8,379,Screen 8,Digital,,,,0.0,0,https://omniwebticketing9.com/marquee/raleigh/?schdate=2026-09-27&perfix=122891,webedia-api; occupancy_rate=0; reserved=n,MARQ,,,webedia-api
2026-09-25,webedia-2026-09-27T19:05Z,2026-09-27T19:05:45.958878+00:00,2026-09-27T19:00Z,2026-09-27,Sunday,Marquee Cinemas - Wakefield 12,,America/New_York,Heart of the Beast,12:40,X0K7N:2026-09-27T12:40:00:7,0,Screen 7,Digital,,,,19.0,0,https://omniwebticketing9.com/marquee/raleigh/?schdate=2026-09-27&perfix=121721,webedia-api; post-show-census; occupancy_rate=19; reserved=n,MARQ,,,post-show-census
2026-09-25,webedia-2026-09-27T19:05Z,2026-09-27T19:05:45.958878+00:00,2026-09-27T19:00Z,2026-09-27,Sunday,Marquee Cinemas - Wakefield 12,,America/New_York,Heart of the Beast,15:40,X0K7N:2026-09-27T15:40:00:7,34,Screen 7,Digital,,,,19.0,0,https://omniwebticketing9.com/marquee/raleigh/?schdate=2026-09-27&perfix=121722,webedia-api; occupancy_rate=19; reserved=n,MARQ,,,webedia-api
2026-09-25,webedia-2026-09-27T19:05Z,2026-09-27T19:05:45.958878+00:00,2026-09-27T19:00Z,2026-09-27,Sunday,Marquee Cinemas - Wakefield 12,,America/New_York,Heart of the Beast,18:40,X0K7N:2026-09-27T18:40:00:7,214,Screen 7,Digital,,,,5.0,0,https://omniwebticketing9.com/marquee/raleigh/?schdate=2026-09-27&perfix=121723,webedia-api; occupancy_rate=5; reserved=n,MARQ,,,webedia-api
2026-09-25,webedia-2026-09-27T19:05Z,2026-09-27T19:05:45.958878+00:00,2026-09-27T19:00Z,2026-09-27,Sunday,Marquee Cinemas - Wakefield 12,,America/New_York,Heart of the Beast,21:20,X0K7N:2026-09-27T21:20:00:7,374,Screen 7,Digital,,,,0.0,0,https://omniwebticketing9.com/marquee/raleigh/?schdate=2026-09-27&perfix=121724,webedia-api; occupancy_rate=0; reserved=n,MARQ,,,webedia-api
2026-09-25,webedia-2026-09-27T19:05Z,2026-09-27T19:05:45.958878+00:00,2026-09-27T19:00Z,2026-09-27,Sunday,Marquee Cinemas - Wakefield 12,,America/New_York,Primetime,13:00,X0K7N:2026-09-27T13:00:00:5,0,Screen 5,Digital,,,,8.0,0,https://omniwebticketing9.com/marquee/raleigh/?schdate=2026-09-27&perfix=122884,webedia-api; post-show-census; occupancy_rate=8; reserved=n,MARQ,,,post-show-census
2026-09-25,webedia-2026-09-27T19:05Z,2026-09-27T19:05:45.958878+00:00,2026-09-27T19:00Z,2026-09-27,Sunday,Marquee Cinemas - Wakefield 12,,America/New_York,Primetime,16:00,X0K7N:2026-09-27T16:00:00:5,54,Screen 5,Digital,,,,7.0,0,https://omniwebticketing9.com/marquee/raleigh/?schdate=2026-09-27&perfix=122885,webedia-api; occupancy_rate=7; reserved=n,MARQ,,,webedia-api
2026-09-25,webedia-2026-09-27T19:05Z,2026-09-27T19:05:45.958878+00:00,2026-09-27T19:00Z,2026-09-27,Sunday,Marquee Cinemas - Wakefield 12,,America/New_York,Primetime,19:00,X0K7N:2026-09-27T19:00:00:5,234,Screen 5,Digital,,,,8.0,0,https://omniwebticketing9.com/marquee/raleigh/?schdate=2026-09-27&perfix=122886,webedia-api; occupancy_rate=8; reserved=n,MARQ,,,webedia-api
2026-09-25,webedia-2026-09-27T19:05Z,2026-09-27T19:05:45.958878+00:00,2026-09-27T19:00Z,2026-09-27,Sunday,Marquee Cinemas - Wakefield 12,,America/New_York,Primetime,21:40,X0K7N:2026-09-27T21:40:00:5,394,Screen 5,Digital,,,,0.0,0,https://omniwebticketing9.com/marquee/raleigh/?schdate=2026-09-27&perfix=122887,webedia-api; occupancy_rate=0; reserved=n,MARQ,,,webedia-api
2026-09-25,webedia-2026-09-27T19:05Z,2026-09-27T19:05:45.958878+00:00,2026-09-27T19:00Z,2026-09-27,Sunday,Marquee Cinemas - Wytheville 8,,America/New_York,Forgotten Island,12:50,X0K7W:2026-09-27T12:50:00:5,0,Screen 5,Digital,,,,0.0,0,https:\\omniwebticketing9.com\marquee\wytheville\?schdate=2026-09-27&perfix=71997,webedia-api; post-show-census; occupancy_rate=0; reserved=n,MARQ,,,post-show-census
2026-09-25,webedia-2026-09-27T19:05Z,2026-09-27T19:05:45.958878+00:00,2026-09-27T19:00Z,2026-09-27,Sunday,Marquee Cinemas - Wytheville 8,,America/New_York,Forgotten Island,15:50,X0K7W:2026-09-27T15:50:00:5,44,Screen 5,Digital,,,,0.0,0,https:\\omniwebticketing9.com\marquee\wytheville\?schdate=2026-09-27&perfix=71998,webedia-api; occupancy_rate=0; reserved=n,MARQ,,,webedia-api
2026-09-25,webedia-2026-09-27T19:05Z,2026-09-27T19:05:45.958878+00:00,2026-09-27T19:00Z,2026-09-27,Sunday,Marquee Cinemas - Wytheville 8,,America/New_York,Forgotten Island,18:50,X0K7W:2026-09-27T18:50:00:5,224,Screen 5,Digital,,,,0.0,0,https:\\omniwebticketing9.com\marquee\wytheville\?schdate=2026-09-27&perfix=71999,webedia-api; occupancy_rate=0; reserved=n,MARQ,,,webedia-api
2026-09-25,webedia-2026-09-27T19:05Z,2026-09-27T19:05:45.958878+00:00,2026-09-27T19:00Z,2026-09-27,Sunday,Marquee Cinemas - Wytheville 8,,America/New_York,Heart of the Beast,12:40,X0K7W:2026-09-27T12:40:00:4,0,Screen 4,Digital,,,,9.0,0,https:\\omniwebticketing9.com\marquee\wytheville\?schdate=2026-09-27&perfix=71480,webedia-api; post-show-census; occupancy_rate=9; reserved=n,MARQ,,,post-show-census
2026-09-25,webedia-2026-09-27T19:05Z,2026-09-27T19:05:45.958878+00:00,2026-09-27T19:00Z,2026-09-27,Sunday,Marquee Cinemas - Wytheville 8,,America/New_York,Heart of the Beast,15:40,X0K7W:2026-09-27T15:40:00:4,34,Screen 4,Digital,,,,4.0,0,https:\\omniwebticketing9.com\marquee\wytheville\?schdate=2026-09-27&perfix=71481,webedia-api; occupancy_rate=4; reserved=n,MARQ,,,webedia-api
2026-09-25,webedia-2026-09-27T19:05Z,2026-09-27T19:05:45.958878+00:00,2026-09-27T19:00Z,2026-09-27,Sunday,Marquee Cinemas - Wytheville 8,,America/New_York,Heart of the Beast,18:40,X0K7W:2026-09-27T18:40:00:4,214,Screen 4,Digital,,,,0.0,0,https:\\omniwebticketing9.com\marquee\wytheville\?schdate=2026-09-27&perfix=71482,webedia-api; occupancy_rate=0; reserved=n,MARQ,,,webedia-api
2026-09-25,webedia-2026-09-27T19:05Z,2026-09-27T19:05:45.958878+00:00,2026-09-27T19:00Z,2026-09-27,Sunday,Marquee Cinemas - Wytheville 8,,America/New_York,Primetime,13:00,X0K7W:2026-09-27T13:00:00:1,0,Screen 1,Digital,,,,1.0,0,https:\\omniwebticketing9.com\marquee\wytheville\?schdate=2026-09-27&perfix=71985,webedia-api; post-show-census; occupancy_rate=1; reserved=n,MARQ,,,post-show-census
2026-09-25,webedia-2026-09-27T19:05Z,2026-09-27T19:05:45.958878+00:00,2026-09-27T19:00Z,2026-09-27,Sunday,Marquee Cinemas - Wytheville 8,,America/New_York,Primetime,16:00,X0K7W:2026-09-27T16:00:00:1,54,Screen 1,Digital,,,,0.0,0,https:\\omniwebticketing9.com\marquee\wytheville\?schdate=2026-09-27&perfix=71986,webedia-api; occupancy_rate=0; reserved=n,MARQ,,,webedia-api
2026-09-25,webedia-2026-09-27T19:05Z,2026-09-27T19:05:45.958878+00:00,2026-09-27T19:00Z,2026-09-27,Sunday,Marquee Cinemas - Wytheville 8,,America/New_York,Primetime,19:00,X0K7W:2026-09-27T19:00:00:1,234,Screen 1,Digital,,,,0.0,0,https:\\omniwebticketing9.com\marquee\wytheville\?schdate=2026-09-27&perfix=71987,webedia-api; occupancy_rate=0; reserved=n,MARQ,,,webedia-api
